OBJECTID;ULAND;UREGBEZ;UKREIS;UGEMEINDE;UJAHR;UMONAT;USTUNDE;UWOCHENTAG;UKATEGORIE;UART;UTYP1;ULICHTVERH;IstRad;IstPKW;IstFuss;IstKrad;IstGkfz;IstSonstige;LINREFX;LINREFY;XGCSWGS84;YGCSWGS84;STRZUSTAND
98826;5;3;78;28;2019;2;14;7;2;5;3;0;1;1;0;0;0;0;371702,761405888010000;5642296,124764621300000;7,174763210000037;50,918030125000030;2
98852;5;7;58;4;2019;2;5;4;3;5;2;2;1;1;0;0;0;0;472686,194000002000000;5782007,792000001300000;8,600457311000071;52,187857147000045;0
98855;5;7;54;32;2019;2;14;4;3;5;3;0;1;1;0;0;0;0;464512,225800836460000;5740627,590939423100000;8,485180131000050;51,815359285000056;0
98856;5;1;19;0;2019;2;17;7;2;5;3;1;1;1;0;0;0;0;353238,482180440800000;5705252,054176209500000;6,886516190000066;51,479361172000040;1
98857;5;1;16;0;2019;2;20;7;3;5;2;2;1;1;0;0;0;0;321389,896194648930000;5674548,950353128800000;6,443716796000047;51,194398351000075;1
98866;5;7;70;24;2019;2;17;7;3;5;3;2;1;1;0;0;0;0;493899,558039458470000;5794336,074045429000000;8,910539816000039;52,299338168000077;1
98880;5;9;58;44;2019;2;10;7;3;5;3;0;1;1;0;0;0;0;432215,796548083420000;5684465,851780785200000;8,027543441000034;51,307463131000077;2
98881;5;9;13;0;2019;2;12;4;2;5;2;0;1;1;0;0;0;0;396252,720739831220000;5704947,810715854200000;7,505771706000076;51,486152813000047;0
98886;5;9;11;0;2019;2;6;4;3;0;1;2;1;0;0;0;0;0;370938,443193473850000;5698969,671447392600000;7,143548135000060;51,427216623000049;0
98909;5;5;70;4;2019;2;18;3;3;5;2;2;1;1;0;0;0;0;423798,097488249650000;5736183,593059390800000;7,895604948000027;51,771341397000072;0
98920;5;5;66;8;2019;2;6;3;3;5;2;2;1;1;0;0;0;0;398186,374319287950000;5780233,703771773700000;7,511469147000071;52,163191642000072;0
98924;5;5;66;68;2019;2;12;6;3;2;6;0;1;0;0;0;0;0;378159,988000000830000;5785206,327000001400000;7,217034291000061;52,203820503000031;1
98926;5;5;15;0;2019;2;15;3;3;5;2;0;1;1;0;0;0;0;405455,253000000490000;5759121,153999999200000;7,623554810000030;51,974719809000078;0
98927;5;5;15;0;2019;2;13;3;3;1;6;0;1;0;0;0;0;0;406155,558017926290000;5757435,097148019800000;7,634208004000072;51,959683473000041;0
98931;5;5;62;28;2019;2;13;3;2;5;3;0;1;1;0;0;0;0;379499,213229933750000;5722445,298691481400000;7,258590863000052;51,640089734000071;0
98936;5;5;62;12;2019;2;15;3;3;5;3;0;1;1;0;0;0;0;358567,888960612010000;5727841,535868709900000;6,954111875000024;51,683705369000052;0
98943;5;3;34;8;2019;2;16;3;3;0;1;0;1;0;0;0;0;0;302968,294214722700000;5644442,888206765100000;6,196777001000044;50,917944741000042;0
98948;5;5;62;32;2019;2;15;6;2;5;2;0;1;1;0;0;0;0;379705,843000000340000;5718182,559000002200000;7,263039198000058;51,601823011000079;0
98949;5;3;34;2;2019;2;18;3;3;3;2;2;1;1;0;0;0;0;293071,705426431260000;5627336,461698606600000;6,065827547000026;50,760850302000051;0
98954;5;3;78;28;2019;2;8;3;3;5;3;0;1;1;0;0;0;0;371717,492037662300000;5642142,733233070000000;7,175026607000063;50,916654708000067;1
98962;5;3;62;24;2019;2;10;3;3;5;3;0;1;1;0;0;0;0;347470,603514979590000;5642503,013328589500000;6,830178149000062;50,913993577000042;1
98977;5;3;15;0;2019;2;19;6;3;6;6;2;1;0;1;0;0;0;353444,111513263550000;5646594,890838574600000;6,913448023000058;50,952313601000071;1
98985;5;1;58;16;2019;2;13;6;3;3;6;0;1;1;0;0;0;0;355926,386236758900000;5670069,571587694800000;6,939417906000074;51,163897374000044;1
98986;5;1;58;16;2019;2;18;6;3;5;3;2;1;1;0;0;0;0;356237,619950207880000;5670747,688625950400000;6,943595097000070;51,170069536000028;0
99003;5;1;62;24;2019;2;13;3;3;2;6;0;1;1;0;0;0;0;338728,468000001270000;5673761,820000004000000;6,691993978000028;51,192482574000053;0
99016;5;1;11;0;2019;2;11;6;3;3;6;0;1;1;0;0;0;0;345786,096297299490000;5677609,776608025700000;6,791261369000040;51,229006457000025;1
99019;5;7;62;36;2019;2;12;6;3;5;3;0;1;1;0;0;0;0;509745,378310275260000;5704457,149797001900000;9,140370470000050;51,491175886000065;1
99020;5;1;17;0;2019;2;4;3;2;5;3;2;1;0;0;0;0;1;353200,996178658680000;5700370,839126614900000;6,888002819000064;51,435490441000070;1
99029;5;1;11;0;2019;2;16;3;3;5;2;0;1;1;0;0;0;0;345434,163462580180000;5676927,474078541600000;6,786519060000046;51,222780473000057;0
99032;5;7;66;44;2019;2;16;6;3;5;2;0;1;1;0;0;0;0;493255,435625028800000;5764757,664897104700000;8,901681922000023;52,033400329000074;0
99035;5;7;11;0;2019;2;15;6;3;1;1;0;1;1;0;0;0;0;467745,670104943220000;5756098,915518991600000;8,530639267000026;51,954655370000069;0
99046;5;7;54;8;2019;2;11;3;3;5;3;0;1;1;0;0;0;0;455539,526016103100000;5750413,076159756600000;8,353762269000072;51,902694911000026;1
99047;5;7;11;0;2019;2;7;3;2;5;3;2;1;1;0;0;0;0;467265,063567901030000;5766110,265156867000000;8,522689461000027;52,044635800000037;1
99048;5;9;54;24;2019;2;16;6;2;8;1;0;1;1;0;0;0;0;380794,552000001070000;5682768,239999998400000;7,290679142000045;51,283758298000066;1
99051;5;9;74;28;2019;2;14;3;2;3;2;0;1;0;0;0;1;0;455871,481382775120000;5723702,038266133500000;8,361983567000038;51,662569531000031;0
99053;5;9;15;0;2019;2;16;6;3;5;3;0;1;1;0;0;0;0;414936,223303462380000;5728424,332912107900000;7,769096742000045;51,700314666000054;1
99054;5;9;15;0;2019;2;18;6;3;5;3;2;1;1;0;0;0;0;419118,718130474910000;5728046,144154034600000;7,829692690000059;51,697533330000056;1
99059;5;9;15;0;2019;2;12;3;3;0;1;0;1;1;0;0;0;0;421429,871271854270000;5727296,346475189600000;7,863295484000048;51,691121220000070;0
99064;5;9;13;0;2019;2;18;3;3;5;3;2;1;1;0;0;0;0;393341,935523444790000;5708475,143306177100000;7,462798330000055;51,517316694000044;0
99111;5;5;15;0;2019;2;14;7;3;5;2;0;1;1;0;0;0;0;405782,720849396660000;5755731,994492596000000;7,629250413000023;51,944312157000070;0
99112;5;5;15;0;2019;2;17;7;3;0;3;0;1;1;0;0;0;0;405782,736908687280000;5755732,013380006000000;7,629250641000056;51,944312329000070;0
99117;5;7;70;4;2019;2;18;4;3;5;3;2;1;1;0;0;0;0;487070,761690686460000;5784465,738112192600000;8,810777079000047;52,210480434000033;0
99128;5;9;78;20;2019;2;18;4;3;5;2;0;1;1;0;0;0;0;411517,066565997900000;5714883,097955452300000;7,723057252000046;51,578060126000082;0
99130;5;9;74;20;2019;2;11;4;3;5;3;0;1;1;0;0;0;0;466250,215647526090000;5721686,678513724400000;8,512228576000041;51,645168337000030;0
99134;5;3;15;0;2019;2;12;7;3;1;5;0;1;1;0;0;0;0;353971,783216215670000;5646096,924080791000000;6,921155030000023;50,947972480000033;0
99138;5;3;15;0;2019;2;12;7;3;6;6;0;1;0;1;0;0;0;355383,718497178520000;5644723,022943202400000;6,941786713000056;50,935981479000077;0
99139;5;1;58;26;2019;2;12;7;2;5;3;0;1;1;0;0;0;0;352110,849759350530000;5664850,294154390700000;6,887029319000021;51,116022464000082;0
99141;5;1;58;20;2019;2;21;7;3;1;5;2;1;1;0;0;0;0;356448,248508193530000;5662309,089580738900000;6,949967696000044;51,094288761000030;0
99150;5;1;58;16;2019;2;16;7;3;6;6;0;1;0;1;0;0;0;355363,036378886550000;5670716,351060826300000;6,931106206000038;51,169567418000042;0
99160;5;1;22;0;2019;2;16;7;3;5;7;0;1;1;0;0;0;0;365241,658537311480000;5669184,153186282100000;7,072895715000072;51,158210333000056;0
99161;5;9;15;0;2019;2;6;4;3;4;2;1;1;1;0;0;0;0;418871,807843397370000;5725116,471249699600000;7,826801822000050;51,671161234000067;0
99171;5;9;13;0;2019;2;16;4;3;5;3;0;1;1;0;0;0;0;393587,409557694570000;5706954,519272627300000;7,466793809000023;51,503694880000069;0
99177;5;1;11;0;2019;2;10;7;3;5;2;0;1;1;0;0;0;0;346526,548165677120000;5679998,680480688800000;6,800834393000059;51,250671547000081;1
99178;5;1;11;0;2019;2;11;7;3;5;2;0;1;1;0;0;0;0;343100,291535513480000;5677981,684556989000000;6,752662374000067;51,231616129000031;0
99186;5;7;70;44;2019;2;16;7;3;0;1;0;1;0;0;0;0;0;461833,790330971590000;5809030,337132025500000;8,438652362000028;52,430147037000040;0
99189;5;7;70;24;2019;2;12;7;2;3;6;0;1;1;0;0;0;0;495828,565068922940000;5796251,475286176400000;8,938804058000073;52,316576585000064;0
99208;5;5;54;40;2019;2;8;3;3;0;1;0;1;0;0;0;0;0;351847,539000000800000;5734574,950000001100000;6,854107751000072;51,742473076000067;2
99212;5;5;62;20;2019;2;17;3;2;5;3;2;1;1;0;0;0;0;371469,258721265940000;5718882,778735987800000;7,143917256000066;51,606296318000034;0
99221;5;3;70;28;2019;2;6;3;3;0;3;2;1;1;0;0;0;0;298755,762000000100000;5644249,513000002100000;6,137029973000040;50,914754532000075;2
99222;5;3;58;48;2019;2;17;3;3;5;2;1;1;1;0;0;0;0;319862,387551382180000;5636738,700235545600000;6,440662578000058;50,854253636000067;0
99224;5;3;34;4;2019;2;7;3;3;0;1;2;1;0;0;0;0;0;301574,368146296590000;5639068,170893069400000;6,179890005000061;50,869192817000055;2
99229;5;3;34;2;2019;2;12;3;2;1;5;0;1;1;0;0;0;0;295346,271552457470000;5628776,622806744700000;6,097234741000023;50,774591354000052;0
99231;5;3;34;2;2019;2;7;3;1;2;2;2;1;0;0;0;1;0;292464,905835934910000;5628254,898924199900000;6,056717528000036;50,768882118000079;1
99234;5;3;82;28;2019;2;7;3;3;5;3;0;1;1;0;0;0;0;373866,891986143780000;5633594,156903965400000;7,208537712000066;50,840291515000047;0
99254;5;3;15;0;2019;2;6;3;3;0;3;1;1;0;0;0;0;1;362966,680695267390000;5645280,439987000100000;7,049430857000061;50,942842970000072;0
99257;5;5;54;12;2019;2;17;6;2;5;3;2;1;1;0;0;0;0;352899,697114446200000;5746664,658044960300000;6,864208083000051;51,851376674000051;0
99259;5;5;15;0;2019;2;9;6;3;5;3;0;1;1;0;0;0;0;406537,972946568390000;5750575,382951991600000;7,641634993000025;51,898089104000064;0
99260;5;5;15;0;2019;2;8;6;3;1;5;0;1;1;0;0;0;0;405081,291941844860000;5759105,252224085900000;7,618116543000042;51,974513130000048;1
99261;5;3;14;0;2019;2;12;3;3;5;2;0;1;1;0;0;0;0;364721,105999999680000;5623503,539000004500000;7,082431604000021;50,747533536000049;0
99264;5;5;62;28;2019;2;14;6;3;0;7;0;1;0;0;0;0;0;380492,231235864570000;5722652,915021127100000;7,272863438000059;51,642167553000036;0
99266;5;1;58;24;2019;2;13;3;3;5;3;0;1;1;0;0;0;0;358140,632645469160000;5677704,269995776900000;6,968048067000041;51,233060292000062;0
99269;5;1;58;36;2019;2;16;3;3;5;3;0;1;1;0;0;0;0;363295,540674354880000;5682509,557257868300000;7,040002295000022;51,277502886000036;0
99272;5;5;62;32;2019;2;14;6;3;5;3;0;1;1;0;0;0;0;375527,873996132980000;5720180,701778899900000;7,202034280000021;51,618872700000054;1
99277;5;5;62;32;2019;2;8;6;2;5;3;0;1;1;0;0;0;0;374201,657150729560000;5718065,833672117400000;7,183646653000039;51,599571456000035;1
99279;5;1;62;24;2019;2;15;3;2;0;6;0;1;1;0;0;0;0;337018,090882626360000;5669885,373097313600000;6,669295397000042;51,157168352000042;0
99295;5;1;12;0;2019;2;16;3;3;3;2;0;1;0;0;0;1;0;344200,329149913040000;5698815,169105373300000;6,759297708000077;51,419109331000072;0
99299;5;7;70;4;2019;2;9;3;3;5;3;0;1;1;0;0;0;0;486911,181460746560000;5784332,848822066600000;8,808446732000050;52,209281914000030;1
99302;5;3;62;24;2019;2;15;6;3;5;3;0;1;1;0;0;0;0;346206,315000000410000;5642887,903000000900000;6,812044601000025;50,917116718000045;0
99303;5;3;62;24;2019;2;15;6;3;5;3;0;1;1;0;0;0;0;344053,933009072210000;5645236,970470164000000;6,780443223000020;50,937647508000055;0
99306;5;3;16;0;2019;2;18;6;2;5;3;2;1;1;0;0;0;0;358950,514006468470000;5655553,169735465200000;6,988312492000034;51,034195278000027;0
99308;5;3;15;0;2019;2;18;6;3;3;6;2;1;0;0;0;0;1;360085,346000001770000;5647264,362000001600000;7,007680977000064;50,959980725000037;0
99311;5;3;15;0;2019;2;10;6;2;6;4;0;1;0;1;0;0;0;354215,196533672510000;5647145,912821261200000;6,924197741000057;50,957461003000049;0
99312;5;7;54;28;2019;2;14;3;3;5;3;0;1;1;0;0;0;0;452728,150413727390000;5740953,495587127300000;8,314196059000039;51,817416836000064;0
99314;5;3;15;0;2019;2;18;6;3;6;4;0;1;0;1;0;0;0;354152,833807880060000;5645969,805682392800000;6,923781550000058;50,946875944000055;0
99328;5;9;16;0;2019;2;17;3;3;5;3;0;1;1;0;0;0;0;373840,166000000200000;5711995,673000002300000;7,180609865000065;51,544937620000042;0
99333;5;1;62;22;2019;2;9;6;3;3;2;0;1;1;0;0;0;0;334533,858869065530000;5682303,013426844000000;6,628074046000052;51,268021421000071;0
99345;5;1;13;0;2019;2;12;6;3;3;6;0;1;1;0;0;0;0;364455,319880564700000;5699215,520276404900000;7,050255941000046;51,427912478000053;1
99350;5;1;12;0;2019;2;13;6;3;1;3;0;1;1;0;0;0;0;340416,070926543330000;5692593,644048465400000;6,707715427000039;51,362158268000030;1
99360;5;7;58;12;2019;2;7;6;3;5;2;1;1;1;0;0;0;0;476564,281062623490000;5774093,261364659300000;8,657730370000024;52,116879501000028;1
99368;5;5;58;40;2019;2;13;2;3;4;2;0;1;1;0;0;0;0;371581,733936648820000;5763192,167107828000000;7,129123734000075;52,004508394000027;0
99369;5;5;54;16;2019;2;15;2;3;5;3;0;1;1;0;0;0;0;362470,649776579810000;5757371,825016191200000;6,998805065000056;51,950027493000050;1
99377;5;9;78;32;2019;2;14;6;3;5;3;0;1;1;0;0;0;0;393931,785242923540000;5727688,801667200400000;7,465484546000027;51,690126892000080;0
99382;5;3;82;68;2019;2;16;2;3;0;1;0;1;0;0;0;0;0;369159,056746740830000;5629907,608545737300000;7,143024654000044;50,806111293000072;1
99389;5;3;62;36;2019;2;6;2;3;3;5;1;1;1;0;0;0;0;345478,372000001370000;5652075,945000000300000;6,797795623000070;50,999485351000033;0
99394;5;3;15;0;2019;2;15;2;3;5;3;0;1;1;0;0;0;0;357555,898180869410000;5645067,696834810100000;6,972546092000073;50,939619675000074;1
99400;5;9;13;0;2019;2;18;6;3;5;3;2;1;1;0;0;0;0;400307,922000001180000;5714643,355000000400000;7,561412173000065;51,574034055000027;0
99420;5;1;62;16;2019;2;16;2;3;5;2;0;1;1;0;0;0;0;332398,233617487360000;5677625,337572224400000;6,599678820000065;51,225372203000063;0
99432;5;5;66;60;2019;2;12;5;2;5;3;0;1;1;0;0;0;0;389239,135801725090000;5789960,344244310600000;7,377531996000073;52,248882622000053;0
99440;5;5;15;0;2019;2;6;5;3;5;3;2;1;1;0;0;0;0;404326,302019314840000;5756264,114356739400000;7,607919859000049;51,948846493000076;1
99445;5;5;62;12;2019;2;15;5;3;5;2;0;1;1;0;0;0;0;362611,497915904970000;5724711,381033118800000;7,013797316000023;51,656581483000082;0
99453;5;5;13;0;2019;2;16;5;3;3;7;0;1;0;0;0;0;1;364821,087098105810000;5716720,994680859100000;7,048803944000042;51,585313085000053;0
99455;5;7;54;28;2019;2;15;2;3;3;2;0;1;1;0;0;0;0;452300,392000000920000;5744833,359000004800000;8,307455867000044;51,852262614000040;0
99476;5;3;82;56;2019;2;9;5;2;5;2;0;1;1;0;0;0;0;372494,878386472350000;5626844,993610963200000;7,191406117000042;50,779327277000050;1
99493;5;3;15;0;2019;2;13;5;3;5;3;0;1;1;0;0;0;0;350876,899205148220000;5652330,832052487900000;6,874571752000065;51,003200283000069;0
99511;5;1;66;32;2019;2;11;5;3;4;2;0;1;1;0;0;0;0;316812,957000000400000;5684460,196000000500000;6,373215214000027;51,281979289000049;0
99526;5;5;58;16;2019;2;10;1;3;5;3;0;1;1;0;0;0;0;380267,700000001120000;5740852,025000000400000;7,263362971000049;51,805679998000073;1
99533;5;1;12;0;2019;2;15;5;3;5;3;0;1;1;0;0;0;0;343288,537000001410000;5701746,019000001300000;6,744898503000059;51,445191308000062;0
99546;5;3;14;0;2019;2;17;1;3;5;2;1;1;1;0;0;0;0;369508,935122919270000;5616463,583854248700000;7,152750127000047;50,685352575000081;1
99556;5;1;11;0;2019;2;6;2;3;0;7;2;1;0;0;0;0;0;345515,132724425760000;5680394,294473527000000;6,786182318000044;51,253953220000028;0
99561;5;3;58;28;2019;2;14;6;2;5;2;0;1;1;0;0;0;0;325747,359625590970000;5625933,383303310700000;6,529318491000026;50,758977094000045;0
99568;5;3;82;40;2019;2;15;6;2;0;1;0;1;0;0;0;0;0;382733,300000000750000;5633481,656000001400000;7,334443894000060;50,841145142000073;0
99575;5;7;54;28;2019;2;22;2;3;0;3;2;1;0;0;0;0;1;450402,742422182110000;5744148,061414603100000;8,280004774000076;51,845936052000070;0
99577;5;7;54;16;2019;2;17;2;3;0;1;0;1;0;0;0;0;0;442005,604065193790000;5758344,131081763700000;8,155728254000053;51,972751302000063;0
99581;5;3;62;40;2019;2;16;6;3;5;2;0;1;1;0;0;0;0;357413,726000000720000;5630670,021999999900000;6,976137977000064;50,810191727000074;0
99586;5;3;62;20;2019;2;6;6;3;5;3;2;1;1;0;0;0;0;345852,043391178360000;5630924,526430247400000;6,812048149000020;50,809517694000078;0
99589;5;3;15;0;2019;2;13;6;3;5;2;0;1;1;0;0;0;0;366305,502382192760000;5635852,501967301600000;7,100380410000071;50,858891435000032;0
99591;5;3;15;0;2019;2;8;6;3;0;1;0;1;0;0;0;0;0;363208,488000001760000;5638349,390000002500000;7,055468965000046;50,880607954000027;0
99604;5;3;15;0;2019;2;8;6;3;4;6;0;1;1;0;0;0;0;353442,241642441600000;5643112,472943257500000;6,914822057000038;50,921017912000082;0
99608;5;3;14;0;2019;2;19;6;3;0;1;2;1;0;0;0;0;0;365984,884999999780000;5622496,204000001800000;7,100701454000046;50,738772770000026;0
99609;5;3;14;0;2019;2;15;6;2;0;5;0;1;1;0;0;0;0;365836,957578128200000;5622736,428271150200000;7,098518754000054;50,740897737000068;0
99613;5;1;70;20;2019;2;11;6;2;5;3;0;1;1;0;0;0;0;328697,013482279140000;5707853,172376334700000;6,532164524000052;51,495829668000056;0
99618;5;1;70;48;2019;2;12;6;2;6;6;0;1;0;1;0;0;0;335333,289000000800000;5725260,235000001300000;6,619518629000027;51,654184295000050;0
99619;5;9;11;0;2019;2;9;2;2;5;3;0;1;1;0;0;0;0;382941,140406811610000;5703492,045757301200000;7,314617219000070;51,470469872000081;0
99620;5;9;11;0;2019;2;20;2;2;0;1;2;1;0;0;0;0;0;383303,406000000420000;5703828,521999999900000;7,319719485000064;51,473568918000069;0
99623;5;1;54;56;2019;2;13;6;3;5;3;0;1;1;0;0;0;0;310517,087000000290000;5727015,172000002100000;6,260228440000049;51,662130710000042;0
99629;5;1;66;16;2019;2;14;6;3;5;3;0;1;1;0;0;0;0;308205,310429422180000;5687258,192106680900000;6,248433451000039;51,304277443000046;0
99631;5;1;62;4;2019;2;11;6;3;5;2;0;1;1;0;0;0;0;347476,092000001110000;5662902,503999998800000;6,821683819000043;51,097305097000060;0
99636;5;1;16;0;2019;2;14;6;2;4;2;0;1;1;0;0;0;0;320101,176943505180000;5671462,374990765000000;6,426837501000023;51,166266992000033;0
99640;5;1;14;0;2019;2;14;6;3;4;2;0;1;1;0;0;0;0;331947,021419164720000;5694262,778895979700000;6,585388938000051;51,374711490000038;0
99648;5;5;66;56;2019;2;16;1;3;6;7;0;1;0;1;0;0;0;416661,129390615970000;5797225,580970155100000;7,777308244000039;52,319022578000045;0
99650;5;5;58;36;2019;2;17;1;3;4;6;0;1;1;0;0;0;0;389043,238794920970000;5726968,208230661200000;7,395019065000042;51,682705381000062;0
99656;5;1;13;0;2019;2;15;6;3;0;7;0;1;0;1;0;0;0;360041,435752987860000;5694311,202061312300000;6,988740787000040;51,382767798000032;0
99658;5;1;13;0;2019;2;8;6;3;5;3;0;1;1;0;0;0;0;366355,071371281520000;5700970,509301455700000;7,076903902000026;51,444135348000032;0
99662;5;5;15;0;2019;2;10;1;3;3;2;0;1;1;0;0;0;0;405164,440306261180000;5756901,127267431500000;7,619935386000066;51,954715766000049;0
99665;5;7;74;32;2019;2;18;6;3;3;6;2;1;1;0;0;0;0;490557,540659688410000;5731678,439487706900000;8,863259221000021;51,735941998000044;0
99667;5;5;62;4;2019;2;16;1;3;5;3;0;1;1;0;0;0;0;382344,301062344570000;5716636,010409850600000;7,301637029000062;51,588480602000061;0
99669;5;5;62;14;2019;2;14;1;3;4;6;0;1;0;1;0;0;0;361293,108596697450000;5714230,647584568700000;6,998896790000060;51,562077210000041;0
99673;5;7;70;20;2019;2;15;6;2;5;3;0;1;1;0;0;0;0;474848,799151097420000;5797301,223774608200000;8,630951437000022;52,325453765000077;0
99684;5;7;54;20;2019;2;17;6;3;5;3;0;1;1;0;0;0;0;447999,687947788280000;5748378,161916246600000;8,244486345000041;51,883747614000072;0
99687;5;7;54;8;2019;2;7;6;3;5;2;0;1;0;0;0;0;1;458091,211000000130000;5751750,233000000900000;8,390686281000058;51,914914534000047;0
99689;5;3;74;12;2019;2;17;1;3;4;6;0;1;0;0;0;0;0;404305,649334982040000;5651187,306828381500000;7,636089542000036;51,004290581000078;0
99691;5;7;66;20;2019;2;19;6;2;2;2;2;1;1;0;0;0;0;489309,905000000260000;5755086,648000000000000;8,844468133000021;51,946386761000042;0
99695;5;7;11;0;2019;2;7;6;3;5;3;1;1;1;0;0;0;0;463251,303650752640000;5765573,813580595000000;8,464224818000048;52,039561260000028;0
99704;5;9;70;16;2019;2;17;6;2;5;2;0;1;1;0;0;0;0;424578,838281475010000;5639265,396849406900000;7,927447417000053;50,900116271000059;0
99705;5;3;15;0;2019;2;12;1;3;0;1;0;1;0;0;0;0;0;359013,438000001010000;5636530,890999998900000;6,996574513000041;50,863256419000038;0
99710;5;1;70;44;2019;2;15;1;2;3;3;0;1;1;0;0;0;0;338394,621324093080000;5718702,319056250200000;6,666760016000069;51,596155917000033;0
99720;5;1;54;12;2019;2;18;1;3;5;3;1;1;1;0;0;0;0;312891,318276562730000;5711259,424787327600000;6,302916136000022;51,521414521000054;0
99721;5;9;15;0;2019;2;12;6;3;5;2;0;1;1;0;0;0;0;419381,419972960840000;5726269,865879029000000;7,833903403000022;51,681603148000079;0
99732;5;9;13;0;2019;2;14;6;3;5;3;0;1;1;0;0;0;0;394039,721856970340000;5709792,251849791000000;7,472455125000067;51,529286841000044;0
99739;5;1;13;0;2019;2;15;1;3;0;1;0;1;0;0;0;0;0;360716,501000000160000;5706415,228000000100000;6,993673941000054;51,491704497000057;0
99743;5;1;13;0;2019;2;14;1;2;0;1;0;1;0;0;0;0;0;361952,343941774220000;5701786,079798612700000;7,013272571000073;51,450408404000029;0
99756;5;7;70;28;2019;2;10;1;3;5;3;0;1;1;0;0;0;0;500688,699624027130000;5801862,908798977700000;9,010114895000072;52,367041228000062;0
99761;5;7;62;36;2019;2;17;1;3;3;6;0;1;1;0;0;0;0;509496,069507963020000;5702609,393715223300000;9,136729794000075;51,474565607000045;0
99772;5;7;66;56;2019;2;14;1;3;0;7;0;1;0;0;0;0;1;478418,992742132400000;5756855,285519469500000;8,685905378000030;51,961972468000056;0
99775;5;9;78;32;2019;2;13;1;2;4;6;0;1;0;0;1;0;0;392425,839774948540000;5725302,658260515000000;7,444441446000042;51,668393372000025;0
99779;5;5;70;8;2019;2;7;5;3;5;3;0;1;1;0;0;0;0;433709,694739988070000;5739028,921291025400000;8,038686833000043;51,798182561000033;0
99780;5;9;78;8;2019;2;13;1;3;5;3;0;1;1;0;0;0;0;416082,318794636060000;5715670,165291186400000;7,788736357000062;51,585833748000027;0
99782;5;5;70;4;2019;2;13;5;3;5;3;0;1;1;0;0;0;0;423930,258246772920000;5734250,247010776800000;7,897943262000069;51,753979254000058;0
99783;5;9;74;40;2019;2;15;1;3;0;1;0;1;0;0;0;0;0;439636,228000001050000;5713844,328000001600000;8,128975629000024;51,572434232000035;0
99787;5;5;66;12;2019;2;13;5;3;5;2;0;1;1;0;0;0;0;404923,312613938940000;5769507,503093419600000;7,612927771000045;52,067984616000047;0
99789;5;5;54;56;2019;2;6;5;1;8;1;2;1;0;0;0;0;0;359231,444795541470000;5765487,226523425400000;6,948372970000037;52,022135880000064;0
99792;5;5;15;0;2019;2;16;5;3;5;3;0;1;1;0;0;0;0;405739,563047156670000;5753729,381308056400000;7,629171472000053;51,926304395000045;0
99798;5;9;54;8;2019;2;17;1;3;3;6;1;1;1;0;0;0;1;385245,211000001060000;5677901,843000002200000;7,356031142000063;51,240931319000026;0
99799;5;5;13;0;2019;2;17;5;3;3;5;1;1;1;0;0;0;0;369016,752222117970000;5715932,337515801200000;7,109623055000043;51,579216507000069;0
99807;5;3;70;16;2019;2;15;5;2;5;7;0;1;1;0;0;0;0;300046,687687813300000;5658102,200659416600000;6,147752801000024;51,039619874000039;0
99814;5;9;13;0;2019;2;17;1;3;5;3;0;1;1;0;0;0;0;392199,236992831340000;5706218,735669434100000;7,447025538000048;51,496818259000065;0
99816;5;9;54;36;2019;2;12;1;2;5;3;0;1;1;0;0;0;0;381549,062140258030000;5699927,500965658600000;7,295777615000077;51,438142697000046;0
99817;5;3;34;2;2019;2;18;5;3;5;2;2;1;1;0;0;0;0;296029,828278420490000;5631463,961930319700000;6,105425713000045;50,798968038000055;0
99819;5;9;11;0;2019;2;12;1;3;0;1;0;1;0;0;0;0;0;383557,036330537870000;5704058,433303138200000;7,323293975000070;51,475687600000072;0
99820;5;3;78;4;2019;2;16;5;2;0;1;0;1;0;0;0;0;0;371091,396345878020000;5650156,061066666600000;7,163286972000037;50,988538625000047;0
99833;5;3;62;40;2019;2;12;5;2;0;1;0;1;0;0;0;0;0;359461,102838661520000;5630370,588517846500000;7,005294045000028;50,808000962000051;0
99845;5;3;15;0;2019;2;8;5;3;5;2;0;1;1;0;0;0;0;352281,114285303280000;5647412,215602146500000;6,896570336000025;50,959361600000079;0
99852;5;3;15;0;2019;2;9;5;3;6;4;0;1;0;1;0;0;0;356049,738661267790000;5646103,994634935600000;6,950713448000045;50,948558673000036;0
99853;5;5;66;84;2019;2;12;7;3;5;2;0;1;1;0;0;0;0;385659,529261311520000;5778069,405040714900000;7,329133017000061;52,141288737000082;0
99855;5;3;82;48;2019;2;9;5;3;1;5;0;1;1;0;0;0;0;357633,019999999550000;5612791,489000000100000;6,986152049000054;50,649565222000035;0
99858;5;1;70;52;2019;2;17;5;3;5;2;0;1;1;0;0;0;0;322031,382000000220000;5724541,047000000300000;6,427788324000062;51,643671099000073;0
99861;5;5;12;0;2019;2;14;7;2;0;1;0;1;0;0;0;0;0;354277,655694531280000;5713007,413547990800000;6,898264324000024;51,549316847000057;0
99863;5;1;58;4;2019;2;13;5;3;5;3;0;1;1;0;0;0;0;357482,293267587200000;5675766,993464177500000;6,959394883000073;51,215487029000030;0
99872;5;3;58;52;2019;2;10;7;3;5;3;0;1;1;0;0;0;0;334709,907909361650000;5631232,187864789700000;6,653896680000059;50,809210320000034;0