OBJECTID;ULAND;UREGBEZ;UKREIS;UGEMEINDE;UJAHR;UMONAT;USTUNDE;UWOCHENTAG;UKATEGORIE;UART;UTYP1;ULICHTVERH;IstRad;IstPKW;IstFuss;IstKrad;IstGkfz;IstSonstige;LINREFX;LINREFY;XGCSWGS84;YGCSWGS84;STRZUSTAND
99875;5;3;58;8;2019;2;10;7;3;5;2;0;1;1;0;0;0;0;322979,758718924600000;5630182,469392739200000;6,488071905000027;50,796314202000076;0
99876;5;3;34;36;2019;2;15;7;3;0;1;0;1;0;0;0;0;0;297252,065000001340000;5633290,508000003200000;6,121738564000054;50,815801901000043;0
99882;5;1;66;28;2019;2;17;5;2;0;7;1;1;0;0;0;0;0;326135,429999999700000;5688282,221000002700000;6,504891986000075;51,319235934000062;0
99887;5;1;19;0;2019;2;11;5;3;5;2;0;1;1;0;0;0;0;351312,566383724100000;5709423,498629234700000;6,857044361000021;51,516340505000073;0
99889;5;1;16;0;2019;2;16;5;3;0;1;0;1;0;0;0;0;0;321958,599443769080000;5672890,686079811300000;6,452669337000032;51,179679102000080;0
99891;5;3;78;24;2019;2;17;7;2;5;3;1;1;1;0;0;0;0;381589,361000000500000;5642728,463000001400000;7,315208071000029;50,924029844000074;0
99899;5;1;12;0;2019;2;16;5;3;5;2;0;1;1;0;0;0;0;343738,445000000300000;5703360,105000000400000;6,750654447000045;51,459817964000081;0
99913;5;7;54;28;2019;2;15;5;3;5;3;0;1;1;0;0;0;0;453287,977000000890000;5743475,180999999900000;8,321976876000065;51,840135357000065;0
99916;5;3;82;48;2019;2;17;7;3;5;3;0;1;1;0;0;0;0;355997,905000000260000;5611996,412999998800000;6,963347116000023;50,642017711000051;0
99923;5;7;66;40;2019;2;15;5;3;5;3;0;1;1;0;0;0;0;484468,733729094270000;5757970,108977733200000;8,773903293000046;51,972197710000046;0
99924;5;7;66;20;2019;2;19;5;3;2;6;2;1;1;0;0;0;0;488382,447589689870000;5754001,839878050600000;8,831011123000053;51,936614644000031;0
99940;5;1;24;0;2019;2;16;7;2;5;3;0;1;1;0;0;0;1;376365,813773324710000;5683129,909846775200000;7,227081056000031;51,286064845000055;0
99943;5;1;24;0;2019;2;18;7;3;3;6;2;1;1;0;0;0;0;369605,826711642560000;5679931,989233668900000;7,131362999000032;51,255816719000052;0
99947;5;9;62;40;2019;2;9;5;3;5;3;0;1;1;0;0;0;0;416209,516018382270000;5697551,661764336700000;7,794876627000065;51,422972348000030;0
99955;5;1;17;0;2019;2;11;7;3;3;5;0;1;1;0;0;0;0;354098,721862343140000;5702921,880254777100000;6,899857277000024;51,458645396000065;0
99959;5;9;16;0;2019;2;10;5;3;0;5;0;1;1;0;0;0;0;373464,606895338740000;5708717,071058899200000;7,176374753000061;51,515388349000034;0
99961;5;1;12;0;2019;2;11;7;3;5;3;0;1;1;0;0;0;0;346074,444997872230000;5699144,676814530000000;6,786086279000074;51,422581963000027;0
99963;5;9;16;0;2019;2;13;5;3;3;2;0;1;1;0;0;0;0;376880,705000001010000;5710868,510999999900000;7,224829777000025;51,535478975000046;0
99964;5;9;11;0;2019;2;15;5;3;3;5;0;1;1;0;0;0;0;374389,507427731530000;5704366,664798151700000;7,191245833000039;51,476496587000042;0
99968;5;9;11;0;2019;2;14;5;2;3;5;0;1;1;0;0;0;0;375967,917610443200000;5705946,953305099200000;7,213407443000051;51,491047510000044;0
99996;5;5;66;84;2019;2;16;4;3;5;3;0;1;1;0;0;0;0;386645,586000000130000;5777572,247000003200000;7,343701579000026;52,137023997000028;0
99998;5;5;58;12;2019;2;15;4;2;0;3;0;1;1;0;0;0;0;372050,214134011420000;5756003,266630463300000;7,138624507000031;51,940015341000048;0
100005;5;3;70;8;2019;2;17;4;3;5;3;0;1;1;0;0;0;0;291570,423000001350000;5652794,895999999700000;6,030061684000032;50,988946706000036;0
100012;5;9;16;0;2019;2;21;7;2;0;1;2;1;0;0;0;0;0;375982,677505059170000;5712380,650853384300000;7,211355647000062;51,548872428000038;0
100013;5;3;74;36;2019;2;13;4;3;3;6;0;1;1;0;0;0;0;385126,027890526690000;5674735,261772519000000;7,355339528000059;51,212444708000078;0
100016;5;3;62;12;2019;2;11;4;3;5;3;0;1;1;0;0;0;0;352551,521752381700000;5633194,327978963000000;6,906157758000063;50,831659891000072;0
100025;5;3;15;0;2019;2;8;4;3;5;3;0;1;1;0;0;0;0;351517,028010865670000;5644478,526197828400000;6,886894167000037;50,932801737000034;1
100029;5;3;15;0;2019;2;9;4;3;5;3;0;1;1;0;0;0;0;357105,485000002200000;5643206,113000001800000;6,966869319000068;50,922778294000068;0
100040;5;1;54;16;2019;2;18;4;2;5;3;2;1;1;0;0;0;0;302026,703874493020000;5729802,396922553000000;6,136046395000051;51,684234464000042;0
100042;5;1;66;36;2019;2;14;4;3;5;3;0;1;1;0;0;0;0;322169,370000001040000;5682182,754000002500000;6,451072871000065;51,263217828000052;0
100044;5;5;58;40;2019;2;16;6;2;5;3;0;1;1;0;0;0;0;376943,828999999910000;5764313,533000001700000;7,206796888000042;52,015800077000051;0
100045;5;1;66;20;2019;2;11;4;2;0;1;0;1;0;0;0;0;0;305285,675179788840000;5675055,677607098600000;6,213237221000043;51,193690115000038;1
100051;5;1;19;0;2019;2;14;4;3;3;2;0;1;1;0;0;0;0;351274,024511589670000;5704540,316716890800000;6,858547149000060;51,472452799000052;0
100053;5;5;15;0;2019;2;16;6;3;8;1;0;1;0;0;0;0;0;408813,658563434150000;5758532,777251549100000;7,672590569000022;51,969992364000063;0
100055;5;5;62;12;2019;2;18;6;3;5;3;2;1;1;0;0;0;0;359101,656602323060000;5726557,327469881600000;6,962346003000050;51,672299956000074;0
100063;5;1;13;0;2019;2;11;4;3;5;2;0;1;1;0;0;0;0;364838,219392699190000;5699276,664448201700000;7,055737021000027;51,428553414000078;0
100071;5;1;12;0;2019;2;7;4;2;5;2;0;1;1;0;0;0;0;345269,381584554910000;5706373,346323750900000;6,771354392000035;51,487312361000079;0
100078;5;5;15;0;2019;2;16;4;3;5;3;0;1;1;0;0;0;0;406133,740419750100000;5757702,640671826900000;7,633817457000021;51,962084594000032;0
100079;5;5;15;0;2019;2;13;4;3;0;5;0;1;1;0;0;0;0;405648,614834705370000;5756980,848354360100000;7,626957100000027;51,955514692000065;0
100080;5;5;15;0;2019;2;10;4;3;1;5;0;1;1;0;0;0;0;404669,747128407470000;5759480,299874937200000;7,612022738000064;51,977813746000038;0
100092;5;3;62;40;2019;2;7;4;2;5;3;1;1;1;0;0;0;0;358483,461051558140000;5630736,234440457100000;6,991286207000030;50,811049123000032;0
100093;5;3;62;12;2019;2;18;4;3;0;1;2;1;0;0;0;0;0;353425,192999999970000;5633776,759000003300000;6,918322636000028;50,837115986000072;0
100099;5;3;14;0;2019;2;17;4;3;5;3;0;1;0;0;0;0;0;365680,029828251340000;5622291,350388478500000;7,096458169000073;50,736861127000054;0
100104;5;1;54;4;2019;2;16;4;2;7;1;0;1;0;0;0;0;0;307647,822536473160000;5736914,869108449700000;6,213332206000075;51,750063228000045;0
100114;5;1;20;0;2019;2;15;4;3;2;2;0;1;1;0;0;0;0;375108,823005531910000;5671059,447276564300000;7,213272817000075;51,177304235000065;0
100116;5;1;17;0;2019;2;17;4;3;0;3;0;1;1;0;0;0;0;351618,303133361970000;5697290,348255373500000;6,866539231000047;51,407398073000081;0
100121;5;7;74;16;2019;2;13;4;2;1;5;0;1;0;0;0;1;0;465016,791089725680000;5710326,297082742700000;8,495535932000053;51,542949107000027;0
100126;5;7;66;48;2019;2;16;4;3;5;3;0;1;1;0;0;0;0;478228,596587608570000;5763366,275653449800000;8,682720898000071;52,020504277000043;0
100160;5;5;70;44;2019;2;11;3;3;5;3;0;1;1;0;0;0;0;416749,698529968970000;5759827,533466184500000;7,787772978000021;51,982876277000059;0
100163;5;5;66;68;2019;2;8;3;3;5;2;0;1;1;0;0;0;0;376099,101000000720000;5785147,701000003100000;7,186913637000032;52,202834289000066;1
100168;5;5;15;0;2019;2;19;3;3;5;2;2;1;1;0;0;0;0;406628,592371324080000;5758709,235125314400000;7,640743890000067;51,971215674000064;0
100169;5;5;15;0;2019;2;16;3;3;4;2;0;1;1;0;0;0;0;401877,237683466640000;5753654,857938041900000;7,573041412000066;51,924967174000074;0
100174;5;5;62;32;2019;2;6;3;2;5;3;2;1;1;0;0;0;0;375836,731592287310000;5720659,837875332700000;7,206323471000076;51,623246978000054;1
100190;5;1;13;0;2019;2;11;2;3;5;3;0;1;1;0;0;0;0;362530,487452543340000;5698378,310365863100000;7,022910558000035;51,419925253000031;0
100191;5;1;12;0;2019;2;17;2;3;5;2;1;1;1;0;0;0;0;343293,252253896560000;5709840,980577286300000;6,741374619000055;51,517924019000077;0
100195;5;3;15;0;2019;2;10;3;3;0;6;0;1;1;0;0;0;1;364572,868310253140000;5638371,908224707500000;7,074843926000028;50,881131730000050;1
100196;5;3;15;0;2019;2;12;3;2;4;2;0;1;1;0;0;0;0;365144,641762626360000;5637353,384567610900000;7,083342730000027;50,872111323000070;0
100200;5;3;14;0;2019;2;6;3;3;5;3;2;1;1;0;0;0;0;364978,367949965410000;5622357,846261577700000;7,086495970000044;50,737296080000078;1
100206;5;1;66;32;2019;2;13;3;3;5;3;0;1;1;0;0;0;0;317579,015115343030000;5682304,894253764300000;6,385287517000052;51,262864656000033;0
100208;5;1;16;0;2019;2;12;3;3;3;5;0;1;1;0;0;0;0;314450,588580540380000;5675852,488102775100000;6,343839346000038;51,203896606000058;0
100210;5;1;24;0;2019;2;10;3;3;5;3;0;1;1;0;0;0;0;371812,907911705780000;5682391,857693348100000;7,162092459000064;51,278425162000076;0
100225;5;7;66;64;2019;2;9;3;3;0;1;0;1;1;0;0;0;0;489007,397222278640000;5739369,687926512200000;8,840567476000047;51,805067877000056;0
100227;5;7;11;0;2019;2;7;3;3;5;3;0;1;1;0;0;0;0;472663,652913562020000;5753756,163721989800000;8,602389355000071;51,933855606000066;0
100234;5;9;74;40;2019;2;12;3;3;3;2;0;1;1;0;0;0;0;438630,813000001010000;5712802,952000001400000;8,114651634000040;51,562963134000029;0
100240;5;9;54;12;2019;2;16;3;3;5;2;0;1;1;0;0;0;0;384931,566090350970000;5687087,214037397900000;7,348581142000057;51,323429304000058;0
100251;5;9;11;0;2019;2;11;3;2;5;2;0;1;1;0;0;0;0;375936,959289880470000;5707580,077776370600000;7,212387482000054;51,505718182000066;1
100270;5;5;70;52;2019;2;14;2;3;5;2;0;1;0;0;0;1;0;430444,947999999860000;5755934,977000003700000;7,987944265000067;51,949767290000068;0
100272;5;5;66;28;2019;2;7;2;2;9;1;0;1;0;0;0;0;0;414526,302000001070000;5792744,147000001700000;7,747132932000056;52,278413615000034;0
100273;5;5;66;28;2019;2;7;2;3;8;1;0;1;0;0;0;0;0;414538,659000000920000;5792751,494000000900000;7,747312150000028;52,278481574000068;0
100286;5;5;15;0;2019;2;16;2;3;3;6;0;1;1;0;0;0;0;404784,462779388760000;5755235,854708546800000;7,614868889000036;51,939682687000072;0
100287;5;5;62;24;2019;2;12;2;3;5;2;0;1;1;0;0;0;0;366934,047079925430000;5724376,545709405100000;7,076376561000075;51,654612423000060;0
100289;5;5;13;0;2019;2;18;2;2;5;7;1;1;0;0;0;0;0;363110,620000001970000;5711116,517999999200000;7,026312586000074;51,534536737000053;0
100299;5;9;13;0;2019;2;8;5;3;5;2;0;1;1;0;0;0;0;393135,574599500750000;5707290,733631333300000;7,460184359000039;51,506631674000062;0
100310;5;3;15;0;2019;2;11;2;3;6;4;0;1;1;1;0;0;0;352717,217000001110000;5644928,164000000800000;6,903780425000036;50,937150171000042;0
100318;5;3;14;0;2019;2;11;2;3;5;2;0;1;1;0;0;0;0;364354,249871320090000;5622960,373224733400000;7,077434572000072;50,742566056000044;0
100319;5;3;14;0;2019;2;12;2;3;0;7;0;1;1;0;0;0;0;364757,978565681730000;5619271,357941735500000;7,084506255000065;50,709503765000079;0
100320;5;1;70;52;2019;2;10;2;3;0;2;0;1;1;0;0;0;0;324401,508542881350000;5726365,183155402500000;6,461091854000074;51,660801696000078;0
100330;5;1;66;32;2019;2;14;2;3;4;3;0;1;1;0;0;0;0;314214,874000001700000;5682338,725999999800000;6,337105739000037;51,262082195000062;0
100332;5;1;16;0;2019;2;10;2;3;0;1;0;1;0;0;0;0;0;315059,978025666440000;5675308,401703108100000;6,352833155000042;51,199206900000036;0
100335;5;1;16;0;2019;2;14;2;3;4;2;0;1;1;0;0;0;0;319340,177854974750000;5676741,639547405800000;6,413309154000046;51,213451039000063;0
100340;5;1;14;0;2019;2;6;2;3;0;3;2;1;1;0;0;0;0;329523,391309081580000;5687254,609029181300000;6,553955404000021;51,311029323000071;0
100354;5;5;54;12;2019;2;10;7;3;5;3;0;1;1;0;0;0;0;352216,761000001800000;5746016,635000001600000;6,854576794000025;51,845373883000036;0
100355;5;5;54;8;2019;2;13;7;2;5;2;0;1;0;0;0;0;0;335295,757554967890000;5745852,965275803600000;6,609225336000066;51,839169035000054;0
100357;5;5;15;0;2019;2;14;7;3;5;2;0;1;1;0;0;0;0;406038,352976575490000;5756774,951165309200000;7,632683297000028;51,953729981000038;0
100359;5;5;62;8;2019;2;9;7;3;5;3;0;1;1;0;0;0;0;385058,058610640470000;5723617,218878734900000;7,338501826000027;51,651786193000078;0
100361;5;5;62;32;2019;2;10;7;2;5;3;0;1;1;0;0;0;0;376175,975988306110000;5715427,708894707300000;7,213068688000021;51,576299574000075;0
100362;5;1;13;0;2019;2;15;1;3;5;3;0;1;1;0;0;0;0;361022,734357066450000;5706198,537065427800000;6,998167533000071;51,489832612000043;0
100365;5;3;70;16;2019;2;17;7;3;0;1;0;1;0;0;0;0;0;298248,244507220570000;5660406,294238228400000;6,120849522000071;51,059684528000048;0
100372;5;3;82;20;2019;2;18;7;3;5;2;1;1;1;0;0;0;0;377919,974979740570000;5626922,956053068900000;7,268294052000044;50,781195585000034;0
100376;5;3;78;4;2019;2;12;7;3;5;2;0;1;1;0;0;0;0;366209,371132313270000;5650319,060690509200000;7,093707405000032;50,988889567000058;0
100381;5;3;62;4;2019;2;13;7;3;5;2;0;1;1;0;0;0;0;329738,743805586360000;5651178,159930670600000;6,574104317000035;50,986977712000055;0
100385;5;3;15;0;2019;2;12;7;3;0;1;0;1;0;0;0;0;0;355900,649155004880000;5646822,206845441800000;6,948308186000077;50,954975856000033;0
100386;5;3;15;0;2019;2;17;7;3;9;1;0;1;0;0;0;0;0;351288,005000000820000;5645034,856000000600000;6,883410221000077;50,937742167000067;0
100387;5;3;15;0;2019;2;12;7;3;3;5;0;1;1;0;0;0;0;355216,120881607760000;5644963,191929290100000;6,939307643000063;50,938097772000049;0
100396;5;1;58;16;2019;2;10;7;3;5;3;0;1;1;0;0;0;0;354898,258890270260000;5670374,998353809100000;6,924600414000054;51,166382183000053;0
100397;5;1;54;44;2019;2;10;7;2;5;3;0;1;1;0;0;0;0;321646,706443117000000;5741196,107086237500000;6,413708734000068;51,793149224000047;0
100398;5;1;54;36;2019;2;16;7;3;5;3;0;1;1;0;0;0;0;301070,633746601640000;5739634,799644000800000;6,116617547000033;51,772191668000062;0
100399;5;1;66;36;2019;2;17;7;3;4;2;0;1;1;0;0;0;0;324255,404000001030000;5684372,012000002000000;6,479865392000022;51,283531652000079;0
100409;5;1;20;0;2019;2;13;7;2;6;4;0;1;0;1;0;0;0;374950,667000002230000;5671069,320000000300000;7,211007941000048;51,177358401000049;0
100412;5;7;70;36;2019;2;15;7;3;5;2;0;1;1;0;0;0;0;465690,493675930430000;5795018,816881164900000;8,496807437000030;52,304438453000046;0
100413;5;7;70;24;2019;2;18;7;3;5;2;1;1;1;0;0;0;0;492072,116996902970000;5795820,600553298400000;8,883706320000044;52,312661424000055;0
100414;5;7;70;24;2019;2;15;7;3;5;3;0;1;1;0;0;0;0;493094,651532301680000;5793906,710864117400000;8,898745054000074;52,295468454000059;0
100441;5;5;66;8;2019;2;9;6;3;3;2;0;1;1;0;0;0;0;399239,344000000510000;5780877,898000001900000;7,526666935000037;52,169174700000042;0
100444;5;5;15;0;2019;2;14;6;3;3;6;0;1;0;0;0;0;0;405046,408797043380000;5756567,783853460100000;7,618310420000057;51,951699397000027;0
100453;5;3;82;56;2019;2;12;6;2;3;2;0;1;0;0;0;0;1;372483,064639273100000;5626825,251811103900000;7,191245481000067;50,779147233000060;1
100458;5;3;78;28;2019;2;18;6;2;5;2;2;1;1;0;0;0;0;372234,146452683020000;5640107,430899402100000;7,183085167000058;50,898475796000071;0
100478;5;1;58;28;2019;2;9;6;3;5;3;0;1;1;0;0;0;0;353451,939000000250000;5689737,013000002100000;6,895999152000059;51,340001758000028;1
100486;5;1;62;4;2019;2;13;6;3;5;3;0;1;1;0;0;0;0;343243,576000002210000;5662520,023000003800000;6,761450644000036;51,092726920000075;0
100487;5;1;62;24;2019;2;15;6;3;5;2;0;1;1;0;0;0;0;336850,851000000720000;5676402,103000002000000;6,663946314000043;51,215671822000047;0
100502;5;7;70;12;2019;2;6;6;3;5;2;2;1;1;0;0;0;0;488747,550714754500000;5795584,426569597800000;8,834946524000031;52,310480039000026;1
100504;5;7;70;24;2019;2;14;6;3;0;1;0;1;0;0;0;0;0;493744,727000000890000;5794585,933000000200000;8,908264651000025;52,301582780000047;0
100505;5;7;11;0;2019;2;18;6;2;5;2;2;1;1;0;0;0;0;466287,588520423510000;5758531,200055476300000;8,509183471000029;51,976436780000029;0
100508;5;9;78;32;2019;2;8;6;3;5;2;0;1;1;0;0;0;0;394284,771999999880000;5726816,309000000400000;7,470853616000056;51,682351303000075;1
100511;5;1;19;0;2019;2;12;1;3;0;1;0;1;0;0;0;0;0;351467,828332124280000;5704928,324069554000000;6,861172460000034;51,475990147000061;0
100521;5;9;16;0;2019;2;6;6;2;5;2;2;1;1;0;0;0;0;375400,234487080020000;5710452,120906932300000;7,203642487000025;51,531411949000073;1
100538;5;5;66;28;2019;2;17;5;3;5;7;0;1;1;0;0;0;0;411897,773365439850000;5793061,798922369300000;7,708531602000051;52,280853754000077;0
100542;5;5;54;20;2019;2;10;5;3;6;7;0;1;0;1;0;0;0;365466,744000000880000;5786551,603000000100000;7,030864334000057;52,212956545000054;0
100544;5;5;54;4;2019;2;15;5;3;5;3;0;1;1;0;0;0;0;361333,700161766260000;5773249,412816546900000;6,975840344000062;52,092410572000063;0
100545;5;5;54;48;2019;2;7;5;3;2;6;0;1;0;0;0;0;1;342647,463005547410000;5744849,405278112700000;6,716302192000057;51,832272776000082;0
100549;5;5;15;0;2019;2;14;5;3;1;3;0;1;1;0;0;0;0;403501,661367616620000;5760698,882426487300000;7,594678490000035;51,988565076000043;1
100550;5;5;62;32;2019;2;13;5;3;5;3;0;1;1;0;0;0;0;375499,994501885960000;5719718,148683076700000;7,201796123000065;51,614709516000062;0
100552;5;9;13;0;2019;2;15;1;3;0;7;0;1;0;0;0;0;0;398919,601778726090000;5710362,413018642000000;7,542615715000068;51,535306597000044;0
100556;5;3;34;36;2019;2;18;5;3;5;2;1;1;1;0;0;0;0;298784,147134135480000;5632445,764184854900000;6,143922530000054;50,808748978000040;1
100562;5;3;16;0;2019;2;18;5;3;0;1;2;1;0;0;0;0;0;361993,828980002550000;5655704,418672746000000;7,031631783000023;51,036293467000064;1
100569;5;9;11;0;2019;2;18;1;3;5;2;0;1;1;0;0;0;0;374440,003868670200000;5701529,251083470900000;7,192980331000058;51,451007095000080;0
100572;5;1;19;0;2019;2;15;1;3;5;3;0;1;1;0;0;0;0;350215,784283260810000;5706806,328143332200000;6,842360427000074;51,492534619000025;0
100574;5;3;15;0;2019;2;19;5;3;5;2;2;1;1;0;0;0;0;354879,092000001110000;5644798,167000001300000;6,934579804000066;50,936530016000063;1
100576;5;9;11;0;2019;2;18;1;3;0;1;1;1;0;0;0;0;0;374495,251050529070000;5701240,306321760600000;7,193877502000021;51,448422500000049;0
100579;5;1;70;28;2019;2;9;5;3;5;2;0;1;1;0;0;0;0;330073,125335795800000;5701749,110731395000000;6,554904165000039;51,441408666000029;0
100581;5;1;58;20;2019;2;7;5;3;4;6;0;1;0;0;0;0;0;354891,162398433310000;5665264,312370590900000;6,926558396000075;51,120453822000059;0
100592;5;9;11;0;2019;2;16;1;3;0;1;0;1;0;0;0;0;0;376127,682182569060000;5703970,160885918900000;7,216400927000052;51,473316325000042;0
100594;5;9;54;16;2019;2;11;1;3;5;2;0;1;1;0;0;0;0;374214,739783773200000;5691972,509632725300000;7,193129568000074;51,365066974000058;0
100599;5;1;12;0;2019;2;19;5;3;5;3;2;1;1;0;0;0;0;345627,821343456390000;5706936,407603211700000;6,776266729000042;51,492469404000076;1
100608;5;7;54;36;2019;2;10;5;3;1;3;0;1;1;0;0;0;0;474157,769437033680000;5749546,370237374700000;8,624436860000060;51,896077182000056;0
100609;5;7;66;8;2019;2;15;5;3;5;3;0;1;1;0;0;0;0;477443,788000000640000;5765996,655999997600000;8,671110454000029;52,044122044000062;1
100611;5;7;11;0;2019;2;7;5;3;5;2;0;1;1;0;0;0;0;467491,017861219120000;5755921,530573146400000;8,526950520000071;51,953045722000070;0
100623;5;3;15;0;2019;2;2;3;3;1;7;2;1;1;0;0;0;0;355199,199025243520000;5644863,849614221600000;6,939106442000025;50,937200756000038;0
100624;5;3;82;12;2019;2;9;3;3;5;2;0;1;1;0;0;0;0;361637,949952547440000;5626787,913001302600000;7,037520354000037;50,776325541000062;0
100629;5;5;66;84;2019;2;10;3;3;5;3;0;1;0;0;0;0;1;385558,520518901760000;5777984,183720268300000;7,327686341000060;52,140501945000040;0
100633;5;1;70;24;2019;2;15;3;3;5;3;0;1;1;0;0;0;0;334272,954258671030000;5704532,576845977500000;6,613974896000059;51,467659614000070;0
100635;5;1;12;0;2019;2;18;4;3;5;2;1;1;1;0;0;0;0;345451,959354996680000;5693426,705645801500000;6,779630181000073;51,371035917000029;0
100640;5;1;58;28;2019;2;19;3;2;6;4;1;1;0;1;0;0;0;350356,981601208450000;5684730,145018810400000;6,853699209000070;51,294205352000063;0
100641;5;1;54;40;2019;2;15;3;2;5;3;0;1;0;0;1;0;0;297351,896286205390000;5741081,021677436300000;6,061947990000022;51,783844397000053;0
100646;5;1;62;4;2019;2;16;3;3;1;3;0;1;1;0;0;0;0;347365,675761483610000;5662901,441371211800000;6,820108547000075;51,097266168000033;0
100647;5;5;15;0;2019;2;0;3;2;4;6;2;1;0;0;0;0;0;409383,946567085570000;5751521,817102776800000;7,682737169000063;51,907066419000046;0
100649;5;1;62;24;2019;2;16;3;3;4;6;0;1;0;0;0;0;0;339859,197178482080000;5672951,742833195300000;6,708523437000054;51,185521990000041;0
100650;5;3;16;0;2019;2;16;3;2;4;1;0;1;1;0;0;0;0;361386,811999999920000;5656636,811000002500000;7,022622671000022;51,044526848000032;0
100654;5;1;16;0;2019;2;15;3;2;3;2;0;1;1;0;0;0;0;321989,754717120900000;5676373,006965912900000;6,451388232000056;51,210971537000034;0
100656;5;9;11;0;2019;2;17;4;3;8;6;0;1;1;0;0;0;0;377606,331743624060000;5699122,443127030500000;7,239357837000057;51,430069037000067;0
100662;5;1;13;0;2019;2;16;3;3;5;3;0;1;1;0;0;0;0;366731,686000001620000;5698960,454000001800000;7,083076439000024;51,426160149000054;0
100671;5;1;12;0;2019;2;21;3;3;5;3;2;1;1;0;0;0;0;345276,598000002090000;5707495,245000002900000;6,770966461000057;51,497394517000032;0
100674;5;7;74;32;2019;2;18;3;3;5;3;1;1;1;0;0;0;0;480321,647830044850000;5733140,714038645800000;8,714947088000031;51,748823730000026;0
100675;5;7;70;36;2019;2;16;3;3;5;3;0;1;1;0;0;0;0;468233,758102497090000;5797714,656173596200000;8,533851685000059;52,328827525000065;0
100676;5;7;70;24;2019;2;20;3;3;5;3;2;1;1;0;0;0;0;495403,555999999870000;5793220,993000004400000;8,932610453000052;52,289327676000028;0
100679;5;7;70;24;2019;2;12;3;3;0;1;0;1;0;0;0;0;0;495863,131149698050000;5793178,488155046500000;8,939348910000035;52,288949188000061;0
100687;5;7;54;20;2019;2;17;3;2;5;3;0;1;1;0;0;0;0;451800,101692507970000;5749764,336541140500000;8,299504274000071;51,896551485000032;0
100688;5;7;54;16;2019;2;13;3;2;3;6;0;1;1;0;0;1;0;451294,851000001650000;5754716,344999998800000;8,291461482000045;51,941028069000026;0
100697;5;9;78;4;2019;2;12;3;1;3;2;0;1;1;0;0;0;0;405083,945000000300000;5716229,787000002300000;7,629881074000025;51,589118943000074;0
100699;5;9;78;12;2019;2;10;3;3;4;6;0;1;1;0;0;0;0;415396,102008675230000;5703231,322459032800000;7,781822333000037;51,473910380000063;0
100702;5;9;74;44;2019;2;6;3;3;2;2;2;1;1;0;0;0;0;454362,329284699630000;5701152,192417077700000;8,343093330000045;51,459702431000039;0
100703;5;9;74;8;2019;2;15;3;3;5;2;0;1;1;0;0;0;0;442387,224823122840000;5714670,303921055000000;8,168531277000056;51,580148169000040;0
100724;5;9;16;0;2019;2;17;4;3;0;2;0;1;1;0;0;0;0;371875,053098110480000;5710185,325328575400000;7,152944956000056;51,528225308000060;0
100748;5;5;58;44;2019;2;15;2;3;3;3;0;1;1;0;0;0;0;394415,925000054760000;5745966,069230821000000;7,466928873000029;51,854496034000078;0
100750;5;5;54;20;2019;2;17;2;2;4;2;0;1;1;0;0;0;0;362577,942401662470000;5786830,252084478700000;6,988496343000065;52,214747386000056;0
100751;5;5;54;20;2019;2;16;2;3;5;3;0;1;1;0;0;0;0;366373,915129047820000;5787622,715803109100000;7,043711033000022;52,222801636000042;0
100752;5;5;54;16;2019;2;8;2;3;0;2;0;1;0;0;1;0;0;363709,347121916710000;5757105,955566076600000;7,016923093000060;51,947943367000050;0
100753;5;5;15;0;2019;2;9;2;3;5;3;0;1;1;0;0;0;0;407153,091403447090000;5760550,965315498400000;7,647878603000038;51,987857906000045;0
100754;5;5;62;8;2019;2;17;2;3;5;3;0;1;1;0;0;0;0;383089,853000001050000;5720996,607000000800000;7,310939909000069;51,627827323000076;0
100758;5;5;62;16;2019;2;13;2;3;5;2;0;1;1;0;0;0;0;374469,143000002020000;5734111,793000003300000;7,181740195000032;51,743835303000026;0
100759;5;5;15;0;2019;2;8;3;3;3;3;0;1;1;0;0;0;0;406526,867999999780000;5750599,418999999800000;7,641467126000066;51,898303291000047;0
100765;5;5;66;52;2019;2;16;3;3;5;3;0;1;1;0;0;0;0;377799,947322867810000;5779159,884454559500000;7,213946619000069;52,149405592000051;0
100769;5;3;34;2;2019;2;8;2;3;5;2;0;1;1;0;0;0;0;296585,716483774590000;5630195,158422147900000;6,114006131000053;50,787767767000048;0
100774;5;3;34;2;2019;2;16;2;3;5;2;0;1;1;0;0;0;0;291524,950806342070000;5628374,406151818100000;6,043338184000049;50,769618435000041;0
100781;5;3;74;12;2019;2;16;2;2;5;2;0;1;1;0;0;0;0;391159,203418741930000;5653261,483661903100000;7,448162953000065;51,020598682000070;0
100784;5;3;15;0;2019;2;8;3;3;5;3;0;1;1;0;0;0;0;362648,143642584790000;5643210,365738317400000;7,045679699000061;50,924162660000036;0
100788;5;3;62;24;2019;2;16;2;3;5;3;0;1;1;0;0;0;0;347300,206581188370000;5642428,683963738400000;6,827787119000050;50,913280584000063;0
100792;5;3;15;0;2019;2;17;2;3;5;7;0;1;1;0;0;0;0;365384,712173801850000;5638386,051958503200000;7,086372535000066;50,881448561000070;0
100793;5;3;15;0;2019;2;8;2;3;5;2;0;1;1;0;0;0;0;358287,283504807390000;5644789,317801760500000;6,983057501000076;50,937298090000070;0
100794;5;3;58;24;2019;2;15;3;3;0;2;0;1;1;0;0;0;0;312826,941680125890000;5643760,294774975600000;6,337222622000070;50,915094724000028;0