OBJECTID;ULAND;UREGBEZ;UKREIS;UGEMEINDE;UJAHR;UMONAT;USTUNDE;UWOCHENTAG;UKATEGORIE;UART;UTYP1;ULICHTVERH;IstRad;IstPKW;IstFuss;IstKrad;IstGkfz;IstSonstige;LINREFX;LINREFY;XGCSWGS84;YGCSWGS84;STRZUSTAND
100799;5;7;54;40;2019;2;9;4;3;0;2;0;1;1;0;0;0;0;459921,216006603090000;5761652,396644167600000;8,416135865000058;52,004075189000048;0
100801;5;3;15;0;2019;2;7;2;3;5;2;0;1;1;0;0;0;0;354349,028668075800000;5645496,795197431000000;6,926761697000075;50,942674748000059;0
100812;5;3;14;0;2019;2;9;2;3;3;2;0;1;1;0;0;0;0;365523,581024479120000;5621575,711514836200000;7,094503407000047;50,730392807000044;0
100815;5;1;70;28;2019;2;10;2;3;1;3;0;1;1;0;0;0;0;331270,413988470100000;5702305,584216168200000;6,571850127000062;51,446765766000055;0
100817;5;1;70;44;2019;2;12;2;3;5;3;0;1;1;0;0;0;0;341396,714577329350000;5718655,280067544400000;6,710087536000060;51,596586511000055;0
100818;5;1;58;20;2019;2;19;2;3;5;3;1;1;1;0;0;0;0;357848,348661861380000;5661268,322457699100000;6,970358314000066;51,085284456000068;0
100823;5;1;66;32;2019;2;13;2;3;6;6;0;1;0;1;0;0;0;314436,166647810490000;5682566,887881979300000;6,340155530000061;51,264203704000067;0
100825;5;1;62;24;2019;2;5;2;3;5;3;2;1;1;0;0;0;0;338278,366854202000000;5671747,190463012100000;6,686464863000026;51,174254185000052;0
100827;5;1;16;0;2019;2;18;2;3;4;6;1;1;0;0;0;0;0;322497,423031591810000;5673064,417927261400000;6,460284624000053;51,181407326000055;0
100830;5;1;14;0;2019;2;13;2;3;5;2;0;1;1;0;0;0;0;335856,344000001440000;5691930,436000002500000;6,642583671000068;51,354900572000076;0
100831;5;5;66;12;2019;2;17;3;3;5;3;0;1;1;0;0;0;0;402900,924210592170000;5778469,519791403800000;7,580877547000057;52,148184707000041;0
100833;5;1;24;0;2019;2;17;2;3;6;7;0;1;0;1;0;0;0;375819,647326106210000;5681943,098571015500000;7,219665576000068;51,275279297000054;0
100837;5;1;12;0;2019;2;15;4;3;5;2;0;1;1;0;0;0;0;343678,932332495230000;5697774,942837914500000;6,752263826000046;51,409619435000081;0
100839;5;1;13;0;2019;2;12;2;3;1;3;0;1;1;0;0;0;0;356073,643026326780000;5691702,209919014900000;6,932817826000076;51,358331024000051;0
100848;5;1;11;0;2019;2;8;2;3;0;2;0;1;1;0;0;0;0;346874,049000000580000;5671678,863000001800000;6,809361857000056;51,176006562000055;0
100849;5;5;62;4;2019;2;11;3;3;5;3;0;1;1;0;0;0;0;384729,852697495370000;5716440,647058446000000;7,336120891000064;51,587217806000069;0
100852;5;3;15;0;2019;2;17;3;2;5;3;0;1;1;0;0;0;0;356573,599000001330000;5647115,222000001000000;6,957767682000053;50,957777010000029;0
100855;5;7;74;16;2019;2;16;4;3;5;3;0;1;1;0;0;0;0;471871,576992287300000;5714817,243207406300000;8,594020738000040;51,583712340000034;0
100856;5;7;74;32;2019;2;18;2;3;5;3;1;1;1;0;0;0;0;483933,657026078550000;5731654,475245624800000;8,767337370000064;51,735575781000080;0
100867;5;7;11;0;2019;2;15;2;3;6;6;0;1;0;1;0;0;0;466702,065641896800000;5764355,134677071100000;8,514651575000073;52,028822626000078;0
100871;5;9;70;36;2019;2;16;2;3;1;6;0;1;1;0;0;0;0;430950,206793718970000;5626292,877509174900000;8,020484196000041;50,784271992000072;0
100897;5;5;54;8;2019;2;17;3;2;5;3;0;1;0;0;1;0;0;331446,653957929460000;5746570,207957999800000;6,553058310000040;51,844463662000067;0
100900;5;3;15;0;2019;2;17;3;3;8;1;0;1;0;0;0;0;0;356460,261144214310000;5646937,325026469300000;6,956225134000022;50,956150058000048;0
100906;5;3;15;0;2019;2;13;3;3;3;6;0;1;0;0;0;1;0;359181,001521687950000;5637569,817204019100000;6,998554114000058;50,872634307000055;0
100910;5;7;54;36;2019;2;22;2;3;5;3;2;1;1;0;0;0;0;477118,058048485780000;5745343,433936329600000;8,667736328000046;51,858418022000080;0
100911;5;9;62;16;2019;2;7;4;2;5;3;0;1;1;0;0;0;0;414995,635703750890000;5694660,581125155100000;7,778115184000058;51,396801292000077;0
100929;5;3;34;36;2019;2;12;1;3;0;5;0;1;1;0;0;0;0;300118,339093491440000;5633873,375767117400000;6,162057708000020;50,822033241000042;0
100933;5;3;34;2;2019;2;14;1;3;5;3;0;1;1;0;0;0;0;295142,284544997850000;5629194,620984621300000;6,094112580000058;50,778273509000030;0
100935;5;7;54;32;2019;2;15;4;3;5;3;0;1;1;0;0;0;0;456392,470999999900000;5738791,485999999600000;8,367625209000039;51,798276809000072;0
100945;5;3;66;16;2019;2;19;1;3;0;1;1;1;0;0;0;0;0;345224,740819074210000;5616134,649879761000000;6,809364285000072;50,676444157000049;0
100952;5;5;70;28;2019;2;14;3;3;0;1;0;1;0;0;0;0;0;441105,026556805710000;5742874,319909589400000;8,145263181000075;51,833581397000046;0
100977;5;9;15;0;2019;3;13;1;2;5;3;0;1;1;0;0;0;0;422894,764882917520000;5726735,944180630100000;7,884608132000039;51,686286477000067;1
100993;5;1;19;0;2019;3;20;6;2;4;2;2;1;1;0;0;0;0;349474,516693111510000;5703224,414494335700000;6,833216819000029;51,460153109000032;0
101000;5;1;16;0;2019;3;14;6;3;5;2;0;1;1;0;0;0;0;322291,550523658280000;5673015,153742006000000;6,457366460000060;51,180900817000065;1
101009;5;1;11;0;2019;3;22;6;3;0;1;2;1;0;0;0;0;0;347062,743060722020000;5677735,401441570400000;6,809478217000049;51,230478788000028;0
101012;5;1;11;0;2019;3;16;6;3;5;3;1;1;0;0;0;0;1;346274,002432740290000;5675547,677051767700000;6,799128034000034;51,210609048000038;1
101020;5;7;11;0;2019;3;15;6;3;0;7;0;1;0;0;0;0;1;466915,329000001770000;5758441,941999999800000;8,518330951000053;51,975672022000026;0
101021;5;7;11;0;2019;3;13;6;3;3;3;0;1;1;0;0;0;0;464577,965993293560000;5760873,061061672900000;8,484052374000044;51,997385192000081;1
101023;5;7;11;0;2019;3;1;6;3;5;3;2;1;1;0;0;0;0;463068,458000000570000;5758893,116000004100000;8,462279564000028;51,979485984000064;1
101050;5;5;62;36;2019;3;11;7;3;3;6;0;1;1;0;0;0;0;388690,802100495440000;5718342,332368603000000;7,392667623000023;51,605106616000057;0
101058;5;5;62;4;2019;3;15;7;3;0;1;0;1;0;0;0;0;0;384434,140813922510000;5716599,042564807500000;7,331802200000027;51,588580858000057;1
101087;5;5;15;0;2019;2;15;5;3;1;4;0;1;0;1;0;0;0;409070,920305487700000;5752861,916014010100000;7,677834309000048;51,919061154000076;0
101093;5;5;62;20;2019;2;16;5;2;5;2;0;1;1;0;0;0;0;367703,145305578600000;5718977,401942923700000;7,089528072000064;51,606274448000079;0
101101;5;3;58;8;2019;2;15;5;3;0;4;0;1;0;1;0;0;0;321036,855742396790000;5633792,033579990300000;6,458770678000064;50,828145687000074;0
101107;5;3;82;56;2019;2;12;5;3;5;3;0;1;1;0;0;0;0;372338,106766861860000;5627427,160091774500000;7,188981400000046;50,784525496000072;0
101115;5;3;62;32;2019;3;14;7;3;0;1;0;1;0;0;0;0;0;336550,060697270560000;5640766,715171825100000;6,675736375000042;50,895403360000046;0
101116;5;3;66;4;2019;2;22;5;3;6;6;2;1;0;1;0;0;0;341849,513798910190000;5601296,214218072600000;6,767951912000058;50,542194856000037;0
101119;5;3;62;24;2019;2;17;5;3;3;2;0;1;1;0;0;0;0;344076,332826090050000;5645238,421054275700000;6,780761160000054;50,937666600000057;0
101121;5;5;66;52;2019;3;17;1;3;5;3;0;1;1;0;0;0;0;377757,519120307640000;5778581,555163290400000;7,213534880000054;52,144199128000082;1
101124;5;3;15;0;2019;2;8;5;3;4;2;0;1;1;0;0;0;0;363172,568568591960000;5639363,358040697900000;7,054579039000032;50,889712478000035;0
101125;5;3;15;0;2019;3;18;7;3;3;5;1;1;1;0;0;0;0;353591,035269858320000;5646435,267068579800000;6,915602522000029;50,950916463000056;1
101127;5;3;15;0;2019;2;22;5;3;0;7;2;1;0;0;0;0;0;356280,583347431380000;5648180,909524023500000;6,953177365000045;50,967281143000037;1
101131;5;3;15;0;2019;2;18;5;3;5;7;0;1;1;0;0;0;0;354191,852000000890000;5644842,441999999800000;6,924787849000040;50,936754552000082;0
101134;5;3;15;0;2019;2;19;5;3;6;4;2;1;0;1;0;0;0;355308,225582823160000;5645447,533234430500000;6,940425289000075;50,942473557000028;0
101136;5;1;70;8;2019;2;16;5;3;5;2;0;1;1;0;0;0;0;345810,245649914260000;5715050,359720109000000;6,775340427000060;51,565422311000077;0
101137;5;1;70;8;2019;2;10;5;3;5;3;0;1;1;0;0;0;0;345385,724166424940000;5714570,658072259300000;6,769431384000029;51,560996057000068;0
101141;5;1;70;20;2019;2;7;5;3;5;3;1;1;1;0;0;0;0;328967,055085761470000;5708550,482949756100000;6,535712938000074;51,502175647000058;0
101145;5;1;62;8;2019;2;7;5;3;0;7;0;1;1;0;0;0;0;330192,509959898890000;5662166,138174986500000;6,575413992000051;51,085832150000044;0
101146;5;1;62;16;2019;2;8;5;3;5;3;0;1;1;0;0;0;0;333065,513000001200000;5676607,883999999600000;6,609700109000073;51,216426597000066;0
101149;5;1;14;0;2019;2;9;5;3;0;4;0;1;0;1;0;0;0;329973,066079874520000;5687933,218734586600000;6,560077628000045;51,317260377000082;0
101152;5;1;13;0;2019;2;10;5;2;0;1;0;1;0;0;0;0;0;369631,796926156620000;5697665,286248633600000;7,125243620000049;51,415194994000046;0
101154;5;1;13;0;2019;2;17;5;3;5;2;1;1;1;0;0;0;0;361188,457999999630000;5700270,346000002700000;7,002880629000060;51,436600751000071;0
101158;5;1;11;0;2019;2;8;5;3;6;4;0;1;0;1;0;0;0;343348,227445220570000;5677976,543671652700000;6,756212984000058;51,231638047000047;0
101159;5;1;14;0;2019;3;2;7;3;5;3;2;1;1;0;0;0;0;330489,387595219540000;5687637,277969611800000;6,567620456000043;51,314755731000048;0
101166;5;7;70;12;2019;2;6;5;3;5;3;1;1;1;0;0;0;0;483042,276589662770000;5798144,738355729700000;8,751131877000034;52,333351645000050;0
101170;5;7;54;28;2019;2;7;5;3;5;3;0;1;1;0;0;0;0;452253,658000000750000;5745208,879999999000000;8,306725515000039;51,855634748000057;0
101173;5;7;66;32;2019;2;18;5;3;0;1;2;1;0;0;0;0;0;495855,612389617600000;5746736,453224912300000;8,939803010000048;51,871396664000031;0
101185;5;9;74;52;2019;2;17;5;3;4;7;1;1;0;0;0;0;0;425224,458418481980000;5712448,927609285300000;7,921352486000046;51,558162167000035;0
101215;5;7;70;24;2019;3;15;7;3;0;3;0;1;1;0;0;0;0;496357,067974276840000;5792844,978174302700000;8,946594174000040;52,285954259000050;0
101217;5;5;66;28;2019;2;8;4;2;5;3;0;1;0;0;0;1;0;411952,595738458450000;5793033,096849288800000;7,709342505000052;52,280604558000050;0
101225;5;5;54;40;2019;2;15;4;2;5;3;0;1;1;0;0;0;0;396299,167731018740000;5767356,400744902000000;7,487808820000055;52,047103566000033;0
101233;5;5;15;0;2019;2;7;4;3;5;3;0;1;1;0;0;0;0;406062,380125024360000;5751516,489602448400000;7,634468395000056;51,906468320000045;0
101238;5;5;62;32;2019;2;11;4;3;5;2;0;1;1;0;0;0;0;376117,286198419520000;5714996,578460535000000;7,212374212000043;51,572412009000061;0
101246;5;3;70;12;2019;2;13;4;3;0;1;0;1;0;0;0;0;0;294807,743999999950000;5651654,368000002600000;6,076769819000049;50,979866786000059;0
101248;5;3;34;20;2019;2;7;4;2;0;1;0;1;0;0;0;0;0;305182,241418506020000;5604305,066211659500000;6,249451927000052;50,558160181000062;0
101250;5;3;34;2;2019;2;17;4;3;5;2;0;1;1;0;0;0;0;301229,740120598120000;5628937,185856385200000;6,180488406000052;50,778079404000039;0
101251;5;3;34;2;2019;2;15;4;2;4;6;0;1;1;0;0;0;0;298381,507257589140000;5623328,951131988300000;6,143210309000040;50,726724961000059;0
101253;5;3;34;2;2019;2;17;4;3;3;6;0;1;1;0;0;0;0;296454,880000000820000;5628458,719999998800000;6,113113554000051;50,772126183000069;0
101257;5;3;82;20;2019;2;16;4;2;5;3;0;1;1;0;0;0;0;377877,133135806770000;5626939,439988849700000;7,267681161000041;50,781334733000051;0
101267;5;3;78;4;2019;2;16;4;3;5;2;0;1;1;0;0;0;0;367483,433078677390000;5650927,644096458300000;7,111628031000066;50,994654016000027;0
101285;5;3;15;0;2019;2;11;4;3;5;3;0;1;1;0;0;0;0;359509,351100953300000;5646713,271260844500000;6,999697144000038;50,954887876000043;0
101290;5;5;15;0;2019;3;17;6;3;6;4;0;1;0;1;0;0;0;406608,472335600290000;5757158,657605066900000;7,640872766000030;51,957274957000038;0
101291;5;3;15;0;2019;2;11;4;3;5;3;0;1;1;0;0;0;0;354348,609000000170000;5645495,486999999700000;6,926756251000029;50,942662885000061;0
101293;5;3;82;64;2019;2;14;4;3;5;3;0;1;1;0;0;0;0;357122,657138984650000;5616762,493697039800000;6,977404146000026;50,685129330000052;0
101295;5;3;14;0;2019;2;12;4;3;5;2;0;1;1;0;0;0;0;367159,653687643820000;5622524,470478918400000;7,117330772000059;50,739296748000072;0
101299;5;1;70;24;2019;2;18;4;2;4;6;2;1;0;0;0;0;0;334882,644999999550000;5703276,744000000900000;6,623331112000074;51,456555371000036;0
101310;5;3;70;24;2019;3;11;6;3;0;1;0;1;0;0;0;0;0;282124,319564961830000;5655884,139112696100000;5,893816411000046;51,013188886000080;0
101311;5;1;62;16;2019;2;16;4;3;1;5;0;1;1;0;0;0;0;333443,166751638990000;5678257,185109647000000;6,614336299000058;51,231354784000075;0
101313;5;1;19;0;2019;2;14;4;3;0;1;0;1;1;0;0;0;0;350081,069581409920000;5706878,937413530400000;6,840390504000027;51,493151335000050;0
101316;5;1;16;0;2019;2;14;4;3;5;2;0;1;0;0;0;1;0;320836,897682079110000;5676197,430762622500000;6,434987883000076;51,209033836000060;0
101318;5;1;16;0;2019;2;11;4;3;0;2;0;1;1;0;0;0;0;321542,767203382220000;5672198,715645657900000;6,447069672000055;51,173333297000056;0
101319;5;1;16;0;2019;2;7;4;2;0;6;0;1;0;0;0;0;0;320165,991544581950000;5675330,744391720700000;6,425827451000032;51,201037473000042;0
101321;5;1;14;0;2019;2;15;4;3;4;6;0;1;0;0;0;0;0;328672,071749945170000;5689360,017322443400000;6,540740642000060;51,329688071000078;0
101324;5;1;22;0;2019;2;8;4;3;0;2;0;1;1;0;0;0;0;367065,328723412010000;5669574,450966164500000;7,098815296000055;51,162144677000072;0
101330;5;1;13;0;2019;2;15;4;3;0;7;0;1;0;0;0;0;0;361781,149000000210000;5706187,953000003500000;7,009088791000067;51,489923394000073;0
101347;5;3;15;0;2019;3;20;6;3;5;3;2;1;1;0;0;0;0;355053,890911629420000;5641403,170485427600000;6,938415171000031;50,906063851000056;0
101358;5;9;15;0;2019;3;16;5;3;4;6;0;1;0;0;0;0;0;418104,015757661310000;5726483,406564865300000;7,815380684000047;51,683337934000065;0
101363;5;1;58;20;2019;3;17;6;3;7;7;0;1;0;0;0;0;0;358559,969140397380000;5667339,317077539900000;6,978131693000023;51,140018736000059;0
101364;5;9;14;0;2019;3;13;5;3;1;7;0;1;1;0;0;0;0;391649,360000001270000;5690154,967000000200000;7,444019582000067;51,352323705000060;0
101393;5;5;15;0;2019;3;17;4;2;5;2;0;1;1;0;0;0;0;407061,588000000450000;5757345,232999999100000;7,647414494000032;51,959027910000032;1
101394;5;5;15;0;2019;3;12;4;3;5;2;0;1;0;0;0;0;1;406008,587041108870000;5757791,834510883300000;7,631972055000063;51,962865164000050;0
101399;5;5;62;12;2019;3;10;4;2;5;3;0;1;1;0;0;0;0;358706,114398309960000;5727610,406003542200000;6,956203553000023;51,681663296000067;0
101409;5;3;34;36;2019;3;13;4;3;2;3;0;1;1;0;0;0;0;299053,929613299670000;5632676,704374603900000;6,147620361000065;50,810916829000064;0
101413;5;1;11;0;2019;3;19;6;3;5;2;2;1;1;0;0;0;0;344455,301000000910000;5678497,732000002600000;6,771830852000051;51,236623909000059;0
101414;5;3;34;2;2019;3;10;4;3;5;3;0;1;1;0;0;0;0;297465,045815515330000;5627696,402560506000000;6,127841118000049;50,765632931000027;0
101416;5;7;74;36;2019;3;15;6;2;5;2;0;1;1;0;0;0;0;472887,440960572100000;5724759,613759089300000;8,607912512000041;51,673157166000067;1
101420;5;7;70;4;2019;3;17;6;3;5;7;0;1;1;0;0;0;0;487892,984899737870000;5786199,565757807300000;8,822748432000026;52,226087231000065;0
101424;5;3;82;28;2019;3;16;4;3;5;2;0;1;1;0;0;0;0;373605,135200745430000;5636797,967022290500000;7,203715775000035;50,869031217000042;1
101427;5;3;78;4;2019;3;18;4;2;4;2;1;1;1;0;0;0;0;365408,833884470160000;5653434,480547430000000;7,081152807000024;51,016702622000082;0
101428;5;3;62;28;2019;3;7;4;3;0;1;0;1;0;0;0;0;0;349869,904842371120000;5638528,804738031700000;6,865917757000034;50,878908804000048;0
101429;5;3;16;0;2019;3;7;4;3;5;3;0;1;1;0;0;0;0;359714,064108872790000;5659730,647124914500000;6,997576283000058;51,071924852000052;0
101432;5;3;15;0;2019;3;15;4;3;1;6;0;1;1;0;0;0;0;360164,642700057480000;5647170,642420269500000;7,008845408000070;50,959157705000052;0
101437;5;7;54;8;2019;3;6;6;3;5;2;2;1;1;0;0;0;0;459000,333999999800000;5750689,144000001300000;8,404029572000070;51,905442373000028;1
101442;5;1;54;56;2019;3;5;4;3;5;3;2;1;1;0;0;0;0;311286,955770182420000;5728180,303730685300000;6,270717286000036;51,672854072000064;1
101449;5;1;66;32;2019;3;18;4;3;4;6;1;1;0;0;0;0;0;316924,063101958480000;5683788,635807119300000;6,375150658000052;51,275982631000034;1
101452;5;1;14;0;2019;3;18;4;3;3;2;0;1;1;0;0;0;0;328016,543772254140000;5689176,924347534800000;6,531428854000069;51,327845379000053;1
101465;5;1;11;0;2019;3;8;4;3;5;2;0;1;0;0;0;0;1;345119,560271841470000;5675385,002811774600000;6,782683512000062;51,208835447000070;0
101475;5;7;11;0;2019;3;13;4;3;5;3;0;1;1;0;0;0;0;470663,403993788180000;5765652,988876363300000;8,572278580000045;52,040714873000070;0
101487;5;9;15;0;2019;3;18;4;3;4;2;2;1;1;0;0;0;0;415538,084242142740000;5727439,288250790900000;7,778042276000065;51,691550635000056;0
101490;5;9;13;0;2019;3;10;4;3;0;3;0;1;1;0;0;0;0;386775,670708513820000;5709861,061545541500000;7,367757222000023;51,528495419000080;0
101521;5;5;58;16;2019;3;16;3;3;4;2;0;1;1;0;0;0;0;380352,210293716750000;5742450,679168921000000;7,264036041000054;51,820065381000063;0
101525;5;5;54;32;2019;3;14;3;3;5;3;0;1;1;0;0;0;0;322132,776628089140000;5747691,869138537000000;6,417413263000071;51,851649574000078;0
101526;5;5;15;0;2019;3;19;3;3;5;2;1;1;1;0;0;0;0;407296,247854567130000;5757988,437185637700000;7,650654997000061;51,964848538000069;0
101528;5;5;15;0;2019;3;16;3;3;5;3;0;1;1;0;0;0;0;406510,019101615060000;5757238,452881664000000;7,639418697000053;51,957975652000073;0
101534;5;3;34;24;2019;3;16;3;3;5;3;0;1;1;0;0;0;0;301791,773118735290000;5614494,996730048200000;6,196205916000054;50,648550011000054;0
101536;5;5;70;52;2019;3;16;5;3;5;2;0;1;1;0;0;0;0;430422,619118634610000;5755876,868028223500000;7,987631189000069;51,949242119000075;1
101551;5;3;15;0;2019;3;20;3;3;0;5;2;1;1;0;0;0;0;356522,856698991730000;5646653,836902931300000;6,957227527000043;50,953617981000036;0
101554;5;3;15;0;2019;3;18;3;3;5;3;0;1;0;0;0;0;0;354445,405449913810000;5644829,934400271600000;6,928399017000061;50,936706202000039;0
101555;5;5;15;0;2019;3;13;5;3;5;3;0;1;1;0;0;0;0;407058,082880979400000;5757259,554980456800000;7,647386678000032;51,958257206000042;1
101561;5;3;14;0;2019;3;20;3;3;1;5;2;1;1;0;0;0;0;365943,555573814550000;5622558,841385984800000;7,100093279000021;50,739326213000027;0
101567;5;5;62;20;2019;3;10;5;3;0;7;0;1;0;0;0;0;1;371463,565386602660000;5717825,169836482000000;7,144222684000056;51,596790447000046;1
101578;5;1;19;0;2019;3;16;3;3;5;2;0;1;1;0;0;0;0;353202,830065100450000;5704262,584004964700000;6,886414258000059;51,470460896000077;0
101579;5;1;16;0;2019;3;13;3;3;5;2;0;1;1;0;0;0;0;321542,647397775200000;5672199,217570971700000;6,447067711000045;51,173337769000057;0
101586;5;3;34;12;2019;3;17;5;3;0;1;0;1;0;0;0;0;0;307914,548650810500000;5632463,600923853000000;6,273350601000061;50,812008335000030;1
101594;5;7;58;12;2019;3;15;3;3;5;3;0;1;1;0;0;0;0;476328,649999999440000;5774429,635999998100000;8,654265739000039;52,119893677000050;0
101601;5;3;66;24;2019;3;10;6;3;5;3;0;1;1;0;0;0;0;328842,720940849740000;5601050,299821907700000;6,584661261000065;50,536323487000061;1
101615;5;9;58;8;2019;3;15;3;2;0;7;0;1;0;0;0;0;0;460103,061834469440000;5691030,788595056200000;8,426859559000036;51,369130546000065;1
101630;5;9;11;0;2019;3;15;3;3;5;3;0;1;1;0;0;0;0;375843,254603508860000;5700405,012518744900000;7,213559287000066;51,441212508000035;0
101642;5;3;15;0;2019;3;14;5;3;5;2;0;1;1;0;0;0;0;354517,345659150740000;5643547,724875856200000;6,929933948000041;50,925201484000070;1
101649;5;1;58;8;2019;3;6;5;2;5;3;2;1;1;0;0;0;0;359655,075335723350000;5672359,567628957300000;6,991817025000046;51,185403839000060;1
101660;5;3;78;4;2019;3;13;2;2;5;3;0;1;1;0;0;0;0;370059,787000001410000;5648207,586000001100000;7,149293145000058;50,970794098000056;1
101668;5;3;15;0;2019;3;5;2;3;5;3;2;1;1;0;0;0;0;356015,054000000470000;5646879,393000001100000;6,949913350000031;50,955518371000039;0
101689;5;7;58;4;2019;3;16;2;3;5;2;0;1;1;0;0;0;0;471587,578000000680000;5783752,393000001100000;8,584241041000041;52,203486336000026;1
101716;5;3;15;0;2019;3;7;2;3;5;2;0;1;1;0;0;0;0;354191,852000000890000;5644842,441999999800000;6,924787849000040;50,936754552000082;0
101719;5;9;13;0;2019;3;7;4;3;7;1;0;1;0;0;0;0;0;392441,337832759130000;5706487,708682198100000;7,450429863000068;51,499282024000081;0
101724;5;5;70;44;2019;3;14;3;3;5;3;0;1;1;0;0;0;0;415868,344000001440000;5759615,186000002500000;7,774994601000060;51,980834728000048;0
101730;5;1;58;16;2019;3;19;2;3;5;3;2;1;1;0;0;0;0;355328,453999998980000;5670469,622999999700000;6,930711148000057;51,167341482000040;1
101732;5;5;66;4;2019;3;9;3;3;5;3;0;1;1;0;0;0;0;394743,856999999840000;5767236,150000002200000;7,465174665000063;52,045729633000064;1
101733;5;1;66;36;2019;3;10;2;3;5;3;0;1;1;0;0;0;0;323989,163833692670000;5681660,031315684300000;6,477386741000032;51,259086775000071;0
101742;5;5;54;20;2019;3;7;3;3;5;7;0;1;1;0;0;0;0;366374,611114509400000;5787623,474183743800000;7,043720916000041;52,222808619000034;1
101744;5;1;62;22;2019;3;13;2;3;5;3;0;1;1;0;0;0;0;334746,745449051260000;5683437,249834146400000;6,630598570000075;51,278273598000055;1
101745;5;5;54;20;2019;3;20;3;3;0;7;2;1;1;0;0;0;0;365691,416177339850000;5786960,164917262300000;7,033988586000021;52,216682416000026;1
101754;5;5;15;0;2019;3;15;3;2;5;3;0;1;1;0;0;0;0;399146,390443028880000;5760141,203066567000000;7,531437970000070;51,982778927000027;0
101760;5;1;12;0;2019;3;13;2;3;5;3;0;1;1;0;0;0;0;340348,313060226850000;5698491,834648653900000;6,704091062000032;51,415132598000071;0
101767;5;1;11;0;2019;3;8;2;3;5;3;0;1;1;0;0;0;0;346033,406243583190000;5680275,476351715600000;6,793654548000063;51,253025759000082;1
101785;5;3;34;2;2019;3;9;3;3;5;2;0;1;1;0;0;0;0;295240,251000001100000;5627879,642000002800000;6,096232236000049;50,766497893000064;0
101788;5;7;54;8;2019;3;15;2;3;0;7;0;1;0;0;0;0;0;456625,997235810380000;5751612,948798218700000;8,369402134000040;51,913568078000026;1
101790;5;7;54;8;2019;3;11;2;3;5;3;0;1;1;0;0;0;0;458508,938000000080000;5751272,718000002200000;8,396816791000049;51,910652671000037;1
101796;5;9;78;36;2019;3;16;2;3;0;7;0;1;0;0;0;0;0;409340,007000002080000;5711084,974000001300000;7,692627229000038;51,543571717000077;1
101799;5;9;74;40;2019;3;11;2;3;5;2;0;1;1;0;0;0;0;439590,041592406110000;5713289,894795820100000;8,128404593000028;51,567444609000063;1
101802;5;3;62;32;2019;3;7;3;3;5;3;0;1;0;0;0;0;1;337062,095347241500000;5642491,214729720700000;6,682241532000035;50,911043166000070;0
101806;5;3;15;0;2019;3;15;3;3;5;3;0;1;1;0;0;0;0;360434,441844950430000;5645005,707374073600000;7,013514499000053;50,939766485000064;0
101818;5;9;15;0;2019;3;7;2;3;0;2;0;1;1;0;0;0;0;418519,067337010060000;5726419,176912168000000;7,821397996000030;51,682820921000030;1
101874;5;7;74;32;2019;3;12;3;3;5;3;0;1;1;0;0;0;0;479192,371000001210000;5727378,456000000200000;8,698933373000045;51,696972961000029;0
101879;5;1;70;32;2019;3;11;1;3;5;3;0;1;1;0;0;0;0;338574,694541732780000;5710067,816525444400000;6,673321260000023;51,518633391000037;1
101892;5;7;54;8;2019;3;13;3;3;5;3;0;1;1;0;0;0;0;459308,529898741280000;5747994,918046264000000;8,408827194000025;51,881242147000080;0
101897;5;7;70;24;2019;3;14;1;3;0;1;0;1;0;0;0;0;0;495042,987037618640000;5794387,011500798200000;8,927306912000063;52,299807631000078;1
101936;5;5;66;48;2019;3;8;7;3;5;3;0;1;1;0;0;0;0;425930,761257277800000;5791974,549737293300000;7,914432640000030;52,273150820000069;0
101938;5;5;66;16;2019;3;0;7;2;0;1;2;1;0;0;0;0;0;405859,004147740080000;5790891,196937572200000;7,620643502000064;52,260343441000032;1
101945;5;5;54;8;2019;3;20;7;3;5;3;2;1;1;0;0;0;0;333843,667967497370000;5745558,402206251400000;6,588308962000042;51,836092790000066;1
101946;5;5;15;0;2019;3;2;7;3;5;2;2;1;1;0;0;0;0;406533,325782502070000;5756210,836961815100000;7,640037293000034;51,948742850000031;1
101949;5;5;15;0;2019;3;15;7;2;1;5;0;1;1;0;0;0;0;406842,107151579110000;5757007,066354677100000;7,644312929000023;51,955951569000035;1
101963;5;9;11;0;2019;3;8;3;3;5;3;0;1;1;0;0;0;0;376809,307000000030000;5703809,322000004400000;7,226266436000060;51,472019620000026;0
101975;5;3;15;0;2019;3;15;7;3;5;2;0;1;1;0;0;0;0;352389,247747238730000;5647327,233328307000000;6,898143453000046;50,958625617000052;1
101976;5;3;15;0;2019;3;13;7;2;5;4;0;1;1;1;0;0;0;352474,960214922200000;5644928,918777372700000;6,900334644000054;50,937095031000069;0
101978;5;3;15;0;2019;3;13;7;3;5;3;0;1;0;0;0;0;1;353001,134255531240000;5644506,142739964600000;6,907988663000026;50,933430077000025;0
101982;5;1;58;32;2019;3;16;7;3;4;2;0;1;1;0;0;0;0;364411,644154569130000;5688843,952262640000000;7,053587001000039;51,334695787000044;0
102007;5;7;70;8;2019;3;11;7;2;0;1;0;1;0;0;0;0;0;475634,062187605540000;5801876,532219426700000;8,642141540000068;52,366622374000031;0