OBJECTID;ULAND;UREGBEZ;UKREIS;UGEMEINDE;UJAHR;UMONAT;USTUNDE;UWOCHENTAG;UKATEGORIE;UART;UTYP1;ULICHTVERH;IstRad;IstPKW;IstFuss;IstKrad;IstGkfz;IstSonstige;LINREFX;LINREFY;XGCSWGS84;YGCSWGS84;STRZUSTAND
102020;5;5;54;24;2019;3;16;2;3;5;3;0;1;1;0;0;0;0;369196,680950937790000;5776090,696411384300000;7,089456726000037;52,119856125000069;1
102023;5;7;66;44;2019;3;18;7;3;6;6;2;1;0;1;0;0;0;493894,035352520640000;5764034,946336502200000;8,911003921000031;52,026909837000062;1
102032;5;5;62;36;2019;3;16;2;3;5;2;0;1;0;0;0;0;1;388792,034536181020000;5719558,484219346200000;7,393742997000061;51,616057417000036;1
102036;5;5;62;8;2019;3;12;2;2;5;2;0;1;1;0;0;0;0;385410,769758199340000;5723431,337233344100000;7,343658912000024;51,650187542000026;1
102079;5;5;54;56;2019;3;20;6;3;0;1;2;1;0;0;0;0;0;357663,153971290220000;5762494,507094115000000;6,926775567000050;51,994846027000051;1
102088;5;5;62;24;2019;3;9;6;3;5;2;0;1;1;0;0;0;0;367710,078405879440000;5724394,214400146200000;7,087581561000036;51,654954364000048;1
102089;5;3;34;12;2019;3;21;2;3;0;3;2;1;1;0;0;0;0;307152,332376043310000;5632779,006911961400000;6,262378382000065;50,814588242000070;1
102104;5;3;34;2;2019;3;10;6;3;0;6;0;1;1;0;0;0;0;293494,811552459370000;5630213,198994401800000;6,070203706000029;50,786837236000054;0
102115;5;9;13;0;2019;3;20;7;3;2;6;2;1;0;0;0;0;0;390760,647729971450000;5706510,494163269200000;7,426219284000069;51,499164511000060;0
102122;5;5;12;0;2019;3;17;5;3;5;2;0;1;1;0;0;0;0;355798,519000001250000;5709712,025000000400000;6,921533565000061;51,520096029000058;1
102131;5;3;78;28;2019;3;16;5;3;2;6;2;1;1;0;0;0;0;372230,204721006560000;5640002,192593669500000;7,183065964000036;50,897529028000065;1
102134;5;3;62;24;2019;3;7;5;3;0;7;0;1;0;0;0;0;0;345464,468000001270000;5642326,592000000200000;6,801736696000035;50,911874598000054;1
102136;5;3;62;8;2019;3;12;5;3;5;2;0;1;1;0;0;0;0;335332,950000002050000;5644387,787000002300000;6,656810485000051;50,927593383000044;1
102141;5;3;15;0;2019;3;12;5;3;0;7;0;1;1;0;0;0;0;356336,506239099430000;5647633,309484705300000;6,954189509000059;50,962373911000043;1
102146;5;3;15;0;2019;3;11;5;3;5;2;0;1;1;0;0;0;0;352070,785252994860000;5644954,639226526000000;6,894575887000030;50,937222632000044;1
102154;5;5;62;32;2019;3;7;6;3;5;2;0;1;1;0;0;0;0;375353,506069996390000;5714906,151903934800000;7,201390785000058;51,571430982000038;1
102158;5;3;14;0;2019;3;18;5;3;1;5;2;1;1;0;0;0;0;365986,192999999040000;5622942,708000002400000;7,100557584000057;50,742786230000036;1
102169;5;1;54;36;2019;3;10;5;3;5;3;0;1;1;0;0;0;0;301678,008732685820000;5740332,033546479400000;6,125011006000023;51,778668285000037;1
102180;5;9;78;32;2019;3;9;6;3;5;3;0;1;1;0;0;0;0;394323,157077901070000;5728226,785034526100000;7,470981483000060;51,695036216000062;1
102188;5;1;11;0;2019;3;17;5;3;5;3;1;1;1;0;0;0;0;345535,548689193090000;5675933,981530100100000;6,788397775000021;51,213880931000062;1
102197;5;7;54;28;2019;3;7;5;3;5;2;0;1;1;0;0;0;0;452333,890887641350000;5744819,261572919800000;8,307944138000039;51,852138732000071;1
102209;5;7;66;44;2019;3;21;5;3;2;6;2;1;1;0;0;0;0;494201,988000001760000;5763013,927000002900000;8,915509706000023;52,017733244000055;1
102210;5;7;66;40;2019;3;13;5;2;5;2;0;1;0;0;0;0;1;486918,240000000220000;5760671,767000002800000;8,809458750000033;51,996551196000041;1
102220;5;9;74;28;2019;3;15;5;3;5;3;0;1;1;0;0;0;0;455274,556431796400000;5725791,725022191200000;8,353086131000055;51,681310478000057;1
102225;5;3;14;0;2019;3;19;2;3;2;5;2;1;1;0;0;0;1;366261,511820339600000;5622206,995309144300000;7,104724545000067;50,736237140000071;1
102232;5;1;70;28;2019;3;7;2;3;5;2;0;1;0;0;0;1;0;329202,472000001000000;5702249,109999999400000;6,542147344000057;51,445638589000055;1
102234;5;1;58;28;2019;3;14;2;3;5;3;0;1;1;0;0;0;0;349919,567000273620000;5685603,497613668400000;6,847062978000054;51,301937905000045;0
102236;5;1;54;4;2019;3;10;2;3;0;1;0;1;0;0;0;0;0;305829,996000002140000;5738271,428999999500000;6,186273226000026;51,761618813000041;0
102248;5;9;15;0;2019;3;16;5;3;1;3;0;1;1;0;0;0;0;415674,092175213620000;5725623,440075596800000;7,780448189000026;51,675247686000034;1
102249;5;1;62;22;2019;3;12;2;3;5;2;0;1;1;0;0;0;0;338685,593105297540000;5680408,047675911300000;6,688390267000045;51,252185772000075;0
102251;5;1;62;20;2019;3;10;2;2;0;1;0;1;0;0;0;0;0;326247,474456778730000;5674202,122053990100000;6,513335511000037;51,192780117000041;0
102278;5;1;11;0;2019;3;19;2;3;5;3;0;1;1;0;0;0;0;348215,975897538480000;5681522,411013184100000;6,824377406000053;51,264815342000077;0
102289;5;1;54;36;2019;3;7;6;2;5;2;0;1;1;0;0;0;0;302176,998183924700000;5741732,224644651600000;6,131436812000061;51,791418592000070;1
102290;5;7;70;24;2019;3;6;2;3;0;3;1;1;1;0;0;0;0;497482,908894857390000;5791862,696972677500000;8,963106469000024;52,277129346000038;0
102297;5;7;54;44;2019;3;15;2;3;5;2;0;1;1;0;0;0;0;463606,059201219120000;5747511,076719630500000;8,471310440000025;51,877189135000037;0
102298;5;7;54;32;2019;3;20;2;3;0;2;2;1;0;0;0;0;1;461764,621233171780000;5742389,635538538900000;8,445128077000049;51,831020260000059;0
102303;5;7;54;32;2019;3;8;2;3;0;1;0;1;0;0;0;0;0;461577,786756373010000;5742445,456754695600000;8,442410675000076;51,831509316000052;1
102317;5;7;11;0;2019;3;15;2;3;3;6;0;1;1;0;0;0;0;467582,601914381610000;5764624,688704907900000;8,527460189000067;52,031298247000052;0
102318;5;5;58;12;2019;3;13;4;3;5;2;0;1;1;0;0;0;0;374387,039176397960000;5753811,169266009700000;7,173401307000063;51,920848518000071;1
102327;5;5;15;0;2019;3;18;4;3;5;2;1;1;1;0;0;0;0;405930,555931756270000;5756158,803321506800000;7,631283782000025;51,948173534000034;1
102354;5;7;11;0;2019;3;5;6;3;5;3;2;1;1;0;0;0;0;468741,224000000390000;5765935,278000002700000;8,544228715000031;52,043147772000054;1
102368;5;3;74;40;2019;3;13;4;3;5;3;0;1;1;0;0;0;0;405174,819273901170000;5641709,291277943200000;7,650944199000037;50,919226590000051;1
102375;5;3;15;0;2019;3;6;6;3;0;1;0;1;0;0;0;0;0;350714,505734963340000;5645053,580049309900000;6,875246032000064;50,937762249000059;1
102390;5;3;15;0;2019;3;8;4;3;5;3;0;1;1;0;0;0;0;354542,684881292280000;5647449,780105851600000;6,928736071000060;50,960274518000062;0
102391;5;3;15;0;2019;3;20;4;2;4;2;2;1;1;0;0;0;0;353008,466097426600000;5644612,082598285700000;6,908050203000073;50,934383986000057;1
102392;5;5;54;16;2019;3;5;1;3;6;7;2;1;0;1;0;0;0;361581,034632818770000;5758958,883507734200000;6,985229482000023;51,964067287000034;1
102426;5;3;14;0;2019;3;19;1;3;2;6;0;1;1;0;0;0;0;365551,152999999930000;5622256,606000002500000;7,094645518000050;50,736519026000053;1
102458;5;9;11;0;2019;3;16;1;3;5;3;0;1;1;0;0;0;0;374437,942098131400000;5701539,918464506000000;7,192946889000041;51,451102509000066;1
102473;5;5;66;84;2019;3;10;6;3;5;7;0;1;1;0;0;0;0;385929,457000001330000;5778392,686999999000000;7,332967181000072;52,144249852000030;1
102484;5;5;54;12;2019;3;12;7;3;5;3;0;1;1;0;0;0;0;352888,277163024990000;5746677,780258901400000;6,864036814000031;51,851491566000050;1
102488;5;5;70;52;2019;3;7;5;3;5;3;1;1;1;0;0;0;0;430879,921683154070000;5757275,368324665400000;7,994002596000030;51,961871151000082;1
102492;5;7;70;4;2019;3;18;4;2;5;3;2;1;1;0;0;0;0;486456,532803992740000;5783033,540503894900000;8,801845012000058;52,197589375000064;1
102497;5;7;70;24;2019;3;18;4;3;5;3;2;1;1;0;0;0;0;493283,380032128650000;5791858,767022488600000;8,901553242000034;52,277058742000065;1
102498;5;5;54;4;2019;3;12;6;3;5;3;0;1;1;0;0;0;0;356650,692245549520000;5777188,160235695500000;6,905871497000021;52,126606224000056;1
102504;5;3;62;20;2019;3;10;7;3;5;3;0;1;1;0;0;0;0;346175,415516642850000;5630121,592876868300000;6,816970914000024;50,802388276000045;1
102506;5;3;15;0;2019;3;12;7;3;5;3;0;1;1;0;0;0;0;359178,820187145840000;5644763,805943822500000;6,995747932000029;50,937287215000026;1
102519;5;9;78;32;2019;3;13;4;3;5;2;0;1;1;0;0;0;0;393482,363864775750000;5729392,977927586100000;7,458464710000044;51,705359221000037;1
102522;5;9;78;36;2019;3;15;4;3;5;3;0;1;1;0;0;0;0;408931,530647624280000;5709842,849540771900000;7,687059774000034;51,532340110000064;1
102532;5;9;74;28;2019;3;14;4;3;5;2;0;1;1;0;0;0;0;454222,554537885820000;5723414,961455253900000;8,338182434000032;51,659856544000036;1
102545;5;7;70;8;2019;3;13;5;2;6;7;0;1;0;1;0;0;0;478238,930242738690000;5800816,002276834100000;8,680466904000070;52,357197574000054;0
102547;5;7;70;24;2019;3;15;5;3;5;2;0;1;1;0;0;0;0;495306,852837264540000;5793195,872078117000000;8,931193017000055;52,289101009000035;0
102551;5;7;58;20;2019;3;12;5;3;5;3;0;1;1;0;0;0;0;476321,662352417600000;5784232,556237265500000;8,653479806000064;52,208026951000079;0
102557;5;7;11;0;2019;3;17;5;3;1;3;0;1;0;0;0;0;0;472932,184555505400000;5765650,784782568000000;8,605356216000075;52,040810475000058;0
102568;5;9;13;0;2019;3;16;5;3;3;2;0;1;1;0;0;0;0;383824,796134802510000;5708980,135753711700000;7,325527198000032;51,519978377000029;0
102574;5;9;16;0;2019;3;9;5;3;3;6;0;1;1;0;0;0;0;373500,820116083140000;5711100,985364949300000;7,176040284000067;51,536821005000036;0
102577;5;9;11;0;2019;3;14;5;2;5;3;0;1;1;0;0;0;0;375901,417403348720000;5706639,058727696500000;7,212206679000076;51,497253117000071;0
102594;5;5;70;4;2019;3;6;4;3;5;2;0;1;0;0;0;1;0;422759,130319005810000;5735236,122531062000000;7,880760950000024;51,762681613000041;0
102597;5;5;66;48;2019;3;8;4;2;5;2;0;1;1;0;0;0;0;424737,865000000220000;5792361,230999998700000;7,896866602000046;52,276464646000079;0
102604;5;5;54;8;2019;3;10;4;3;5;3;0;1;1;0;0;0;0;333494,775987507780000;5745507,295659927700000;6,583274387000074;51,835529795000070;0
102607;5;5;62;12;2019;3;12;4;3;4;6;0;1;0;0;0;0;0;359099,519933221860000;5726790,753611268500000;6,962220960000025;51,674396934000072;0
102608;5;5;13;0;2019;3;16;4;3;5;2;0;1;1;0;0;0;0;368145,227817914450000;5713248,138016521900000;7,098059574000047;51,554891309000027;0
102612;5;3;34;16;2019;3;21;4;3;3;6;2;1;0;0;1;0;0;294543,375815792940000;5638177,289754435400000;6,080598912000028;50,858736083000053;0
102614;5;3;34;2;2019;3;9;4;3;1;5;0;1;1;0;0;0;0;295252,828234605490000;5628893,850527795000000;6,095845923000070;50,775611237000078;0
102618;5;3;78;4;2019;3;8;4;3;5;3;0;1;1;0;0;0;0;367455,558983054010000;5651067,594324624200000;7,111179975000027;50,995905415000038;0
102634;5;1;16;0;2019;3;11;6;3;3;2;0;1;1;0;0;0;0;321436,916981378570000;5670770,431551720900000;6,446266162000029;51,160469554000031;0
102637;5;1;70;24;2019;3;7;4;3;5;2;0;1;1;0;0;0;0;336065,526000000540000;5702511,612000001600000;6,640696266000020;51,450025041000060;0
102645;5;1;54;36;2019;3;13;4;3;8;1;0;1;0;0;0;0;0;299742,208999999800000;5742938,316000001500000;6,095483081000054;51,801382798000077;0
102646;5;1;13;0;2019;3;10;6;3;5;2;0;1;1;0;0;0;0;361796,919681555590000;5705800,353672139300000;7,009467539000070;51,486444160000076;0
102664;5;1;11;0;2019;3;14;4;3;6;4;0;1;0;1;0;0;0;345629,652345922780000;5674353,080524612200000;6,790424216000076;51,199701214000072;0
102665;5;1;12;0;2019;3;8;6;3;5;3;0;1;1;0;0;0;0;346298,218999998640000;5708346,770000003300000;6,785301655000069;51,505324157000075;0
102666;5;7;70;4;2019;3;7;4;3;5;3;0;1;1;0;0;0;0;486075,131000000980000;5786689,068000000000000;8,796114333000048;52,230445161000034;0
102669;5;1;11;0;2019;3;9;6;3;5;2;0;1;1;0;0;0;0;345045,884318623690000;5680839,092124573900000;6,779270617000066;51,257822563000047;0
102671;5;1;11;0;2019;3;15;6;3;5;2;0;1;1;0;0;0;0;339304,357213660140000;5677425,364925861400000;6,698587629000031;51,225561459000062;0
102673;5;7;54;32;2019;3;22;4;1;5;3;2;1;1;0;0;0;0;464000,653000000860000;5744404,458999998900000;8,477366166000024;51,849283789000026;0
102674;5;7;54;8;2019;3;5;4;3;5;2;2;1;1;0;0;0;0;458985,721716113390000;5751325,826904026800000;8,403741382000021;51,911165466000057;0
102675;5;7;54;8;2019;3;17;4;3;5;2;0;1;1;0;0;0;0;456794,926000001840000;5751660,462000003100000;8,371852004000061;51,914008379000052;0
102680;5;9;78;16;2019;3;15;4;2;3;3;0;1;1;0;0;0;0;405785,468980119560000;5706755,369109226400000;7,642541713000071;51,504069961000027;0
102686;5;7;70;16;2019;3;15;6;3;0;1;0;1;0;0;0;0;0;475015,891939574850000;5792687,821097323700000;8,633745565000027;52,283985490000077;0
102692;5;9;62;40;2019;3;18;4;3;5;3;0;1;1;0;0;0;0;415703,732818453570000;5699602,924228813500000;7,787115646000075;51,441337819000069;0
102694;5;7;70;28;2019;3;16;6;3;5;3;0;1;1;0;0;0;0;489553,314595692790000;5802786,557320188700000;8,846541599000034;52,375246003000029;0
102695;5;9;15;0;2019;3;4;4;3;5;2;2;1;1;0;0;0;0;415522,443000001830000;5727177,289000000800000;7,777879477000056;51,689193068000066;0
102697;5;9;13;0;2019;3;11;4;3;5;3;0;1;1;0;0;0;0;397953,201496758500000;5713900,045748554200000;7,527660654000044;51,566931372000056;0
102698;5;7;58;4;2019;3;10;6;3;5;2;0;1;1;0;0;0;0;472142,573381029070000;5784132,971996426600000;8,592330752000066;52,206936231000043;0
102703;5;7;58;36;2019;3;15;6;2;4;3;0;1;0;0;1;0;0;493437,213235417380000;5779417,681955115900000;8,904049364000059;52,165207697000028;0
102705;5;7;54;36;2019;3;14;6;3;5;3;0;1;1;0;0;0;0;477056,278247357350000;5750395,658004848300000;8,666503311000042;51,903839975000039;0
102708;5;7;54;8;2019;3;18;6;3;4;2;1;1;1;0;0;0;0;456388,485000002200000;5751526,242000000600000;8,365960243000075;51,912769988000036;0
102710;5;7;54;8;2019;3;11;6;3;3;2;0;1;1;0;0;0;0;458493,024723017590000;5750626,775751726700000;8,396663285000045;51,904844076000074;0
102713;5;7;66;32;2019;3;16;6;3;5;3;0;1;1;0;0;0;0;502755,018124209720000;5747620,691365219700000;9,040023543000075;51,879355574000044;0
102721;5;7;11;0;2019;3;8;6;3;5;3;0;1;1;0;0;0;0;464188,762000000100000;5767438,059000002200000;8,477696440000045;52,056383127000061;0
102723;5;9;78;36;2019;3;19;6;3;5;2;0;1;1;0;0;0;0;408674,211284908470000;5712684,912714175900000;7,682613353000022;51,557846647000076;0
102729;5;5;66;24;2019;3;14;3;2;2;6;0;1;0;0;0;0;1;386278,122710386290000;5774427,835107548200000;7,339385679000031;52,108689693000031;0
102735;5;5;58;16;2019;3;11;3;2;5;3;0;1;1;0;0;0;0;382607,105493722480000;5743782,508486872500000;7,296284822000075;51,832513109000047;0
102737;5;5;54;56;2019;3;11;3;3;0;1;0;1;0;0;0;0;0;355657,005077431910000;5762283,270474916300000;6,897664815000042;51,992430305000028;0
102741;5;5;15;0;2019;3;5;3;3;5;3;2;1;1;0;0;0;0;407301,702077922410000;5761121,239457076400000;7,649887985000021;51,993008622000048;0
102742;5;9;78;24;2019;3;13;6;3;5;7;0;1;1;0;0;0;0;395299,375158814710000;5720893,888719392900000;7,487297695000052;51,629308621000064;0
102743;5;5;62;8;2019;3;8;3;3;5;2;0;1;1;0;0;0;0;385078,813000001010000;5723278,886000001800000;7,338912873000027;51,648749597000062;0
102746;5;9;13;0;2019;3;17;6;3;3;6;0;1;1;0;0;0;0;392484,724838325750000;5708055,642704559500000;7,450576648000038;51,513383541000053;0
102747;5;5;62;24;2019;3;6;3;3;5;3;2;1;1;0;0;0;0;370376,807722411120000;5726777,066974155600000;7,125226109000039;51,676989500000047;0
102749;5;5;12;0;2019;3;12;3;2;5;2;0;1;1;0;0;0;0;356326,686912020670000;5708760,551919005800000;6,929528852000033;51,511680847000036;0
102750;5;5;62;32;2019;3;7;3;2;1;5;0;1;1;0;0;0;0;374687,947563876400000;5719728,446157457300000;7,190070000000048;51,614621880000072;0
102784;5;3;62;36;2019;3;8;3;2;7;7;0;1;0;0;0;0;0;346425,702145314780000;5650947,122260207300000;6,811763489000043;50,989595432000044;0
102787;5;3;62;8;2019;3;19;3;3;5;3;2;1;1;0;0;0;0;335320,049980115150000;5646891,635442577300000;6,655495418000044;50,950086937000037;0
102792;5;3;15;0;2019;3;14;3;3;5;3;0;1;1;0;0;0;0;365590,353614158930000;5635783,366289792600000;7,090250508000054;50,858104279000031;0
102794;5;3;15;0;2019;3;17;3;3;5;2;0;1;1;0;0;0;0;360333,876735413450000;5648356,502449447300000;7,010798367000064;50,969856229000072;0
102806;5;3;14;0;2019;3;17;3;3;5;2;0;1;1;0;0;0;0;366196,306760367010000;5622331,991734311000000;7,103755650000039;50,737345586000060;0
102813;5;1;70;44;2019;3;17;3;3;5;3;0;1;1;0;0;0;0;339935,636813855730000;5722391,127754911800000;6,687304946000040;51,629736973000036;0
102816;5;1;54;4;2019;3;17;3;3;5;3;0;1;1;0;0;0;0;301630,100925786420000;5736599,738921064900000;6,126447695000024;51,745135307000055;0
102820;5;1;54;4;2019;3;10;3;3;5;3;0;1;1;0;0;0;0;305761,886000001800000;5738334,571000000500000;6,185252236000054;51,762162242000045;0
102826;5;5;70;8;2019;3;18;5;3;6;4;1;1;0;1;0;0;0;434104,446000001390000;5733713,495000004800000;8,045419291000030;51,750443242000074;0
102833;5;5;54;20;2019;3;15;5;3;3;2;0;1;0;0;0;0;0;365195,117130079310000;5785237,034172520000000;7,027414484000076;52,201078358000075;0
102839;5;1;12;0;2019;3;11;3;2;4;2;0;1;1;0;0;0;0;345413,825217803940000;5700318,584742937200000;6,776080030000060;51,432949819000044;0
102840;5;5;15;0;2019;3;17;5;3;4;2;0;1;1;0;0;0;0;403888,358222963290000;5753109,800149969800000;7,602430983000033;51,920418818000030;0
102842;5;1;12;0;2019;3;17;3;3;5;3;0;1;1;0;0;0;0;343067,325443081560000;5702795,554617097600000;6,741252400000064;51,454559940000081;0
102843;5;5;15;0;2019;3;12;5;3;5;2;0;1;1;0;0;0;0;406940,192162583580000;5756956,257807059200000;7,645753649000028;51,955511299000079;0
102847;5;1;11;0;2019;3;14;3;3;3;6;0;1;0;0;0;1;0;348636,295680345970000;5678883,353941120200000;6,831513749000067;51,241213441000070;1
102856;5;7;54;8;2019;3;13;3;2;5;3;0;1;1;0;0;0;0;456965,031812736760000;5748738,797969918700000;8,374689779000050;51,887754112000039;0
102857;5;3;58;8;2019;3;14;5;1;3;6;0;1;0;0;0;1;0;322203,772477035410000;5630317,877133278200000;6,477006445000029;50,797293201000059;0
102860;5;7;66;40;2019;3;9;3;3;5;3;0;1;1;0;0;0;0;486749,842181909830000;5760580,764565862700000;8,807009499000060;51,995729007000079;0
102863;5;3;34;2;2019;3;15;5;3;4;2;0;1;0;0;0;0;1;296900,531748472710000;5630678,080846760400000;6,118199737000055;50,792215464000037;0
102875;5;3;82;60;2019;3;17;5;3;5;3;0;1;1;0;0;0;0;374023,919317741880000;5628007,051788086100000;7,212685135000072;50,790106576000028;0
102901;5;9;13;0;2019;3;9;3;3;5;7;0;1;1;0;0;0;0;393918,794236656280000;5707769,011396937100000;7,471321585000055;51,511078254000040;0
102907;5;3;15;0;2019;3;21;5;2;5;3;2;1;1;0;0;0;0;354482,183514277450000;5647395,568470645700000;6,927896832000045;50,959772060000034;0
102913;5;3;82;24;2019;3;12;5;3;5;3;0;1;1;0;0;0;0;371652,889000000430000;5617501,933000002100000;7,182723173000056;50,695162630000027;0
102922;5;1;70;48;2019;3;17;5;3;5;2;0;1;1;0;0;0;0;335274,698000000790000;5724771,166000003000000;6,618902754000033;51,649773471000060;0
102923;5;1;58;8;2019;3;21;5;3;0;1;2;1;0;0;0;0;0;360578,248744732700000;5673905,657167984200000;7,004417724000064;51,199524069000063;0
102933;5;5;66;12;2019;3;7;2;3;2;7;0;1;0;0;0;0;0;404395,400693310420000;5772432,914758004200000;7,604408552000052;52,094187830000067;1
102934;5;1;66;32;2019;3;7;5;3;0;7;0;1;0;0;0;0;0;317607,266336490400000;5684938,427825249700000;6,384348175000071;51,286529943000062;0
102937;5;5;54;8;2019;3;14;2;3;5;3;0;1;1;0;0;0;0;333674,620506828650000;5745545,818476365900000;6,585863706000055;51,835929435000025;0
102938;5;1;62;24;2019;3;14;5;2;0;1;0;1;0;0;0;0;0;338672,419052178040000;5673710,459887998200000;6,691215616000022;51,192005290000054;0
102940;5;5;15;0;2019;3;7;2;2;5;3;0;1;1;0;0;0;0;404211,457999999630000;5756332,520000001400000;7,606230315000062;51,949441583000066;1
102942;5;5;15;0;2019;3;7;2;2;3;2;0;1;1;0;0;0;0;401513,002657247710000;5761614,806972492500000;7,565463923000038;51,996448492000070;1
102945;5;1;62;22;2019;3;15;5;3;6;4;0;1;0;1;0;0;0;339010,466693502850000;5679933,516847530400000;6,693255040000054;51,248014002000048;0
102946;5;5;62;20;2019;3;10;2;3;5;3;0;1;1;0;0;0;0;371781,381696088240000;5718101,662612887100000;7,148707596000065;51,599347686000044;0
102947;5;1;62;20;2019;3;13;5;2;1;5;0;1;0;0;0;1;0;327838,479617999870000;5676813,085872983600000;6,534829963000050;51,216718135000065;0
102950;5;1;19;0;2019;3;10;5;3;5;2;0;1;1;0;0;0;0;351647,907436954790000;5703955,867811430200000;6,864171860000056;51,467299374000049;0
102954;5;1;16;0;2019;3;17;5;3;5;2;0;1;1;0;0;0;0;322606,276999999770000;5676183,900000000400000;6,460299308000060;51,209464546000049;0
102961;5;3;58;4;2019;3;7;2;3;5;3;0;1;1;0;0;0;0;310728,483367959970000;5642648,997393738500000;6,307980666000049;50,904427971000075;1
102982;5;3;15;0;2019;3;11;2;3;3;6;0;1;1;0;0;0;0;365190,256000000980000;5642859,299000000600000;7,081958229000065;50,921607039000037;0
102988;5;1;12;0;2019;3;7;5;3;0;1;0;1;0;0;0;0;0;346559,707018272020000;5698268,614652611300000;6,793439467000042;51,414841956000032;0
102994;5;7;74;32;2019;3;8;5;3;5;2;0;1;1;0;0;0;0;484813,834990411070000;5729610,696151109400000;8,780172594000021;51,717224066000028;0
102995;5;3;15;0;2019;3;16;2;3;6;6;0;1;0;1;0;0;0;354253,703610588800000;5644324,122159194200000;6,925874824000061;50,932112200000063;0
103005;5;3;70;4;2019;3;7;2;3;4;2;0;1;1;0;0;0;0;305026,548537523490000;5663986,495731692800000;6,215525877000061;51,094182513000078;1
103015;5;5;15;0;2019;3;22;5;3;5;3;2;1;1;0;0;0;0;403942,414524924940000;5754808,066945239900000;7,602742735000049;51,935692837000033;0
103016;5;3;34;2;2019;3;7;2;3;5;3;0;1;1;0;0;0;0;294947,749716189690000;5627953,222173046300000;6,092048873000067;50,767055448000065;0
103017;5;5;12;0;2019;3;17;5;3;5;3;0;1;1;0;0;0;0;357514,717889397410000;5710884,132528912300000;6,945778934000032;51,531064001000061;0
103030;5;3;78;28;2019;3;16;5;3;5;3;0;1;1;0;0;0;0;371868,797506847420000;5642007,913768334300000;7,177225298000053;50,915476555000055;0
103035;5;3;62;32;2019;3;11;2;3;5;3;0;1;1;0;0;0;0;339023,677693856880000;5642825,804242745000000;6,709973068000068;50,914599978000069;1
103036;5;3;62;32;2019;3;15;5;3;5;3;0;1;1;0;0;0;0;335808,787652315570000;5637444,706032272400000;6,666696784000067;50,865344129000050;0
103038;5;3;15;0;2019;3;18;5;3;5;3;0;1;1;0;0;0;0;361584,103404709140000;5645029,597997799500000;7,029858572000023;50,940258320000055;0
103040;5;3;15;0;2019;3;16;2;3;5;2;0;1;1;0;0;0;0;360995,182621883230000;5644263,760190211200000;7,021773658000029;50,933233884000060;1
103042;5;3;15;0;2019;3;16;2;3;5;2;0;1;1;0;0;0;0;358711,639000001360000;5644700,754000002500000;6,989127547000066;50,936606290000043;1
103043;5;3;15;0;2019;3;13;5;3;5;3;0;1;1;0;0;0;0;348944,926538206640000;5643031,825990380700000;6,850916466000058;50,919133395000074;0
103047;5;3;15;0;2019;3;15;2;3;0;3;0;1;1;0;0;0;0;354575,287248501550000;5644817,280374899500000;6,930251315000021;50,936625252000056;1
103048;5;3;15;0;2019;3;15;5;3;2;5;0;1;1;0;0;0;0;354073,599996467120000;5646025,676310338100000;6,922632016000023;50,947357983000074;0
103058;5;7;66;40;2019;3;14;6;3;5;3;0;1;1;0;0;0;0;485941,086540761400000;5759238,044981014000000;8,795284988000049;51,983636839000042;0
103064;5;1;62;24;2019;3;13;5;3;5;2;0;1;0;0;0;0;0;343960,981992656370000;5669506,933310585100000;6,768663053000068;51,155703382000070;0
103084;5;1;24;0;2019;3;16;5;3;5;2;0;1;1;0;0;0;0;369577,526705915110000;5679554,210690945400000;7,131095371000072;51,252415030000066;0
103086;5;1;17;0;2019;3;14;5;3;5;3;0;1;1;0;0;0;0;351255,588028420690000;5694084,833401680000000;6,862671093000074;51,378499497000064;0
103088;5;1;17;0;2019;3;6;5;3;5;3;0;1;1;0;0;0;0;353005,163053015250000;5703343,434685660500000;6,883952553000029;51,462150437000048;0
103092;5;1;11;0;2019;3;13;2;3;5;2;0;1;1;0;0;0;0;347993,144224677230000;5679396,138635691300000;6,822089178000056;51,245650128000079;1
103093;5;1;13;0;2019;3;15;5;3;5;3;0;1;0;0;1;0;0;360936,237000000660000;5701051,001000002000000;6,998947579000060;51,443554121000034;0
103098;5;7;70;24;2019;3;18;2;3;5;3;0;1;1;0;0;0;0;490630,008741835130000;5793939,916042270100000;8,862604520000048;52,295730474000038;0
103100;5;7;70;24;2019;3;6;2;3;5;3;0;1;1;0;0;0;0;497276,525142242200000;5794387,867150450100000;8,960061050000036;52,299830940000049;1
103109;5;7;54;28;2019;3;11;2;3;5;3;0;1;1;0;0;0;0;451434,030833985660000;5744148,333099650200000;8,294974543000024;51,846029167000040;0
103111;5;7;54;8;2019;3;18;2;3;3;2;0;1;1;0;0;0;0;457276,215584495100000;5750228,074443871200000;8,379026537000073;51,901167528000030;0
103114;5;7;54;44;2019;3;16;5;3;5;2;0;1;1;0;0;0;0;466006,906979162250000;5748024,241167988600000;8,506135212000061;51,881954426000050;0
103131;5;9;74;20;2019;3;15;5;3;5;3;0;1;1;0;0;0;0;461429,905998133120000;5721372,589246746200000;8,442600629000026;51,642034332000037;0
103134;5;9;66;24;2019;3;5;2;2;0;1;2;1;0;0;0;0;0;426011,177090919580000;5658691,392971862100000;7,943856310000058;51,074960654000051;1