OBJECTID;ULAND;UREGBEZ;UKREIS;UGEMEINDE;UJAHR;UMONAT;USTUNDE;UWOCHENTAG;UKATEGORIE;UART;UTYP1;ULICHTVERH;IstRad;IstPKW;IstFuss;IstKrad;IstGkfz;IstSonstige;LINREFX;LINREFY;XGCSWGS84;YGCSWGS84;STRZUSTAND
103139;5;9;58;4;2019;3;15;2;3;5;3;0;1;0;0;0;0;1;428031,953714045700000;5698223,850938295900000;7,964744948000032;51,430640211000082;1
103154;5;9;13;0;2019;3;18;6;3;5;3;0;1;1;0;0;0;0;392343,039079305720000;5706355,961649928200000;7,449054458000035;51,498079111000038;0
103164;5;9;54;36;2019;3;16;5;3;5;2;0;1;1;0;0;0;0;383689,744699257430000;5701173,997878884900000;7,326152962000037;51,449789760000044;0
103196;5;5;62;28;2019;3;7;4;3;5;3;0;1;1;0;0;0;0;378713,843000000340000;5722807,982999999100000;7,247121126000025;51,643180468000025;0
103199;5;5;54;52;2019;3;1;1;3;5;3;2;1;1;0;0;0;0;378869,687913534230000;5772547,087546741600000;7,231927286000030;52,090215457000056;0
103207;5;5;62;14;2019;3;12;1;2;0;1;0;1;0;0;0;0;0;358938,706611932260000;5714681,334166439300000;6,964772196000070;51,565543128000058;0
103212;5;3;34;12;2019;3;15;1;3;6;6;0;1;0;1;0;0;0;307672,684119231070000;5635947,881461348400000;6,268094094000048;50,843225788000041;0
103213;5;3;70;20;2019;3;18;4;3;5;3;1;1;1;0;0;0;0;305108,405770888550000;5658032,639539828500000;6,219901279000055;51,040734055000030;0
103218;5;3;78;4;2019;3;19;4;3;0;1;2;1;0;0;0;0;0;367391,205560866740000;5650986,733112745000000;7,110292969000057;50,995163840000032;0
103219;5;3;78;16;2019;3;17;1;2;5;3;0;1;1;0;0;0;0;360169,570785600690000;5664583,523823251900000;7,002194822000035;51,115648276000059;0
103228;5;3;62;36;2019;3;11;1;3;5;2;0;1;1;0;0;0;0;344612,197704511690000;5650275,230138611000000;6,786231220000047;50,983071247000055;0
103229;5;3;15;0;2019;3;13;1;3;4;7;0;1;1;0;0;0;0;366840,338317397980000;5637971,598888846100000;7,107203867000067;50,878060850000054;0
103230;5;3;15;0;2019;3;5;4;3;1;5;2;1;1;0;0;0;0;353246,290621475320000;5645269,426455128900000;6,911167711000076;50,940351848000034;0
103231;5;3;15;0;2019;3;20;1;3;0;3;2;1;1;0;0;0;0;355236,237615928990000;5651547,211548712100000;6,936973424000030;50,997271582000053;1
103238;5;1;70;24;2019;3;17;1;2;5;2;0;1;1;0;0;0;0;335273,756557394750000;5703161,248900422800000;6,629009298000028;51,455631682000046;0
103240;5;1;58;16;2019;3;10;4;3;0;6;0;1;1;0;0;0;0;355764,571838092990000;5669918,893139665900000;6,937165617000062;51,162502538000069;0
103242;5;1;54;44;2019;3;14;4;2;0;7;0;1;0;0;0;0;0;318914,723792929200000;5737558,865646211400000;6,376033698000072;51,759602396000048;0
103244;5;1;54;36;2019;3;19;4;3;5;3;2;1;1;0;0;0;0;304718,917407180180000;5742796,343699131200000;6,167648301000043;51,801867665000032;0
103245;5;7;54;12;2019;3;12;6;3;5;2;0;1;1;0;0;0;0;456485,820221372880000;5767815,405696144300000;8,365308473000027;52,059224182000037;0
103247;5;1;66;16;2019;3;21;4;3;4;6;2;1;0;0;0;0;0;310581,387698085980000;5690134,892466539500000;6,280952021000076;51,330911192000030;0
103262;5;1;13;0;2019;3;12;4;3;0;7;0;1;0;0;0;0;0;364590,860000001270000;5707780,266000000800000;7,048923446000060;51,504912570000045;0
103267;5;7;54;20;2019;3;13;1;3;5;3;0;1;1;0;0;0;0;450619,896455330770000;5749152,580740813200000;8,282441236000068;51,890948212000069;0
103268;5;1;13;0;2019;3;23;4;3;3;6;2;1;1;0;0;0;0;366532,545709831640000;5701452,948864609000000;7,079274190000035;51,448512764000043;0
103269;5;1;11;0;2019;3;17;4;3;6;4;0;1;1;1;0;0;0;347205,529000000100000;5681217,159000001800000;6,810035715000026;51,261802539000030;0
103271;5;1;11;0;2019;3;20;4;3;5;2;2;1;1;0;0;0;0;350547,957507821730000;5676913,714846715300000;6,859701841000060;51,224018549000050;0
103280;5;7;11;0;2019;3;12;1;3;5;3;0;1;1;0;0;0;0;469383,334388166670000;5757577,132800167400000;8,554337764000024;51,968038224000054;0
103287;5;9;15;0;2019;3;11;1;3;4;2;0;1;1;0;0;0;0;422776,602701660250000;5727150,807111833200000;7,882807356000058;51,689999741000065;0
103288;5;7;54;8;2019;3;15;4;3;3;6;0;1;0;0;0;0;0;460767,658411711450000;5748136,375039402400000;8,430008431000033;51,882618528000080;0
103297;5;7;54;8;2019;3;8;4;3;3;2;0;1;0;0;0;1;0;459133,372254102490000;5750698,921512344900000;8,405962142000021;51,905540055000074;1
103299;5;7;11;0;2019;3;17;4;3;3;6;0;1;1;0;0;0;0;467481,933786655780000;5763271,618186328600000;8,526121418000059;52,019127422000054;0
103301;5;9;78;20;2019;3;9;4;3;5;3;0;1;1;0;0;0;0;408055,426016164010000;5715860,937203301100000;7,672858615000052;51,586296049000055;0
103312;5;9;70;40;2019;3;17;4;3;0;7;0;1;1;0;0;0;0;432640,688048095440000;5636587,063800731700000;8,042569406000041;50,877031135000038;0
103321;5;9;15;0;2019;3;10;4;3;5;3;0;1;1;0;0;0;0;414036,468000000340000;5722417,781000001400000;7,757558679000056;51,646182607000071;0
103328;5;5;13;0;2019;3;22;7;3;0;7;2;1;0;0;0;0;0;366156,665904520080000;5714473,395836195000000;7,068926488000045;51,565433839000036;0
103336;5;9;16;0;2019;3;7;4;3;1;3;0;1;1;0;0;0;0;371595,198684934530000;5712074,044033439800000;7,148223932000065;51,545135603000062;0
103340;5;3;16;0;2019;3;19;7;3;5;3;2;1;1;0;0;0;0;359851,416800837960000;5659579,014632925400000;6,999594329000047;51,070595703000038;0
103341;5;9;11;0;2019;3;14;4;3;5;2;0;1;1;0;0;0;0;375516,445648493250000;5705790,287715043900000;7,206962984000029;51,489540287000068;0
103343;5;9;11;0;2019;3;12;4;3;5;2;0;1;1;0;0;0;0;374538,778000000860000;5704744,730000004200000;7,193259853000029;51,479927492000058;0
103345;5;3;15;0;2019;3;23;7;2;8;7;2;1;0;0;0;0;0;351060,562000001780000;5658882,007000001100000;6,874495120000063;51,062118447000046;0
103359;5;1;19;0;2019;3;21;7;2;5;3;2;1;1;0;0;0;0;351920,265463504940000;5708612,531061861700000;6,866136899000026;51,509213199000044;0
103361;5;1;16;0;2019;3;16;7;2;3;5;0;1;1;0;0;0;0;324289,084628895860000;5669795,474705683100000;6,487490327000046;51,152593937000063;0
103370;5;5;58;8;2019;3;17;3;3;5;3;0;1;1;0;0;0;0;383172,929000617940000;5759488,226124303400000;7,299168766000037;51,973781452000026;0
103372;5;5;15;0;2019;3;9;3;3;3;2;0;1;1;0;0;0;0;407042,487162917850000;5757868,757682314100000;7,646994903000064;51,963730424000062;0
103373;5;1;11;0;2019;3;16;7;2;5;3;0;1;1;0;0;0;0;345503,908192940990000;5682804,522958399700000;6,784980338000025;51,275606970000069;0
103375;5;1;11;0;2019;3;18;7;3;5;2;0;1;1;0;0;0;0;346131,559292796070000;5677666,511188248200000;6,796180995000043;51,229609484000036;0
103376;5;5;15;0;2019;3;19;3;2;0;7;2;1;0;0;0;0;0;404834,850615478120000;5758301,575632393400000;7,614752633000023;51,967247237000038;1
103377;5;1;11;0;2019;3;9;7;3;0;2;0;1;1;0;0;0;0;346605,118988858540000;5676146,753240436300000;6,803608632000021;51,216081111000051;0
103379;5;5;15;0;2019;3;16;3;3;5;3;0;1;1;0;0;0;0;406815,368979238910000;5756752,365899626200000;7,643993013000056;51,953657712000052;0
103382;5;5;12;0;2019;3;13;3;3;3;2;0;1;1;0;0;0;0;356424,251201672480000;5709970,890826555000000;6,930440815000054;51,522581549000051;0
103383;5;7;58;24;2019;3;17;7;3;3;2;1;1;1;0;0;0;0;479963,458346515890000;5785643,281448936100000;8,706691252000042;52,220854542000041;1
103392;5;3;34;2;2019;3;17;3;3;6;4;0;1;0;1;0;0;0;294982,320918447340000;5629373,948132956400000;6,091746652000040;50,779827572000045;0
103394;5;3;34;2;2019;3;6;3;3;2;2;0;1;1;0;0;0;0;301164,959545349700000;5630066,930020090200000;6,178959691000046;50,788204482000026;1
103401;5;9;15;0;2019;3;13;7;2;4;3;0;1;1;0;0;0;0;420318,302902881990000;5726722,173165002800000;7,847348590000024;51,685802942000066;0
103402;5;3;78;4;2019;3;13;3;3;0;1;0;1;0;0;0;0;0;364794,869201406840000;5653867,149902926800000;7,072243592000064;51,020447155000056;0
103403;5;9;14;0;2019;3;16;7;2;0;7;0;1;0;0;0;0;0;397122,489000000060000;5693640,421000000100000;7,521579389000067;51,384671576000073;0
103414;5;3;15;0;2019;3;9;3;3;5;2;0;1;0;0;1;0;0;352079,775276667440000;5642446,031625051100000;6,895721469000023;50,914681232000078;0
103416;5;3;15;0;2019;3;10;3;3;0;2;0;1;1;0;0;0;0;355602,483257661570000;5644697,873531218600000;6,944908048000059;50,935810283000080;0
103419;5;5;70;24;2019;3;8;6;3;5;3;0;1;1;0;0;0;0;420858,978000000120000;5753150,311999997100000;7,849133606000066;51,923453917000074;0
103420;5;5;66;28;2019;3;17;6;3;5;3;0;1;1;0;0;0;0;409221,443000001830000;5794397,982000002600000;7,668951337000067;52,292428000000029;0
103421;5;3;14;0;2019;3;9;3;3;5;2;0;1;1;0;0;0;0;365523,349489354530000;5621575,795182503800000;7,094500098000026;50,730393505000052;0
103422;5;5;66;28;2019;3;16;6;3;5;3;0;1;1;0;0;0;0;410817,001000001100000;5788367,857000002600000;7,693933475000051;52,238489275000063;0
103424;5;9;70;24;2019;3;14;6;3;5;3;0;1;1;0;0;0;0;428158,266207537610000;5645680,363826094200000;7,977076637000039;50,958250867000061;0
103426;5;1;70;44;2019;3;17;3;3;2;3;0;1;1;0;0;0;0;337997,442735888060000;5722377,957361770800000;6,659331997000038;51,629063961000043;0
103435;5;5;66;8;2019;3;11;6;3;5;2;0;1;1;0;0;0;0;397611,668337458740000;5780755,970568927000000;7,502912405000075;52,167779281000037;0
103439;5;1;13;0;2019;3;19;3;2;5;2;2;1;1;0;0;0;0;360799,945063882510000;5706445,130801476500000;6,994863337000027;51,491993759000081;0
103443;5;5;54;48;2019;3;15;6;3;5;2;0;1;1;0;0;0;0;341104,868171775710000;5746506,895584015200000;6,693172325000035;51,846726883000031;0
103445;5;5;54;8;2019;3;11;6;3;3;6;0;1;0;0;0;0;0;335262,786000002180000;5745848,284000000000000;6,608749415000034;51,839117257000055;0
103447;5;5;54;8;2019;3;7;6;3;5;3;0;1;1;0;0;0;0;336032,022304165180000;5747534,636285761400000;6,619105281000032;51,854492849000053;0
103450;5;5;15;0;2019;3;13;6;3;0;7;0;1;0;0;0;0;0;405068,546328530650000;5757456,739458249900000;7,618386829000031;51,959693474000062;0
103452;5;7;54;52;2019;3;8;3;3;5;3;0;1;1;0;0;0;0;456889,432000000030000;5772781,572999998900000;8,370567364000067;52,103903025000079;0
103454;5;5;15;0;2019;3;12;6;3;1;5;0;1;1;0;0;0;0;409338,967175008730000;5752448,523362830300000;7,681839601000036;51,915388998000026;0
103455;5;7;54;48;2019;3;7;3;3;3;6;0;1;0;0;0;0;0;441990,224204970520000;5766177,467423092600000;8,154177724000022;52,043171134000033;0
103457;5;7;54;8;2019;3;20;3;3;5;2;2;1;1;0;0;0;0;456793,365919869390000;5751647,742475343900000;8,371830920000036;51,913893903000030;1
103487;5;9;54;20;2019;3;15;6;3;2;6;0;1;1;0;0;0;1;390841,497434558350000;5695207,074903614800000;7,430870797000068;51,397580197000082;0
103488;5;9;62;20;2019;3;17;6;3;5;3;0;1;1;0;0;0;0;412721,850000000560000;5670165,217000002000000;7,751425710000035;51,176244897000061;0
103496;5;9;11;0;2019;3;14;3;3;5;2;0;1;1;0;0;0;0;375903,956993276250000;5708589,229948008400000;7,211557015000039;51,514780518000066;0
103514;5;5;70;40;2019;3;7;2;3;5;3;0;1;1;0;0;0;0;419758,735277663920000;5744428,626143110900000;7,835165950000032;51,844894806000070;1
103515;5;5;70;4;2019;3;13;2;3;5;2;0;1;1;0;0;0;0;422756,428624239750000;5735235,620164172700000;7,880721922000021;51,762676724000073;1
103518;5;3;82;8;2019;3;12;6;2;5;3;0;1;1;0;0;0;0;374277,443000001830000;5612297,818000000000000;7,221633922000024;50,648957826000071;0
103521;5;5;66;28;2019;3;16;2;3;1;7;0;1;1;0;0;0;0;412087,862601550300000;5792905,862125299900000;7,711357970000051;52,279482591000033;1
103525;5;1;70;20;2019;3;13;6;2;5;3;0;1;1;0;0;0;0;326994,813796864820000;5707878,044158397200000;6,507654829000046;51,495534798000051;0
103526;5;5;66;16;2019;3;13;2;2;5;3;0;1;1;0;0;0;0;406521,848184463570000;5790604,855245033300000;7,630431788000067;52,257882848000065;1
103542;5;5;15;0;2019;3;13;2;3;5;2;0;1;1;0;0;0;0;408379,804999999700000;5753916,673999998700000;7,667507241000067;51,928428708000069;0
103546;5;1;66;16;2019;3;16;6;2;5;3;0;1;1;0;0;0;0;307091,553342549130000;5691433,678033661100000;6,230215348000058;51,341403229000036;0
103565;5;5;70;44;2019;3;15;7;2;2;6;0;1;0;0;0;0;0;415737,799869393930000;5764596,369130149500000;7,771869255000070;52,025590243000067;0
103566;5;5;70;36;2019;3;19;7;3;6;6;0;1;0;1;0;0;0;434875,692940739910000;5759421,917600249900000;8,051742290000050;51,981650564000063;0
103567;5;5;66;12;2019;3;21;7;2;0;1;2;1;0;0;0;0;0;404396,638000002130000;5772429,480000002300000;7,604427571000031;52,094157172000052;0
103568;5;5;66;28;2019;3;17;7;3;5;3;0;1;1;0;0;0;0;414698,728000000120000;5792115,344999998800000;7,749818742000059;52,272788479000042;0
103569;5;5;66;68;2019;3;10;7;3;0;3;0;1;1;0;0;0;0;377691,296942833810000;5785463,262602593700000;7,210086444000069;52,206025591000071;0
103572;5;5;54;56;2019;3;9;7;3;0;7;0;1;0;1;0;0;0;356850,871000000280000;5762153,688000002900000;6,915094902000021;51,991574988000082;0
103576;5;5;15;0;2019;3;11;7;2;5;2;0;1;0;0;0;1;0;404684,754999999890000;5759085,980000004200000;7,612350699000047;51,974272033000034;0
103577;5;5;62;8;2019;3;10;7;3;5;3;0;1;1;0;0;0;0;385078,813000001010000;5723278,886000001800000;7,338912873000027;51,648749597000062;0
103579;5;5;62;20;2019;3;11;7;3;0;3;0;1;1;0;0;0;0;371705,348490579990000;5718032,835441459000000;7,147635576000027;51,598711831000060;0
103584;5;3;34;2;2019;3;19;7;3;5;2;2;1;1;0;0;0;0;296836,398955504410000;5628171,188415583200000;6,118676119000043;50,769677456000068;0
103589;5;3;78;20;2019;3;12;7;2;5;3;0;1;1;0;0;0;0;372509,829822924920000;5653280,196996362900000;7,182388898000056;51,016934180000078;0
103594;5;3;66;16;2019;3;11;7;2;5;3;0;1;1;0;0;0;0;344424,942000001670000;5611646,486999999700000;6,799938912000073;50,635898537000060;0
103601;5;3;15;0;2019;3;10;7;3;5;3;0;1;1;0;0;0;0;356137,993642356250000;5648875,377157378900000;6,950873311000066;50,973486586000035;0
103603;5;3;15;0;2019;3;13;7;3;5;2;0;1;1;0;0;0;0;347563,939210473560000;5646076,793839432300000;6,830010437000055;50,946132790000036;0
103605;5;3;15;0;2019;3;2;7;3;0;7;2;1;0;0;0;0;0;354477,722471158020000;5645755,080014186000000;6,928489090000028;50,945028373000071;0
103611;5;3;15;0;2019;3;14;1;3;4;6;0;1;0;0;0;0;0;351488,776390087790000;5644583,693469185400000;6,886449549000076;50,933739547000073;0
103619;5;1;54;8;2019;3;2;7;2;3;7;2;1;0;0;0;0;0;305187,814085829070000;5749490,925798350900000;6,170672416000059;51,862150277000069;0
103621;5;1;66;12;2019;3;11;7;3;6;6;0;1;0;1;0;0;0;320585,746405689980000;5693814,065018335400000;6,422546676000025;51,367204875000027;0
103626;5;1;13;0;2019;3;9;1;2;0;1;0;1;0;0;0;0;0;359486,814024615100000;5700097,296195458600000;6,978483562000065;51,434626197000057;1
103631;5;1;17;0;2019;3;16;7;3;0;7;0;1;0;0;0;0;0;352979,509515281770000;5701461,807497821700000;6,884365554000056;51,445236109000064;0
103634;5;1;13;0;2019;3;14;7;3;5;3;0;1;1;0;0;0;0;362644,758000001310000;5698235,014000000400000;7,024608480000040;51,418665220000037;0
103639;5;1;11;0;2019;3;15;7;2;4;6;0;1;0;0;0;0;0;342470,033040958460000;5674390,352034535300000;6,745219905000056;51,199173691000055;0
103641;5;1;11;0;2019;3;17;7;3;0;2;0;1;0;0;0;0;0;346877,778371519410000;5677847,938294541100000;6,806782954000028;51,231440398000075;0
103646;5;7;58;12;2019;3;15;6;3;2;2;0;1;1;0;0;0;0;476363,171750826760000;5774074,367402711900000;8,654794616000061;52,116701071000080;0
103651;5;7;70;24;2019;3;16;7;3;4;2;0;1;1;0;0;0;0;494220,743182917130000;5795344,922256900000000;8,915232524000032;52,308411674000070;0
103654;5;7;54;8;2019;3;19;7;3;5;3;1;1;1;0;0;0;0;464906,414825395680000;5754025,427559915900000;8,489536173000033;51,935841358000062;0
103655;5;7;54;8;2019;3;11;7;3;5;3;0;1;1;0;0;0;0;456636,353612041100000;5749820,866135275000000;8,369778226000051;51,897457060000079;0
103663;5;9;78;32;2019;3;16;7;3;5;3;0;1;1;0;0;0;0;393978,752186751920000;5728421,268811890900000;7,465941160000057;51,696719328000029;0
103678;5;1;70;20;2019;3;15;1;3;5;2;0;1;1;0;0;0;0;327007,196630975230000;5707894,099117910500000;6,507825167000021;51,495682812000041;0
103700;5;3;15;0;2019;3;16;1;3;0;1;0;1;0;0;0;0;0;365787,467083805240000;5644446,176319383100000;7,089865914000029;50,936008501000060;0
103712;5;5;54;60;2019;3;13;6;3;5;3;0;1;0;0;0;0;0;353165,890818882730000;5757368,652825243800000;6,863511007000057;51,947620757000038;0
103713;5;5;54;40;2019;3;20;6;3;5;3;2;1;1;0;0;0;0;352247,566812928770000;5736400,182781986900000;6,859121975000051;51,758978517000060;0
103720;5;5;62;32;2019;3;17;6;3;1;3;0;1;1;0;0;0;0;374047,003000001420000;5719174,598999999500000;7,181016623000062;51,609501402000035;0
103727;5;3;58;28;2019;3;14;6;3;0;7;0;1;0;0;0;0;0;322852,675000001680000;5625583,415000001000000;6,488485661000027;50,754956584000070;0
103751;5;3;66;16;2019;3;15;6;3;4;2;0;1;1;0;0;0;0;347021,500000000000000;5612357,634999999800000;6,836336393000067;50,642976646000079;0
103753;5;3;62;24;2019;3;14;6;3;3;6;0;1;0;0;0;1;0;347820,011194406080000;5642656,476213088300000;6,835080875000074;50,915464861000032;0
103754;5;3;62;32;2019;3;9;6;3;5;3;0;1;1;0;0;0;0;337151,677358673890000;5640855,698139049100000;6,684244229000058;50,896372846000077;0
103757;5;3;15;0;2019;3;19;6;3;0;1;2;1;0;0;0;0;0;366314,342124725690000;5642657,284537028500000;7,098016055000073;50,920052948000034;0
103759;5;3;15;0;2019;3;9;6;3;5;3;0;1;0;0;0;0;1;362824,837639597240000;5642855,654445009300000;7,048325669000064;50,921016767000026;0
103765;5;3;15;0;2019;3;16;6;3;2;2;0;1;0;0;0;0;0;356255,445512117820000;5644601,106967605700000;6,954232949000073;50,935103779000030;0
103777;5;1;70;24;2019;3;15;6;3;5;3;0;1;1;0;0;0;0;334131,949854835870000;5707819,337053876400000;6,610403102000021;51,497146340000029;0
103782;5;1;62;24;2019;3;14;6;1;5;2;0;1;0;0;0;1;0;340337,183526197450000;5672294,886671738700000;6,715649053000050;51,179753801000061;0
103785;5;1;19;0;2019;3;18;6;3;5;2;0;1;1;0;0;0;0;350360,382083168250000;5704799,867676790800000;6,845291987000053;51,474544082000079;0
103790;5;3;15;0;2019;3;4;1;2;3;6;2;1;0;0;0;0;0;357009,229033024050000;5643452,070545351100000;6,965404246000048;50,924964853000063;0
103792;5;1;20;0;2019;3;16;6;3;0;2;0;1;1;0;0;0;0;374996,230884690770000;5671083,092878367800000;7,211654660000022;51,177492152000070;0
103797;5;1;24;0;2019;3;11;6;3;3;6;0;1;1;0;0;0;0;375215,301000000910000;5684831,898000000000000;7,209996353000065;51,301110822000055;0
103799;5;1;17;0;2019;3;17;6;3;5;2;0;1;1;0;0;0;0;351333,190672881900000;5694308,783810665800000;6,863691626000048;51,380532166000080;0
103802;5;1;12;0;2019;3;13;6;2;4;2;0;1;1;0;0;0;0;344782,006143267270000;5693389,960873257400000;6,770028917000047;51,370523037000055;0
103803;5;1;12;0;2019;3;6;6;3;3;2;0;1;1;0;0;0;0;345696,965413711970000;5700211,074754986900000;6,780196913000054;51,432061009000051;0
103805;5;1;58;28;2019;3;17;1;2;1;5;0;1;0;0;0;1;0;351370,144144701770000;5684024,908703669900000;6,868513527000062;51,288133583000047;0
103815;5;5;15;0;2019;4;9;3;3;0;1;0;1;0;0;0;0;0;408777,351301267740000;5753306,770466061300000;7,673448992000033;51,923011785000028;0
103816;5;5;15;0;2019;4;9;3;3;5;2;0;1;0;0;0;0;0;405953,276159846220000;5751932,169118478900000;7,632769415000041;51,910186262000082;0
103817;5;5;15;0;2019;4;9;3;3;5;2;0;1;1;0;0;0;0;407234,747960689480000;5756891,444253550800000;7,650056362000044;51,954977935000045;0
103820;5;5;62;24;2019;4;13;3;3;0;7;0;1;0;0;0;0;0;370396,035451443870000;5726719,011558415400000;7,125525591000042;51,676472214000057;1
103827;5;3;34;2;2019;4;18;3;3;0;3;0;1;1;0;0;0;0;299278,379050374960000;5626965,387346979200000;6,153920724000045;50,759697207000045;0
103836;5;3;62;8;2019;4;12;3;3;5;3;0;1;1;0;0;0;0;336696,801486784590000;5651336,635611429800000;6,673082714000032;50,990417516000036;1
103839;5;3;15;0;2019;4;9;3;3;3;2;0;1;0;0;0;1;0;353354,135015523060000;5644888,118338441500000;6,912855107000041;50,936952613000074;0
103841;5;3;15;0;2019;4;0;3;3;0;1;2;1;0;0;0;0;0;353530,685354412530000;5646149,597671931600000;6,914858852000066;50,948333929000057;0
103844;5;3;15;0;2019;4;8;3;3;1;5;0;1;1;0;0;0;1;356051,552094967100000;5646105,021896204000000;6,950738841000032;50,948568358000045;0
103847;5;3;14;0;2019;4;8;3;3;3;2;0;1;0;0;0;0;1;368607,734188221400000;5622833,471684098200000;7,137731759000076;50,742403547000038;0
103860;5;1;66;32;2019;4;18;3;3;5;3;0;1;1;0;0;0;0;318140,008941091600000;5680942,739737389600000;6,394011859000045;51,250807937000047;0
103862;5;1;62;24;2019;4;16;3;3;5;3;0;1;1;0;0;0;0;339166,215734294620000;5668074,382984314100000;6,700796813000068;51,141504387000055;0
103867;5;1;16;0;2019;4;12;3;3;5;2;0;1;1;0;0;0;0;321271,219873122870000;5674205,823817864100000;6,442190873000072;51,191278863000036;0
103874;5;1;13;0;2019;4;18;3;3;0;1;0;1;0;0;0;0;0;358813,316335503940000;5704777,811822155500000;6,966932404000033;51,476518514000077;1
103894;5;7;58;24;2019;4;14;3;3;5;2;0;1;1;0;0;0;0;484971,651999999770000;5783892,940000003200000;8,780081693000057;52,205277398000078;0
103913;5;9;13;0;2019;4;7;3;3;3;2;0;1;1;0;0;0;0;394149,057756828140000;5707322,300076836700000;7,474772628000039;51,507106165000039;0
103914;5;9;11;0;2019;4;18;3;3;5;2;0;1;1;0;0;0;0;375839,533186194490000;5708380,985348515200000;7,210702390000051;51,512894802000062;0
103928;5;5;58;32;2019;4;5;2;3;5;2;2;1;1;0;0;0;0;386407,937101460990000;5752108,638122240100000;7,348681904000046;51,908129475000067;0
103934;5;5;15;0;2019;4;15;2;3;5;2;0;1;1;0;0;0;0;409759,650559423490000;5751788,919165756600000;7,688127173000055;51,909528319000060;0
103939;5;5;62;14;2019;4;7;2;3;5;3;0;1;1;0;0;0;0;359425,708000001500000;5714892,504000002500000;6,971709424000039;51,567562304000035;0
103940;5;5;13;0;2019;4;15;2;3;5;2;0;1;1;0;0;0;0;364652,916756337510000;5715267,738053159800000;7,046938132000037;51,572213209000040;0
103949;5;3;82;68;2019;4;15;2;3;5;2;0;1;1;0;0;0;0;370805,187000000850000;5629084,554999999700000;7,166664302000072;50,799082961000067;0
103961;5;3;62;36;2019;4;17;2;3;3;6;0;1;1;0;0;0;0;345753,850000000560000;5652258,952000001400000;6,801640825000050;51,001203740000051;0
103963;5;3;16;0;2019;4;16;2;3;4;7;0;1;1;0;0;0;0;362958,321000001390000;5654975,806000003600000;7,045655182000076;51,029976095000052;0
103968;5;3;15;0;2019;4;12;2;3;5;2;0;1;1;0;0;0;0;357787,160832286810000;5643699,626940742100000;6,976369369000054;50,927381931000070;0
103972;5;3;15;0;2019;4;16;2;2;0;7;0;1;1;0;0;0;0;353354,014000001360000;5644869,530000001200000;6,912860867000063;50,936785536000059;0
103973;5;3;15;0;2019;4;8;2;3;0;1;0;1;0;0;0;0;0;354613,794971360830000;5641664,834322020400000;6,932055763000051;50,908304704000045;0
103980;5;1;70;16;2019;4;16;2;2;5;3;0;1;1;0;0;0;0;339871,398115720600000;5722657,648109603700000;6,686255725000024;51,632113165000078;0
103984;5;1;58;4;2019;4;9;2;3;5;2;0;1;1;0;0;0;0;353038,949739639650000;5677087,752988141000000;6,895277875000033;51,226229211000032;0
103985;5;1;58;28;2019;4;19;2;3;5;3;0;1;1;0;0;0;0;350361,759246749800000;5689386,278597468500000;6,851813741000058;51,336045194000064;0
104005;5;1;13;0;2019;4;7;2;3;6;6;0;1;0;1;0;0;0;357944,865027980880000;5703295,019572414500000;6,955031381000026;51,462976681000043;0
104006;5;1;13;0;2019;4;16;2;3;0;5;0;1;1;0;0;0;0;357139,727774977680000;5692118,539526687900000;6,947951942000032;51,362341317000073;0
104007;5;1;12;0;2019;4;15;2;2;0;1;0;1;0;0;0;0;0;339129,173999999650000;5692350,971000002700000;6,689356117000045;51,359614962000080;0
104008;5;1;12;0;2019;4;14;2;3;5;3;0;1;1;0;0;0;0;344645,251000001100000;5697416,995999999300000;6,766303898000047;51,406668817000082;0
104012;5;1;11;0;2019;4;13;2;3;5;3;0;1;1;0;0;0;0;345516,279217205940000;5675069,157520249500000;6,788494513000046;51,206104868000068;0
104015;5;1;11;0;2019;4;11;2;3;5;2;0;1;1;0;0;0;0;345979,853394210340000;5677269,448462206900000;6,794180522000033;51,226000766000027;0
104021;5;7;54;44;2019;4;23;2;2;7;1;2;1;0;0;0;0;0;465680,385404532780000;5747854,166615275700000;8,501408490000074;51,880405315000075;0
104027;5;7;54;12;2019;4;7;2;3;5;2;0;1;1;0;0;0;0;457920,364000000060000;5768401,574000001000000;8,386158960000046;52,064604857000063;0
104030;5;7;11;0;2019;4;9;2;3;3;2;0;1;1;0;0;0;0;464571,445000002160000;5760868,175999999000000;8,483957900000064;51,997340856000051;0
104034;5;9;78;40;2019;4;18;2;3;5;3;0;1;1;0;0;0;0;406879,581933242270000;5724436,954642463500000;7,653611131000048;51,663193246000048;0
104042;5;7;70;24;2019;4;7;4;3;5;3;0;1;1;0;0;0;0;492689,355103900660000;5791606,086882922800000;8,892852002000041;52,274779437000063;0
104044;5;9;62;32;2019;4;9;2;3;0;2;0;1;1;0;0;0;0;404515,396923478690000;5675772,475535864000000;7,632569159000070;51,225340479000067;0
104045;5;7;70;24;2019;4;11;4;3;3;2;0;1;1;0;0;0;0;494989,420000000860000;5793240,391999999100000;8,926538425000047;52,289498463000029;0
104049;5;7;58;4;2019;4;13;4;3;5;2;0;1;1;0;0;0;0;472201,629088930790000;5784132,107653105600000;8,593195028000025;52,206931442000041;1
104050;5;9;13;0;2019;4;19;2;3;6;7;0;1;0;1;0;0;0;396173,762010000650000;5712551,108670000000000;7,502394524000067;51,554481528000053;0