OBJECTID;ULAND;UREGBEZ;UKREIS;UGEMEINDE;UJAHR;UMONAT;USTUNDE;UWOCHENTAG;UKATEGORIE;UART;UTYP1;ULICHTVERH;IstRad;IstPKW;IstFuss;IstKrad;IstGkfz;IstSonstige;LINREFX;LINREFY;XGCSWGS84;YGCSWGS84;STRZUSTAND
105046;5;5;58;16;2019;4;10;4;3;5;2;0;1;0;0;0;0;1;382230,219383143820000;5742456,085021050600000;7,291268964000039;51,820512910000048;0
105051;5;5;62;28;2019;4;11;7;2;5;2;0;1;0;0;0;1;0;380560,366185822520000;5721706,400584943600000;7,274170666000032;51,633675294000057;0
105052;5;5;15;0;2019;4;6;4;3;5;2;1;1;0;0;0;0;0;405966,250323404560000;5757187,693697407800000;7,631521431000067;51,957427714000062;0
105054;5;5;15;0;2019;4;15;4;3;2;6;0;1;0;0;0;0;0;406257,416949498470000;5757689,038594875500000;7,635620676000031;51,961983199000031;0
105055;5;5;15;0;2019;4;12;4;3;5;2;0;1;0;0;0;0;1;406142,073465333320000;5751402,263853645000000;7,635657622000053;51,905455029000052;0
105057;5;5;15;0;2019;4;6;4;3;5;3;0;1;1;0;0;0;0;403942,104813333600000;5758260,906599987300000;7,601773146000028;51,966728134000050;0
105074;5;3;34;20;2019;4;18;4;2;5;3;0;1;1;0;0;0;0;305972,363022412170000;5606750,081730948800000;6,259318878000045;50,580386250000060;0
105076;5;3;82;56;2019;4;13;4;3;1;2;0;1;1;0;0;0;0;372038,667105912230000;5626203,600894354300000;7,185161654000069;50,773461736000058;0
105095;5;3;15;0;2019;4;18;4;2;0;1;0;1;0;0;0;0;0;364819,810821917840000;5649369,933185011100000;7,074273476000030;50,980034683000042;0
105096;5;3;15;0;2019;4;11;7;3;0;5;0;1;1;0;0;0;0;353145,859402918260000;5645116,700255887600000;6,909800792000056;50,938953788000049;0
105097;5;3;15;0;2019;4;12;4;3;6;4;0;1;0;1;0;0;0;356325,241849804300000;5647730,345393421100000;6,953990893000025;50,963243147000071;0
105098;5;3;15;0;2019;4;18;4;3;5;3;0;1;1;0;0;0;0;352722,916560987010000;5647107,858553068700000;6,902979990000063;50,956739575000029;0
105099;5;3;15;0;2019;4;2;7;3;0;7;2;1;0;0;0;0;0;354150,346818013120000;5645971,569429591300000;6,923745465000025;50,946891165000068;0
105101;5;3;15;0;2019;4;22;7;3;0;1;2;1;0;0;0;0;0;354336,777539039030000;5642511,677171209800000;6,927780225000049;50,915845235000063;0
105102;5;3;82;72;2019;4;6;4;3;2;7;1;1;1;0;0;0;0;365049,659039070830000;5608352,651113160000000;7,092615768000030;50,611433908000038;0
105103;5;3;15;0;2019;4;11;7;3;0;7;0;1;0;0;0;0;0;355446,964181494900000;5645725,542436005500000;6,942288431000065;50,945006766000063;0
105110;5;1;70;28;2019;4;14;4;3;3;6;0;1;1;0;0;0;0;329680,846846223810000;5701669,344991551700000;6,549303546000033;51,440574276000063;0
105111;5;1;58;16;2019;4;11;7;2;5;3;0;1;1;0;0;0;0;354228,566738856030000;5672054,252732886000000;6,914347598000063;51,181302143000039;0
105125;5;1;62;22;2019;4;10;7;3;5;3;0;1;1;0;0;0;0;334039,647234475240000;5682907,522488081800000;6,620715536000034;51,273308839000038;0
105128;5;1;19;0;2019;4;18;4;3;1;5;0;1;1;0;0;0;0;349934,387000001970000;5710660,625000001900000;6,836669659000052;51,527092028000027;0
105129;5;1;16;0;2019;4;13;7;3;0;3;0;1;0;0;0;0;0;321072,777429177430000;5671094,429512813700000;6,440902811000058;51,163266361000069;0
105130;5;1;16;0;2019;4;10;4;3;4;2;0;1;1;0;0;0;0;321453,144000001250000;5674513,094999998800000;6,444638866000048;51,194096017000049;0
105137;5;1;24;0;2019;4;13;7;3;5;3;0;1;1;0;0;0;0;376368,327045113780000;5683134,212000660600000;7,227115589000050;51,286104057000045;0
105138;5;1;24;0;2019;4;17;4;3;0;7;0;1;1;0;0;0;0;367579,742257186210000;5678311,730711765600000;7,102944202000060;51,240788216000055;0
105140;5;1;17;0;2019;4;16;4;3;3;2;0;1;1;0;0;0;0;352731,189680318350000;5699223,481650505200000;6,881725685000049;51,425058727000078;0
105144;5;1;13;0;2019;4;10;4;2;5;3;0;1;1;0;0;0;0;361027,022000001740000;5706074,287999998800000;6,998278166000034;51,488717132000033;0
105159;5;1;11;0;2019;4;9;4;3;0;1;0;1;0;0;0;0;0;345500,016213548370000;5677051,519308034300000;6,787407895000058;51,223912901000062;0
105161;5;7;70;40;2019;4;7;4;3;5;2;0;1;0;0;0;0;1;472803,508024544460000;5809871,678110634900000;8,599921067000025;52,438366536000046;0
105165;5;7;70;4;2019;4;16;4;2;5;3;0;1;1;0;0;0;0;487009,542999999600000;5783066,255000000800000;8,809934821000070;52,197896807000063;0
105166;5;7;11;0;2019;4;13;7;3;5;2;0;1;1;0;0;0;0;467035,526564878410000;5756905,003787579000000;8,520228384000063;51,961861029000033;0
105180;5;9;78;36;2019;4;18;4;3;5;3;0;1;1;0;0;0;0;406243,123999999840000;5709832,688000002900000;7,648314980000066;51,531808700000056;0
105204;5;5;70;28;2019;4;15;3;3;4;6;0;1;0;0;1;0;0;440256,046055295500000;5739948,402414422500000;8,133448338000051;51,807186628000068;0
105216;5;3;70;8;2019;4;13;3;3;3;6;0;1;1;0;0;0;0;289468,164474765770000;5653595,133835094000000;5,999686326000074;50,995368072000076;0
105217;5;3;34;24;2019;4;9;3;3;5;3;0;1;1;0;0;0;0;300946,869524991140000;5614552,711584091200000;6,184238504000064;50,648780399000032;0
105219;5;3;34;2;2019;4;15;3;3;5;3;0;1;1;0;0;0;0;295634,536287993190000;5625781,535214563800000;6,102980642000034;50,747793025000078;0
105223;5;3;62;32;2019;4;15;3;3;5;3;0;1;0;0;0;1;0;337974,725039415990000;5637396,972410615500000;6,697471088000043;50,865526264000039;0
105226;5;3;15;0;2019;4;17;3;3;0;7;0;1;0;0;0;0;0;356879,963304750620000;5651307,033548342100000;6,960476826000047;50,995524314000079;0
105229;5;3;15;0;2019;4;19;3;3;5;2;0;1;1;0;0;0;0;354797,842744209800000;5645570,394882628700000;6,933116457000040;50,943449373000078;0
105232;5;3;14;0;2019;4;13;3;3;3;6;0;1;1;0;0;0;0;364974,543175322000000;5622157,744669819300000;7,086515107000025;50,735496700000056;0
105243;5;1;16;0;2019;4;16;3;3;5;3;0;1;1;0;0;0;0;321565,820196753370000;5671989,425642788400000;6,447502975000020;51,171460375000038;0
105244;5;1;16;0;2019;4;8;3;2;1;5;0;1;1;0;0;0;0;321747,069086111150000;5670096,570927025800000;6,451030920000051;51,154512737000061;0
105249;5;1;17;0;2019;4;6;3;3;5;3;0;1;1;0;0;0;0;350943,503975075670000;5699512,336989689600000;6,855909815000075;51,427186926000047;0
105256;5;1;11;0;2019;4;15;3;3;0;1;0;1;0;0;0;0;0;342771,537855427710000;5687781,221429543600000;6,743646329000057;51,319575554000039;0
105258;5;1;11;0;2019;4;11;3;2;3;6;0;1;0;0;0;1;0;345435,464481250380000;5676929,995076568800000;6,786536589000036;51,222803478000060;0
105259;5;7;74;32;2019;4;5;3;3;6;6;0;1;0;1;0;0;0;480860,103453433140000;5730306,822595074800000;8,722902725000040;51,723362135000059;0
105261;5;7;70;8;2019;4;12;3;3;5;3;0;1;1;0;0;0;0;474511,007933783340000;5802643,784715458800000;8,625589486000024;52,373469035000028;0
105263;5;7;58;4;2019;4;12;3;3;5;3;0;1;1;0;0;0;0;472338,157000000590000;5782306,858000000900000;8,595341999000027;52,190528535000055;0
105265;5;7;54;8;2019;4;13;3;2;2;3;0;1;1;0;0;0;0;458832,589085018260000;5750676,888120763000000;8,401592842000071;51,905319814000052;0
105266;5;7;54;8;2019;4;12;3;3;0;7;0;1;0;0;0;0;0;457459,190000001340000;5751702,179000003300000;8,381503810000027;51,914434578000055;0
105268;5;7;11;0;2019;4;8;3;3;5;2;0;1;0;0;0;0;1;465936,521211065350000;5767752,899905633200000;8,503154879000022;52,059323923000079;0
105295;5;3;15;0;2019;4;17;5;3;6;7;0;1;0;1;0;0;0;357433,320888400080000;5644614,447380200000000;6,970979922000026;50,935516050000047;0
105296;5;3;15;0;2019;4;7;3;3;0;1;0;1;0;0;0;0;0;358856,515248753130000;5640814,910091782000000;6,992691804000060;50,901719310000033;0
105297;5;3;15;0;2019;4;0;5;3;0;1;2;1;0;0;0;0;0;348817,033660124990000;5645152,489022960900000;6,848218845000076;50,938156743000036;0
105302;5;3;15;0;2019;4;11;5;3;0;7;0;1;0;0;0;0;0;354217,987649043090000;5645068,020243685700000;6,925069310000026;50,938788362000082;0
105305;5;3;15;0;2019;4;8;5;2;3;6;0;1;0;0;0;0;0;356249,226446510290000;5641112,056132584800000;6,955519583000069;50,903746510000076;0
105308;5;3;14;0;2019;4;8;5;3;5;3;0;1;1;0;0;0;0;369493,452017242090000;5616455,431266490400000;7,152533946000062;50,685275824000030;0
105315;5;1;58;12;2019;4;16;5;3;0;1;0;1;0;0;0;0;0;356958,669896307400000;5685991,843112349500000;6,947813546000020;51,307240016000037;0
105325;5;1;66;16;2019;4;22;5;3;0;1;2;1;0;0;0;0;0;305028,290201601570000;5688479,133975710700000;6,202245155000071;51,314163888000053;0
105326;5;5;58;20;2019;4;16;2;3;1;6;0;1;1;0;0;0;0;391930,085912448350000;5759617,779007073500000;7,426565296000035;51,976717767000082;0
105327;5;1;62;8;2019;4;15;5;2;3;7;0;1;1;0;0;0;0;330435,367126953790000;5658424,243785006900000;6,580632671000046;51,052285445000052;0
105328;5;5;54;20;2019;4;18;2;2;5;2;0;1;1;0;0;0;0;364568,849999999630000;5786238,637000002000000;7,017855744000030;52,209924521000062;0
105331;5;1;62;20;2019;4;18;5;3;0;6;0;1;0;0;0;0;0;329613,066571077330000;5675554,833267130000000;6,560812975000033;51,205946256000061;0
105336;5;5;15;0;2019;4;13;2;3;3;6;0;1;0;0;0;0;0;404510,911424227990000;5756302,049682376900000;7,610594586000048;51,949219194000079;0
105337;5;1;19;0;2019;4;14;5;3;6;4;0;1;0;1;0;0;0;352496,115402678960000;5704810,365159940000000;6,876017816000058;51,475199252000039;0
105345;5;5;62;32;2019;4;19;2;3;5;3;0;1;1;0;0;0;0;376130,211118300450000;5715085,741169866200000;7,212529182000026;51,573216176000074;0
105355;5;1;12;0;2019;4;16;5;2;3;2;0;1;1;0;0;0;0;344466,006206108260000;5700494,233863417100000;6,762378444000035;51,434268646000078;0
105356;5;1;12;0;2019;4;10;5;3;0;7;0;1;0;0;0;0;0;344452,708916112780000;5700502,603513555600000;6,762183621000077;51,434340197000040;0
105357;5;1;12;0;2019;4;14;5;3;5;3;0;1;1;0;0;0;0;342783,942980611700000;5705629,610459901400000;6,735916571000075;51,479944623000051;0
105365;5;1;11;0;2019;4;11;5;3;5;3;0;1;1;0;0;0;0;344445,412000001410000;5678823,865000000200000;6,771547665000071;51,239551624000057;0
105371;5;7;54;44;2019;4;15;5;3;5;2;0;1;1;0;0;0;0;466496,507247840990000;5747998,548965135600000;8,513250530000050;51,881753068000080;0
105376;5;3;34;2;2019;4;21;2;2;1;1;2;1;1;0;0;0;0;293568,225346673280000;5628318,608975051000000;6,072307307000074;50,769847894000065;0
105378;5;3;34;2;2019;4;10;2;3;3;2;0;1;1;0;0;0;0;292395,954747964630000;5628258,440928105300000;6,055739037000024;50,768889262000073;0
105380;5;3;34;2;2019;4;10;2;3;5;2;0;1;1;0;0;0;0;294610,544665910300000;5627468,019501492400000;6,087544161000039;50,762578469000061;0
105385;5;3;62;40;2019;4;12;2;3;5;2;0;1;1;0;0;0;0;358476,801715333010000;5630701,513822574200000;6,991205134000040;50,810735452000074;0
105396;5;3;15;0;2019;4;22;2;3;1;5;2;1;1;0;0;0;0;350519,161894477900000;5645061,343685772300000;6,872464601000047;50,937781413000039;0
105398;5;3;14;0;2019;4;18;2;3;5;3;0;1;1;0;0;0;0;368372,346852156330000;5615009,733015410600000;7,137186989000043;50,672028991000047;0
105404;5;9;66;8;2019;4;17;5;3;3;2;0;1;1;0;0;0;0;413673,251312590200000;5653772,716546051200000;7,768953769000063;51,029016547000026;0
105407;5;1;70;44;2019;4;18;2;3;5;3;0;1;1;0;0;0;0;341397,258729522120000;5718654,185667218600000;6,710095880000040;51,596576831000050;0
105409;5;1;58;26;2019;4;12;2;2;5;3;0;1;1;0;0;0;0;352569,183000000190000;5666051,892999999200000;6,893081693000056;51,126938410000037;0
105414;5;1;66;24;2019;4;8;2;2;0;1;0;1;0;0;0;0;0;309951,212735923010000;5675823,837545009300000;6,279522370000052;51,202160283000069;0
105417;5;9;15;0;2019;4;11;5;2;0;6;0;1;1;0;0;0;0;416211,105168174020000;5724427,048976715700000;7,788499760000036;51,664573150000081;0
105418;5;1;16;0;2019;4;20;2;3;5;3;0;1;1;0;0;0;0;321266,580533278170000;5670682,478548625500000;6,443876371000044;51,159626263000064;0
105442;5;1;13;0;2019;4;13;2;3;6;6;0;1;0;1;0;0;0;359361,530896330250000;5703091,679285060600000;6,975492259000021;51,461503216000040;0
105463;5;5;70;28;2019;4;17;4;2;5;2;0;1;1;0;0;0;0;441128,801628944460000;5741984,034428734300000;8,145759625000039;51,825580042000070;0
105475;5;5;15;0;2019;4;18;4;2;5;2;0;1;0;0;0;0;1;406505,378406400790000;5757242,435403371200000;7,639350097000033;51,958010669000032;0
105476;5;5;62;12;2019;4;14;4;3;5;2;0;1;1;0;0;0;0;363418,177500980910000;5725259,715897528500000;7,025237621000031;51,661705484000038;0
105477;5;7;70;4;2019;4;11;2;3;2;6;0;1;1;0;0;0;0;487039,931000000800000;5783077,550000002600000;8,810378998000033;52,197999072000073;0
105478;5;5;62;12;2019;4;10;4;3;0;1;0;1;0;0;0;0;0;359367,504759505390000;5726040,582991713700000;6,966396070000030;51,667723207000051;0
105495;5;7;54;8;2019;4;14;2;3;5;3;0;1;1;0;0;0;0;456387,521709283810000;5751525,563194947300000;8,365946325000039;51,912763810000058;0
105496;5;3;62;8;2019;4;9;4;2;5;3;0;1;1;0;0;0;0;342453,591000000950000;5648583,371000001200000;6,756236260000037;50,967282200000056;1
105501;5;7;66;28;2019;4;13;2;2;3;6;0;1;0;0;0;1;0;507507,833402825520000;5769727,786597125200000;9,109553767000023;52,078076171000077;0
105504;5;3;15;0;2019;4;13;4;2;1;5;0;1;1;0;0;0;0;361705,979456787000000;5644984,538725303500000;7,031609303000039;50,939882604000047;0
105508;5;3;15;0;2019;4;9;4;3;6;4;0;1;0;1;0;0;0;355304,033116224220000;5645425,321458350900000;6,940374477000034;50,942272893000052;1
105510;5;3;14;0;2019;4;13;4;3;4;2;0;1;0;0;0;0;1;364934,807273566720000;5622059,186790535200000;7,085988449000070;50,734601633000068;0
105513;5;1;58;26;2019;4;16;4;3;0;2;0;1;1;0;0;0;0;353017,863143732770000;5664532,726181373000000;6,900108354000054;51,113402077000046;0
105541;5;1;17;0;2019;4;18;4;2;5;3;0;1;1;0;0;0;0;349357,985979287890000;5700914,405646173300000;6,832524153000065;51,439365843000076;0
105546;5;1;12;0;2019;4;15;4;3;3;2;0;1;1;0;0;0;0;343988,391544980000000;5700960,386620624000000;6,755307427000048;51,438325683000073;0
105549;5;1;11;0;2019;4;14;4;3;5;2;0;1;0;0;0;0;1;339304,926922654730000;5677416,963262436900000;6,698599548000061;51,225486131000082;0
105550;5;9;54;36;2019;4;8;2;3;5;2;0;1;1;0;0;0;0;384337,548067220490000;5698451,735699653600000;7,336360727000056;51,425454687000069;0
105554;5;9;11;0;2019;4;15;2;3;5;3;0;1;1;0;0;0;0;376238,406868387010000;5705292,810108717500000;7,217530940000074;51,485227741000074;0
105559;5;7;70;32;2019;4;11;4;3;5;3;0;1;0;0;0;0;1;493374,608799754640000;5786492,229880757600000;8,902995699000030;52,228811687000075;0
105564;5;7;58;36;2019;4;14;4;2;9;1;0;1;0;0;0;0;0;493486,080615692770000;5780466,352995386300000;8,904743691000022;52,174636547000034;0
105566;5;7;58;16;2019;4;15;4;2;3;1;0;1;1;0;0;0;0;474183,252141558570000;5779344,539726531100000;8,622558262000041;52,163985313000069;0
105587;5;9;62;24;2019;4;5;4;2;4;2;2;1;1;0;0;0;0;407840,453000000680000;5693656,938000004700000;7,675552839000034;51,386661775000050;0
105597;5;9;16;0;2019;4;15;4;3;4;6;0;1;0;0;0;0;0;374367,324571264910000;5709830,452919730900000;7,188980723000043;51,525596010000072;0
105601;5;5;62;4;2019;4;16;1;3;1;5;0;1;1;0;0;0;0;383603,748310831380000;5710010,434594923600000;7,322002210000051;51,529193019000047;0
105605;5;3;34;24;2019;4;19;1;2;0;2;0;1;1;0;0;0;0;302564,888467816640000;5613021,022128257900000;6,207913552000036;50,635572709000030;0
105606;5;3;78;4;2019;4;9;1;3;0;1;0;1;0;0;0;0;0;366788,635050625540000;5645818,703704809800000;7,103604381000025;50,948576447000050;0
105611;5;3;62;12;2019;4;17;1;3;1;5;0;1;1;0;0;0;0;352925,073828259480000;5630667,995019849400000;6,912471562000064;50,809051275000058;0
105612;5;3;62;36;2019;4;19;1;3;0;1;0;1;0;0;0;0;0;346142,398026694540000;5651669,313315454900000;6,807424020000042;50,996009329000060;0
105613;5;3;15;0;2019;4;11;1;3;5;2;0;1;1;0;0;0;0;353161,136025624350000;5643643,357833338900000;6,910611644000028;50,925717313000064;0
105616;5;3;14;0;2019;4;20;1;3;3;3;0;1;0;0;0;0;1;365880,081974094730000;5622351,358905596700000;7,099269744000026;50,737446714000043;0
105617;5;1;70;20;2019;4;12;1;3;4;2;0;1;1;0;0;0;0;329349,262000000100000;5709765,410000000100000;6,540626529000065;51,513205373000062;0
105619;5;1;70;48;2019;4;13;1;2;4;6;0;1;0;0;0;0;0;334755,848593765870000;5724474,286002578200000;6,611550058000034;51,646954156000049;0
105621;5;1;19;0;2019;4;19;1;3;5;2;0;1;1;0;0;0;0;352817,065172686240000;5707519,587609145800000;6,879506510000056;51,499626792000072;0
105622;5;1;19;0;2019;4;18;1;3;3;5;0;1;1;0;0;0;0;350906,819186790850000;5708799,549403412300000;6,851464834000069;51,510627149000072;0
105630;5;7;54;44;2019;4;13;1;3;9;1;0;1;0;0;0;0;0;465613,406575828790000;5750150,408214919300000;8,500206506000041;51,901046201000042;0
105631;5;7;54;28;2019;4;20;1;3;5;3;0;1;0;0;0;0;0;451384,423000001350000;5742863,056000001700000;8,294435108000073;51,834469538000064;0
105635;5;9;74;20;2019;4;14;1;3;5;3;0;1;1;0;0;0;0;465776,479785442350000;5720640,270313546100000;8,505484493000040;51,635731261000046;0
105637;5;9;74;12;2019;4;21;1;3;4;7;1;1;1;0;0;0;0;427756,005973297170000;5706423,205334456600000;7,959100090000050;51,504319708000025;0
105639;5;9;66;12;2019;4;19;1;3;5;3;0;1;1;0;0;0;0;430525,972434292550000;5671271,976351743600000;8,005865604000064;51,188636394000071;0
105641;5;9;66;24;2019;4;15;1;3;0;1;0;1;0;0;0;0;0;418395,203898482960000;5657280,750762680500000;7,835484364000024;51,061245644000053;0
105648;5;9;11;0;2019;4;13;1;3;6;4;0;1;0;1;0;0;0;373531,129371535030000;5703082,218659346900000;7,179351805000067;51,464761732000056;0
105654;5;5;70;28;2019;4;10;7;3;2;2;0;1;0;0;0;0;0;441515,355204775000000;5742447,841158973100000;8,151289609000060;51,829790375000073;0
105667;5;5;62;8;2019;4;13;7;3;5;2;0;1;1;0;0;0;0;385055,127000002190000;5723619,633999999600000;7,338458675000027;51,651807300000030;0
105668;5;5;12;0;2019;4;14;7;3;5;3;0;1;1;0;0;0;0;355637,364150860350000;5719615,543407261400000;6,915144846000032;51,609044732000029;0
105669;5;5;62;14;2019;4;18;7;3;1;5;0;1;1;0;0;0;0;358753,388251068070000;5716062,164949797100000;6,961545127000022;51,577904782000076;0
105670;5;5;62;20;2019;4;13;7;3;0;6;0;1;1;0;0;0;0;371381,010883627460000;5720780,174649909100000;7,141947264000066;51,623327725000081;0
105675;5;3;70;40;2019;4;20;7;3;0;1;0;1;0;0;0;0;0;307622,467778951860000;5672550,611975362500000;6,247981035000066;51,171981401000039;0
105678;5;3;58;8;2019;4;15;7;3;1;7;0;1;1;0;0;0;0;323023,757477131670000;5629254,833203725500000;6,489142414000071;50,787993589000052;0
105681;5;3;34;2;2019;4;19;7;3;1;3;0;1;1;0;0;0;0;297916,085873348640000;5627356,198682021300000;6,134415592000039;50,762734604000059;0
105689;5;3;74;16;2019;4;15;7;2;8;1;0;1;0;0;0;0;0;383404,510337496180000;5667689,274810904600000;7,332989892000057;51,148763607000035;0
105695;5;3;66;40;2019;4;16;7;2;5;3;0;1;1;0;0;0;0;345692,780728568320000;5619678,676085086500000;6,814503582000043;50,708416583000030;0
105700;5;3;15;0;2019;4;15;7;3;3;6;0;1;0;0;0;0;0;352642,191057764930000;5656823,934300547500000;6,897887920000073;51,044031997000047;0
105701;5;3;15;0;2019;4;2;7;2;9;7;2;1;0;0;0;0;0;353457,818703899160000;5644861,181877108300000;6,914340578000065;50,936736902000064;0
105702;5;1;58;20;2019;4;7;3;3;5;2;0;1;1;0;0;0;0;358028,533999999990000;5664968,709000000700000;6,971473848000073;51,118583362000038;0
105704;5;1;66;32;2019;4;19;3;3;2;2;0;1;1;0;0;0;0;314736,482212712060000;5681454,791973447400000;6,345031137000035;51,254312050000067;0
105706;5;1;62;12;2019;4;8;3;3;5;3;0;1;1;0;0;0;0;329414,253248790280000;5665842,351226696700000;6,562575195000022;51,118629109000040;0
105712;5;1;70;48;2019;4;14;7;3;5;3;0;1;1;0;0;0;0;335601,701154256240000;5724738,157583244100000;6,623640701000056;51,649572635000027;0
105714;5;1;58;26;2019;4;19;7;3;5;3;0;1;1;0;0;0;0;352110,728687506170000;5664850,378909483600000;6,887027555000032;51,116023194000036;0
105716;5;1;58;24;2019;4;14;7;1;5;3;0;1;1;0;0;0;0;356286,446695126590000;5681440,712766237600000;6,940007259000026;51,266173147000075;0
105717;5;1;58;28;2019;4;9;7;2;5;3;0;1;1;0;0;0;0;351240,095361402260000;5692342,629393622300000;6,863177791000055;51,362840574000074;0
105728;5;1;54;44;2019;4;15;7;3;0;7;0;1;0;0;0;0;0;318956,912216471510000;5736997,284453630400000;6,376936792000038;51,754571968000050;0
105733;5;1;66;28;2019;4;15;7;3;5;3;0;1;1;0;0;0;0;324188,990000002090000;5686331,723000004900000;6,477949121000052;51,301115896000056;0
105736;5;1;62;28;2019;4;14;7;2;5;3;0;1;1;0;0;0;0;339711,426212394610000;5657835,736272923600000;6,713128965000067;51,049661319000052;0
105740;5;1;16;0;2019;4;10;7;3;5;2;0;1;1;0;0;0;0;322084,970003213730000;5673711,381405413200000;6,454069102000062;51,187091017000057;0
105741;5;1;12;0;2019;4;14;3;3;5;2;0;1;1;0;0;0;0;343140,451460238550000;5712228,562349131300000;6,738110868000035;51,539333257000067;0
105746;5;1;11;0;2019;4;14;3;2;5;2;0;1;1;0;0;0;0;345385,691216508860000;5679158,293681750100000;6,784862744000066;51,242812191000041;0
105748;5;7;74;32;2019;4;12;3;2;5;3;0;1;1;0;0;0;0;483526,163094417190000;5734816,210372379000000;8,761286549000033;51,763991950000047;0
105753;5;1;12;0;2019;4;19;7;3;5;3;0;1;1;0;0;0;0;345059,645544420930000;5703629,876329191000000;6,769539027000064;51,462605015000065;0
105755;5;1;11;0;2019;4;12;7;3;1;5;0;1;1;0;0;0;0;346566,429793363440000;5679398,324745789200000;6,801662749000059;51,245287787000052;0
105758;5;7;58;4;2019;4;10;3;3;5;3;0;1;1;0;0;0;0;471000,213772094810000;5783442,858098676400000;8,575672899000040;52,200672901000075;0
105769;5;7;54;48;2019;4;17;3;3;3;2;0;1;0;0;0;1;0;444683,251000000160000;5765276,736000003300000;8,193585322000047;52,035348832000068;0
105770;5;7;54;36;2019;4;12;7;3;0;2;0;1;0;0;0;0;1;476167,855000001380000;5750929,312000000800000;8,653553041000066;51,908600727000078;0
105771;5;7;66;40;2019;4;6;3;3;0;3;0;1;0;0;0;0;1;485376,024960714390000;5759962,671473885000000;8,787026159000050;51,990137307000055;0
105778;5;7;54;40;2019;4;19;7;2;0;1;0;1;0;0;0;0;0;462210,727964105080000;5763065,611685428800000;8,449331613000027;52,016941320000058;0
105788;5;9;74;28;2019;4;16;7;3;0;3;0;1;0;0;0;0;0;454407,118895576340000;5727611,756780134500000;8,340302475000044;51,697604332000026;0
105789;5;9;74;20;2019;4;15;3;3;5;3;0;1;1;0;0;0;0;466151,479813970630000;5720511,294712390800000;8,510915346000047;51,634594310000068;0
105795;5;9;58;32;2019;4;15;7;2;5;2;0;1;1;0;0;0;0;448264,476999999960000;5683554,473000003000000;8,257891802000074;51,300954066000031;0
105804;5;9;58;8;2019;4;16;3;3;0;4;0;1;0;1;0;0;0;458469,899024241600000;5690279,934885323000000;8,403487378000023;51,362262183000041;0
105807;5;9;13;0;2019;4;10;7;3;0;3;0;1;1;0;0;0;0;399406,618165891620000;5709098,690590053800000;7,549996096000029;51,524034245000053;0
105819;5;9;14;0;2019;4;20;3;3;0;1;1;1;0;0;0;0;0;397786,043239568360000;5684875,993677500600000;7,533628697000040;51,306007915000066;0
105822;5;9;11;0;2019;4;13;7;3;5;2;0;1;1;0;0;0;0;372209,213151406500000;5698573,744119774600000;7,161959833000026;51,423946323000052;0
105823;5;9;78;24;2019;4;18;3;3;5;3;0;1;1;0;0;0;0;397669,230833020990000;5718590,862028783200000;7,522197345000052;51,609043786000029;0
105824;5;9;16;0;2019;4;8;3;2;5;3;0;1;1;0;0;0;0;371780,222977614960000;5710551,459157940000000;7,151445346000060;51,531494227000053;0
105825;5;9;11;0;2019;4;16;7;3;0;1;0;1;0;0;0;0;0;370944,773776800370000;5702601,603549515800000;7,142314849000059;51,459858557000075;0
105828;5;9;16;0;2019;4;18;3;2;5;3;0;1;1;0;0;0;0;376845,811036217960000;5710867,802349105500000;7,224327173000063;51,535464995000041;0
105833;5;9;11;0;2019;4;10;3;3;5;3;0;1;1;0;0;0;0;373673,241773481480000;5699991,325527628900000;7,182500215000061;51,437014772000055;0
105850;5;5;66;56;2019;4;4;6;3;0;1;2;1;0;0;0;0;0;415161,411332462910000;5798394,469087122000000;7,755016071000057;52,329299191000075;0
105859;5;5;12;0;2019;4;17;2;2;5;3;0;1;1;0;0;0;0;352443,311101051980000;5714695,153918743100000;6,871119131000057;51,564005226000063;0
105860;5;5;54;8;2019;4;14;6;3;5;3;0;1;1;0;0;0;0;337010,060133174060000;5743228,814048402000000;6,635321858000054;51,816097762000027;0
105864;5;5;12;0;2019;4;17;6;3;0;1;0;1;0;0;0;0;0;353747,994480092080000;5712149,452081229500000;6,890987239000026;51,541470549000053;0
105868;5;3;70;24;2019;4;15;2;3;4;6;0;1;0;0;1;0;0;284668,035000000150000;5654000,292999999600000;5,931142727000065;50,997230579000075;0
105871;5;3;58;16;2019;4;15;6;3;2;7;0;1;0;0;0;0;0;319831,554735807700000;5618644,160934837500000;6,449087854000027;50,691684500000065;0
105875;5;3;78;20;2019;4;15;2;3;0;2;0;1;1;0;0;0;0;367482,206862866880000;5654996,073961097700000;7,110124488000054;51,031219103000069;0
105884;5;3;82;8;2019;4;18;6;3;0;7;0;1;0;0;0;0;1;378511,496097015220000;5613109,109701450900000;7,281229899000039;50,657148896000081;0
105890;5;3;62;20;2019;4;8;2;2;5;3;0;1;1;0;0;0;0;339602,314489462410000;5626556,509253542900000;6,725320259000057;50,768571217000044;0
105897;5;3;15;0;2019;4;10;2;3;0;6;0;1;1;0;0;0;0;356069,122138790790000;5649163,682233506800000;6,949778870000046;50,976060312000072;0