OBJECTID;ULAND;UREGBEZ;UKREIS;UGEMEINDE;UJAHR;UMONAT;USTUNDE;UWOCHENTAG;UKATEGORIE;UART;UTYP1;ULICHTVERH;IstRad;IstPKW;IstFuss;IstKrad;IstGkfz;IstSonstige;LINREFX;LINREFY;XGCSWGS84;YGCSWGS84;STRZUSTAND
105899;5;3;14;0;2019;4;22;2;3;0;6;2;1;0;0;0;0;0;369002,011156877500000;5621276,775799308000000;7,143870126000024;50,728500762000067;0
105900;5;1;62;4;2019;4;14;6;3;5;2;0;1;1;0;0;0;0;347476,092000001110000;5662902,503999998800000;6,821683819000043;51,097305097000060;0
105904;5;1;22;0;2019;4;13;6;2;0;7;0;1;0;0;0;0;0;370424,337999999520000;5667010,443000000000000;7,147750433000056;51,139871195000069;0
105905;5;1;58;26;2019;4;19;2;3;5;3;0;1;1;0;0;0;0;352570,178478822110000;5666053,044006349500000;6,893095438000046;51,126949009000043;0
105912;5;1;11;0;2019;4;18;6;3;0;7;0;1;0;0;0;0;0;342702,412460712720000;5677939,720060899900000;6,746986534000030;51,231129544000055;0
105913;5;7;74;36;2019;4;13;6;1;2;6;0;1;1;0;0;0;0;471974,776186925360000;5725246,884284140500000;8,594675279000057;51,677493533000074;0
105915;5;7;74;32;2019;4;15;6;3;0;1;0;1;0;0;0;0;0;479886,941063366830000;5733467,391543824200000;8,708631285000024;51,751745522000078;0
105917;5;7;74;24;2019;4;12;6;2;4;6;0;1;0;0;0;0;0;474381,685741251330000;5744785,415307126900000;8,628044290000048;51,853281960000061;0
105923;5;1;62;22;2019;4;9;2;2;5;3;0;1;1;0;0;0;0;334553,933331913310000;5683074,330441506600000;6,628004579000049;51,274957045000065;0
105925;5;1;62;22;2019;4;23;2;2;0;1;2;1;0;0;0;0;0;335089,077378511430000;5682255,708641447100000;6,636047536000035;51,267757327000027;0
105934;5;7;11;0;2019;4;19;6;2;6;7;0;1;0;1;0;0;0;469739,983636963180000;5763631,605433389500000;8,558994558000052;52,022491699000057;0
105935;5;1;13;0;2019;4;15;2;3;0;1;0;1;0;0;0;0;0;359616,410415357910000;5700261,531270872800000;6,980281668000032;51,436134178000032;0
105952;5;7;54;4;2019;4;17;2;3;0;6;0;1;1;0;0;0;0;449963,703826426530000;5770922,893518576400000;8,269729969000025;52,086610200000052;0
105956;5;9;15;0;2019;4;17;6;3;5;3;0;1;1;0;0;0;0;418802,696604438130000;5727894,154589794600000;7,825156452000044;51,696121383000047;0
105959;5;9;78;32;2019;4;20;2;3;5;1;0;1;1;0;0;0;0;393178,700000001120000;5729499,260999999900000;7,454039206000061;51,706256779000057;0
105970;5;9;58;4;2019;4;13;2;3;0;6;0;1;1;0;0;0;0;426932,078060328030000;5697157,417525213200000;7,949146108000036;51,420911850000039;0
105975;5;9;54;28;2019;4;14;2;3;0;1;0;1;0;0;0;0;0;381077,424017873590000;5686761,767833542100000;7,293402449000041;51,319711432000076;0
105985;5;5;70;28;2019;4;11;5;3;5;3;0;1;1;0;0;0;0;441048,079419111830000;5741483,288101295000000;8,144673724000029;51,821069706000060;0
105986;5;9;13;0;2019;4;13;2;2;0;1;0;1;0;0;0;0;0;400538,873789959590000;5714660,120131868900000;7,564739006000025;51,574225549000062;0
105988;5;9;78;24;2019;4;13;2;3;5;2;0;1;1;0;0;0;0;391820,373451082040000;5717493,485682822800000;7,438102896000032;51,598086921000061;0
105990;5;5;66;76;2019;4;10;5;3;5;2;0;1;1;0;0;0;0;394382,236676350240000;5793699,778727257600000;7,451669096000046;52,283501066000042;0
105991;5;9;11;0;2019;4;20;2;3;8;1;1;1;0;0;0;0;0;372621,484744695950000;5702387,085387354700000;7,166514159000030;51,458310442000027;0
105992;5;5;58;36;2019;4;15;5;3;5;3;0;1;1;0;0;0;0;388914,624493877400000;5729643,149105878500000;7,392307623000022;51,706722019000040;0
106002;5;5;13;0;2019;4;19;5;3;0;7;0;1;0;0;0;0;0;362506,252155799420000;5711108,438446631700000;7,017607493000071;51,534317266000073;0
106019;5;3;34;2;2019;4;8;5;3;0;1;0;1;0;0;0;0;0;297292,620691706430000;5629957,880064833900000;6,124152865000042;50,785884218000035;0
106024;5;5;66;12;2019;4;15;1;3;9;1;0;1;0;0;0;0;0;405932,602947876790000;5767113,882003210500000;7,628306926000050;52,046642391000034;0
106027;5;3;34;4;2019;4;13;5;3;0;1;0;1;0;0;0;0;0;299117,199098611250000;5641633,360639732300000;6,143604335000021;50,891383563000034;0
106032;5;3;82;44;2019;4;15;5;3;4;6;0;1;0;0;0;0;0;364625,400000001300000;5626862,278999999200000;7,079840259000036;50,777698965000070;0
106033;5;3;78;8;2019;4;7;5;3;5;3;0;1;1;0;0;0;0;370041,228321366010000;5661871,273415373600000;7,144128968000075;51,093595594000078;0
106035;5;3;62;4;2019;4;8;5;3;0;7;0;1;0;0;0;0;0;334953,371810328220000;5652997,526575496400000;6,647507883000060;51,004843237000046;0
106036;5;3;16;0;2019;4;11;5;2;6;6;0;1;0;1;0;0;0;361553,443516684700000;5659133,888927834100000;7,024042988000076;51,067008429000055;0
106039;5;3;15;0;2019;4;9;5;3;5;3;0;1;1;0;0;0;0;357779,622449439950000;5649017,049666719500000;6,974185035000062;50,975167512000041;0
106045;5;3;14;0;2019;4;12;5;3;5;3;0;1;0;0;0;0;1;364954,874575437980000;5623260,773394431900000;7,085832285000038;50,745406016000061;0
106048;5;1;70;24;2019;4;16;5;3;0;5;0;1;1;0;0;0;0;337431,394567321050000;5701785,476661764100000;6,660669377000033;51,443894975000035;0
106050;5;1;54;4;2019;4;21;5;2;0;1;2;1;0;0;0;0;0;305125,177917357530000;5739822,654905654500000;6,175202915000057;51,775304629000061;1
106054;5;1;62;16;2019;4;17;5;3;5;3;0;1;1;0;0;0;0;332851,055318446830000;5676764,183655869200000;6,606559353000023;51,217768107000040;0
106058;5;1;13;0;2019;4;15;5;3;1;7;0;1;0;0;0;0;1;369822,311304878440000;5697519,425106085800000;7,128035292000050;51,413927908000062;0
106060;5;9;62;56;2019;4;15;2;3;0;1;0;1;0;0;0;0;0;398702,451590803450000;5677458,432147337100000;7,548873305000029;51,239493913000047;0
106061;5;9;78;24;2019;4;15;2;3;0;6;0;1;1;0;0;0;0;401788,657000000590000;5716860,564000001200000;7,582152271000041;51,594224119000046;0
106064;5;9;13;0;2019;4;16;2;3;5;3;0;1;1;0;0;0;0;393092,091472265310000;5707840,941037893300000;7,459391224000058;51,511568967000073;0
106065;5;1;12;0;2019;4;16;5;3;3;6;0;1;1;0;0;0;0;345182,339764638800000;5698222,641204938300000;6,773668198000053;51,414054463000070;0
106082;5;7;62;16;2019;4;12;5;3;5;3;0;1;1;0;0;0;0;512481,243408497420000;5728712,117221197100000;9,180640343000050;51,709211347000064;0
106091;5;7;54;44;2019;4;18;5;2;0;1;0;1;0;0;0;0;0;465489,826570031230000;5749001,069563927100000;8,498525450000045;51,890705116000049;0
106092;5;5;54;4;2019;4;5;1;2;4;6;2;1;1;0;0;0;0;357616,287000000480000;5776604,173000000400000;6,920211734000077;52,121608763000040;0
106095;5;7;54;32;2019;4;18;5;3;4;6;0;1;0;0;0;0;0;461728,649106482980000;5742858,828585051000000;8,444554180000068;51,835236214000076;0
106096;5;5;62;28;2019;4;1;1;2;0;1;2;1;0;0;0;0;0;378091,216365940870000;5722819,066106822300000;7,238123372000075;51,643145446000062;1
106103;5;3;78;16;2019;4;17;1;3;8;1;0;1;0;0;0;0;0;363940,449630621820000;5664541,118147017400000;7,056052978000025;51,116174952000051;0
106115;5;3;15;0;2019;4;14;1;2;0;1;0;1;0;0;0;0;0;354058,763406602670000;5642116,633109977500000;6,923985955000035;50,912224845000026;1
106120;5;9;15;0;2019;4;19;5;3;6;4;0;1;0;1;0;0;0;417064,167746546680000;5725229,197747407500000;7,800640800000053;51,671910625000066;0
106127;5;9;13;0;2019;4;13;5;3;5;3;0;1;1;0;0;0;0;389909,721044743430000;5707395,942903935900000;7,413688887000035;51,506958074000067;0
106128;5;1;66;4;2019;4;11;1;2;0;1;0;1;0;0;0;0;0;304595,366088869980000;5686251,375365482600000;6,197260737000022;51,294007327000031;0
106132;5;1;62;22;2019;4;19;1;3;5;2;0;1;1;0;0;0;0;338985,797000000250000;5679969,758000003200000;6,692885565000040;51,248332658000038;0
106137;5;1;12;0;2019;4;16;1;3;0;1;0;1;0;0;0;0;0;343414,893999801950000;5710388,633077081300000;6,742883041000027;51,522878251000066;0
106139;5;1;11;0;2019;4;12;1;3;0;6;0;1;0;0;0;0;0;345708,425999999980000;5682932,377000004100000;6,787854978000041;51,276811201000044;0
106142;5;1;11;0;2019;4;18;1;3;6;4;0;1;0;1;0;0;0;340658,470022111200000;5678313,766303727400000;6,717569026000035;51,233923349000065;0
106155;5;9;74;48;2019;4;11;1;3;7;1;0;1;0;0;0;0;0;429753,359780716710000;5717769,709028318500000;7,985606533000066;51,606579258000068;0
106162;5;9;78;24;2019;4;21;1;3;4;2;2;1;1;0;0;0;0;397471,504000000660000;5719870,114000000100000;7,518968644000040;51,620506428000056;0
106165;5;5;66;76;2019;4;15;4;2;4;2;0;1;0;0;0;0;1;395242,588681200520000;5789768,656375315000000;7,465497179000067;52,248335466000071;0
106168;5;5;66;76;2019;4;5;4;3;5;3;0;1;1;0;0;0;0;395078,092000001110000;5791910,353000000100000;7,462422901000025;52,267552250000051;0
106172;5;5;58;16;2019;4;11;4;3;5;3;0;1;1;0;0;0;0;382102,957999999630000;5744734,537000000500000;7,288647260000062;51,840962993000062;0
106173;5;5;15;0;2019;4;19;4;3;0;4;0;1;0;1;0;0;0;404335,443492715250000;5759047,107566122000000;7,607277695000050;51,973862612000062;0
106176;5;5;15;0;2019;4;14;4;3;0;4;0;1;0;1;0;0;0;405151,402519047260000;5757194,547400564000000;7,619664715000056;51,957350924000082;0
106178;5;5;62;8;2019;4;23;4;2;5;1;2;1;1;0;0;0;0;385214,773544534110000;5723306,703148964800000;7,340868049000051;51,649027383000032;1
106183;5;5;62;24;2019;4;15;4;3;0;7;0;1;0;0;0;0;0;370488,215411366890000;5725510,639862008400000;7,127306037000039;51,665634254000054;0
106186;5;5;66;72;2019;4;11;7;2;5;3;0;1;1;0;0;0;0;412860,300069424320000;5802874,761792574100000;7,720094166000024;52,369208255000046;0
106188;5;5;66;96;2019;4;16;7;2;5;3;0;1;1;0;0;0;0;384119,682845756410000;5788350,443582449100000;7,303127204000020;52,233360833000063;0
106190;5;5;62;20;2019;4;19;4;2;0;1;1;1;0;0;0;0;0;371850,837303175590000;5718159,865897927400000;7,149688608000076;51,599886558000037;1
106191;5;5;66;4;2019;4;17;7;3;5;3;0;1;1;0;0;0;0;393956,573959614150000;5763942,417782448200000;7,454720172000066;52,015976714000033;1
106200;5;5;15;0;2019;4;19;7;2;6;4;0;1;0;1;0;0;0;405849,646077803340000;5756856,063087830300000;7,629915883000024;51,954427137000039;0
106203;5;3;34;36;2019;4;20;4;3;5;3;2;1;1;0;0;0;0;300354,932368157430000;5634202,441951915600000;6,165233386000068;50,825070445000051;1
106216;5;3;74;52;2019;4;18;4;3;5;2;0;1;1;0;0;0;0;387988,859599398450000;5663963,084691252600000;7,399664498000050;51,116185290000033;0
106220;5;3;66;16;2019;4;16;4;3;5;2;0;1;1;0;0;0;0;346204,494117984550000;5612580,656043693400000;6,824697286000060;50,644765784000072;0
106225;5;3;15;0;2019;4;13;7;2;8;1;0;1;0;0;0;0;0;354059,515714813960000;5642117,728729540500000;6,923996211000031;50,912234881000074;1
106228;5;3;16;0;2019;4;19;4;3;6;6;1;1;0;1;0;0;0;359151,997767603020000;5653411,123725391900000;6,992016370000044;51,014994272000081;1
106232;5;3;15;0;2019;4;12;4;3;5;5;0;1;1;0;0;0;0;356307,747672179710000;5647897,170944180300000;6,953676047000045;50,964738014000034;0
106236;5;1;70;16;2019;4;15;4;3;5;2;0;1;1;0;1;0;0;345043,789064071140000;5724077,119628967700000;6,760302105000051;51,646314979000067;0
106244;5;1;22;0;2019;4;20;7;3;5;3;0;1;1;0;0;0;0;365091,238652227450000;5670783,191592594600000;7,070146124000075;51,172545668000055;0
106245;5;1;70;44;2019;4;8;4;2;5;3;0;1;1;0;0;0;0;336121,052296124400000;5721894,849054299300000;6,632472098000051;51,624180442000068;0
106250;5;1;13;0;2019;4;9;7;3;2;2;0;1;1;0;0;0;0;359643,687433869580000;5703907,467290962100000;6,979227317000039;51,468904073000033;1
106260;5;7;54;8;2019;4;20;7;3;5;3;2;1;0;0;0;0;1;457483,784168650400000;5750661,455098507900000;8,381989807000025;51,905079752000063;0
106261;5;1;66;36;2019;4;14;4;3;0;1;0;1;0;0;0;0;0;327912,367318696340000;5679476,045431982700000;6,534608182000056;51,240663954000070;0
106265;5;9;74;28;2019;4;15;7;2;0;7;0;1;0;0;0;0;0;459091,301444745620000;5727584,581718351700000;8,408078430000046;51,697721002000037;1
106276;5;1;22;0;2019;4;18;4;3;0;7;0;1;0;0;0;0;1;366420,897251524030000;5670025,130827358000000;7,089436964000072;51,166044935000059;0
106277;5;9;13;0;2019;4;17;7;2;0;7;0;1;0;1;0;0;0;392573,406143827360000;5706621,821771284600000;7,452290950000077;51,500512608000065;1
106280;5;1;13;0;2019;4;15;4;2;5;2;0;1;1;0;0;0;0;361885,969307359310000;5706988,785042414400000;7,010284253000066;51,497145533000037;0
106284;5;1;12;0;2019;4;20;4;3;5;2;1;1;1;0;0;0;0;343667,851365205830000;5697665,964018486400000;6,752152662000071;51,408637212000031;1
106286;5;1;11;0;2019;4;14;4;3;3;6;0;1;1;0;0;0;0;345129,602820361030000;5675507,321823697500000;6,782774365000023;51,209937260000061;0
106287;5;1;11;0;2019;4;14;4;3;5;3;0;1;1;0;0;0;0;348620,337991662320000;5674676,667121326600000;6,833061687000054;51,203409122000039;0
106293;5;1;11;0;2019;4;8;4;3;5;3;0;1;1;0;0;0;0;346759,596998078750000;5675376,390373941500000;6,806147912000029;51,209200438000039;0
106298;5;7;74;12;2019;4;19;4;3;8;1;0;1;0;0;0;0;0;480996,181360072460000;5723021,554667377800000;8,725269600000047;51,657862512000065;0
106299;5;5;70;44;2019;4;17;6;3;5;3;0;1;1;0;0;0;0;417436,050999999050000;5760092,600000001500000;7,797700925000072;51,985361389000047;0
106301;5;5;70;44;2019;4;16;6;2;5;2;0;1;1;0;0;0;0;415488,492000000550000;5759703,191000001500000;7,769443434000039;51,981568146000029;0
106303;5;5;66;96;2019;4;7;6;2;5;2;0;1;1;0;0;0;0;385054,579065639530000;5785573,223580751600000;7,317754338000043;52,208598644000062;1
106305;5;7;58;16;2019;4;12;4;3;5;3;0;1;1;0;0;0;0;473961,321257122790000;5780547,251271680000000;8,619221405000076;52,174787865000042;0
106308;5;5;66;64;2019;4;6;6;3;5;3;0;1;1;0;0;0;0;395448,125100257810000;5773245,741494400400000;7,473599016000037;52,099875063000070;0
106310;5;5;58;16;2019;4;16;6;3;5;3;0;1;1;0;0;0;0;381772,212999999520000;5744188,387000000100000;7,284035251000034;51,835984720000056;0
106318;5;7;66;20;2019;4;17;4;3;5;3;0;1;1;0;0;0;0;491183,336126212030000;5753892,427452709500000;8,871755515000075;51,935682342000064;0
106322;5;5;62;14;2019;4;11;6;3;6;6;0;1;0;1;0;0;0;360070,176428434440000;5715708,337800644300000;6,980677056000047;51,575053703000037;0
106326;5;9;78;28;2019;4;13;4;3;0;2;0;1;1;0;0;0;0;400650,067995732650000;5700210,987599529300000;7,570414517000074;51,444363292000048;0
106337;5;9;74;40;2019;4;15;4;1;5;3;0;1;1;0;0;0;0;431748,892607826740000;5711287,100778333800000;8,015678169000069;51,548544238000034;0
106340;5;9;70;44;2019;4;17;4;3;1;6;0;1;1;0;0;0;0;436921,069525082600000;5629766,222930904500000;8,104576473000066;50,816183743000067;0
106344;5;3;15;0;2019;4;18;6;3;1;5;0;1;0;0;1;0;1;359642,665647890420000;5644815,091547301000000;7,002325608000035;50,937861210000051;0
106349;5;3;15;0;2019;4;21;6;3;5;3;1;1;1;0;0;0;0;355236,155681532810000;5651547,460862629100000;6,936972158000060;50,997273801000063;0
106352;5;3;15;0;2019;4;3;6;3;0;1;2;1;0;0;0;0;0;353133,484564493410000;5643931,793719040200000;6,910102278000068;50,928302339000027;1
106354;5;3;15;0;2019;4;16;6;3;7;7;0;1;0;0;0;0;0;350836,851940062830000;5643575,690837971900000;6,877590869000073;50,924512962000051;0
106357;5;3;15;0;2019;4;8;6;3;5;3;0;1;1;0;0;0;0;356330,212999999520000;5641106,024000000200000;6,956672996000066;50,903712458000030;0
106371;5;9;78;24;2019;4;19;4;3;5;7;0;1;1;0;0;0;0;399072,044178773650000;5716432,594496510900000;7,543069909000053;51,589897065000059;0
106373;5;1;62;24;2019;4;17;6;3;5;2;0;1;0;0;0;0;1;339009,971528477970000;5669311,332955593200000;6,698012063000022;51,152574483000080;0
106414;5;5;70;28;2019;4;7;3;3;5;3;0;1;1;0;0;0;0;445290,792058019900000;5743178,519807912400000;8,205956133000029;51,836741977000031;0
106418;5;5;66;72;2019;4;19;3;3;5;3;0;1;1;0;0;0;0;412735,939000000250000;5801909,412000000500000;7,718519163000053;52,360511756000051;0
106428;5;9;66;8;2019;4;23;6;2;0;1;2;1;0;0;0;0;0;414431,488000001760000;5657724,112000003500000;7,778829957000028;51,064654502000053;0
106431;5;5;62;36;2019;4;15;3;3;5;3;0;1;1;0;0;0;0;389123,877999999560000;5720573,906000001400000;7,398212659000024;51,625249517000043;0
106436;5;9;11;0;2019;4;17;6;3;5;3;0;1;1;0;0;0;0;370190,567670638670000;5703635,086573101600000;7,131085129000041;51,468974009000078;0
106452;5;3;34;2;2019;4;21;3;3;5;3;2;1;1;0;0;0;0;293467,795872392130000;5628358,805554755000000;6,070862401000056;50,770173163000038;0
106454;5;3;34;2;2019;4;18;3;2;5;3;0;1;1;0;0;0;0;293826,041601014320000;5626136,779912775400000;6,077180605000024;50,750344220000045;0
106467;5;5;58;12;2019;4;15;5;1;5;3;0;1;1;0;0;0;0;377190,169250162320000;5749374,564566398000000;7,215722099000061;51,881603209000048;0
106472;5;5;54;8;2019;4;7;5;3;5;3;0;1;1;0;0;0;0;335257,675897353330000;5745848,707033703100000;6,608675107000067;51,839119550000078;0
106473;5;5;15;0;2019;4;14;5;3;2;3;0;1;1;0;0;0;0;405946,016000000760000;5756806,165000002800000;7,631331492000072;51,953994937000061;0
106476;5;5;15;0;2019;4;17;5;3;0;1;0;1;0;0;0;0;0;406302,079294522290000;5757680,310111220900000;7,636272898000073;51,961912273000053;0
106478;5;5;15;0;2019;4;14;5;3;1;5;0;1;1;0;0;0;0;406553,379682548340000;5758759,490385118900000;7,639635632000022;51,971654751000074;0
106479;5;3;15;0;2019;4;20;3;3;3;6;1;1;0;0;0;0;0;366314,034469536510000;5642657,343603231000000;7,098011659000065;50,920053407000069;0
106482;5;5;62;12;2019;4;17;5;3;5;2;0;1;1;0;0;0;0;359391,968999999580000;5725432,746000001200000;6,966994166000063;51,662267424000049;0
106485;5;3;15;0;2019;4;9;3;3;0;1;0;1;0;0;0;0;0;353936,721624577420000;5646738,187825260700000;6,920398992000060;50,953726408000080;0
106487;5;5;62;32;2019;4;13;5;2;0;1;0;1;0;0;0;0;0;372876,154086646620000;5718576,182366505300000;7,164333768000063;51,603860327000064;0
106504;5;3;16;0;2019;5;11;7;3;5;3;0;1;1;0;0;0;0;363950,752803133800000;5658934,644647250000000;7,058311936000052;51,065790982000067;1
106512;5;3;66;44;2019;5;18;4;2;5;3;0;1;1;0;0;0;0;334213,706010759810000;5618404,052327537900000;6,652634904000024;50,693803727000045;0
106516;5;3;66;16;2019;5;17;4;2;5;3;0;1;1;0;0;0;0;341010,197000001560000;5613198,130999999100000;6,751022841000065;50,648920384000064;0
106518;5;1;58;16;2019;5;19;7;2;0;7;0;1;0;0;0;0;0;355376,406200324190000;5670392,297548322000000;6,931427644000053;51,166658733000077;1
106522;5;3;15;0;2019;5;6;4;3;6;4;1;1;0;1;0;0;0;355277,559213493950000;5645278,938394991700000;6,940056059000028;50,940950737000037;0
106528;5;1;19;0;2019;5;13;4;3;0;1;0;1;0;0;0;0;0;350562,133903756740000;5704724,358251543700000;6,848226807000060;51,473918923000042;0
106538;5;1;13;0;2019;5;16;4;3;3;6;0;1;0;0;0;0;0;365049,615795208140000;5700063,881304688800000;7,058476069000051;51,435678250000080;0
106541;5;7;74;36;2019;5;17;4;3;6;4;0;1;1;1;0;0;0;473295,269672293220000;5724901,777685685100000;8,613799298000060;51,674454936000075;0
106547;5;1;12;0;2019;5;21;7;3;5;3;2;1;1;0;0;0;0;344144,956100004730000;5703956,644635049600000;6,756238287000031;51,465289872000028;1
106548;5;7;62;8;2019;5;11;4;2;7;1;0;1;0;0;0;0;0;526963,356796275820000;5724633,234903346700000;9,389920101000030;51,672028044000058;0
106552;5;7;54;32;2019;5;18;4;3;0;1;0;1;0;0;0;0;0;466931,342291436160000;5739932,036719663100000;8,520339185000069;51,809253986000044;0
106555;5;7;66;20;2019;5;13;4;3;0;7;0;1;1;0;0;0;0;491242,250943413940000;5753107,845575843000000;8,872632442000054;51,928629065000052;0
106556;5;1;11;0;2019;5;22;7;3;3;2;2;1;1;0;0;0;0;345530,630938927640000;5679280,570763189300000;6,786884861000033;51,243950166000047;1
106573;5;9;74;52;2019;5;17;7;3;0;1;0;1;0;0;0;0;0;424998,753189859910000;5711625,022959150400000;7,918273005000060;51,550725263000061;0
106589;5;9;78;24;2019;5;21;7;3;0;1;2;1;0;0;0;0;0;397471,504000000660000;5719870,114000000100000;7,518968644000040;51,620506428000056;0
106591;5;9;11;0;2019;5;11;7;3;0;1;0;1;0;0;0;0;0;382906,176910430190000;5703676,990706568600000;7,314052773000071;51,472124900000040;0
106602;5;5;70;4;2019;4;21;3;3;1;3;1;1;1;0;0;0;0;423931,090901042330000;5734221,881362548100000;7,897961530000032;51,753724369000054;0
106613;5;5;66;60;2019;5;13;6;3;5;3;0;1;0;0;0;0;1;388708,245336540040000;5788706,487961247600000;7,370171710000022;52,237507177000055;0
106614;5;5;15;0;2019;4;8;3;3;5;3;0;1;1;0;0;0;0;401648,180000000630000;5755592,414000000800000;7,569157521000022;51,942342003000078;0
106615;5;5;62;16;2019;4;16;3;2;4;6;0;1;0;0;0;0;0;373233,725025209600000;5733372,440839331600000;7,164124946000072;51,736912817000075;0
106622;5;5;54;8;2019;5;17;6;3;5;3;0;1;1;0;0;0;0;335938,507000000220000;5747353,710999999200000;6,617834530000039;51,852840046000040;0
106623;5;5;62;14;2019;4;16;3;3;5;3;0;1;1;0;0;0;0;358305,834767077120000;5716341,850145554200000;6,954977665000058;51,580305675000034;0
106625;5;5;15;0;2019;5;23;6;2;0;7;2;1;0;0;0;0;0;406352,950800072400000;5757350,155783591800000;7,637103093000064;51,958953260000044;1
106627;5;5;15;0;2019;5;16;6;3;3;6;0;1;0;0;0;0;0;406029,683000001130000;5756779,374000001700000;7,632555962000026;51,953768271000058;0
106630;5;5;15;0;2019;5;7;6;2;0;1;0;1;0;0;0;0;0;404038,907505241220000;5753657,749028220800000;7,604466685000034;51,925369973000045;0
106634;5;5;62;24;2019;5;17;6;3;5;2;0;1;1;0;0;0;0;366728,613684636540000;5724810,990947892900000;7,073242983000057;51,658467855000026;0
106635;5;3;34;2;2019;4;17;3;3;5;2;0;1;1;0;0;0;0;293592,318000000900000;5628649,613000001800000;6,072462815000051;50,772829248000050;0
106637;5;3;34;2;2019;4;16;3;3;3;6;0;1;0;0;1;0;0;294336,720311039130000;5629709,925181800500000;6,082413293000059;50,782616474000065;0
106656;5;3;62;28;2019;5;12;6;3;5;2;0;1;1;0;0;0;0;351194,659329162910000;5640314,079966422200000;6,884008219000066;50,895294901000057;0
106657;5;3;16;0;2019;4;10;3;3;3;6;0;1;1;0;0;0;0;360919,272635994480000;5657157,072085790300000;7,015757461000021;51,049089450000054;0
106665;5;3;15;0;2019;4;14;3;3;3;2;0;1;1;0;0;0;0;363265,199529712090000;5649227,491151811600000;7,052194257000053;50,978387429000065;0
106667;5;3;15;0;2019;5;14;6;3;1;1;0;1;1;0;0;0;0;353660,430000000630000;5646360,133000001300000;6,916619982000043;50,950258884000050;0
106668;5;3;15;0;2019;4;12;3;3;5;3;0;1;1;0;0;0;0;356113,639947054910000;5648975,870571382300000;6,950486895000040;50,974383614000033;0
106671;5;3;14;0;2019;5;8;6;2;5;3;0;1;1;0;0;0;0;370697,066973047330000;5615446,658914968400000;7,169915950000075;50,676477309000063;0
106672;5;3;15;0;2019;4;18;3;3;5;3;0;1;1;0;0;0;0;354348,609000000170000;5645495,486999999700000;6,926756251000029;50,942662885000061;0
106673;5;3;14;0;2019;5;16;6;3;3;5;0;1;1;0;0;0;0;366477,151381888430000;5621589,771361697500000;7,108002277000026;50,730739145000030;0
106674;5;3;15;0;2019;4;15;3;3;0;7;0;1;0;0;0;0;0;353381,429061509670000;5646662,865291656900000;6,912528855000062;50,952908518000072;0
106684;5;9;13;0;2019;5;11;1;3;0;7;0;1;1;0;0;0;0;384742,353681230920000;5708812,837262312000000;7,338800983000056;51,518662694000056;1
106685;5;1;54;16;2019;4;16;3;3;5;3;0;1;1;0;0;0;0;302705,772800585260000;5729081,245410438600000;6,146264363000057;51,677997271000038;0
106688;5;1;54;52;2019;4;10;3;2;5;3;0;1;1;0;0;0;0;311896,372402647510000;5701425,554484056300000;6,293827243000067;51,432759160000046;0
106694;5;1;54;40;2019;5;16;6;3;5;3;0;1;1;0;0;0;0;290851,628000001420000;5743731,698000000800000;5,966247366000061;51,805252642000028;0
106695;5;1;66;28;2019;4;18;3;2;0;1;0;1;0;0;0;0;0;326065,384704862720000;5688481,858137948400000;6,503790397000046;51,321007958000052;0
106699;5;1;16;0;2019;5;22;6;3;5;3;2;1;1;0;0;0;0;321143,376338388770000;5673388,962849875900000;6,440769954000075;51,183900820000076;1
106711;5;1;14;0;2019;4;15;3;3;0;1;0;1;0;0;0;0;1;336253,995365500450000;5692465,147012002800000;6,648043397000038;51,359819345000062;0
106722;5;1;11;0;2019;5;21;6;3;5;3;2;1;1;0;0;0;0;346621,613228755070000;5676160,140565747400000;6,803838894000023;51,216205835000039;1
106731;5;1;12;0;2019;4;18;3;3;3;5;0;1;1;0;0;0;0;343823,857891548420000;5698724,256773715800000;6,753927840000074;51,418188901000065;0
106733;5;1;12;0;2019;4;15;3;3;1;3;0;1;1;0;0;0;0;346360,737565116030000;5702009,147057486700000;6,788957959000072;51,448397271000033;0
106736;5;7;74;40;2019;4;9;3;2;0;7;0;1;0;0;0;0;0;482407,158652241340000;5707271,914760300900000;8,746456759000068;51,516295484000068;0
106750;5;7;74;12;2019;4;11;3;3;8;1;0;1;0;0;0;0;0;487447,543999999760000;5723491,405000001200000;8,818516791000036;51,662268265000080;1
106752;5;7;70;44;2019;4;19;3;3;3;6;0;1;1;0;0;0;0;454618,006000000980000;5810088,582000004100000;8,332386240000062;52,439108953000073;0
106755;5;9;15;0;2019;5;14;6;3;0;2;0;1;0;0;1;0;0;415613,180554830470000;5725759,910233581400000;7,779534499000022;51,676465325000038;0
106757;5;9;15;0;2019;5;16;6;3;0;3;0;1;0;0;0;0;0;418912,042579818520000;5726497,664277227600000;7,827062767000030;51,683583373000033;0
106759;5;7;62;36;2019;4;8;3;2;8;1;0;1;0;0;0;0;0;503524,965865653010000;5708612,930157536600000;9,050814524000032;51,528616460000080;0
106774;5;7;54;40;2019;4;16;3;2;5;2;0;1;1;0;0;0;0;459315,524577276780000;5761289,982924228500000;8,407355747000054;52,000772856000026;0