OBJECTID;ULAND;UREGBEZ;UKREIS;UGEMEINDE;UJAHR;UMONAT;USTUNDE;UWOCHENTAG;UKATEGORIE;UART;UTYP1;ULICHTVERH;IstRad;IstPKW;IstFuss;IstKrad;IstGkfz;IstSonstige;LINREFX;LINREFY;XGCSWGS84;YGCSWGS84;STRZUSTAND
106775;5;7;54;40;2019;4;15;3;2;5;2;0;1;0;0;0;1;0;460695,378413544040000;5762147,742422457800000;8,427356342000053;52,008583950000059;0
106777;5;7;54;8;2019;4;7;3;3;7;1;0;1;0;0;0;0;0;457439,062256196510000;5751699,645409941700000;8,381211507000046;51,914410262000047;0
106780;5;7;11;0;2019;4;16;3;3;0;6;0;1;1;0;0;0;0;469247,741015538570000;5761769,455662669600000;8,551988165000068;52,005722671000058;0
106784;5;7;11;0;2019;4;7;3;3;0;1;0;1;0;0;0;0;0;466756,385000000710000;5764331,395999999700000;8,515445606000071;52,028612460000033;0
106787;5;9;78;28;2019;4;18;3;3;5;2;0;1;1;0;0;0;0;398456,790650758890000;5699594,088450312600000;7,539042464000033;51,438429047000056;0
106788;5;9;78;28;2019;4;14;3;2;0;1;0;1;0;0;0;0;0;399545,189539316110000;5698248,130797127300000;7,555078256000058;51,426524339000082;0
106790;5;9;78;16;2019;4;15;3;3;0;7;0;1;0;0;0;0;0;404014,061736270790000;5705529,449610045200000;7,617360445000031;51,492751942000041;0
106815;5;5;15;0;2019;5;18;5;3;3;6;0;1;1;0;0;0;0;406010,524372266610000;5758954,663197707400000;7,631681913000023;51,973317510000072;1
106821;5;9;15;0;2019;4;14;3;3;5;2;0;1;1;0;0;0;0;413964,214098669590000;5724226,571090104100000;7,756069553000032;51,662431439000045;0
106831;5;3;34;12;2019;5;18;5;3;1;3;0;1;1;0;0;0;0;304824,178000001240000;5633627,481000000600000;6,228918116000045;50,821429699000078;1
106843;5;3;82;68;2019;5;14;5;3;5;3;0;1;1;0;0;0;0;366840,278421896510000;5629216,822250744300000;7,110384592000060;50,799374248000049;0
106846;5;3;82;44;2019;5;14;5;3;5;3;0;1;1;0;0;0;0;361217,710934291590000;5632315,608510151500000;7,029474447000041;50,825905242000033;0
106848;5;3;74;16;2019;5;16;5;2;6;4;0;1;0;1;0;0;0;385557,240477968010000;5670691,779030697400000;7,362799396000071;51,176186358000052;0
106859;5;3;16;0;2019;5;16;5;3;5;3;0;1;1;0;0;0;0;364004,546000001020000;5656952,576999999600000;7,059824054000046;51,047990392000031;0
106866;5;5;66;44;2019;4;8;2;3;5;3;0;1;1;0;0;0;0;430205,240000000220000;5777702,530000001200000;7,980011273000059;52,145415933000038;0
106867;5;3;15;0;2019;5;14;5;3;3;6;0;1;1;0;0;0;0;347499,326999999580000;5645764,311000000700000;6,829222197000036;50,943307692000076;0
106868;5;5;66;92;2019;4;12;2;3;5;2;0;1;1;0;0;0;0;423174,079891430210000;5796632,208371127000000;7,872976469000037;52,314639146000047;0
106872;5;5;66;76;2019;4;8;2;2;5;3;0;1;1;0;0;0;0;394834,090564803220000;5793795,317220928100000;7,458260751000069;52,284446341000034;0
106876;5;3;15;0;2019;5;9;5;3;6;7;0;1;0;1;0;0;0;355274,701610537250000;5645261,284670824200000;6,940022426000041;50,940791370000056;0
106877;5;5;15;0;2019;4;13;2;3;6;6;0;1;0;1;0;0;0;406273,174750276840000;5757401,133201291800000;7,635928515000046;51,959398028000066;0
106878;5;3;15;0;2019;5;19;5;3;5;2;0;1;1;0;0;0;0;354735,102378386070000;5644621,010159162800000;6,932602531000043;50,934901701000058;1
106880;5;5;15;0;2019;4;7;2;3;1;5;0;1;0;0;0;0;0;404589,786517437550000;5755718,559804853100000;7,611903832000053;51,943988089000072;0
106881;5;3;15;0;2019;5;18;5;3;0;1;1;1;0;0;0;0;0;355360,396305608560000;5643987,406433736900000;6,941746944000045;50,929364795000026;1
106882;5;5;62;8;2019;4;17;2;3;5;2;0;1;1;0;0;0;0;383652,149681622160000;5720015,585338827200000;7,319385778000026;51,619126783000070;1
106887;5;1;58;16;2019;5;9;5;3;4;6;0;1;0;0;0;0;0;355945,137393647800000;5669034,216592399400000;6,940100460000053;51,154597945000035;0
106904;5;3;78;4;2019;4;15;2;3;0;5;0;1;1;0;0;0;0;368914,696698784830000;5651482,200489267700000;7,131811797000069;50,999966013000062;0
106912;5;1;16;0;2019;5;15;5;2;5;2;0;1;1;0;0;0;0;322911,578170841560000;5676226,795862393500000;6,464644462000024;51,209944633000077;0
106915;5;3;62;20;2019;4;7;2;3;0;1;0;1;0;0;0;0;0;344305,675571321510000;5629829,648950971700000;6,790580879000061;50,799265466000065;1
106924;5;3;15;0;2019;4;13;2;3;5;3;0;1;1;0;0;0;0;356573,599000001330000;5647115,222000001000000;6,957767682000053;50,957777010000029;0
106926;5;3;15;0;2019;4;16;2;3;0;5;0;1;1;0;0;0;0;349818,845064605590000;5645091,585924482000000;6,862492045000067;50,937871223000059;0
106928;5;3;15;0;2019;4;12;2;3;0;7;0;1;0;0;0;0;0;350300,367999999780000;5643419,644000003100000;6,870027048000054;50,922971710000070;0
106930;5;3;15;0;2019;4;13;2;2;5;2;0;1;0;0;0;1;0;353515,351838448080000;5646170,197064612100000;6,914632432000076;50,948515152000027;0
106935;5;3;15;0;2019;4;21;2;3;0;7;2;1;0;0;0;0;0;355081,152737022380000;5644788,078659677900000;6,937457633000065;50,936490167000045;0
106936;5;1;11;0;2019;5;10;5;3;3;2;0;1;1;0;0;0;0;342558,074000000950000;5678691,545000001800000;6,744590438000046;51,237845015000062;0
106940;5;3;14;0;2019;4;15;2;3;5;2;0;1;1;0;0;0;0;364544,114416156900000;5623676,169837912500000;7,079860774000053;50,749043844000028;0
106948;5;7;70;20;2019;5;17;5;2;5;3;0;1;1;0;0;0;0;474258,986999999730000;5795132,530000001200000;8,622463147000076;52,305929252000055;1
106953;5;1;62;24;2019;4;14;2;3;5;3;0;1;0;0;0;0;1;337891,810873012990000;5674328,545989541300000;6,679774956000074;51,197337797000046;0
106954;5;7;54;4;2019;5;7;5;3;0;6;0;1;1;0;0;0;0;451379,937537630090000;5771755,604757580900000;8,290279113000054;52,094222604000038;0
106957;5;1;24;0;2019;4;15;2;3;5;3;0;1;1;0;0;0;0;376362,917513246650000;5683124,952103409900000;7,227041262000057;51,286019657000054;0
106958;5;1;17;0;2019;4;7;2;3;5;7;0;1;1;0;0;0;0;355918,499036979860000;5700176,042257525000000;6,927151026000047;51,434437621000029;0
106959;5;5;15;0;2019;5;7;7;3;5;3;0;1;1;0;0;0;0;404642,243375947700000;5755256,086377158800000;7,612795023000047;51,939840182000069;0
106960;5;5;62;28;2019;5;11;7;3;5;2;0;1;1;0;0;0;0;380562,470787531700000;5721706,997479964000000;7,274200858000029;51,633681105000051;0
106976;5;9;15;0;2019;5;5;5;3;5;3;1;1;1;0;0;0;0;414804,272035496310000;5724552,447777584200000;7,768132865000041;51,665488863000064;0
106982;5;9;13;0;2019;5;17;5;2;5;2;0;1;1;0;0;0;0;394402,046845071950000;5708122,878348635500000;7,478176823000069;51,514349526000046;1
106986;5;1;11;0;2019;4;11;2;3;1;5;0;1;1;0;0;0;0;345981,674112269650000;5677266,142046421800000;6,794207998000047;51,225971547000029;0
106997;5;7;58;24;2019;4;15;2;3;5;3;0;1;1;0;0;0;0;483137,504780689250000;5785307,687637757500000;8,753171353000028;52,217943690000027;1
106999;5;7;58;8;2019;4;13;2;3;5;3;0;1;1;0;0;0;0;471426,742000001480000;5777476,094000004200000;8,582416308000063;52,147051267000052;1
107004;5;7;54;28;2019;4;17;2;3;0;1;0;1;0;0;0;0;0;451552,956032847990000;5742519,510528771200000;8,296928954000066;51,831395525000062;1
107006;5;7;66;40;2019;4;11;2;3;5;2;0;1;1;0;0;0;0;485526,446020090950000;5760509,028706092400000;8,789193708000028;51,995053496000025;0
107009;5;7;66;20;2019;4;8;2;2;5;2;0;1;1;0;0;0;0;491380,855898567480000;5753697,733540289100000;8,874633448000054;51,933934936000071;0
107019;5;5;66;44;2019;5;3;4;3;0;7;2;1;0;0;0;0;0;421546,811431327830000;5773667,138005862000000;7,854432565000025;52,107979954000029;0
107020;5;9;74;28;2019;4;13;2;2;0;7;0;1;0;0;0;0;0;453766,557400503200000;5725390,588686896500000;8,331328961000054;51,677581792000069;0
107028;5;5;54;24;2019;5;18;4;3;8;1;0;1;0;0;0;0;0;372148,532166179270000;5777955,435312947300000;7,131846173000042;52,137303132000056;0
107035;5;5;12;0;2019;5;16;4;3;5;3;0;1;1;0;0;0;0;356044,870042837220000;5718851,101368015600000;6,921339612000054;51,602280061000044;0
107036;5;9;62;24;2019;4;12;2;3;0;1;0;1;0;0;0;0;0;404695,256000000050000;5700835,737000001600000;7,628435745000047;51,450674510000056;0
107039;5;7;11;0;2019;5;16;1;3;0;7;0;1;0;0;0;0;1;468685,762999999340000;5765187,312000002700000;8,543488598000067;52,036419970000054;1
107043;5;1;13;0;2019;5;19;4;3;0;2;0;1;1;0;0;0;0;355965,502000001260000;5703789,930000001600000;6,926355547000071;51,466923655000073;1
107044;5;1;13;0;2019;5;15;4;3;0;5;0;1;1;0;0;0;0;358197,784000724550000;5701639,432824619100000;6,959333551000043;51,448162857000057;1
107045;5;1;13;0;2019;5;11;4;3;0;7;0;1;0;0;0;0;0;368129,878000001420000;5702844,387000003800000;7,101728947000026;51,461391648000074;0
107048;5;1;11;0;2019;5;17;4;3;5;3;0;1;1;0;0;0;0;344464,932933741250000;5678680,970699882100000;6,771889148000071;51,238272994000056;1
107051;5;7;62;28;2019;5;12;4;3;5;2;0;1;1;0;0;0;0;501765,699418258850000;5738286,600356070300000;9,025603568000065;51,795434836000027;1
107054;5;7;54;8;2019;5;19;4;3;5;3;0;1;1;0;0;0;0;458333,108029290100000;5752056,393033273500000;8,394165973000042;51,917685243000051;0
107056;5;7;11;0;2019;5;16;4;3;5;2;0;1;1;0;0;0;0;464736,167297423820000;5765244,713845415000000;8,485906268000065;52,036698914000056;0
107057;5;9;78;36;2019;5;17;4;3;5;3;0;1;1;0;0;0;0;410393,525917619470000;5710636,064868984700000;7,707929739000065;51,539704572000062;0
107060;5;9;58;12;2019;5;15;4;3;3;3;0;1;1;0;0;0;0;470506,650778141800000;5687669,104138877200000;8,576586139000028;51,339538973000060;0
107065;5;9;15;0;2019;5;7;4;3;0;1;0;1;0;0;0;0;0;418982,588117555720000;5725806,226549085200000;7,828243443000076;51,677377830000069;0
107068;5;9;14;0;2019;5;10;4;3;3;2;0;1;1;0;0;0;0;392534,091179107320000;5692630,289226383000000;7,455971724000051;51,374741588000063;0
107074;5;9;11;0;2019;5;21;4;3;5;3;1;1;1;0;0;0;0;375849,629677007910000;5708080,806435700500000;7,210953523000057;51,510199216000046;1
107092;5;5;58;40;2019;5;17;3;3;5;3;0;1;1;0;0;0;0;372671,314998254180000;5760508,172179991400000;7,145985140000050;51,980640301000051;0
107093;5;5;58;40;2019;5;5;3;3;5;3;1;1;1;0;0;0;0;372311,191027871330000;5763523,107603151400000;7,139621494000039;52,007650552000030;0
107094;5;5;58;16;2019;5;11;3;2;5;3;0;1;1;0;0;0;0;381415,737000000660000;5743358,904000001000000;7,279148085000031;51,828454451000027;0
107095;5;5;15;0;2019;5;15;3;3;5;2;0;1;1;0;0;0;0;405403,326224843970000;5756012,365816613700000;7,623655241000051;51,946767876000081;0
107096;5;5;15;0;2019;5;14;3;3;5;3;0;1;0;0;0;0;0;401181,337000002150000;5759373,322000002500000;7,561280439000029;51,976242785000068;0
107097;5;5;15;0;2019;5;8;3;3;5;2;0;1;1;0;0;0;0;404062,387856344690000;5756226,473884308700000;7,604091567000069;51,948462710000058;0
107101;5;5;62;12;2019;5;11;3;3;5;2;0;1;0;0;0;0;0;359614,799010644670000;5726449,712715147100000;6,969805224000027;51,671461412000042;0
107112;5;3;34;2;2019;5;8;3;3;5;2;0;1;1;0;0;0;0;296198,697490678170000;5629823,715988012000000;6,108728590000055;50,784295803000077;0
107113;5;3;34;2;2019;5;15;3;3;0;2;0;1;1;0;0;0;0;294476,358487458900000;5627161,777893429600000;6,085814985000070;50,759780538000030;0
107114;5;3;82;40;2019;5;11;3;3;0;1;0;1;0;0;0;0;0;381731,646730506790000;5633942,360526215300000;7,320075027000030;50,845082484000045;1
107120;5;3;15;0;2019;5;16;3;3;5;3;0;1;1;0;0;0;0;351223,213141792450000;5651954,956264630000000;6,879658126000038;50,999912197000072;0
107123;5;3;14;0;2019;5;14;3;3;0;7;0;1;0;0;0;0;0;362061,565705031160000;5620003,425182106000000;7,046065585000065;50,715449829000079;0
107124;5;3;14;0;2019;5;18;3;3;4;6;0;1;0;0;0;0;1;366714,374638962560000;5622430,314211089200000;7,111057799000037;50,738348440000038;0
107125;5;3;82;8;2019;5;12;3;2;5;3;0;1;1;0;0;0;0;374121,245551622470000;5611401,491617554800000;7,219730173000073;50,640867283000034;0
107128;5;3;82;24;2019;5;18;3;3;5;7;0;1;1;0;0;0;0;372239,767220817510000;5617898,946920730200000;7,190891081000075;50,698860395000054;0
107129;5;3;14;0;2019;5;17;3;3;2;6;0;1;1;0;0;0;0;365321,784825034440000;5620191,828685676700000;7,092151042000069;50,717907807000074;0
107133;5;1;58;8;2019;5;7;3;3;4;6;0;1;0;1;0;0;0;360748,463133615440000;5673588,538546420600000;7,006975483000076;51,196715716000028;0
107135;5;1;54;44;2019;5;17;3;2;5;3;0;1;1;0;0;0;0;321785,560914243570000;5738591,545260179800000;6,417057180000029;51,769798921000074;0
107140;5;1;16;0;2019;5;15;3;3;0;2;0;1;1;0;0;0;0;321841,313674723730000;5674513,587968934300000;6,450188199000024;51,194221587000072;0
107148;5;1;11;0;2019;5;17;3;3;6;4;0;1;0;1;0;0;0;347028,375001396050000;5677906,822649341100000;6,808913164000046;51,232009893000054;0
107151;5;1;11;0;2019;5;11;3;3;1;5;0;1;1;0;0;0;0;345927,743584622630000;5677362,534421842500000;6,793394802000023;51,226823124000077;0
107156;5;7;62;40;2019;5;5;3;1;8;6;1;1;0;0;0;0;1;502258,527208820920000;5718448,839923312900000;9,032621288000030;51,617063651000080;0
107160;5;7;58;24;2019;5;16;3;3;5;3;0;1;1;0;0;0;0;480484,536087187010000;5781984,221109656600000;8,714529929000037;52,187976348000063;0
107162;5;7;66;44;2019;5;17;3;2;5;2;0;1;1;0;0;0;0;493315,885166460650000;5765503,851731473600000;8,902548530000047;52,040109944000051;0
107169;5;9;74;28;2019;5;21;3;3;5;2;2;1;1;0;0;0;0;454500,708532524300000;5723752,442917536900000;8,342159561000074;51,662913390000028;0
107176;5;9;15;0;2019;5;16;3;3;3;2;0;1;1;0;0;0;0;419127,347719435580000;5728287,203980192500000;7,829761625000060;51,699701592000054;0
107200;5;5;70;28;2019;5;22;2;3;5;3;2;1;1;0;0;0;0;440709,094783509150000;5741119,658439772200000;8,139818292000030;51,817764727000053;1
107201;5;5;70;8;2019;5;16;2;3;5;3;0;1;1;0;0;0;0;433852,806004662070000;5734593,735534912000000;8,041607012000043;51,758327014000031;0
107202;5;5;66;24;2019;5;15;2;3;5;3;0;1;1;0;0;0;0;386006,768054694870000;5775102,440955082000000;7,335199198000055;52,114696507000076;0
107204;5;5;15;0;2019;5;16;2;3;4;7;0;1;0;0;0;0;0;404961,892911605540000;5758232,464269986400000;7,616620438000041;51,966647773000034;0
107206;5;5;15;0;2019;5;9;2;3;5;3;0;1;1;0;0;0;0;407095,257172582670000;5760302,452180184400000;7,647103942000058;51,985614483000063;0
107207;5;5;62;8;2019;5;16;2;3;0;1;0;1;0;0;0;0;0;383319,378425159490000;5723335,722330195800000;7,313474575000043;51,648898041000052;0
107208;5;5;62;24;2019;5;20;2;3;5;3;0;1;1;0;0;0;0;372859,167560727340000;5725495,105162480800000;7,161575615000061;51,666036114000065;0
107209;5;5;62;20;2019;5;7;2;3;5;3;0;1;1;0;0;0;0;371007,651999999770000;5718124,982999999100000;7,137533812000072;51,599380597000049;0
107223;5;3;15;0;2019;5;16;2;3;0;7;0;1;0;0;0;0;0;350761,834174220450000;5645051,604578558400000;6,875919964000048;50,937756747000037;0
107224;5;3;15;0;2019;5;16;2;2;0;1;0;1;0;0;0;0;0;351082,538697807120000;5645028,484158083800000;6,880490600000030;50,937631884000041;0
107233;5;1;66;12;2019;5;16;2;3;5;2;0;1;0;0;1;0;0;319586,497542894450000;5693229,444680215800000;6,408503867000036;51,361636872000076;1
107238;5;1;66;32;2019;5;16;4;3;5;3;0;1;1;0;0;0;0;318870,114455315280000;5681786,250725083100000;6,404035513000054;51,258617421000054;1
107242;5;1;11;0;2019;5;18;2;3;5;3;0;1;1;0;0;0;0;345329,964532982560000;5674915,526204533900000;6,785895686000060;51,204674001000058;1
107247;5;7;58;4;2019;5;5;2;3;5;3;1;1;1;0;0;0;0;472990,714478566310000;5784449,487217553000000;8,604716983000060;52,209824059000027;0
107259;5;7;66;32;2019;5;16;2;2;5;3;0;1;1;0;0;0;0;496081,829000000840000;5747169,263000002100000;8,943083879000028;51,875289756000029;1
107264;5;7;11;0;2019;5;19;2;3;0;3;0;1;1;0;0;0;0;464881,474000001330000;5760939,275000004100000;8,488466212000049;51,997999775000039;1
107265;5;1;62;22;2019;5;13;4;2;3;6;0;1;0;0;0;0;1;338913,533921282740000;5680073,770689692300000;6,691804226000045;51,249246788000050;0
107266;5;1;19;0;2019;5;16;4;3;5;3;0;1;1;0;0;0;0;353122,041930053380000;5711568,219460103700000;6,882209891000059;51,536085332000027;1
107277;5;9;13;0;2019;5;5;2;3;3;3;1;1;1;0;0;0;0;392905,081276385110000;5710217,600524341700000;7,455974914000024;51,532895980000035;0
107285;5;5;66;28;2019;5;10;1;3;5;2;0;1;0;0;0;0;0;411055,219278819860000;5792461,936721244800000;7,696342504000029;52,275326376000066;0
107296;5;3;14;0;2019;5;0;1;1;5;3;2;1;0;0;0;0;1;367797,044067105280000;5619318,572524489800000;7,127508199000033;50,710627221000038;1
107297;5;7;74;36;2019;5;12;1;3;0;1;0;1;0;0;0;0;0;478681,387585359630000;5719079,154182944400000;8,692046270000049;51,622331842000051;0
107306;5;1;66;28;2019;5;18;7;2;5;3;0;1;1;0;0;0;0;321954,656999999660000;5684827,800000002600000;6,446680994000076;51,286911638000049;0
107308;5;7;58;12;2019;5;15;7;3;5;3;0;1;1;0;0;0;0;475866,853345019740000;5768869,819187913100000;8,647914786000058;52,069887382000047;0
107311;5;9;78;16;2019;5;14;7;3;0;1;0;1;0;0;0;0;0;403447,998578275550000;5704999,259016947800000;7,609354136000036;51,487889620000033;1
107348;5;5;58;24;2019;5;7;6;3;0;3;0;1;0;0;0;0;0;392143,716000001880000;5736406,298000000400000;7,436925599000062;51,768139353000038;0
107354;5;3;15;0;2019;5;3;7;2;0;1;2;1;0;0;0;0;0;355274,353914252480000;5644233,934537440500000;6,940425508000033;50,931558710000047;1
107355;5;5;54;44;2019;5;7;6;3;5;3;0;1;1;0;0;0;0;368735,031275960620000;5744955,939257798700000;7,094628957000055;51,839970329000039;1
107364;5;1;19;0;2019;5;14;7;3;5;3;0;1;1;0;0;0;0;351647,551135035230000;5703792,953973878200000;6,864235107000070;51,465835414000026;0
107374;5;3;62;12;2019;5;17;6;3;5;3;0;1;1;0;0;0;0;352174,463070743720000;5634524,494125122200000;6,900270588000069;50,843517536000036;1
107376;5;3;15;0;2019;5;19;6;3;5;7;0;1;1;0;0;0;0;363643,543230934070000;5648741,706025343400000;7,057762697000044;50,974111218000075;0
107377;5;3;15;0;2019;5;13;6;3;5;3;0;1;1;0;0;0;0;354191,852000000890000;5644842,441999999800000;6,924787849000040;50,936754552000082;0
107382;5;3;70;28;2019;5;13;4;3;1;7;0;1;0;0;0;0;1;297334,437091730540000;5645054,152678346300000;6,116390009000043;50,921483909000074;1
107385;5;1;70;8;2019;5;8;6;3;5;3;0;1;1;0;0;0;0;343606,094475723800000;5714999,479459514800000;6,743587788000070;51,564358242000026;0
107395;5;1;66;28;2019;5;20;6;3;0;3;0;1;1;0;0;0;0;326555,459803164010000;5687310,752594707500000;6,511386167000069;51,310636928000065;1
107397;5;3;15;0;2019;5;1;7;3;0;7;2;1;0;0;0;0;0;358314,602225547660000;5642999,004105566100000;6,984141904000069;50,921215188000076;1
107399;5;1;62;22;2019;5;11;6;3;5;3;0;1;1;0;0;0;0;334399,434182756580000;5682313,664200842400000;6,626143934000027;51,268078071000048;0
107401;5;1;16;0;2019;5;13;6;3;5;3;0;1;1;0;0;0;0;324075,890004434620000;5677514,774748094400000;6,480664662000038;51,221874956000079;1
107404;5;1;22;0;2019;5;12;6;3;5;2;0;1;1;0;0;0;0;363024,186409530230000;5672191,579457467400000;7,040058777000070;51,184711425000046;1
107409;5;1;70;8;2019;5;12;7;2;5;3;0;1;1;0;0;0;0;343479,218558493070000;5714793,639375831900000;6,741850437000039;51,562473645000068;0
107410;5;1;17;0;2019;5;18;6;3;5;2;0;1;1;0;0;0;0;352502,425703185610000;5699947,527909727800000;6,878136174000076;51,431505278000031;1
107413;5;1;12;0;2019;5;6;6;3;3;3;0;1;0;0;0;1;0;341698,967804088260000;5695949,289201946900000;6,724632436000036;51,392667107000079;1
107415;5;1;12;0;2019;5;17;6;3;5;2;0;1;1;0;0;0;0;345413,967861343180000;5707114,231070697300000;6,773110783000050;51,494008711000049;0
107416;5;7;74;32;2019;5;7;6;3;5;3;0;1;1;0;0;0;0;485754,802076601420000;5731328,374164199500000;8,793723195000041;51,732692954000072;0
107419;5;7;66;40;2019;5;17;6;3;0;6;0;1;1;0;0;0;0;481563,714329455050000;5761170,510338967700000;8,731441828000072;52,000883355000042;0
107421;5;7;11;0;2019;5;10;6;3;5;3;0;1;1;0;0;0;0;469484,116551173850000;5767752,301062751600000;8,554897872000026;52,059525309000037;0
107432;5;9;13;0;2019;5;7;6;2;5;3;0;1;1;0;0;0;0;401428,861339649190000;5710234,713900497200000;7,578818021000075;51,534602461000077;0
107459;5;5;58;24;2019;5;15;5;3;5;2;0;1;1;0;0;0;0;392631,262397112320000;5736362,435798574200000;7,444001958000058;51,767838836000067;0
107461;5;5;15;0;2019;5;18;5;3;5;3;0;1;1;0;0;0;0;405509,892000000920000;5751883,525000000400000;7,626338932000067;51,909673984000051;0
107467;5;3;58;60;2019;5;16;5;2;5;3;0;1;1;0;0;0;0;329410,194000001070000;5624394,236000003300000;6,581915943000070;50,746236279000072;0
107471;5;3;34;2;2019;5;17;5;3;2;6;0;1;1;0;0;0;0;294599,223064428200000;5628080,779027322300000;6,087041848000069;50,768077798000036;0
107472;5;3;82;56;2019;5;9;5;3;0;7;0;1;0;0;0;0;0;373799,054928402420000;5625892,866017002600000;7,210222250000072;50,771054418000062;1
107476;5;3;62;40;2019;5;14;5;3;5;3;0;1;1;0;0;0;0;354366,023572121750000;5632961,998964168100000;6,931998852000049;50,830031347000045;0
107477;5;3;62;24;2019;5;4;5;2;5;3;2;1;1;0;0;0;0;346701,916649535300000;5641708,535394955400000;6,819585292000056;50,906650646000060;1
107478;5;3;62;16;2019;5;17;5;3;1;3;0;1;1;0;0;0;0;329089,717538083900000;5645548,726937966400000;6,567509829000073;50,936208098000066;0
107480;5;1;62;8;2019;5;11;7;3;0;1;0;1;0;0;0;0;0;334034,061605573630000;5666950,990379186300000;6,628013809000038;51,129946519000043;0
107486;5;3;15;0;2019;5;12;5;3;0;1;0;1;0;0;0;0;0;351556,045786836180000;5647987,357949731900000;6,886018649000050;50,964343747000044;0
107494;5;1;70;52;2019;5;8;5;1;5;3;0;1;0;0;0;1;0;321382,075175239700000;5728578,100443659400000;6,416351149000036;51,679727439000033;0
107495;5;1;70;20;2019;5;15;5;3;5;3;0;1;1;0;0;0;0;328305,862319867130000;5707585,525576382900000;6,526665342000058;51,493306654000037;0
107504;5;1;66;32;2019;5;16;5;3;0;3;0;1;1;0;0;0;0;318361,721573105080000;5680311,788632057600000;6,397505540000054;51,245210861000032;0
107506;5;1;19;0;2019;5;17;5;2;0;5;0;1;1;0;0;0;0;352502,437860268170000;5708094,168116891800000;6,874736717000076;51,504707696000025;0
107515;5;1;12;0;2019;5;10;5;3;5;7;0;1;1;0;0;0;0;342460,788752592170000;5693333,152353474900000;6,736733590000029;51,369373433000078;0
107518;5;1;11;0;2019;5;19;5;3;5;2;0;1;1;0;0;0;0;345431,174766507930000;5682743,138056691700000;6,783964939000043;51,275035680000030;0
107521;5;7;70;24;2019;5;23;5;2;0;1;2;1;0;0;0;0;0;489992,734568887390000;5794944,892242835800000;8,853230109000037;52,304754441000057;0
107530;5;7;11;0;2019;5;12;5;3;0;5;0;1;0;0;0;0;1;469997,356628181410000;5765319,988569986100000;8,562597274000041;52,037685341000042;0
107532;5;7;11;0;2019;5;15;5;3;4;2;0;1;1;0;0;0;0;466833,954000001770000;5764296,409000000000000;8,516579590000049;52,028302550000035;0
107533;5;3;15;0;2019;5;14;4;3;4;2;0;1;1;0;0;0;0;363642,332999999630000;5640878,661000004000000;7,060688324000068;50,903442357000074;1
107536;5;9;74;40;2019;5;7;5;3;5;1;0;1;0;0;0;1;0;439683,175087802110000;5713858,214761056000000;8,129650587000072;51,572564107000062;0
107541;5;9;62;36;2019;5;22;5;3;5;3;2;1;1;0;0;0;0;404645,441000000570000;5662553,941000003400000;7,637936035000053;51,106531644000029;1
107542;5;3;15;0;2019;5;8;4;3;0;7;0;1;0;0;0;0;0;359780,788443955590000;5644844,815121356400000;7,004278764000048;50,938161942000079;0
107543;5;9;15;0;2019;5;16;5;3;0;7;0;1;1;0;0;0;0;417639,514100800270000;5727558,910891827200000;7,808409418000053;51,692938233000064;0
107545;5;9;15;0;2019;5;7;5;3;5;2;0;1;1;0;0;0;0;418889,389000001360000;5725809,301000002800000;7,826895092000029;51,677392016000056;0
107550;5;9;16;0;2019;5;7;5;3;5;2;0;1;1;0;0;0;0;374942,336000000130000;5710101,340000003600000;7,197169025000051;51,528158165000036;0
107551;5;9;11;0;2019;5;7;5;3;5;2;0;1;1;0;0;0;0;370105,811999999920000;5705011,392999999200000;7,129359551000050;51,481323385000053;0
107553;5;3;15;0;2019;5;15;4;2;0;1;0;1;0;0;0;0;0;361162,722824844530000;5649464,708418197900000;7,022172530000034;50,980016253000031;1
107562;5;3;14;0;2019;5;17;4;3;5;3;0;1;1;0;0;0;0;364544,872415848080000;5621691,581628963400000;7,080601056000035;50,731206840000027;0
107563;5;3;14;0;2019;5;8;4;3;3;6;0;1;0;0;0;0;0;364671,944607529790000;5622275,332220621400000;7,082186281000077;50,736483133000036;0
107569;5;1;70;24;2019;5;16;4;3;5;3;0;1;1;0;0;0;0;333849,223346671090000;5705284,429672850300000;6,607526546000031;51,474289965000025;1
107579;5;5;70;28;2019;5;14;4;3;5;2;0;1;1;0;0;0;0;441119,208999999800000;5743465,792000001300000;8,145368318000067;51,838900350000074;0
107584;5;3;62;28;2019;5;21;7;3;5;3;2;1;1;0;0;0;0;352930,245875268240000;5640525,558311620700000;6,908585191000043;50,897639967000032;1
107588;5;5;54;4;2019;5;11;4;2;5;2;0;1;0;0;0;1;0;361851,287507662550000;5770642,363684473600000;6,984446502000026;52,069114993000028;0
107590;5;5;54;32;2019;5;16;4;3;8;1;0;1;0;0;0;0;0;328783,223175330090000;5744397,649197127700000;6,515506259000063;51,824137808000046;0
107591;5;5;15;0;2019;5;9;4;3;5;2;0;1;1;0;0;0;0;405774,000615568830000;5758000,243291594100000;7,628501566000068;51,964698724000073;0
107592;5;5;15;0;2019;5;18;4;3;0;3;0;1;1;0;0;0;0;406625,066000000570000;5757653,318000000000000;7,640979717000050;51,961723994000067;0
107595;5;1;70;24;2019;5;21;7;3;5;2;1;1;1;0;0;0;0;335911,159576853740000;5702738,201716944600000;6,638371605000032;51,452016051000044;0