OBJECTID;ULAND;UREGBEZ;UKREIS;UGEMEINDE;UJAHR;UMONAT;USTUNDE;UWOCHENTAG;UKATEGORIE;UART;UTYP1;ULICHTVERH;IstRad;IstPKW;IstFuss;IstKrad;IstGkfz;IstSonstige;LINREFX;LINREFY;XGCSWGS84;YGCSWGS84;STRZUSTAND
107596;5;5;15;0;2019;5;17;4;3;5;3;1;1;1;0;1;0;0;407255,182572051880000;5756889,386580428100000;7,650354198000059;51,954962847000047;1
107597;5;5;15;0;2019;5;15;4;3;3;6;0;1;1;0;0;0;0;405478,056977874600000;5754988,226697726200000;7,625023733000035;51,937575151000033;1
107599;5;5;62;8;2019;5;12;4;3;5;7;0;1;1;0;0;0;0;383604,561328325420000;5723388,920844916300000;7,317577046000054;51,649435281000081;0
107600;5;1;54;52;2019;5;19;4;3;3;2;0;1;1;0;0;0;0;309882,205000000070000;5696667,199000002800000;6,267436221000025;51,389349262000053;1
107609;5;3;15;0;2019;5;18;3;3;5;3;0;1;1;0;0;0;0;353044,694640751000000;5644893,092703918000000;6,908452109000052;50,936918544000036;0
107613;5;1;11;0;2019;5;15;3;3;5;3;0;1;1;0;0;0;0;347699,772842303850000;5678186,744597327000000;6,818403430000046;51,234704738000062;0
107614;5;1;11;0;2019;5;18;3;3;0;7;0;1;0;1;0;0;0;344432,703295341690000;5678900,388007186400000;6,771332509000047;51,240235743000028;0
107615;5;5;62;12;2019;5;18;3;2;5;3;0;1;1;0;0;0;0;359323,341000000950000;5724205,040000001000000;6,966496562000032;51,651218308000068;0
107618;5;3;15;0;2019;5;16;3;3;5;2;0;1;1;0;0;0;0;354403,120812587440000;5645793,897709086500000;6,927412360000062;50,945358381000062;0
107619;5;7;74;32;2019;5;15;3;3;9;2;0;1;1;0;0;0;0;478836,575000000190000;5731420,460000004600000;8,693539882000039;51,733302397000045;0
107620;5;7;74;32;2019;5;17;3;2;0;7;0;1;0;0;0;0;0;476643,621000001210000;5734063,669999999900000;8,661607541000024;51,756980916000032;0
107623;5;7;70;24;2019;5;17;3;3;5;3;0;1;1;0;0;0;0;492937,121539983900000;5793188,635252274600000;8,896450209000022;52,289010595000036;0
107624;5;7;58;24;2019;5;7;3;3;2;6;0;1;0;1;0;0;0;478342,729090530430000;5784398,594462486000000;8,683045934000063;52,209602854000082;0
107628;5;9;11;0;2019;5;7;4;2;4;7;0;1;1;0;0;0;0;375577,156454790380000;5700722,996792342500000;7,209620738000069;51,444011977000059;0
107638;5;9;78;36;2019;5;13;3;3;5;7;0;1;1;0;0;0;0;409111,226995537990000;5709819,165136193900000;7,689655852000044;51,532156162000035;0
107649;5;3;15;0;2019;5;9;3;3;5;3;0;1;0;0;0;0;1;355733,145949994210000;5643633,628038678300000;6,947187605000067;50,926278793000051;0
107653;5;9;15;0;2019;5;9;3;2;0;1;0;1;0;0;0;0;0;419846,327000000510000;5726974,332000000400000;7,840464715000053;51,688002568000059;0
107656;5;9;15;0;2019;5;12;3;3;4;2;0;1;1;0;0;0;0;419036,333738046700000;5729276,868653537700000;7,828215100000023;51,708585090000042;0
107660;5;9;13;0;2019;5;7;3;3;5;2;0;1;1;0;0;0;0;391602,703054326590000;5704561,151713995300000;7,438944322000054;51,481805152000049;0
107661;5;3;15;0;2019;5;17;3;3;0;5;0;1;1;0;0;0;0;356404,048000000420000;5643129,261000001800000;6,956926166000073;50,921913485000061;0
107664;5;9;11;0;2019;5;7;3;3;1;5;0;1;1;0;0;0;0;383093,797727791590000;5703741,445240752800000;7,316731607000065;51,472743008000066;0
107665;5;9;11;0;2019;5;17;3;3;5;3;0;1;1;0;0;0;0;371779,026689239780000;5702829,677100695700000;7,154234072000065;51,462097871000026;0
107666;5;3;14;0;2019;5;9;3;3;5;3;0;1;1;0;0;0;0;367601,134000001480000;5619642,752000002200000;7,124618663000035;50,713496398000075;0
107675;5;3;15;0;2019;5;9;3;3;1;5;0;1;1;0;0;0;0;356310,617000001480000;5647867,096000004600000;6,953728760000047;50,964468452000062;0
107679;5;3;14;0;2019;5;11;3;3;0;2;0;1;1;0;0;0;0;369535,181000000800000;5616606,762000002000000;7,153070923000030;50,686645390000081;0
107684;5;5;70;8;2019;5;7;2;3;0;7;0;1;0;0;0;0;0;434281,189445554280000;5734204,788661353300000;8,047886387000062;51,754880783000033;0
107690;5;5;58;24;2019;5;15;3;3;5;3;0;1;0;0;0;0;1;392212,565928064290000;5736467,293336017100000;7,437904058000072;51,768700838000029;0
107691;5;5;66;76;2019;5;8;2;3;5;2;0;1;1;0;0;0;0;392667,867000000550000;5793214,147000003600000;7,426701656000034;52,278804514000058;0
107692;5;5;58;24;2019;5;8;2;3;3;2;0;1;1;0;0;0;0;393148,401123176330000;5736752,929765723600000;7,451373288000070;51,771447545000058;0
107694;5;5;15;0;2019;5;18;2;3;3;6;0;1;0;0;0;0;0;404826,681127021090000;5758354,776018733200000;7,614619007000044;51,967724024000063;0
107695;5;5;15;0;2019;5;18;2;2;0;1;0;1;0;0;0;0;0;403999,397360404950000;5758107,933168496900000;7,602649601000053;51,965363056000058;0
107696;5;5;15;0;2019;5;9;2;3;1;1;0;1;1;0;0;0;0;406813,805084995930000;5757689,307136736800000;7,643716112000050;51,962079149000033;0
107697;5;9;11;0;2019;5;18;4;3;5;3;0;1;1;0;0;0;0;376634,732314242050000;5704707,212126191700000;7,223440611000058;51,480051316000072;0
107701;5;5;62;20;2019;5;15;2;2;5;2;0;1;1;0;0;0;0;371121,489312858320000;5718043,819476289700000;7,139206347000027;51,598677253000062;0
107705;5;5;13;0;2019;5;17;2;3;5;3;0;1;1;0;0;0;0;364417,566439576450000;5716489,020272983200000;7,043072692000067;51,583131543000036;0
107707;5;3;14;0;2019;5;16;3;3;5;2;0;1;0;0;1;0;0;367873,324885588140000;5622604,890756929300000;7,127410605000023;50,740182390000029;0
107714;5;3;78;4;2019;5;7;2;3;5;3;0;1;1;0;0;0;0;364969,092562112030000;5652738,027511579900000;7,075146483000026;51,010340228000075;0
107719;5;3;62;28;2019;5;9;2;2;4;6;0;1;1;0;0;0;0;352307,904586341230000;5635526,642500842000000;6,901760510000031;50,852557621000074;0
107722;5;3;62;20;2019;5;14;2;3;0;7;0;1;1;0;0;0;0;344030,613686828870000;5634601,622838288500000;6,784651610000026;50,842072726000026;0
107724;5;3;62;24;2019;5;16;2;3;5;2;0;1;1;0;0;0;0;347315,421726182100000;5642412,992710858600000;6,828009960000031;50,913143605000073;0
107725;5;7;66;28;2019;5;17;4;2;5;3;0;1;0;0;1;0;0;507647,710492849350000;5768719,163837246600000;9,111572233000061;52,069005902000072;0
107734;5;3;15;0;2019;5;14;2;3;5;2;0;1;1;0;0;0;0;359779,274238234390000;5644844,462920427300000;7,004257362000033;50,938158408000049;0
107735;5;1;70;4;2019;5;6;3;2;5;3;0;1;1;0;0;0;0;325277,452999999750000;5718356,288000000600000;6,477738272000067;51,589132354000071;0
107736;5;3;15;0;2019;5;7;2;3;0;3;0;1;1;0;0;0;0;357706,636000000870000;5646906,903000004600000;6,973971481000035;50,956185756000082;0
107738;5;3;15;0;2019;5;16;2;3;0;3;0;1;1;0;0;0;0;356578,131823472680000;5647104,368511276300000;6,957836458000031;50,957680599000071;0
107743;5;3;14;0;2019;5;18;2;3;5;3;0;1;1;0;0;0;0;367057,071926735340000;5624887,401364844300000;7,115024787000039;50,760511339000061;0
107745;5;1;70;8;2019;5;15;2;3;5;2;0;1;1;0;0;0;0;344908,940999999640000;5717348,789000002700000;6,761332218000064;51,585825971000077;0
107748;5;1;70;24;2019;5;19;2;3;5;2;0;1;1;0;0;0;0;335910,410818071100000;5702740,764611288900000;6,638359650000041;51,452038859000027;0
107751;5;1;58;16;2019;5;7;3;3;5;3;0;1;1;0;0;0;0;353415,152756111700000;5671004,231418957900000;6,903146087000039;51,171658462000039;0
107752;5;1;58;16;2019;5;7;2;3;5;3;0;1;1;0;0;0;0;354228,633671291170000;5672052,531949259300000;6,914349253000069;51,181286696000029;0
107755;5;1;66;32;2019;5;19;2;2;5;2;0;1;1;0;0;0;0;319713,112000000660000;5682265,162000000500000;6,415862827000069;51,263186624000070;0
107756;5;1;62;24;2019;5;15;2;3;5;2;0;1;1;0;0;0;0;340765,478000001050000;5672752,963999999700000;6,721568613000045;51,183989115000031;0
107757;5;5;15;0;2019;5;16;3;3;5;3;0;1;1;0;0;0;0;405194,139560702260000;5750111,041441345600000;7,622237631000076;51,893688350000048;0
107758;5;1;62;24;2019;5;9;2;2;5;2;0;1;1;0;0;0;0;337255,976334911770000;5675866,180166514600000;6,669985121000025;51,210972306000031;0
107759;5;1;19;0;2019;5;15;2;3;5;2;0;1;0;0;0;0;1;350525,246992363590000;5705373,003603912900000;6,847421623000059;51,479737525000075;0
107760;5;1;54;16;2019;5;13;3;3;5;3;0;1;1;0;0;0;0;304492,324976441450000;5728618,977159969500000;6,172330393000038;51,674470480000082;0
107767;5;1;17;0;2019;5;18;2;2;5;3;0;1;1;0;0;0;0;356216,890606565400000;5700103,737660506700000;6,931470225000055;51,433863697000049;0
107772;5;1;13;0;2019;5;18;2;3;5;2;0;1;1;0;0;0;0;356096,872057237660000;5691742,147794099500000;6,933135068000070;51,358695794000027;0
107779;5;1;12;0;2019;5;6;2;3;0;7;0;1;0;0;0;0;0;344437,031126479620000;5704656,413906076900000;6,760131692000073;51,471657584000070;0
107782;5;7;70;4;2019;5;15;2;3;5;3;0;1;1;0;0;0;0;486834,592133446600000;5783154,301206046700000;8,807371684000032;52,198684245000038;0
107791;5;7;54;44;2019;5;7;2;3;5;2;0;1;1;0;0;0;0;465491,503614650110000;5749001,178768763300000;8,498549808000064;51,890706202000047;0
107793;5;7;54;28;2019;5;18;2;3;0;7;0;1;0;0;0;0;0;451467,346921445800000;5744082,032290389800000;8,295467455000050;51,845435986000041;0
107798;5;7;66;16;2019;5;19;2;3;5;3;0;1;1;0;0;0;0;503206,776225674900000;5755384,254380106900000;9,046658751000052;51,949156031000030;0
107803;5;9;78;36;2019;5;16;2;2;0;3;0;1;1;0;0;0;0;406435,644000000320000;5709449,037000002300000;7,651191629000039;51,528391928000076;0
107808;5;9;70;40;2019;5;16;2;3;5;2;0;1;1;0;0;0;0;428713,158000000750000;5632935,254000000700000;7,987464825000075;50,843725391000078;0
107812;5;9;74;4;2019;5;17;4;3;0;5;0;1;1;0;0;0;0;453372,583333427090000;5712618,828402288300000;8,327331331000039;51,562719334000064;0
107820;5;9;62;24;2019;5;15;2;3;5;3;0;1;1;0;0;0;0;408468,411022159270000;5689930,665859032400000;7,685534453000059;51,353265869000040;0
107826;5;9;13;0;2019;5;16;2;3;6;7;0;1;1;1;0;0;0;393161,233317756090000;5707364,963863687600000;7,460531443000036;51,507303742000033;0
107834;5;5;66;8;2019;5;16;3;3;5;2;0;1;1;0;0;0;0;398980,264412261550000;5781279,055158175500000;7,522760572000038;52,172732819000032;0
107847;5;1;62;24;2019;5;9;3;3;3;6;0;1;0;0;0;1;0;338723,430953048170000;5673757,204317206500000;6,691924027000027;51,192439681000053;0
107865;5;3;58;24;2019;5;10;1;2;2;6;0;1;1;0;0;0;0;316716,957470860330000;5649902,569846382400000;6,389410720000058;50,971520741000063;0
107876;5;3;15;0;2019;5;14;1;3;1;3;0;1;1;0;0;0;0;352080,014786669050000;5643624,724456520800000;6,895246851000024;50,925273678000053;0
107877;5;3;15;0;2019;5;18;1;2;0;1;0;1;0;0;0;0;0;353915,308976771310000;5642252,404859509300000;6,921892393000064;50,913408697000079;0
107879;5;1;58;8;2019;5;15;1;2;0;1;0;1;0;0;0;0;0;362836,731000000610000;5675212,956000002100000;7,036223749000044;51,211819314000081;0
107880;5;1;58;32;2019;5;12;1;2;0;1;0;1;0;0;0;0;0;366001,753591774960000;5688283,814943838900000;7,076610332000030;51,330038850000051;0
107882;5;1;19;0;2019;5;15;1;3;5;2;0;1;1;0;0;0;0;349722,249159273690000;5705487,382989008000000;6,835817875000032;51,480552508000073;0
107887;5;7;70;20;2019;5;3;1;2;8;1;2;1;0;0;0;0;0;478937,928045156410000;5794955,632676802600000;8,691097844000069;52,304538279000042;0
107894;5;7;66;20;2019;5;9;1;3;5;3;0;1;1;0;0;0;0;492540,096000000830000;5753053,605999998700000;8,891508675000068;51,928160302000038;0
107896;5;1;16;0;2019;5;17;3;3;5;3;0;1;1;0;0;0;0;325520,165968366900000;5670048,162035713000000;6,504953248000049;51,155240644000060;0
107902;5;9;66;28;2019;5;14;1;2;0;1;0;1;0;0;0;0;0;418937,824721504930000;5648468,777591103700000;7,845196074000057;50,982097285000066;0
107904;5;9;15;0;2019;5;2;1;3;5;3;2;1;1;0;0;0;0;420615,401003787290000;5726243,776672113700000;7,851754196000059;51,681544416000065;0
107928;5;5;66;8;2019;5;16;7;3;5;3;0;1;1;0;0;0;0;400813,794150221160000;5779731,866800155500000;7,550015545000065;52,159159593000027;0
107931;5;5;58;16;2019;5;15;7;3;5;3;0;1;1;0;0;0;0;389998,060869120990000;5744035,543210115300000;7,403422361000025;51,836291807000066;0
107933;5;5;54;20;2019;5;22;7;2;0;3;2;1;0;0;0;0;0;365257,551999374290000;5786246,888607766500000;7,027925684000024;52,210167481000042;0
107934;5;1;24;0;2019;5;14;3;3;0;7;0;1;1;0;0;0;0;373243,961927697990000;5678449,350508676800000;7,183996534000073;51,243311792000043;0
107936;5;5;15;0;2019;5;13;7;3;3;6;0;1;0;0;0;0;0;404248,748985987160000;5754425,217753531400000;7,607303823000052;51,932304428000066;0
107938;5;5;15;0;2019;5;17;7;3;3;6;0;1;0;0;0;0;0;406314,768782553260000;5757374,924500554800000;7,636540824000065;51,959169461000045;0
107944;5;5;62;14;2019;5;10;7;3;5;3;0;1;1;0;0;0;0;362148,072898410260000;5712602,257855979700000;7,011861507000049;51,547653753000077;0
107951;5;3;34;32;2019;5;2;7;2;4;7;2;1;1;0;0;0;0;304227,915000000970000;5629752,990000002100000;6,222528705000059;50,786426907000077;1
107956;5;1;70;24;2019;5;8;5;3;1;3;0;1;1;0;0;0;0;332706,682788049800000;5698756,405642923000000;6,594175672000063;51,415306390000069;0
107960;5;3;62;28;2019;5;7;5;3;5;3;0;1;1;0;0;0;0;348590,479087153450000;5639432,976805143100000;6,847369980000053;50,886700187000031;0
107966;5;1;58;16;2019;5;12;5;3;5;2;0;1;1;0;0;0;0;355972,010461058470000;5670806,304432697600000;6,939774918000069;51,170529456000054;0
107975;5;3;15;0;2019;5;6;6;3;4;6;1;1;0;0;0;0;0;359330,429575253280000;5647724,481255704500000;6,996760444000074;50,963932039000042;1
107980;5;1;62;22;2019;5;14;5;3;8;6;0;1;0;0;0;0;0;335936,320073064420000;5683890,309822527700000;6,647431178000034;51,282687889000044;0
107985;5;1;11;0;2019;5;16;5;3;5;3;0;1;1;0;0;0;0;347077,041942325420000;5679519,975930815600000;6,808920892000060;51,246518008000066;0
107992;5;7;54;28;2019;5;15;5;3;5;3;0;1;1;0;0;0;0;451133,410699511880000;5745194,212382575500000;8,290462986000023;51,855405908000080;0
107995;5;5;54;16;2019;5;11;6;3;1;3;0;1;1;0;0;0;0;363879,408471710980000;5756911,117213200800000;7,019473093000045;51,946234254000046;1
107996;5;7;11;0;2019;5;8;5;3;5;3;0;1;1;0;0;0;0;468742,853815890850000;5770013,166501885300000;8,543879178000054;52,079810444000032;0
107998;5;1;62;16;2019;5;15;6;2;6;4;0;1;0;1;0;0;0;333820,975583294410000;5678301,393795648600000;6,619722296000020;51,231862105000062;1
108007;5;9;74;4;2019;5;13;7;2;5;3;0;1;1;0;0;0;0;449830,658759754150000;5712305,682918259900000;8,276282816000048;51,559599883000033;0
108009;5;3;34;4;2019;5;16;5;2;0;3;0;1;1;0;0;0;0;299913,560933032070000;5639214,273992285100000;6,156236928000055;50,869932680000034;0
108012;5;9;13;0;2019;5;18;5;3;1;7;0;1;1;0;0;0;0;393036,117000000550000;5706580,855000000400000;7,458967109000071;51,500232136000079;0
108017;5;9;66;24;2019;5;14;7;3;0;6;0;1;1;0;0;0;0;421647,777250828220000;5655617,631647117400000;7,882249598000044;51,046746178000035;0
108019;5;3;62;32;2019;5;7;5;3;1;5;0;1;0;0;0;1;0;343260,607610031960000;5635353,388263875600000;6,773401764000028;50,848619984000038;0
108020;5;3;16;0;2019;5;7;6;3;5;2;0;1;1;0;0;0;0;363520,456014630380000;5655759,950723279300000;7,053371467000034;51,037157158000070;0
108023;5;1;11;0;2019;5;16;6;3;0;6;0;1;1;0;0;0;0;345585,251000000160000;5677259,745000002900000;6,788537862000055;51,225806964000071;1
108024;5;7;70;32;2019;5;0;7;3;0;6;2;1;1;0;0;0;0;493888,533584208230000;5789033,989843495200000;8,910474241000031;52,251669525000068;0
108030;5;9;78;24;2019;5;7;6;3;5;7;0;1;0;0;0;0;0;396941,425200469790000;5720911,824372611900000;7,511007865000067;51,629773020000073;0
108036;5;7;54;16;2019;5;18;7;3;4;3;0;1;0;0;0;0;0;448866,831118318250000;5755687,841408522800000;8,255998484000031;51,949544244000037;0
108040;5;5;70;44;2019;5;17;6;3;2;6;0;1;0;0;0;0;0;415970,014588367190000;5759565,211190100800000;7,776486858000055;51,980400894000070;0
108047;5;3;14;0;2019;5;7;6;3;4;3;0;1;0;0;0;0;0;366303,597000001000000;5622040,718000000300000;7,105380922000052;50,734752331000038;1
108048;5;5;70;20;2019;5;16;4;3;5;6;0;1;1;0;0;0;0;429003,202282273210000;5746370,408747850000000;7,968940728000064;51,863603079000029;0
108050;5;7;66;20;2019;5;16;7;3;0;7;0;1;1;0;0;0;0;489640,035226062870000;5753133,407451544000000;8,849330069000075;51,928831376000062;0
108052;5;5;62;32;2019;5;10;5;3;5;3;0;1;0;0;0;0;1;375189,382142315620000;5719958,148900900000000;7,197226734000026;51,616797639000026;0
108053;5;5;62;14;2019;5;11;6;3;0;1;0;1;0;0;0;0;0;359922,891964078880000;5716673,142570806700000;6,978168192000055;51,583686865000061;0
108056;5;1;19;0;2019;5;12;6;2;0;3;0;1;1;0;0;0;0;351637,276393964890000;5704238,769889473900000;6,863900168000043;51,469838610000068;0
108058;5;5;66;92;2019;5;15;4;3;5;3;0;1;1;0;0;0;0;424261,191000000570000;5796533,409000001800000;7,888943173000030;52,313902117000055;0
108067;5;3;82;40;2019;5;23;6;3;6;6;2;1;0;1;0;0;0;382893,029659145510000;5637420,822472199800000;7,335451090000049;50,876586356000075;0
108068;5;5;58;36;2019;5;15;4;3;5;2;0;1;1;0;0;0;0;389298,979000000280000;5730159,082000002300000;7,397704011000030;51,711435131000030;0
108072;5;5;15;0;2019;5;14;4;3;3;6;0;1;0;0;0;0;0;405723,703470736740000;5753793,981215216200000;7,628923202000067;51,926882365000040;0
108081;5;5;62;16;2019;5;11;4;3;0;2;0;1;1;0;0;0;0;374715,720502677370000;5733907,252518527200000;7,185383494000064;51,742052316000070;0
108091;5;3;15;0;2019;5;21;6;2;0;1;2;1;0;0;0;0;0;355173,648595148700000;5651727,421461878300000;6,936010211000053;50,998875319000035;0
108092;5;5;13;0;2019;5;15;4;3;5;3;0;1;1;0;0;0;0;366552,027728009040000;5714542,785003691900000;7,074600896000050;51,566151104000028;0
108095;5;3;70;20;2019;5;17;4;3;0;3;0;1;1;0;0;0;0;306602,220232042480000;5654408,693037925300000;6,243116641000029;51,008688336000034;0
108097;5;7;70;24;2019;5;12;6;3;3;2;0;1;1;0;0;0;0;491802,476800973530000;5793592,794764377200000;8,879805236000038;52,292628432000072;0
108118;5;1;62;24;2019;5;7;6;3;3;6;0;1;1;0;0;0;0;342284,679536281150000;5671888,190587665900000;6,743667716000061;51,176640067000051;0
108123;5;3;16;0;2019;5;13;4;3;4;6;0;1;0;0;0;0;0;362027,365836249660000;5656208,427265739100000;7,031917858000043;51,040831112000035;0
108124;5;3;82;56;2019;5;15;5;3;0;7;0;1;0;0;0;0;0;370913,004394255580000;5627214,363077944100000;7,168850513000052;50,782297281000069;0
108126;5;3;16;0;2019;5;14;4;3;5;2;0;1;0;0;0;0;1;357214,362034030260000;5657460,980543913300000;6,962815533000025;51,050911558000053;0
108128;5;1;13;0;2019;5;14;6;1;5;2;0;1;1;0;0;0;0;357534,622623200530000;5703376,704767361300000;6,949096842000074;51,463607595000042;1
108129;5;3;58;32;2019;5;7;6;3;3;3;0;1;1;0;0;0;0;315127,876691081560000;5632672,827045287900000;6,375521327000058;50,816234864000080;1
108133;5;1;24;0;2019;5;15;7;3;0;1;0;1;0;0;0;0;0;372987,794038535100000;5678387,282832328200000;7,180350479000026;51,242696971000044;1
108134;5;3;15;0;2019;5;20;4;3;6;4;1;1;0;1;0;0;0;353715,003733492460000;5646403,006193015700000;6,917379153000070;50,950658023000074;0
108137;5;3;15;0;2019;5;17;4;3;5;2;0;1;0;0;0;0;1;354260,704872175120000;5640287,465865159400000;6,927586790000021;50,895837586000027;0
108138;5;3;62;24;2019;5;17;5;3;5;3;0;1;0;0;0;0;0;344000,445999999530000;5645383,823000000800000;6,779619688000025;50,938952634000032;0
108139;5;3;62;12;2019;5;14;6;3;4;6;0;1;0;0;0;0;0;352583,150198207240000;5631369,208444001200000;6,907340197000053;50,815266022000060;0
108141;5;3;82;64;2019;5;17;4;3;5;3;0;1;1;0;0;0;0;355985,041000000200000;5614891,241000002300000;6,962039381000068;50,668031346000078;0
108143;5;7;70;20;2019;5;10;7;3;5;3;0;1;1;0;0;0;0;471910,518824614580000;5794751,898330550600000;8,588051450000023;52,302392166000061;0
108150;5;3;14;0;2019;5;7;4;3;5;2;0;1;1;0;0;0;0;367362,878820577640000;5623874,677171070100000;7,119723144000034;50,751478924000025;0
108155;5;3;14;0;2019;5;7;4;3;5;2;0;1;1;0;0;0;0;367363,558999999430000;5623869,276000004300000;7,119734726000047;50,751430534000065;0
108166;5;3;14;0;2019;5;17;6;3;1;5;0;1;0;0;0;0;1;366097,259200948290000;5622336,298522092400000;7,102351221000049;50,737361467000028;0
108173;5;5;54;4;2019;5;15;6;2;5;3;0;1;1;0;0;0;0;357279,099000000390000;5774788,050999999000000;6,916051270000025;52,105204272000037;0
108177;5;1;54;8;2019;5;15;7;3;8;5;0;1;1;0;0;0;0;309435,840648009440000;5746390,757171545200000;6,233998005000046;51,835775347000038;0
108182;5;1;58;28;2019;5;13;7;3;5;3;0;1;1;0;0;0;0;356174,047000001180000;5684865,440999999600000;6,937018523000063;51,296920208000074;0
108186;5;1;62;8;2019;5;6;4;3;5;3;0;1;1;0;0;0;0;330757,017973064440000;5662726,808444725300000;6,583203934000039;51,091036228000064;0
108188;5;3;82;56;2019;5;17;6;3;5;3;0;1;1;0;0;0;0;373737,570910563690000;5626551,676335085200000;7,209124554000027;50,776962724000043;0
108189;5;1;62;22;2019;5;7;4;3;0;1;0;1;0;0;0;0;0;338321,954162105920000;5680929,939966630200000;6,682948142000043;51,256771866000065;0
108193;5;1;62;16;2019;5;19;4;2;0;7;0;1;0;0;0;0;0;334705,288999999870000;5679155,966000000000000;6,631982866000044;51,239796778000027;0
108198;5;1;19;0;2019;5;12;4;3;0;7;0;1;0;0;0;0;0;348966,493029926900000;5707447,960061583700000;6,824103700000023;51,497967513000049;0
108200;5;3;82;60;2019;5;15;5;3;5;3;0;1;1;0;0;0;0;371982,751295683910000;5629523,817800153000000;7,183212347000051;50,803292521000060;0
108205;5;1;11;0;2019;5;18;7;3;0;1;0;1;0;0;0;0;0;344453,086399855090000;5678491,261596007300000;6,771801964000076;51,236565167000037;0
108206;5;1;24;0;2019;5;13;4;3;6;7;0;1;0;1;0;0;0;370807,021479146560000;5680135,376332230900000;7,148493801000029;51,257918082000060;0
108207;5;9;13;0;2019;5;10;6;3;4;2;0;1;1;0;0;0;0;393151,292476742530000;5707336,562758421500000;7,460396864000074;51,507046580000065;0
108208;5;5;15;0;2019;5;18;7;3;5;3;0;1;1;0;0;0;0;404286,967559561130000;5748389,217185268200000;7,609536078000076;51,878056707000042;0
108210;5;5;15;0;2019;5;14;7;3;0;7;0;1;1;0;0;0;0;407027,454516152850000;5760008,995079783700000;7,646196426000074;51,982965409000030;0
108211;5;5;62;36;2019;5;15;7;3;5;2;0;1;1;0;0;0;0;389281,188583926300000;5720234,840606426800000;7,400591492000046;51,622232962000055;0
108213;5;5;62;8;2019;5;22;7;3;0;1;2;1;0;0;0;0;0;384832,593578252010000;5722590,138477399900000;7,335582343000056;51,642508956000029;0
108214;5;3;15;0;2019;5;23;6;3;5;3;2;1;0;0;0;0;1;355478,267494242640000;5651030,889495244200000;6,940625668000052;50,992692390000059;0
108217;5;5;62;16;2019;5;11;7;3;1;5;0;1;0;0;1;0;0;380067,099935490640000;5730873,265229724300000;7,263898774000040;51,715956027000061;0
108221;5;1;13;0;2019;5;16;4;3;0;7;0;1;0;0;0;0;0;361703,107902023940000;5709071,493971236100000;7,006834874000049;51,515816622000045;0
108238;5;3;14;0;2019;5;9;5;3;5;2;0;1;1;0;0;0;0;366205,871897156350000;5622320,706013962600000;7,103895224000041;50,737246354000035;0
108239;5;3;66;16;2019;5;15;7;3;1;5;0;1;1;0;0;0;0;347197,524653984230000;5614390,541263222700000;6,837985350000054;50,661291813000048;1
108241;5;3;62;20;2019;5;12;7;2;0;1;0;1;0;0;0;0;0;347241,010379362850000;5626422,601495308800000;6,833619313000042;50,769429591000062;0
108242;5;1;13;0;2019;5;15;4;3;0;7;0;1;0;0;1;0;0;359426,475295023060000;5704700,020985929300000;6,975786819000064;51,475972166000076;0
108244;5;7;66;4;2019;5;16;6;2;1;5;0;1;1;0;0;0;0;481574,628485813740000;5750067,392254628200000;8,732196121000072;51,901056301000040;0
108245;5;3;62;8;2019;5;22;7;3;5;3;2;1;1;0;0;0;0;336919,983706227500000;5645907,484697531900000;6,678693823000060;50,941699012000072;1
108246;5;7;11;0;2019;5;17;7;3;0;2;0;1;1;0;0;0;0;469614,142000000920000;5763612,739999998400000;8,557162293000033;52,022315208000066;0
108249;5;3;16;0;2019;5;18;7;2;3;3;0;1;1;0;0;0;0;359789,441681504250000;5659646,636577408800000;6,998684087000072;51,071188278000079;0
108250;5;3;58;44;2019;5;11;5;3;1;5;0;1;1;0;0;0;0;317245,257420692590000;5615539,048729943100000;6,414043669000023;50,662982012000043;0
108252;5;1;13;0;2019;5;8;4;3;4;2;0;1;0;0;0;0;1;362180,561999999920000;5694873,405000003100000;7,019242800000029;51,388343474000067;0
108254;5;1;12;0;2019;5;8;4;3;4;3;0;1;0;0;0;0;0;346827,753367956730000;5700432,491314631000000;6,796355687000073;51,434357276000071;0
108256;5;5;15;0;2019;5;14;5;3;5;3;0;1;1;0;0;0;0;411139,644916796130000;5758907,076996818200000;7,706343856000046;51,973733576000029;0
108257;5;5;66;8;2019;5;17;6;3;1;5;0;1;0;1;0;0;0;400184,651602724570000;5780833,345521388600000;7,540497548000076;52,168946058000074;0
108261;5;1;11;0;2019;5;7;4;3;5;2;0;1;1;0;0;0;0;347774,411769680680000;5677745,705452915300000;6,819659143000024;51,230761643000051;0
108262;5;3;15;0;2019;5;11;7;3;0;1;0;1;0;0;0;0;0;353512,137175447310000;5646520,685971140900000;6,914445692000072;50,951664044000040;0
108264;5;3;15;0;2019;5;23;7;2;0;6;2;1;0;1;0;0;0;353266,518249275160000;5644009,032091822500000;6,911962902000028;50,929030307000062;1
108265;5;1;54;16;2019;5;15;7;3;5;3;0;1;1;0;0;0;0;304641,798089282590000;5733599,730053030000000;6,171700258000044;51,719251985000028;0
108267;5;3;15;0;2019;5;14;7;2;3;6;0;1;1;0;0;0;0;356789,955852273850000;5644708,866562541600000;6,961792575000061;50,936205182000037;0