OBJECTID;ULAND;UREGBEZ;UKREIS;UGEMEINDE;UJAHR;UMONAT;USTUNDE;UWOCHENTAG;UKATEGORIE;UART;UTYP1;ULICHTVERH;IstRad;IstPKW;IstFuss;IstKrad;IstGkfz;IstSonstige;LINREFX;LINREFY;XGCSWGS84;YGCSWGS84;STRZUSTAND
109037;5;3;14;0;2019;5;13;7;3;5;3;0;1;1;0;0;0;0;364953,930999999870000;5623261,655999999500000;7,085818595000035;50,745413730000053;0
109038;5;5;15;0;2019;5;1;4;2;0;1;2;1;0;0;0;0;0;405503,745591071430000;5758104,569553624800000;7,624540407000040;51,965590579000036;0
109042;5;5;62;28;2019;5;9;4;3;5;3;0;1;1;0;0;0;0;379886,018000000160000;5722370,905000001200000;7,264203513000041;51,639503871000045;0
109047;5;5;12;0;2019;5;8;4;3;5;3;0;1;0;0;0;0;0;356089,927000000140000;5709998,167000001300000;6,925613983000062;51,522741562000078;0
109048;5;1;54;60;2019;5;9;7;3;5;3;0;1;0;0;0;0;0;312628,761000001800000;5697892,375000001900000;6,306218574000070;51,401267123000082;0
109049;5;5;62;32;2019;5;20;4;3;0;4;0;1;0;1;0;0;0;377492,198848075230000;5718492,497721662700000;7,230983759000026;51,604131345000042;0
109058;5;5;70;52;2019;5;14;3;3;5;3;0;1;1;0;0;0;0;430858,377559768970000;5757509,375070326000000;7,993641975000060;51,963972105000039;0
109063;5;5;66;84;2019;5;15;3;3;4;6;0;1;0;0;0;0;0;387054,332486488860000;5779250,633955152700000;7,349113538000040;52,152191372000061;0
109066;5;5;54;12;2019;5;14;3;3;5;3;0;1;1;0;0;0;0;352954,199000001880000;5747599,678000001200000;6,864601011000048;51,859792123000034;1
109069;5;5;15;0;2019;5;15;3;3;3;2;0;1;0;0;0;0;0;405373,735515093430000;5755801,829074893100000;7,623282793000044;51,944870446000039;1
109075;5;5;13;0;2019;5;16;3;2;0;7;0;1;0;0;0;0;0;364969,019405854870000;5716556,810383560100000;7,051001042000053;51,583873127000061;1
109078;5;3;34;2;2019;5;10;3;3;0;3;0;1;1;0;0;0;0;295210,263108838350000;5629203,720317665500000;6,095070459000056;50,778379238000070;1
109085;5;3;78;4;2019;5;9;3;3;5;3;0;1;1;0;0;0;0;367585,194589753640000;5646561,089779421700000;7,114667591000057;50,955432326000050;0
109088;5;3;66;44;2019;5;17;3;3;0;7;0;1;0;0;0;0;0;330709,479670270350000;5614530,110221624400000;6,604837565000025;50,657986589000075;0
109090;5;3;62;40;2019;5;4;3;3;5;3;1;1;0;0;1;0;0;358389,289243418720000;5629850,283209484100000;6,990292165000028;50,803063833000067;0
109091;5;3;62;28;2019;5;16;3;3;5;3;0;1;1;0;0;0;0;350243,384624824860000;5640179,140191379900000;6,870546499000056;50,893836389000057;0
109093;5;3;62;36;2019;5;16;3;3;7;7;0;1;0;0;0;0;1;346997,415378691630000;5651641,552526110800000;6,819610832000024;50,995987829000057;0
109096;5;3;15;0;2019;5;17;3;3;3;6;0;1;1;0;0;0;0;357424,541379052210000;5644340,243483398100000;6,970962331000067;50,933049621000066;1
109101;5;3;15;0;2019;5;13;3;3;5;3;0;1;1;0;0;0;0;356828,856000000610000;5643849,582000002300000;6,962683378000065;50,928492524000035;0
109103;5;1;70;36;2019;5;7;3;3;5;3;0;1;1;0;0;0;0;351424,770000001420000;5728061,184999998700000;6,850765960000047;51,683834580000052;1
109105;5;1;70;24;2019;5;13;3;3;5;3;0;1;1;0;0;0;0;335834,792692552320000;5703187,203918678700000;6,637065143000029;51,456027817000063;1
109106;5;1;58;12;2019;5;6;3;3;5;3;0;1;1;0;0;0;0;357539,118132220580000;5687149,678043609500000;6,955672908000054;51,317790242000058;0
109109;5;1;66;8;2019;5;16;3;3;0;7;0;1;0;0;0;0;0;313196,690000001340000;5688970,173000000400000;6,319059964000076;51,321314547000043;0
109120;5;5;70;28;2019;5;3;5;2;6;6;2;1;0;1;0;0;0;440462,891424545090000;5738804,876240206900000;8,136644547000060;51,796928120000075;0
109129;5;5;66;96;2019;5;16;5;3;5;3;0;1;0;0;1;0;0;383039,864272991200000;5786970,679035902000000;7,287799855000060;52,220733141000039;0
109131;5;5;58;24;2019;5;19;5;3;5;3;0;1;1;0;0;0;0;392210,984389311630000;5736468,781471371700000;7,437880685000039;51,768713908000052;0
109132;5;5;58;24;2019;5;16;5;2;9;3;0;1;0;0;0;0;1;392061,370003703050000;5736029,423948127800000;7,435849806000022;51,764736153000058;0
109138;5;5;54;8;2019;5;18;5;3;0;1;0;1;0;0;0;0;0;334153,197712649590000;5750392,617460135400000;6,590477469000064;51,879611635000060;0
109144;5;5;12;0;2019;5;19;5;2;5;3;0;1;1;0;0;0;0;355227,207000001330000;5714229,617000000600000;6,911446640000065;51,560543581000047;0
109151;5;7;62;20;2019;5;8;3;2;5;3;0;1;1;0;0;0;0;526756,293484914120000;5737346,479339590300000;9,387902991000033;51,786344875000054;0
109155;5;7;58;8;2019;5;7;3;3;0;1;0;1;0;0;0;0;0;469401,223008374680000;5776497,369926292400000;8,552903442000059;52,138143570000068;0
109164;5;3;62;32;2019;5;22;5;2;0;1;2;1;0;0;0;0;0;334178,717000001110000;5640596,355000002300000;6,642123420000075;50,893196710000041;0
109168;5;3;62;16;2019;5;11;5;3;2;6;0;1;0;0;0;0;0;332011,389305016960000;5644029,330370673900000;6,609753810000029;50,923415096000042;0
109171;5;3;15;0;2019;5;15;5;3;1;5;0;1;1;0;0;0;0;364169,751860610210000;5651926,069912819200000;7,064062778000050;51,002854666000076;1
109172;5;9;78;36;2019;5;16;3;3;5;2;0;1;1;0;0;0;0;406210,222833950070000;5709984,570265254000000;7,647800332000031;51,533168531000058;0
109173;5;3;15;0;2019;5;16;5;3;0;1;0;1;0;0;0;0;0;357185,329677784820000;5650448,084002992100000;6,965163201000053;50,987880938000046;0
109175;5;3;15;0;2019;5;17;5;3;5;7;0;1;1;0;0;0;0;347147,332778248940000;5645232,368523815600000;6,824438766000071;50,938434392000033;0
109184;5;1;19;0;2019;5;23;5;3;1;5;2;1;1;0;0;0;0;349685,744782445020000;5705527,670074777700000;6,835275425000020;51,480904802000055;0
109192;5;9;62;24;2019;5;21;3;2;5;3;1;1;1;0;0;0;0;410568,282087309290000;5692765,896814474800000;7,714968752000061;51,379088078000052;1
109193;5;1;11;0;2019;5;11;5;2;5;3;0;1;1;0;0;0;0;345884,599000001330000;5675393,297000000300000;6,793623752000030;51,209116919000053;0
109195;5;9;15;0;2019;5;18;3;3;5;3;0;1;1;0;0;0;0;415694,482706806620000;5725574,912879662600000;7,780754727000044;51,674814516000026;1
109204;5;9;78;24;2019;5;14;3;3;5;3;0;1;1;0;0;0;0;397072,144874141550000;5718665,339244939400000;7,513555818000043;51,609604388000037;1
109205;5;7;58;12;2019;5;13;5;2;5;3;0;1;1;0;0;0;0;473730,300000000750000;5775663,381999999300000;8,616220882000050;52,130868380000038;0
109210;5;9;11;0;2019;5;17;3;3;0;2;0;1;1;0;0;0;0;376576,117947471330000;5704440,184905666900000;7,222690260000036;51,477638640000066;1
109222;5;9;62;40;2019;5;11;5;2;0;1;0;1;0;0;0;0;0;421289,270000000480000;5697456,878000000500000;7,867941831000053;51,422848495000039;0
109226;5;9;15;0;2019;5;18;5;3;0;1;0;1;0;0;0;0;0;417702,110477690580000;5727299,050003536000000;7,809376151000038;51,690611398000044;0
109239;5;5;66;60;2019;5;9;2;3;5;3;0;1;1;0;0;0;0;388290,392975125460000;5788706,604976750900000;7,364055070000063;52,237423600000056;0
109243;5;5;66;8;2019;5;13;2;2;5;2;0;1;1;0;0;0;0;400881,033000000750000;5782781,519000001300000;7,550107170000047;52,186581376000049;0
109245;5;5;54;4;2019;5;17;4;3;5;3;0;1;1;0;0;0;0;362777,959000000730000;5771664,401999998800000;6,997546460000024;52,078528718000030;0
109251;5;5;15;0;2019;5;18;4;3;5;2;0;1;1;0;0;0;0;404412,290000000040000;5755367,059999998700000;7,609420022000052;51,940798200000074;0
109253;5;5;54;24;2019;5;7;2;3;5;3;0;1;1;0;0;0;0;368900,535895426760000;5775905,503438016400000;7,085205109000071;52,118121884000061;1
109254;5;5;54;4;2019;5;14;2;3;5;3;0;1;1;0;0;0;0;361715,453999999910000;5773035,382999999400000;6,981496008000022;52,090582985000026;0
109255;5;5;62;4;2019;5;4;4;2;5;3;2;1;0;0;0;0;1;384581,350177771410000;5716560,627306567500000;7,333938838000051;51,588265765000074;1
109256;5;5;15;0;2019;5;5;2;3;5;3;1;1;1;0;0;0;0;404114,515633562580000;5748879,793141491700000;7,606895285000064;51,882436614000028;1
109257;5;5;62;16;2019;5;19;4;3;5;2;0;1;1;0;0;0;0;374377,441936347630000;5734048,079927533900000;7,180435675000069;51,743242175000034;0
109258;5;5;15;0;2019;5;21;2;3;5;3;1;1;1;0;0;0;0;404790,321285380050000;5761206,218779411200000;7,613298602000043;51,993347575000030;0
109263;5;5;62;32;2019;5;19;4;3;8;7;0;1;0;0;0;0;0;376549,025938957000000;5720090,962664421600000;7,216808433000040;51,618291098000043;0
109265;5;5;62;4;2019;5;8;2;2;5;3;0;1;0;0;0;1;0;384581,312357457350000;5716560,719978449900000;7,333938262000061;51,588266590000046;0
109267;5;5;13;0;2019;5;18;4;2;2;6;0;1;0;0;0;0;0;368006,011103096420000;5715428,473511381100000;7,095233832000076;51,574452680000036;0
109270;5;5;62;12;2019;5;10;2;3;5;3;0;1;1;0;0;0;0;358702,626430543140000;5725132,473124170700000;6,957155377000049;51,659396353000034;0
109274;5;3;70;32;2019;5;14;4;2;2;6;0;1;0;0;0;0;0;289565,637364055960000;5660919,608333060500000;5,996822096000074;51,061178310000059;0
109276;5;5;12;0;2019;5;16;2;3;5;2;0;1;1;0;0;0;0;356663,469762623310000;5708861,777140576400000;6,934337666000033;51,512675979000051;0
109285;5;3;70;24;2019;5;10;2;3;3;6;0;1;1;0;0;0;0;285443,883359123950000;5653791,676512202200000;5,942306280000025;50,995647009000038;0
109287;5;3;82;44;2019;5;17;4;3;3;6;0;1;0;0;0;0;0;360916,462775044140000;5632760,756198573900000;7,025030969000056;50,829833679000046;0
109289;5;3;58;8;2019;5;17;2;3;5;3;0;1;1;0;0;0;0;323037,503000001420000;5632338,017999999200000;6,487851482000053;50,815697612000065;0
109296;5;3;82;40;2019;5;9;4;3;0;7;0;1;1;0;0;0;0;382095,144497247410000;5636810,091819176500000;7,324312100000043;50,870934351000074;0
109302;5;3;74;24;2019;5;10;4;3;0;1;0;1;0;0;0;0;0;401148,232924822720000;5661467,522559043000000;7,588294698000027;51,096172691000049;0
109304;5;3;74;12;2019;5;13;4;3;3;2;0;1;1;0;0;0;0;399879,897232703860000;5651287,351492414300000;7,573003147000065;51,004436702000078;0
109309;5;3;62;8;2019;5;16;2;2;0;1;0;1;0;0;0;0;0;336708,071585406550000;5645515,647020120200000;6,675855703000025;50,938118304000056;0
109310;5;3;66;40;2019;5;6;4;3;5;3;0;1;1;0;0;0;0;347442,236173268410000;5624056,843607923000000;6,837451333000047;50,748222756000075;0
109312;5;3;62;28;2019;5;19;4;3;0;1;0;1;0;0;0;0;0;347821,753532951700000;5639887,981038915000000;6,836259608000034;50,890586990000031;0
109313;5;3;62;28;2019;5;12;4;3;5;3;0;1;1;0;0;0;0;349081,245075545270000;5639939,651855059000000;6,854132816000060;50,891381765000062;0
109316;5;3;15;0;2019;5;17;2;3;0;7;0;1;0;0;0;0;0;362822,464552161280000;5642860,415194081100000;7,048290136000048;50,921058990000063;0
109317;5;3;16;0;2019;5;15;4;3;0;1;0;1;0;0;0;0;0;361191,632194056180000;5655400,977792538700000;7,020313663000025;51,033373207000068;0
109322;5;3;15;0;2019;5;18;2;3;0;5;0;1;1;0;0;0;0;353518,913848505360000;5646129,381587140300000;6,914699524000071;50,948149264000051;0
109327;5;3;15;0;2019;5;16;4;3;4;6;0;1;0;0;0;0;0;359972,879907930270000;5647808,905240895200000;7,005870981000044;50,964847273000032;0
109331;5;3;15;0;2019;5;17;4;3;6;7;0;1;0;1;0;0;0;353667,633999999610000;5646352,735000001300000;6,916725443000075;50,950194230000079;0
109335;5;3;15;0;2019;5;10;4;3;1;5;0;1;1;0;0;0;0;355326,917454836890000;5644084,845522942000000;6,941232191000040;50,930232064000052;0
109340;5;3;14;0;2019;5;18;4;3;0;3;0;1;0;0;0;0;0;365171,227789895610000;5622292,946872137500000;7,089251267000066;50,736757577000049;0
109341;5;1;54;12;2019;5;7;2;3;3;6;0;1;0;0;0;0;0;312677,257097802120000;5711301,873187905200000;6,299811664000060;51,521724836000033;0
109343;5;1;66;24;2019;5;16;2;2;5;3;0;1;0;0;0;0;1;307858,091791049580000;5677537,431405609500000;6,248679277000065;51,216851385000041;0
109349;5;1;70;44;2019;5;8;4;3;5;2;0;1;0;0;0;1;0;341669,587000000290000;5718132,782999999800000;6,714259644000038;51,591968936000058;0
109351;5;1;58;16;2019;5;15;4;3;5;3;0;1;1;0;0;0;0;354228,676999999210000;5672051,417999999600000;6,914350325000044;51,181276697000044;0
109352;5;1;58;24;2019;5;16;4;3;5;3;0;1;1;0;0;0;0;357839,964126909150000;5681357,662502462000000;6,962293232000036;51,265816412000049;0
109356;5;1;16;0;2019;5;8;2;2;5;2;0;1;0;0;0;1;0;319652,722000001000000;5675509,500000001900000;6,418398598000067;51,202481463000026;1
109366;5;1;62;24;2019;5;20;4;3;5;7;0;1;0;0;0;0;1;340547,574463726020000;5674418,630682416300000;6,717713804000027;51,198894503000076;0
109369;5;1;62;22;2019;5;7;4;3;4;6;0;1;0;0;0;0;0;338887,551591516470000;5680111,923167277100000;6,691415079000024;51,249582242000031;0
109370;5;1;13;0;2019;5;17;2;3;5;3;0;1;1;0;0;0;0;366671,096565618180000;5702746,446192175100000;7,080779309000036;51,460169740000026;0
109373;5;1;16;0;2019;5;7;4;3;1;2;0;1;1;0;0;0;0;319783,041998608970000;5670445,671298338100000;6,422801323000044;51,157033662000060;0
109374;5;1;16;0;2019;5;7;4;3;3;2;0;1;1;0;0;0;0;321658,209541059100000;5669438,664306061300000;6,450087551000024;51,148574846000031;0
109377;5;1;14;0;2019;5;16;4;3;5;7;0;1;1;0;0;0;0;333936,646231073890000;5688677,480682179300000;6,616555667000057;51,325117634000037;0
109386;5;1;13;0;2019;5;12;4;2;3;2;0;1;0;0;0;1;0;364046,231986051430000;5704291,962363628700000;7,042424377000032;51,473434217000033;0
109388;5;7;74;24;2019;5;14;2;3;5;3;0;1;1;0;0;0;0;476338,112476220350000;5741341,003120308700000;8,656684945000052;51,822399469000061;0
109391;5;7;70;24;2019;5;7;2;3;5;2;0;1;1;0;0;0;0;493351,803999999540000;5793803,690999999600000;8,902517775000035;52,294545427000060;1
109392;5;1;12;0;2019;5;12;4;3;3;5;0;1;1;0;0;0;0;345376,702860827560000;5692999,243902135600000;6,778735788000063;51,367174616000057;0
109394;5;1;11;0;2019;5;19;4;3;3;1;0;1;0;0;0;0;1;351001,703323418270000;5675967,346639741200000;6,866588370000045;51,215633175000050;0
109395;5;1;11;0;2019;5;8;4;3;5;2;0;1;1;0;0;0;0;345182,562417343260000;5679119,182704087300000;6,781971794000071;51,242405674000054;0
109398;5;1;11;0;2019;5;8;4;3;5;2;0;1;1;0;0;0;0;344762,872880585490000;5680358,325013170000000;6,775426493000055;51,253425732000039;0
109400;5;1;11;0;2019;5;17;4;3;5;3;0;1;1;0;0;0;0;344935,492573347870000;5681077,610328886700000;6,777586423000059;51,259935715000040;0
109403;5;7;11;0;2019;5;16;2;3;0;1;0;1;0;0;0;0;0;473056,375478737060000;5760332,040104331400000;8,607585462000031;51,992997174000038;0
109408;5;7;74;36;2019;5;7;4;3;5;3;0;1;1;0;0;0;0;472401,920403650960000;5724570,730320915600000;8,600906278000025;51,671435223000060;0
109410;5;9;74;28;2019;5;19;2;3;5;3;0;1;1;0;0;0;0;456906,733669933860000;5727051,979042526300000;8,376536962000046;51,692768934000071;0
109422;5;7;54;48;2019;5;12;4;3;3;6;0;1;1;0;0;0;0;442428,672315555620000;5769180,521451218100000;8,160063663000074;52,070214014000044;0
109423;5;7;66;52;2019;5;7;4;3;5;3;0;1;1;0;0;0;0;516992,716030074280000;5756617,598395692200000;9,247304648000068;51,959994621000078;0
109424;5;7;66;60;2019;5;10;4;3;5;3;0;1;1;0;0;0;0;510297,069000000130000;5751468,482000004500000;9,149705409000035;51,913863118000052;0
109425;5;7;11;0;2019;5;10;4;3;5;3;0;1;1;0;0;0;0;469549,464430495170000;5763603,482260301700000;8,556220549000045;52,022228428000062;0
109432;5;9;62;24;2019;5;22;2;2;0;7;2;1;0;0;0;0;0;408375,169246736910000;5692263,041592221700000;7,683594747000029;51,374217879000071;0
109434;5;9;70;40;2019;5;20;4;2;4;2;0;1;1;0;0;0;0;432050,785669288600000;5636787,157019624500000;8,034148737000066;50,878761187000066;0
109437;5;9;13;0;2019;5;20;2;3;5;3;0;1;1;0;0;0;0;390423,671422204000000;5710003,992099348500000;7,420280492000074;51,530499845000065;0
109440;5;9;58;4;2019;5;11;4;2;0;1;0;1;0;0;0;0;0;428365,588595343750000;5699354,202510703400000;7,969314732000044;51,440844771000059;0
109441;5;9;78;24;2019;5;13;2;3;5;2;0;1;1;0;0;0;0;397855,947999629190000;5719742,886628100600000;7,524557072000050;51,619432743000061;0
109442;5;9;54;12;2019;5;17;4;3;3;2;0;1;1;0;0;0;0;382837,280673363250000;5686274,875688403800000;7,318805514000076;51,315700363000076;0
109444;5;9;13;0;2019;5;11;2;3;6;7;0;1;0;1;0;0;0;394138,610186485570000;5707379,452872935700000;7,474604986000031;51,507617927000069;0
109482;5;5;66;60;2019;5;4;1;2;0;7;2;1;0;0;0;0;0;388733,994094200430000;5788542,834396475900000;7,370602498000039;52,236041634000060;0
109484;5;5;54;4;2019;5;21;1;2;8;1;2;1;0;0;0;0;0;357312,158215526490000;5777037,345600809900000;6,915590882000060;52,125422329000060;0
109494;5;5;13;0;2019;5;8;1;3;5;3;0;1;1;0;0;0;0;367276,139145142400000;5708913,437045624500000;7,087164975000064;51,515733054000066;0
109505;5;1;62;8;2019;6;10;1;2;5;2;0;1;0;0;1;0;0;332098,860490132120000;5668972,673190457700000;6,599439443000051;51,147546103000082;0
109508;5;1;19;0;2019;6;17;1;3;5;3;0;1;1;0;0;0;0;353252,174616271630000;5705653,104511914800000;6,886546593000048;51,482968416000062;0
109510;5;1;16;0;2019;6;15;1;3;0;7;0;1;0;0;0;0;0;323475,670020723720000;5675010,551212946000000;6,473310317000028;51,199193200000082;0
109511;5;1;22;0;2019;6;11;1;3;0;2;0;1;1;0;0;0;0;359853,094000000510000;5667237,724000003200000;6,996644125000046;51,139423738000062;0
109519;5;1;11;0;2019;6;14;1;3;5;3;0;1;1;0;0;0;0;344641,490226767030000;5678870,060687124700000;6,774334339000063;51,240020135000066;0
109526;5;7;54;44;2019;6;14;1;3;0;1;0;1;0;0;0;0;0;467159,923206544480000;5749313,949628695800000;8,522763244000032;51,893619069000067;0
109532;5;7;11;0;2019;6;15;1;3;3;6;0;1;1;0;0;0;0;467240,648939569480000;5755946,829213894900000;8,523305039000036;51,953258482000081;0
109537;5;9;74;12;2019;6;12;1;3;3;6;0;1;0;0;1;0;0;432684,943501980040000;5706213,852086823400000;8,030145411000035;51,503046173000030;0
109542;5;9;66;24;2019;6;12;1;3;2;1;0;1;0;0;0;0;0;420630,876773352730000;5658538,306518111400000;7,867105066000022;51,072865321000052;0
109546;5;9;58;44;2019;6;11;1;3;0;7;0;1;0;0;0;0;0;428354,721989614890000;5690409,394708117500000;7,970964745000060;51,360425756000041;0
109553;5;9;15;0;2019;6;13;1;2;0;1;0;1;0;0;0;0;0;426926,939000001180000;5727618,814000001200000;7,942741006000063;51,694762662000073;0
109554;5;9;78;24;2019;6;14;1;3;0;7;0;1;0;0;0;0;0;392352,156665726560000;5716105,218188632300000;7,446203609000065;51,585710676000076;0
109556;5;9;13;0;2019;6;11;1;3;0;3;0;1;0;0;0;0;1;392491,442126668990000;5709233,986391019100000;7,450313926000035;51,523976253000058;0
109561;5;5;66;40;2019;6;5;2;3;5;2;1;1;1;0;0;0;0;421678,474000000390000;5781950,352000001800000;7,854445456000065;52,182455929000071;0
109568;5;5;58;24;2019;6;16;2;3;5;3;0;1;1;0;0;0;0;392171,780462075020000;5736409,828673018100000;7,437331056000062;51,768176493000055;0
109570;5;5;54;20;2019;6;16;2;3;8;1;0;1;0;0;0;0;0;366847,997844279740000;5782123,157231370000000;7,052808748000075;52,173500416000081;0
109573;5;5;54;12;2019;6;18;2;3;3;6;0;1;1;0;0;0;0;352876,542505404910000;5746641,904980653900000;6,863881830000025;51,851166137000064;0
109575;5;5;54;12;2019;6;16;2;3;5;3;0;1;1;0;0;0;0;352839,867281927730000;5745937,040577853100000;6,863649722000048;51,844823308000059;0
109578;5;5;15;0;2019;6;20;2;3;5;2;0;1;1;0;0;0;0;402945,782000000590000;5757810,739000000100000;7,587402555000040;51,962508842000034;0
109579;5;5;15;0;2019;6;15;2;3;5;2;0;1;1;0;0;0;0;405724,131295045840000;5753792,240446135400000;7,628929899000070;51,926866791000066;0
109581;5;5;15;0;2019;6;14;2;2;5;3;0;1;0;0;0;0;0;404257,643391384740000;5758974,986577948600000;7,606165530000055;51,973200967000082;0
109584;5;5;15;0;2019;6;15;2;3;0;7;0;1;0;0;0;0;0;406359,533284151000000;5756997,589156594100000;7,637294961000066;51,955785331000072;0
109585;5;5;70;52;2019;6;14;7;2;5;3;0;1;0;0;0;0;0;430013,421819199810000;5754830,620131686300000;7,981891262000033;51,939785407000045;0
109593;5;5;12;0;2019;6;17;2;2;4;2;0;1;1;0;0;0;0;353046,006419915710000;5720083,683292251100000;6,877552155000046;51,612580809000065;0
109596;5;5;66;80;2019;6;16;7;2;5;3;0;1;1;0;0;0;0;406813,941955911000000;5781893,167497303300000;7,637109306000070;52,179631123000036;0
109597;5;5;54;20;2019;6;21;7;3;0;7;0;1;0;0;0;0;1;366850,225603625180000;5785115,554746260900000;7,051665996000054;52,200389058000042;0
109599;5;5;54;20;2019;6;20;7;3;0;6;0;1;0;0;0;0;0;366228,388263191100000;5787475,159208558500000;7,041640210000026;52,221440465000057;0
109602;5;5;13;0;2019;6;18;2;3;5;3;0;1;1;0;0;0;0;364966,869600851090000;5717223,142455793900000;7,050713710000025;51,589860530000067;0
109604;5;5;54;8;2019;6;10;7;1;5;3;0;1;1;0;0;0;0;340630,005609836430000;5750924,199100453400000;6,684246271000063;51,886275802000057;0
109612;5;5;62;32;2019;6;15;7;3;1;5;0;1;1;0;0;0;0;375573,933630131190000;5720976,238927373700000;7,202416673000073;51,626032465000037;0
109616;5;3;34;24;2019;6;17;2;3;0;1;0;1;0;0;0;0;0;302215,247022726570000;5614792,101922093000000;6,202029998000057;50,651362600000027;0
109617;5;3;58;8;2019;6;14;7;3;0;3;0;1;1;0;0;0;0;323374,571623470630000;5631146,345486523600000;6,493205029000023;50,805094300000064;0
109618;5;3;34;4;2019;6;16;7;3;0;1;0;1;0;0;0;0;0;300436,971000000830000;5638294,364000003800000;6,164167934000034;50,861851251000076;0
109623;5;3;82;20;2019;6;8;2;3;5;3;0;1;1;0;0;0;0;383897,685973288490000;5622321,636976864200000;7,354501206000066;50,741061395000031;0
109628;5;3;78;4;2019;6;15;2;3;5;2;0;1;1;0;0;0;0;368152,562484082770000;5649795,615845857200000;7,121568541000045;50,984633402000043;0
109630;5;3;62;12;2019;6;10;2;3;5;2;0;1;1;0;0;0;0;351625,630000000820000;5631662,991999998700000;6,893638663000047;50,817661660000056;0
109631;5;3;74;12;2019;6;12;7;3;5;3;0;1;0;0;0;0;0;404010,870000001970000;5651313,228000000100000;7,631856093000067;51,005373490000068;0
109634;5;3;62;28;2019;6;14;2;3;5;3;0;1;1;0;0;0;0;352035,535167905500000;5639254,028881300200000;6,896386038000060;50,885984690000043;0
109640;5;3;15;0;2019;6;19;2;3;5;3;0;1;1;0;0;0;0;357556,404613192190000;5645068,137066062500000;6,972553123000068;50,939623756000060;0
109641;5;3;62;4;2019;6;12;7;3;5;3;0;1;1;0;0;0;0;334500,090178898540000;5653169,975009791600000;6,640974256000050;51,006262448000030;0
109643;5;3;15;0;2019;6;14;7;3;6;6;0;1;0;1;0;0;0;359330,155258469280000;5647724,623695891400000;6,996756485000049;50,963933252000061;0
109648;5;3;15;0;2019;6;15;2;3;5;3;0;1;1;0;0;0;0;349053,839269959370000;5643061,957487577600000;6,852452351000068;50,919432665000045;0
109649;5;3;15;0;2019;6;16;7;3;3;6;0;1;0;0;0;0;0;354651,511100781150000;5637931,938153328400000;6,934077024000033;50,874767363000046;0
109657;5;1;70;8;2019;6;15;7;3;5;3;0;1;1;0;0;0;0;346636,621353826490000;5717605,010965114500000;6,786138393000044;51,588600915000029;0
109662;5;1;70;20;2019;6;13;7;2;5;3;0;1;1;0;0;0;0;326069,297478349880000;5706823,271542649700000;6,494855020000045;51,485775673000035;0
109666;5;3;14;0;2019;6;10;2;1;5;2;0;1;0;0;0;1;0;364389,296839277260000;5622571,612801134600000;7,078074090000030;50,739080127000079;0
109667;5;1;70;48;2019;6;15;7;2;5;3;0;1;1;0;0;0;0;331764,860543200750000;5729297,431964289400000;6,566037500000050;51,689395355000045;0
109668;5;1;58;32;2019;6;11;7;3;5;3;0;1;1;0;0;0;0;362686,247095116410000;5690235,027608500800000;7,028297548000069;51,346782824000059;0
109669;5;3;14;0;2019;6;22;2;3;5;3;2;1;1;0;0;0;0;366121,018000002020000;5622502,487000001600000;7,102627356000028;50,738860641000031;1
109673;5;1;70;8;2019;6;14;2;3;5;3;0;1;1;0;0;0;0;344731,924002676270000;5716295,871403817100000;6,759244712000054;51,576317059000075;0
109683;5;1;70;12;2019;6;10;2;3;0;3;0;1;1;0;0;0;0;335381,649048636670000;5738208,654139641700000;6,614101036000022;51,770522114000073;0
109685;5;1;70;48;2019;6;16;2;3;5;3;0;1;1;0;0;0;0;330653,814088982530000;5723631,280175983900000;6,552724503000036;51,638160864000042;0
109692;5;1;24;0;2019;6;10;7;3;2;2;0;1;1;0;0;0;0;370890,609601474370000;5679889,758133381600000;7,149779699000021;51,255729546000055;0
109697;5;1;13;0;2019;6;16;7;3;0;1;0;1;0;0;0;0;0;361243,889816141690000;5706606,201558185700000;7,001190718000032;51,493550305000042;0
109701;5;1;12;0;2019;6;10;7;3;5;2;0;1;1;0;0;0;0;343351,217044895510000;5698916,134729862200000;6,747051321000072;51,419782504000068;0
109704;5;1;62;4;2019;6;22;2;2;4;6;2;1;0;0;0;0;0;347560,741224667060000;5664462,005603952300000;6,822233149000056;51,111341037000045;0
109706;5;7;74;32;2019;6;19;7;3;5;2;0;1;0;0;0;0;1;480237,093999999580000;5736046,609000001100000;8,713557001000027;51,774948272000074;0
109707;5;7;70;24;2019;6;21;7;3;5;3;1;1;1;0;0;0;0;493945,426318745130000;5794347,879606436900000;8,911212240000054;52,299444814000026;0
109712;5;7;58;20;2019;6;3;7;2;0;1;2;1;0;0;0;0;0;476755,245711819270000;5785417,884643929100000;8,659743540000022;52,218702073000031;0
109714;5;7;54;36;2019;6;17;7;3;5;3;0;1;0;0;0;1;0;476040,628032658250000;5751381,321901844800000;8,651672144000031;51,912659258000076;0
109715;5;1;19;0;2019;6;11;2;3;5;2;0;1;1;0;0;0;0;351522,144000002180000;5706713,037999998800000;6,861203601000057;51,492040923000047;0
109720;5;1;16;0;2019;6;15;2;3;5;3;0;1;1;0;0;0;0;319912,778212866750000;5668801,910223724300000;6,425476868000033;51,142308304000039;0
109730;5;1;13;0;2019;6;10;2;3;0;7;0;1;1;0;0;0;0;357991,624823256400000;5703292,608036654100000;6,955705024000054;51,462966745000074;0