OBJECTID;ULAND;UREGBEZ;UKREIS;UGEMEINDE;UJAHR;UMONAT;USTUNDE;UWOCHENTAG;UKATEGORIE;UART;UTYP1;ULICHTVERH;IstRad;IstPKW;IstFuss;IstKrad;IstGkfz;IstSonstige;LINREFX;LINREFY;XGCSWGS84;YGCSWGS84;STRZUSTAND
109732;5;9;74;32;2019;6;20;7;2;7;1;0;1;0;0;0;0;0;442945,878418518230000;5703443,444471262400000;8,178411834000031;51,479267064000055;0
109742;5;9;58;40;2019;6;14;7;3;5;2;0;1;0;0;0;0;1;451150,560620938430000;5678289,152560636400000;8,300007019000077;51,253866480000056;0
109746;5;1;11;0;2019;6;12;2;3;5;2;0;1;1;0;0;0;0;347117,972424153240000;5677619,702100534000000;6,810318011000049;51,229453961000047;0
109748;5;9;14;0;2019;6;9;7;2;5;3;0;1;1;0;0;0;0;392941,293309660630000;5691110,685567075400000;7,462277648000054;51,361159275000034;0
109749;5;9;13;0;2019;6;18;7;3;3;2;0;1;1;0;0;0;0;393633,801000000910000;5704753,814000003000000;7,468125272000066;51,483922531000076;0
109751;5;7;74;16;2019;6;12;2;2;0;1;0;1;0;0;0;0;0;469387,595790946860000;5711036,971343971800000;8,558499713000060;51,549593092000066;0
109752;5;9;13;0;2019;6;12;7;3;5;2;0;1;1;0;0;0;0;393971,341000000010000;5707302,745000001000000;7,472218730000066;51,506897075000040;0
109753;5;7;70;40;2019;6;15;2;3;4;6;0;1;0;0;0;0;0;476084,233000000940000;5807817,071000002300000;8,648328749000029;52,420048759000053;0
109759;5;7;70;32;2019;6;8;2;3;5;3;0;1;1;0;0;0;0;500486,959836395460000;5788582,193350752800000;9,007132739000042;52,247641341000076;0
109761;5;7;70;24;2019;6;18;2;3;2;2;0;1;0;0;1;0;0;496848,763868485580000;5790754,944254605100000;8,953822026000069;52,267166783000050;0
109766;5;7;70;24;2019;6;14;2;3;5;2;0;1;1;0;0;0;0;494908,951999999580000;5793242,892000002800000;8,925358623000022;52,289520199000037;0
109772;5;7;58;4;2019;6;10;2;3;5;3;0;1;1;0;0;0;0;472227,448970075700000;5785412,923666974500000;8,593467768000039;52,218447800000035;1
109775;5;5;66;12;2019;5;14;6;3;5;3;0;1;1;0;0;0;0;402061,073464460670000;5772744,179227234800000;7,570255023000073;52,096577245000049;0
109777;5;5;54;4;2019;5;17;6;3;5;2;0;1;1;0;0;0;0;362780,353834642100000;5771672,954304592700000;6,997577945000046;52,078606157000081;0
109779;5;5;54;12;2019;5;17;6;2;5;3;0;1;1;0;0;0;0;347078,678179176520000;5745786,339614020700000;6,780146612000067;51,841921263000074;0
109782;5;5;15;0;2019;5;17;6;3;5;3;0;1;1;0;0;0;0;404802,959999999030000;5761701,439999999500000;7,613345092000031;51,997800953000080;0
109783;5;5;15;0;2019;5;16;6;3;5;6;0;1;0;0;0;0;0;405542,977909479290000;5756661,056077886400000;7,625508211000067;51,952622325000050;0
109784;5;7;54;32;2019;6;16;2;3;5;3;0;1;1;0;0;0;0;460339,677211633880000;5740373,117806011800000;8,424681373000055;51,812790833000065;0
109788;5;5;15;0;2019;5;19;6;3;3;1;0;1;0;0;0;0;0;406332,515179498120000;5756679,731733655600000;7,636988548000034;51,952923725000062;0
109791;5;5;62;16;2019;5;10;6;2;0;7;0;1;0;0;0;0;0;383749,156734549440000;5732850,267742728800000;7,316513572000076;51,734499568000047;0
109798;5;5;62;20;2019;5;14;6;3;5;3;0;1;1;0;0;0;0;371266,286923739130000;5718337,504749117400000;7,141188014000022;51,601349667000079;0
109799;5;9;74;28;2019;6;12;2;3;0;3;0;1;1;0;0;0;0;454439,182081284000000;5727374,046597490100000;8,340797428000030;51,695469724000077;1
109801;5;5;62;32;2019;5;10;6;3;5;3;0;1;1;0;0;0;0;377685,922177539210000;5718407,988805173000000;7,233809173000054;51,603413949000071;0
109807;5;5;13;0;2019;5;17;6;3;6;7;0;1;0;1;0;0;0;369445,323779741300000;5707178,753758246100000;7,119051539000054;51,500649160000080;0
109812;5;3;34;16;2019;5;15;6;3;5;3;0;1;1;0;0;0;0;296597,042999999600000;5641099,681000001700000;6,108115209000061;50,885708667000074;0
109815;5;9;62;24;2019;6;13;2;3;5;3;0;1;1;0;0;0;0;409153,242000000550000;5694949,221000000800000;7,694083200000023;51,398490505000041;0
109816;5;3;34;28;2019;5;15;6;2;5;3;0;1;1;0;0;0;0;313125,569563740860000;5609589,709722533800000;6,358814879000022;50,608228807000046;0
109824;5;9;78;24;2019;6;7;2;3;5;3;0;1;1;0;0;0;0;398135,737962877380000;5719600,825539521900000;7,528638427000033;51,618206525000062;1
109829;5;9;54;36;2019;6;13;2;3;5;2;0;1;1;0;0;0;0;383254,707688763740000;5699769,837280638500000;7,320358298000031;51,437079712000070;0
109847;5;3;74;36;2019;5;12;6;3;0;3;0;1;1;0;0;0;0;383541,952195316550000;5673613,155985429900000;7,333034646000044;51,202037945000029;0
109860;5;3;15;0;2019;5;14;6;3;5;3;0;1;1;0;0;0;0;366707,707587569950000;5638213,684502104300000;7,105231423000021;50,880206081000040;0
109865;5;3;15;0;2019;5;9;6;3;6;4;0;1;0;1;0;0;0;354858,702780235560000;5643246,332680193700000;6,934907688000067;50,922578921000081;0
109868;5;1;70;32;2019;5;9;6;3;0;3;0;1;1;0;0;0;0;336095,775000000370000;5711897,699999999300000;6,636772793000034;51,534359338000058;0
109869;5;5;70;28;2019;6;0;1;2;4;6;2;1;0;0;0;0;0;438735,917056287640000;5741798,438525846200000;8,111075352000057;51,823654223000062;0
109871;5;1;58;20;2019;5;13;6;3;0;7;0;1;0;0;0;0;1;355835,801554186270000;5663847,392070066200000;6,940613153000072;51,107959129000051;0
109872;5;5;70;52;2019;6;11;1;3;0;1;0;1;0;0;0;0;0;427490,953772791660000;5762384,485877497100000;7,943607164000071;52,007367663000082;0
109877;5;5;66;28;2019;6;15;1;3;5;3;0;1;1;0;0;0;0;410817,001000001100000;5788367,857000002600000;7,693933475000051;52,238489275000063;0
109878;5;5;66;28;2019;6;12;1;2;3;2;0;1;1;0;0;0;0;412500,742560668850000;5791940,810813672800000;7,717658832000041;52,270874315000071;0
109880;5;5;58;28;2019;6;23;1;2;0;1;2;1;0;0;0;0;0;402927,722650789660000;5730591,809093181000000;7,594778604000055;51,717848807000053;0
109884;5;5;58;12;2019;6;0;1;2;4;6;2;1;0;0;0;0;0;374523,363611252980000;5753379,542548818500000;7,175539866000065;51,917000433000055;0
109885;5;1;66;32;2019;5;12;6;3;0;1;0;1;0;0;0;0;0;315374,218197302890000;5684461,717651490100000;6,352607375000048;51,281528534000074;0
109886;5;5;58;16;2019;6;12;1;3;5;3;0;1;1;0;0;0;0;386854,749490467830000;5747252,929788380900000;7,356767003000073;51,864580077000028;0
109891;5;5;15;0;2019;6;11;1;3;4;3;0;1;1;0;0;0;0;406148,816601429130000;5750922,274932123700000;7,635886325000058;51,901141757000062;0
109893;5;5;15;0;2019;6;21;1;3;0;6;2;1;0;1;0;0;0;406809,360860719350000;5755961,418444518000000;7,644120072000021;51,946547262000081;0
109895;5;5;62;16;2019;6;11;1;3;3;6;0;1;1;0;0;0;0;374514,294591269460000;5740024,310145374400000;7,180257638000057;51,796979894000060;0
109899;5;1;13;0;2019;5;9;6;3;7;7;0;1;0;0;0;0;0;364838,931113300850000;5699695,555275917100000;7,055587411000033;51,432318010000074;0
109902;5;1;13;0;2019;5;15;6;2;0;1;0;1;0;0;0;0;0;365792,811129994690000;5702287,582406807700000;7,068318547000047;51,455838524000058;0
109905;5;1;11;0;2019;5;16;6;3;5;2;0;1;1;0;0;0;0;342059,624000001700000;5674325,245000001000000;6,739379122000059;51,198475390000056;0
109907;5;1;11;0;2019;5;14;6;2;1;7;0;1;1;0;0;0;0;343581,253098299730000;5677972,087927458800000;6,759549911000022;51,231661927000061;0
109909;5;7;70;4;2019;5;19;6;3;5;3;0;1;1;0;0;0;0;488218,249894123520000;5786572,976499659900000;8,827497408000056;52,229451461000053;0
109912;5;7;70;32;2019;5;17;6;3;5;3;0;1;1;0;0;0;0;493507,549190809950000;5789409,083318589300000;8,904886066000074;52,255037460000040;0
109918;5;3;82;20;2019;6;13;1;3;0;1;0;1;0;0;0;0;0;382532,374999999070000;5620289,264000000400000;7,335807156000044;50,722517559000039;0
109921;5;7;54;36;2019;5;22;6;3;4;6;2;1;0;0;0;0;0;473223,322198332290000;5750839,005195351300000;8,610756511000034;51,907655017000081;0
109922;5;3;78;28;2019;6;20;1;3;5;2;0;1;1;0;0;0;0;372626,379024855790000;5638626,430448258300000;7,189176382000028;50,885250964000079;0
109928;5;7;11;0;2019;5;15;6;3;3;2;0;1;1;0;0;0;0;467804,779000001030000;5762930,161000000300000;8,530858112000033;52,016076335000037;0
109935;5;3;15;0;2019;6;13;1;3;5;7;0;1;1;0;0;0;0;361486,806819504130000;5644081,252015981800000;7,028835061000052;50,931711913000072;0
109936;5;9;78;16;2019;5;18;6;3;5;3;0;1;1;0;0;0;0;404791,879000000660000;5704564,719000002400000;7,628821328000072;51,484211340000058;0
109937;5;9;78;36;2019;5;14;6;3;5;2;0;1;1;0;0;0;0;408996,056969392110000;5710836,015077656100000;7,687733038000033;51,541278389000070;0
109948;5;3;82;24;2019;6;19;1;3;0;1;0;1;0;0;0;0;0;377062,523750123570000;5615649,970396528000000;7,259896152000067;50,679684288000033;0
109949;5;9;58;44;2019;5;13;6;3;6;6;0;1;0;1;0;0;0;426354,481084609400000;5688264,012134967400000;7,942684692000057;51,340882032000081;0
109952;5;1;70;8;2019;6;3;1;2;2;6;2;1;0;0;0;0;0;344938,621868758460000;5714908,116197109200000;6,762837623000053;51,563905306000038;0
109958;5;1;70;20;2019;6;11;1;3;2;6;0;1;1;0;0;0;0;326069,084264205770000;5706823,083317261200000;6,494852045000073;51,485773916000028;0
109972;5;1;54;52;2019;6;4;1;3;0;1;0;1;0;0;0;0;0;313197,731860842560000;5703668,384032661100000;6,311343649000037;51,453334538000036;0
109978;5;1;54;4;2019;6;16;1;2;8;1;0;1;0;0;0;0;0;305614,099941285330000;5739545,934767914900000;6,182435683000051;51,772989547000066;0
109985;5;3;82;76;2019;6;17;7;3;5;3;0;1;1;0;0;0;0;401911,181424334650000;5628407,199783744300000;7,608092927000030;50,799094456000034;0
109999;5;3;62;24;2019;6;13;7;3;5;3;0;1;1;0;0;0;0;345724,438126579860000;5642382,700467184200000;6,805408140000054;50,912448335000079;0
110004;5;3;62;36;2019;6;18;7;3;5;3;0;1;1;0;0;0;0;344610,261022068560000;5647592,933077521600000;6,787349710000058;50,958968060000075;0
110006;5;5;66;8;2019;6;19;4;2;5;2;0;1;1;0;0;0;0;399225,847935790200000;5780800,605837341400000;7,526492618000020;52,168477555000038;0
110008;5;3;15;0;2019;6;13;7;3;0;5;0;1;1;0;0;0;0;353910,282052042890000;5646699,094238517800000;6,920038507000072;50,953368387000069;0
110010;5;3;15;0;2019;6;14;7;3;1;5;0;1;1;0;0;0;0;355456,115384699780000;5645738,556523213200000;6,942413444000067;50,945126015000028;0
110011;5;5;58;4;2019;6;13;4;3;5;3;0;1;1;0;0;0;0;403175,386444706470000;5741589,148654650900000;7,595297184000060;51,816742496000074;0
110013;5;3;15;0;2019;6;15;7;3;5;2;0;1;1;0;0;0;0;355337,691000001510000;5643971,992000002400000;6,941430183000023;50,929220574000055;0
110014;5;3;15;0;2019;6;23;7;3;6;6;2;1;0;1;0;0;0;355210,358744046650000;5644930,282571686400000;6,939238765000027;50,937800576000029;0
110016;5;5;54;36;2019;6;17;4;3;5;3;0;1;1;0;0;0;0;376283,574100333270000;5768280,273908693300000;7,195745890000069;52,051300187000038;0
110017;5;3;14;0;2019;6;19;7;2;0;1;0;1;0;0;0;0;0;369536,075038906190000;5616523,183858573400000;7,153113074000032;50,685894364000035;0
110018;5;5;54;4;2019;6;20;4;3;0;7;0;1;0;0;0;0;0;356585,096907611010000;5771184,771907281100000;6,907440674000043;52,072649983000076;0
110020;5;5;54;4;2019;6;11;4;3;5;3;0;1;1;0;0;0;0;357040,154710317960000;5777221,039776274900000;6,911543073000075;52,127002504000075;0
110025;5;5;15;0;2019;6;10;4;3;0;7;0;1;0;0;0;0;0;405520,516187918370000;5756550,035288315300000;7,625211984000032;51,951620606000063;0
110028;5;5;15;0;2019;6;13;4;3;0;3;0;1;0;0;0;0;0;405956,786807615310000;5757879,917679138500000;7,631194225000058;51,963648135000028;0
110031;5;5;62;12;2019;6;19;4;3;5;2;0;1;1;0;0;0;0;358685,557601079340000;5727645,615123435900000;6,955892154000026;51,681974503000049;0
110037;5;1;62;16;2019;6;12;7;3;5;3;0;1;1;0;0;0;0;333331,165922067130000;5677125,139578217600000;6,613259969000069;51,221151405000057;0
110038;5;5;62;14;2019;6;11;4;3;5;3;0;1;1;0;0;0;0;361006,932000001890000;5715015,547999998600000;6,994460480000043;51,569059962000040;0
110041;5;1;16;0;2019;6;22;7;3;0;7;2;1;0;0;0;0;0;318783,867509474980000;5667039,187587630000000;6,410242100000062;51,126117403000080;0
110042;5;1;14;0;2019;6;17;7;3;5;3;0;1;1;0;0;0;0;332047,025851968680000;5689723,479770027100000;6,588967232000073;51,333960119000039;1
110048;5;3;70;16;2019;6;13;4;3;2;6;0;1;0;0;0;0;0;296728,472725017000000;5661534,675215432400000;6,098556912000049;51,069282431000033;0
110050;5;3;34;36;2019;6;7;4;2;4;6;0;1;0;0;0;0;0;298325,405000002120000;5636121,817000003500000;6,135398429000077;50,841606061000050;0
110053;5;1;13;0;2019;6;18;7;3;5;2;0;1;1;0;0;0;0;362920,614000000990000;5703932,063999999300000;7,026366700000040;51,469928418000052;0
110056;5;3;34;2;2019;6;10;4;3;0;2;0;1;1;0;0;0;0;297027,561014301140000;5630738,856676377400000;6,119966166000040;50,792805807000036;0
110061;5;3;78;16;2019;6;8;4;3;3;6;0;1;0;0;0;1;0;360091,497693427840000;5664534,681272657600000;7,001099039000053;51,115190279000046;0
110062;5;7;54;8;2019;6;19;7;3;0;7;0;1;0;1;0;0;0;457328,443322030830000;5751357,802610660000000;8,379645685000071;51,911328437000066;0
110063;5;5;62;16;2019;6;20;7;3;0;1;0;1;0;0;0;0;0;374794,789142182100000;5732700,568231215700000;7,186962257000062;51,731225689000041;1
110064;5;7;66;44;2019;6;12;7;3;4;1;0;1;0;0;0;0;0;494069,825354143980000;5763792,088090563200000;8,913570313000037;52,024728228000072;0
110065;5;7;66;36;2019;6;10;7;3;2;6;0;1;1;0;0;0;0;496790,480171089060000;5777253,982034694400000;8,953095926000060;52,145784171000059;0
110073;5;3;66;36;2019;6;8;4;3;5;3;0;1;1;0;0;0;0;322626,235873415130000;5605576,181194113600000;6,494867399000043;50,575134789000060;0
110075;5;3;62;28;2019;6;18;4;3;0;7;0;1;0;0;0;0;0;352109,392321090210000;5636741,672433352100000;6,898451377000072;50,863425968000058;0
110076;5;9;74;40;2019;6;12;7;3;4;2;0;1;1;0;0;0;0;437068,656176188960000;5714181,542697142800000;8,091871116000050;51,575185173000079;0
110077;5;9;70;36;2019;6;0;7;3;0;1;2;1;0;0;0;0;0;429860,226394705470000;5626924,197348525700000;8,004904086000067;50,789817638000045;0
110081;5;9;58;36;2019;6;11;7;3;9;1;0;1;0;0;0;0;0;466041,070000000300000;5684366,836000001100000;8,512794193000048;51,309596807000048;0
110091;5;3;62;32;2019;6;7;4;3;8;1;0;1;0;0;0;0;0;338508,291765200910000;5642921,030056126400000;6,702605400000039;50,915311643000052;0
110094;5;3;62;36;2019;6;12;4;3;5;3;0;1;1;0;0;0;0;346045,090903223490000;5645962,096498776200000;6,808454324000024;50,944698515000027;0
110099;5;3;62;36;2019;6;10;4;3;0;7;0;1;0;0;0;0;0;344062,179470403120000;5648447,962017016500000;6,779185197000061;50,966503121000073;0
110101;5;3;15;0;2019;6;11;4;3;5;7;0;1;1;0;0;0;0;363831,380589175040000;5641044,234420782000000;7,063313601000061;50,904975067000066;0
110105;5;3;15;0;2019;6;14;4;3;5;2;0;1;1;0;0;0;0;358864,760796543210000;5642360,183605182900000;6,992211424000061;50,915608879000047;0
110107;5;3;15;0;2019;6;17;4;3;0;5;0;1;1;0;0;0;0;362279,563004622240000;5651428,191754207000000;7,037328290000062;50,997930761000077;0
110113;5;3;15;0;2019;6;9;4;3;6;4;0;1;0;1;0;0;0;354996,527270125230000;5643480,045924838600000;6,936774381000021;50,924713905000033;0
110116;5;1;70;48;2019;6;19;4;3;3;3;0;1;1;0;0;0;0;332369,894328293390000;5728611,166165730000000;6,575112018000027;51,683411324000076;0
110120;5;5;66;80;2019;6;12;6;3;5;3;0;1;1;0;0;0;0;410229,060806934720000;5778414,829872982600000;7,687962533000075;52,148932944000080;0
110121;5;1;58;16;2019;6;19;4;3;5;3;0;1;0;0;1;0;0;357021,245304969140000;5671314,015178790300000;6,954571312000041;51,175355268000033;0
110127;5;5;15;0;2019;6;17;6;3;5;3;0;1;1;0;0;0;0;403935,726412015970000;5757905,986213974700000;7,601779620000059;51,963536890000057;0
110129;5;5;15;0;2019;6;12;6;3;4;6;0;1;0;0;0;0;0;405506,250006418680000;5751877,201665358600000;7,626287737000041;51,909616529000061;0
110131;5;1;54;36;2019;6;20;4;3;4;6;0;1;0;0;0;0;0;302156,901321484710000;5739783,973630953600000;6,132256157000029;51,773916158000077;0
110133;5;1;66;20;2019;6;19;4;3;0;1;0;1;0;0;0;0;0;302440,046000000090000;5677171,381999999300000;6,171398732000057;51,211715191000053;0
110140;5;5;62;12;2019;6;12;6;3;5;3;0;1;1;0;0;0;0;359423,859513215720000;5725402,995198762000000;6,967466914000056;51,662008066000055;0
110144;5;1;19;0;2019;6;7;4;3;2;1;0;1;1;0;0;0;0;350919,964361418970000;5710525,057735342500000;6,850924224000039;51,526134950000028;0
110145;5;5;12;0;2019;6;18;6;3;5;3;0;1;1;0;0;0;0;355622,122496300380000;5719616,896837439400000;6,914924329000030;51,609052985000062;1
110146;5;5;13;0;2019;6;13;7;3;5;3;0;1;1;0;0;0;0;365410,617761141620000;5709899,691033987300000;7,059918597000035;51,524154704000068;0
110152;5;1;24;0;2019;6;22;4;3;5;3;1;1;1;0;0;0;0;374453,926995528860000;5684096,927305473000000;7,199338943000043;51,294337794000057;0
110153;5;5;62;32;2019;6;7;6;2;0;1;0;1;0;0;0;0;0;374882,601755921730000;5720839,734835626600000;7,192483103000029;51,624652402000038;0
110162;5;3;58;32;2019;6;13;6;2;0;1;0;1;0;0;0;0;0;313720,018505473620000;5632105,260893771400000;6,355845840000029;50,810685237000030;0
110163;5;1;13;0;2019;6;17;4;3;5;2;0;1;1;0;0;0;0;359736,726072945630000;5702965,516926530700000;6,980939675000059;51,460462594000035;0
110165;5;1;13;0;2019;6;12;4;3;6;4;0;1;0;1;0;0;0;363480,366800631400000;5701095,634558744700000;7,035515671000042;51,444574168000031;0
110170;5;3;34;2;2019;6;13;6;3;3;2;0;1;1;0;0;0;0;295218,825236354950000;5628968,200239691900000;6,095322887000066;50,776266990000067;0
110173;5;3;34;20;2019;6;14;6;2;5;3;0;1;1;0;0;0;0;305612,871360478920000;5607852,716230450200000;6,253670693000061;50,590171470000030;0
110174;5;1;12;0;2019;6;19;4;3;5;2;0;1;1;0;0;0;0;344211,010197926310000;5696374,427780728800000;6,760523254000020;51,397182226000041;0
110178;5;1;11;0;2019;6;19;4;3;5;2;0;1;1;0;0;0;0;344550,341390494260000;5674467,531276576200000;6,774938410000061;51,200436964000062;0
110180;5;3;78;28;2019;6;17;6;3;5;3;0;1;1;0;0;0;0;372324,229704503900000;5640601,222849248000000;7,184192853000070;50,902933989000076;1
110181;5;7;74;32;2019;6;11;4;3;5;2;0;1;0;0;0;0;1;478485,246012304910000;5731482,447387691600000;8,688448658000027;51,733846364000044;0
110183;5;7;74;24;2019;6;12;4;2;5;3;0;1;1;0;0;0;0;475708,405193875540000;5743250,465648487200000;8,647414545000061;51,839540515000067;0
110187;5;3;74;44;2019;6;20;6;3;5;3;0;1;1;0;0;0;0;403567,457595588640000;5637579,659650141400000;7,629174313000021;50,881834486000059;1
110192;5;3;62;28;2019;6;15;6;3;5;2;0;1;1;0;0;0;0;351558,386000000870000;5638706,162000002300000;6,889829816000031;50,880938841000045;0
110194;5;7;66;8;2019;6;12;4;3;5;3;0;1;1;0;0;0;0;482496,215189901180000;5767543,836783772300000;8,744699145000027;52,058214995000071;0
110197;5;3;62;36;2019;6;23;6;3;5;2;2;1;1;0;0;0;0;345014,813697381880000;5649796,480560986300000;6,792166760000043;50,978877798000042;0
110198;5;3;62;8;2019;6;12;6;3;5;2;0;1;1;0;0;0;0;333861,562999999150000;5647317,914999999100000;6,634555650000038;50,953498509000042;0
110199;5;7;11;0;2019;6;13;4;3;5;3;0;1;1;0;0;0;0;468848,944000000130000;5763502,396000001600000;8,546020861000045;52,021280703000059;0
110206;5;3;15;0;2019;6;17;6;3;0;1;0;1;1;0;0;0;0;354193,618173790160000;5644489,604455471000000;6,924954142000047;50,933584154000073;0
110214;5;9;54;8;2019;6;19;4;3;2;6;0;1;1;0;0;0;0;387574,754036984410000;5685098,858997821800000;7,387125792000063;51,306085678000045;0
110217;5;1;58;28;2019;6;18;6;3;5;3;0;1;1;0;0;0;0;348998,712240648460000;5685249,220401605600000;6,834013111000047;51,298510993000036;0
110218;5;1;54;8;2019;6;12;6;3;5;2;0;1;1;0;0;0;0;308957,776167831380000;5746926,290174070700000;6,226772073000063;51,840421499000058;0
110221;5;1;54;36;2019;6;13;6;3;4;7;0;1;0;0;0;0;0;303482,869458752680000;5742063,502316823200000;6,150159795000036;51,794853710000041;0
110223;5;1;16;0;2019;6;17;6;3;5;2;0;1;1;0;0;0;0;316821,569801774810000;5671618,650674810600000;6,379900515000031;51,166630057000077;1
110228;5;9;13;0;2019;6;19;4;3;6;6;0;1;0;1;0;0;0;392293,413887798790000;5708021,218907779100000;7,447831235000024;51,513037685000029;0
110232;5;1;22;0;2019;6;13;6;3;3;2;0;1;1;0;0;0;0;362523,267719344240000;5669550,432732584000000;7,033905836000031;51,160855368000057;0
110234;5;9;11;0;2019;6;15;4;3;3;6;0;1;1;0;0;0;0;371169,453341685240000;5703973,411313928700000;7,145047201000068;51,472238263000065;0
110235;5;1;17;0;2019;6;17;6;3;5;3;1;1;1;0;0;0;0;354297,109909669500000;5702262,329867599500000;6,902982562000034;51,452769926000030;1
110246;5;1;12;0;2019;6;10;6;3;0;5;0;1;1;0;0;0;0;344330,104346912350000;5696669,542797213400000;6,762104382000075;51,399866530000054;0
110248;5;1;12;0;2019;6;14;6;3;0;7;0;1;1;0;0;0;0;345897,920630743730000;5698920,334269154800000;6,783646915000077;51,420518256000037;0
110264;5;7;70;24;2019;6;17;6;3;5;2;0;1;1;0;0;0;0;493048,734950142910000;5793154,279865086100000;8,898087294000050;52,288703147000035;0
110268;5;5;54;56;2019;6;16;3;3;5;3;0;1;1;0;0;0;0;355839,057806327010000;5762183,004408538300000;6,900356615000021;51,991576704000067;0
110269;5;5;54;8;2019;6;16;3;3;2;6;0;1;0;0;0;0;0;334919,183336005550000;5745875,366370948000000;6,603753615000073;51,839259090000041;0
110270;5;7;58;12;2019;6;13;6;3;5;2;0;1;1;0;0;0;0;476479,676708291280000;5774339,410957727600000;8,656477768000059;52,119088945000044;0
110272;5;7;54;36;2019;6;14;6;3;5;3;0;1;1;0;0;0;0;476319,300230844880000;5751181,265521857900000;8,655737231000046;51,910872484000038;0
110273;5;5;15;0;2019;6;8;3;2;0;1;0;1;0;0;0;0;0;405556,586617483760000;5754436,034131834300000;7,626317325000059;51,932625118000033;0
110275;5;5;15;0;2019;6;19;3;3;0;7;0;1;0;0;0;0;0;406051,910059351470000;5756765,527925416800000;7,632883093000032;51,953647571000033;0
110280;5;5;62;28;2019;6;10;3;3;5;3;0;1;1;0;0;0;0;382064,713198245500000;5722875,654160609500000;7,295503097000051;51,644501391000063;0
110285;5;7;11;0;2019;6;13;6;3;5;3;0;1;1;0;0;0;0;464702,027556394230000;5760898,974267860900000;8,485856673000058;51,997626068000045;0
110291;5;9;78;28;2019;6;13;6;3;6;6;0;1;0;1;0;0;0;399025,936339836570000;5700270,461745314300000;7,547035288000075;51,444610655000076;0
110300;5;5;13;0;2019;6;9;3;2;0;1;0;1;0;0;0;0;0;365041,091601811350000;5717590,417120695100000;7,051643240000033;51,593178784000031;0
110304;5;9;58;8;2019;6;16;6;2;5;3;0;1;1;0;0;0;0;454853,210000001830000;5689350,721000002700000;8,351660886000047;51,353631299000028;0
110306;5;3;58;8;2019;6;7;3;3;5;3;0;1;1;0;0;0;0;321159,644705833870000;5630304,970188742500000;6,462211644000035;50,796856007000031;0
110322;5;9;13;0;2019;6;17;6;2;0;1;0;1;0;0;0;0;0;396216,152000001630000;5697716,123000003400000;7,507367065000040;51,421142337000049;0
110323;5;3;34;2;2019;6;23;3;3;3;2;2;1;1;0;0;0;0;294328,874851690610000;5629712,675691902600000;6,082300610000061;50,782638394000060;0
110325;5;9;13;0;2019;6;13;6;2;3;2;0;1;1;0;0;0;0;394358,653303072790000;5708131,608633073000000;7,477549079000028;51,514419886000042;0
110335;5;3;78;28;2019;6;20;3;2;2;1;0;1;0;0;0;0;0;369445,926144783390000;5640967,859352316700000;7,143149168000036;50,905585615000064;0
110338;5;3;78;4;2019;6;15;3;2;5;2;0;1;1;0;0;0;0;369077,562574315820000;5649758,106374215300000;7,134753042000057;50,984507384000040;0
110341;5;3;74;12;2019;6;7;3;3;5;3;0;1;1;0;0;0;0;403569,931540284310000;5651683,766683485400000;7,625474816000065;51,008630846000074;0
110347;5;3;62;20;2019;6;13;3;3;5;2;0;1;1;0;0;0;0;346111,628147824670000;5630382,743630880500000;6,815956912000047;50,804718109000078;0
110366;5;5;70;16;2019;6;14;5;3;5;2;0;1;1;0;0;0;0;408518,886478635480000;5744541,818972561500000;7,672015502000022;51,844183717000078;0
110368;5;3;15;0;2019;6;7;3;3;0;3;0;1;1;0;0;0;0;356017,621705785390000;5649337,225088998700000;6,948977045000049;50,977607027000033;1
110370;5;3;15;0;2019;6;17;3;3;5;2;0;1;1;0;0;0;0;356429,713260128160000;5647045,774025622800000;6,955747699000028;50,957117062000066;0
110374;5;5;58;16;2019;6;14;5;3;0;7;0;1;1;0;0;0;0;387466,137000001040000;5747275,822000000600000;7,365634947000046;51,864909474000058;0
110375;5;3;15;0;2019;6;16;3;3;4;6;0;1;0;0;0;0;0;356942,117790972810000;5647277,993356922600000;6,962947444000065;50,959331421000059;0
110376;5;5;54;4;2019;6;16;5;3;5;3;0;1;1;0;0;0;0;362921,201155812480000;5772414,718024846200000;6,999333847000059;52,085306049000053;0
110378;5;5;54;8;2019;6;15;5;3;5;2;0;1;1;0;0;0;0;335752,227412516250000;5746211,718659935500000;6,615674717000047;51,842526294000038;0
110379;5;3;15;0;2019;6;17;3;3;5;3;0;1;1;0;0;0;0;356017,621705785390000;5649337,225088998700000;6,948977045000049;50,977607027000033;0
110385;5;5;15;0;2019;6;15;5;3;6;4;0;1;0;1;0;0;0;405062,596017368140000;5757465,466898763600000;7,618297844000040;51,959770904000038;0
110387;5;5;15;0;2019;6;17;5;3;6;4;0;1;0;1;0;0;0;406273,200461393220000;5757401,116939051100000;7,635928893000028;51,959397886000033;0
110389;5;5;15;0;2019;6;8;5;2;5;3;0;1;0;0;1;0;0;402817,863623467270000;5753940,568614609500000;7,586635351000041;51,927700233000053;0
110392;5;5;15;0;2019;6;2;5;3;7;1;2;1;0;0;0;0;0;405370,035580793400000;5755663,783618548900000;7,623266975000036;51,943629002000080;1