OBJECTID;ULAND;UREGBEZ;UKREIS;UGEMEINDE;UJAHR;UMONAT;USTUNDE;UWOCHENTAG;UKATEGORIE;UART;UTYP1;ULICHTVERH;IstRad;IstPKW;IstFuss;IstKrad;IstGkfz;IstSonstige;LINREFX;LINREFY;XGCSWGS84;YGCSWGS84;STRZUSTAND
110397;5;5;62;14;2019;6;15;5;3;3;6;0;1;1;0;0;0;0;360410,422222875060000;5717465,387291654900000;6,984885321000036;51,590926964000062;0
110398;5;1;58;32;2019;6;19;3;3;5;3;0;1;1;0;0;0;0;362046,076726710420000;5688615,851041875800000;7,019738479000068;51,332076906000054;0
110399;5;5;62;32;2019;6;0;5;3;0;1;2;1;0;0;0;0;0;375993,867080286150000;5720931,671401690700000;7,208496032000028;51,625724630000036;0
110407;5;1;22;0;2019;6;13;3;2;0;7;0;1;0;0;0;0;0;366500,310325177390000;5669968,845613265400000;7,090593015000025;51,165557626000066;0
110421;5;3;62;8;2019;6;17;5;3;0;1;0;1;0;0;0;0;0;338133,323286509140000;5645183,018041282900000;6,696271544000069;50,935531340000068;0
110425;5;3;16;0;2019;6;6;5;3;5;3;0;1;1;0;0;0;0;356566,399000001140000;5657412,227000003700000;6,953596378000043;51,050311974000067;0
110426;5;1;13;0;2019;6;10;3;3;0;2;0;1;1;0;0;0;0;364283,441564600910000;5699153,036085380200000;7,047809033000021;51,427309821000051;0
110430;5;1;12;0;2019;6;8;3;3;3;6;0;1;0;0;0;1;0;342098,433969271370000;5698059,632265072300000;6,729430205000028;51,411739448000048;0
110443;5;7;70;24;2019;6;10;3;3;0;1;0;1;0;0;0;0;0;495513,991125246510000;5794931,545602437100000;8,934206783000036;52,304707307000058;0
110444;5;3;14;0;2019;6;10;5;2;0;7;0;1;0;0;0;0;0;369888,532000000590000;5623832,541000003000000;7,155521950000036;50,751671826000063;0
110445;5;3;14;0;2019;6;19;5;3;0;7;0;1;1;0;0;0;0;365052,571119326170000;5622132,183511946400000;7,087629565000043;50,735285094000062;0
110450;5;3;14;0;2019;6;19;5;3;3;6;0;1;1;0;0;0;0;366397,702012544500000;5621800,282094730100000;7,106800857000053;50,732612948000053;0
110451;5;1;58;28;2019;6;19;5;3;0;1;0;1;0;0;0;0;1;352306,828794366680000;5687544,876778060600000;6,880479509000054;51,320007252000039;0
110456;5;1;54;8;2019;6;13;5;3;5;3;0;1;1;0;0;0;0;310004,536348208790000;5748030,218679281000000;6,241341678000026;51,850692696000067;0
110463;5;7;54;8;2019;6;19;3;3;0;7;0;1;0;0;0;0;0;457023,929999999700000;5750001,590000003600000;8,375388139000052;51,899111899000047;0
110465;5;1;16;0;2019;6;15;5;3;5;3;0;1;1;0;0;0;0;320985,821734041910000;5671368,980077298400000;6,439523826000027;51,165705518000038;0
110469;5;1;14;0;2019;6;16;5;3;0;5;0;1;1;0;0;0;0;329466,763800595890000;5689033,273642936700000;6,552292909000073;51,326991520000036;0
110476;5;7;11;0;2019;6;18;3;3;4;7;0;1;1;0;0;0;0;466675,736391531300000;5763181,026691244900000;8,514382152000053;52,018265110000073;0
110482;5;1;11;0;2019;6;17;5;3;5;3;0;1;1;0;0;0;0;344419,708158882330000;5678964,526613954500000;6,771118627000021;51,240808505000075;0
110484;5;7;11;0;2019;6;18;3;3;4;2;0;1;1;0;0;0;0;467346,962000001220000;5764995,223000004900000;8,523990080000033;52,034615747000032;0
110485;5;7;74;32;2019;6;16;5;3;0;1;0;1;0;0;0;0;0;482266,289213560520000;5734183,518353056200000;8,743062881000071;51,758264779000058;0
110486;5;9;78;4;2019;6;6;3;3;0;7;0;1;0;0;0;1;0;406407,536553958430000;5722095,069821557000000;7,647414894000065;51,642063658000041;1
110491;5;9;74;20;2019;6;15;3;3;5;3;0;1;1;0;0;0;0;465729,078672314060000;5720644,418545585100000;8,504799188000050;51,635765672000048;0
110496;5;9;58;36;2019;6;14;3;3;0;7;0;1;0;0;0;0;0;464587,932820589280000;5689433,601083813200000;8,491443257000071;51,355066716000067;0
110497;5;7;54;36;2019;6;19;5;3;5;3;0;1;1;0;0;0;0;473005,778999999170000;5750525,172999998600000;8,607618827000067;51,904822886000034;0
110499;5;7;54;8;2019;6;21;5;3;5;3;1;1;1;0;0;0;0;464013,544816127050000;5753918,967079199900000;8,476560392000067;51,934827179000081;0
110502;5;7;11;0;2019;6;8;5;2;0;3;0;1;1;0;0;0;0;467530,675355325450000;5755946,393065264400000;8,527525219000040;51,953271571000073;1
110505;5;9;78;40;2019;6;13;5;3;4;6;0;1;0;0;0;0;0;404372,696438098330000;5725003,591177662800000;7,617221277000056;51,667865640000059;0
110511;5;9;58;44;2019;6;11;5;3;5;6;0;1;1;0;0;0;0;430579,424093829470000;5686568,116602517700000;8,003661842000042;51,326166592000050;0
110516;5;9;15;0;2019;6;14;5;2;5;3;0;1;1;0;0;0;0;417871,068820063960000;5727367,851680878500000;7,811803750000024;51,691254634000074;0
110518;5;9;13;0;2019;6;16;5;3;5;3;0;1;1;0;0;0;0;392142,882741087120000;5704196,058123078200000;7,446831995000025;51,478626797000061;0
110525;5;9;13;0;2019;6;8;5;3;5;3;0;1;1;0;0;0;0;392157,526965972970000;5706206,817672422200000;7,446428545000060;51,496703179000065;1
110529;5;9;11;0;2019;6;16;5;2;5;2;0;1;1;0;0;0;0;384359,329000000840000;5706260,901000000500000;7,334119852000072;51,495647833000078;0
110531;5;9;11;0;2019;6;15;5;3;5;2;0;1;1;0;0;0;0;373410,273822211660000;5699785,134871257500000;7,178792586000043;51,435102978000032;0
110537;5;5;15;0;2019;6;9;3;3;5;3;0;1;1;0;0;0;0;405108,578587876630000;5756668,559084398700000;7,619186955000032;51,952615817000037;0
110538;5;5;15;0;2019;6;15;3;3;5;3;0;1;1;0;0;0;0;410594,023000001910000;5753371,461000002900000;7,699842632000070;51,923887975000071;0
110544;5;5;62;32;2019;6;12;3;3;5;3;0;1;1;0;0;0;0;374295,006210338320000;5718331,765651131000000;7,184898446000034;51,601982243000066;0
110552;5;3;34;2;2019;6;7;3;3;5;3;0;1;1;0;0;0;0;297488,317217927430000;5629651,034186653800000;6,127094554000053;50,783196654000051;0
110553;5;3;34;2;2019;6;21;3;2;0;1;2;1;0;0;0;0;0;293916,199541478420000;5629745,995389998000000;6,076435751000076;50,782791144000043;0
110555;5;3;78;4;2019;6;19;3;3;2;6;0;1;1;0;0;0;0;365635,046966775320000;5653819,648319475400000;7,084233268000048;51,020217197000079;0
110556;5;3;78;12;2019;6;14;3;3;5;3;0;1;1;0;0;0;0;374231,939000000250000;5654503,473000003000000;7,206503521000059;51,028308293000066;0
110560;5;3;62;36;2019;6;11;3;3;5;2;0;1;1;0;0;0;0;346777,483599441130000;5651407,332353437300000;6,816577904000042;50,993824618000076;0
110565;5;3;15;0;2019;6;10;3;3;5;2;0;1;1;0;0;0;0;361303,500767768360000;5647835,504040854100000;7,024798138000051;50,965408208000042;0
110567;5;3;15;0;2019;6;19;3;3;1;5;0;1;1;0;0;0;0;353715,926177239980000;5646299,788683608200000;6,917433745000039;50,949730679000027;0
110570;5;1;58;4;2019;6;8;3;3;0;7;0;1;0;0;0;0;0;357921,751000000160000;5675208,281000001400000;6,965904214000034;51,210575676000076;1
110572;5;1;54;16;2019;6;16;3;3;0;1;0;1;0;0;0;0;0;304470,233134124430000;5728339,563656231400000;6,172167685000034;51,671953519000056;0
110573;5;1;66;20;2019;6;16;3;3;0;7;0;1;0;0;0;0;0;301668,833462161010000;5678982,788881825300000;6,159369403000028;51,227716352000073;0
110575;5;1;62;4;2019;6;14;3;2;0;7;0;1;0;0;0;0;0;347779,572000000630000;5664101,652000002600000;6,825509010000076;51,108161116000076;0
110577;5;1;19;0;2019;6;13;3;3;0;3;0;1;1;0;0;0;0;349797,773609705270000;5705403,937664965200000;6,836940170000048;51,479822783000031;0
110582;5;1;16;0;2019;6;17;3;2;5;2;0;1;1;0;0;0;0;316733,306280161250000;5671445,714811300900000;6,378727566000066;51,165048334000062;0
110589;5;1;12;0;2019;6;19;3;3;0;7;0;1;0;0;0;0;0;342946,781390750780000;5702620,943302661200000;6,739596370000072;51,452957669000057;0
110590;5;1;11;0;2019;6;15;3;2;0;5;0;1;0;0;0;0;1;350623,601849736650000;5675415,368253340900000;6,861408496000024;51,210574367000049;0
110594;5;1;11;0;2019;6;7;3;3;5;2;0;1;1;0;0;0;0;347128,004946108910000;5677932,377422818900000;6,810328190000064;51,232266214000049;1
110595;5;7;74;36;2019;6;16;3;3;3;6;0;1;0;0;0;0;0;464859,474059442060000;5729261,369219746400000;8,491367168000068;51,713187922000031;0
110596;5;7;74;32;2019;6;19;3;3;5;2;0;1;1;0;0;0;0;480143,424600975590000;5736292,745953831800000;8,712185299000055;51,777158020000059;0
110600;5;7;62;12;2019;6;20;3;2;0;6;0;1;1;0;0;0;0;515986,515000000600000;5717930,490000002100000;9,230878363000045;51,612180406000050;0
110601;5;7;62;28;2019;6;6;3;3;5;3;0;1;1;0;0;0;0;507398,792064394800000;5739192,446184590500000;9,107305601000064;51,803533367000057;1
110603;5;7;58;24;2019;6;16;3;3;5;7;0;1;1;0;0;0;0;484271,879149526360000;5783546,119752524400000;8,769857718000026;52,202139758000044;0
110606;5;7;66;40;2019;6;5;3;3;1;3;0;1;1;0;0;0;0;485719,693632012230000;5760299,066017510400000;8,792017073000068;51,993170744000054;1
110611;5;9;58;44;2019;6;17;3;3;1;3;0;1;1;0;0;0;0;429018,795963762330000;5691898,971883365900000;7,980203708000033;51,373901186000069;0
110619;5;9;13;0;2019;6;17;3;2;0;7;0;1;1;0;0;0;0;393066,131386177610000;5711182,956059467000000;7,458002675000046;51,541603520000081;0
110622;5;9;11;0;2019;6;21;3;3;5;2;0;1;1;0;0;0;0;375817,624574991870000;5708236,769961426000000;7,210437627000033;51,511593877000053;0
110623;5;9;11;0;2019;6;13;3;3;5;2;0;1;1;0;0;0;0;375850,348000001160000;5708078,365000002100000;7,210964729000068;51,510177432000035;0
110624;5;9;11;0;2019;6;12;3;2;1;5;0;1;1;0;0;1;0;375843,636503433810000;5708098,982363147700000;7,210860804000049;51,510361252000052;0
110625;5;9;11;0;2019;6;16;3;3;5;3;0;1;1;0;0;0;0;376553,168225901200000;5700503,291196562300000;7,223734378000074;51,442250953000041;0
110638;5;5;70;8;2019;6;16;2;3;0;7;0;1;0;0;0;0;0;434725,445163553580000;5733738,528945077200000;8,054409225000029;51,750741008000034;0
110641;5;5;58;20;2019;6;16;2;3;5;3;0;1;1;0;0;0;0;390466,233040406370000;5759649,057200044400000;7,405251336000049;51,976712265000060;0
110642;5;5;54;4;2019;6;18;2;3;4;6;0;1;0;0;0;0;0;356194,054036108780000;5776628,760807678100000;6,899441933000048;52,121461566000050;0
110645;5;5;13;0;2019;6;14;2;3;5;3;0;1;1;0;0;0;0;364406,044447448100000;5716489,151911642400000;7,042906443000049;51,583129954000071;0
110647;5;3;34;32;2019;6;13;2;3;0;1;0;1;0;0;0;0;0;304224,000000001860000;5630194,000000000000000;6,222238314000038;50,790386848000026;0
110653;5;3;15;0;2019;6;12;2;3;4;6;0;1;0;0;0;0;0;363111,810747047890000;5638215,286414163200000;7,054145733000041;50,879379804000052;0
110655;5;3;15;0;2019;6;13;2;3;0;7;0;1;0;1;0;0;0;353774,382689359600000;5648528,699715752200000;6,917369749000045;50,969775885000047;0
110656;5;3;15;0;2019;6;13;2;3;4;6;0;1;0;0;0;0;0;359398,229883629830000;5637205,925791621200000;7,001779438000028;50,869416816000069;0
110659;5;1;54;36;2019;6;12;2;3;5;2;0;1;1;0;0;0;0;309344,689000000250000;5744676,007000001100000;6,233620908000034;51,820344534000071;0
110668;5;1;13;0;2019;6;13;2;3;6;6;0;1;0;1;0;0;0;361373,626313623970000;5696553,164239140200000;7,006996852000043;51,403242000000034;0
110672;5;7;54;28;2019;6;2;2;3;0;7;2;1;0;0;0;0;0;450781,642809093930000;5745325,059372425100000;8,285337149000043;51,856551372000069;0
110673;5;7;54;28;2019;6;0;2;3;0;7;2;1;0;0;0;0;0;451093,654514091090000;5744542,271424444400000;8,289978028000064;51,849541154000065;0
110676;5;7;11;0;2019;6;16;2;3;0;1;0;1;0;0;0;0;0;469127,741833132690000;5761802,259392682500000;8,550237068000058;52,006010937000042;0
110680;5;9;62;20;2019;6;15;1;2;0;7;0;1;0;0;0;0;0;416255,389745567930000;5671808,687632799100000;7,801580208000075;51,191548597000065;0
110686;5;9;62;60;2019;6;12;2;3;0;1;0;1;0;0;0;0;0;409956,889113904910000;5681994,724039914100000;7,708908794000024;51,282161820000056;0
110687;5;9;62;24;2019;6;13;2;3;0;7;0;1;0;0;0;0;0;409439,490282120180000;5695511,612538710200000;7,698053304000041;51,403591927000036;0
110688;5;9;15;0;2019;6;19;2;3;0;2;0;1;1;0;0;0;0;414023,365886186250000;5724231,154005043200000;7,756923443000062;51,662481690000050;1
110689;5;9;14;0;2019;6;11;2;3;0;6;0;1;1;0;0;0;0;394481,757000000220000;5690999,839000001500000;7,484428393000030;51,360451156000067;0
110704;5;5;58;32;2019;6;3;1;2;0;1;2;1;0;0;0;0;0;390687,307000000030000;5754103,836000001100000;7,410232513000040;51,926917764000052;0
110705;5;5;54;56;2019;6;13;1;2;3;6;0;1;0;0;0;0;0;362822,502833825540000;5762697,276445528500000;7,001793203000034;51,997966388000066;0
110709;5;5;15;0;2019;6;16;1;3;3;6;0;1;0;0;0;0;0;407101,798177028070000;5760330,782841282000000;7,647191491000058;51,985870226000031;0
110715;5;3;34;4;2019;6;14;1;3;5;2;0;1;1;0;0;0;0;300765,816053988410000;5639630,500831613300000;6,168107205000069;50,873965435000059;0
110721;5;3;82;60;2019;6;11;1;3;4;6;0;1;0;0;0;0;0;373168,477090206000000;5627951,882611269100000;7,200573762000033;50,789424153000027;0
110731;5;3;62;36;2019;6;10;1;3;6;1;0;1;0;1;0;0;0;347026,675000000750000;5651676,458000002400000;6,820012775000066;50,996309268000061;0
110732;5;3;16;0;2019;6;16;1;3;5;3;0;1;1;0;0;0;0;359242,527849872600000;5659170,344965467200000;6,991068143000064;51,066774042000077;0
110733;5;3;15;0;2019;6;15;1;3;0;6;0;1;1;0;0;0;0;355091,849551838820000;5638976,407876465500000;6,939917473000037;50,884264449000057;0
110741;5;1;70;44;2019;6;17;1;3;0;5;0;1;1;0;0;0;0;340721,681440460500000;5717007,060708662500000;6,701097769000057;51,581587887000069;0
110759;5;1;66;8;2019;6;14;1;3;5;3;0;1;1;0;0;0;0;315890,314453746190000;5690883,807967774600000;6,356684682000036;51,339381681000077;0
110760;5;1;62;4;2019;6;15;1;2;0;2;0;1;1;0;0;0;0;347030,898833896030000;5665338,176277464300000;6,814298061000045;51,119072940000081;0
110761;5;5;70;8;2019;6;15;3;3;3;6;0;1;1;0;0;0;0;433869,026000000540000;5734665,021000001600000;8,041828419000069;51,758969791000027;1
110764;5;5;54;8;2019;6;16;3;2;9;1;0;1;0;0;0;0;0;331471,771452191290000;5746246,087423156900000;6,553580510000074;51,841559669000048;0
110765;5;1;19;0;2019;6;22;1;3;1;5;2;1;1;0;0;0;0;349317,240002483130000;5712615,602222958600000;6,826943110000059;51,544493561000081;0
110772;5;1;13;0;2019;6;16;1;3;5;3;0;1;1;0;0;0;0;361929,610000000340000;5703073,086000001100000;7,012443192000035;51,461968390000038;0
110782;5;7;54;32;2019;6;12;1;3;0;6;0;1;0;0;0;0;0;461307,996638868940000;5742957,813895493700000;8,438438344000076;51,836097183000049;0
110783;5;7;54;12;2019;6;14;1;3;0;7;0;1;0;0;0;0;0;456906,989881644030000;5768065,296329159300000;8,371419655000068;52,061503700000060;0
110784;5;7;54;8;2019;6;0;1;3;5;2;2;1;1;0;0;0;0;457666,888146687300000;5751035,742482304600000;8,384605228000055;51,908458758000052;0
110787;5;7;54;8;2019;6;21;1;3;5;3;1;1;1;0;0;0;0;459008,666000000200000;5749793,260999999900000;8,404257233000067;51,897388440000043;0
110788;5;7;54;8;2019;6;16;1;3;0;1;0;1;0;0;0;0;0;460097,122775556520000;5751171,459457214900000;8,419915717000038;51,909858342000064;0
110789;5;7;66;8;2019;6;15;1;2;0;3;0;1;1;0;0;0;0;477670,670283213260000;5770591,899986470100000;8,674117972000033;52,085445753000045;0
110790;5;7;66;44;2019;6;19;1;3;4;7;0;1;0;0;0;0;0;492415,569124601780000;5765940,918094554900000;8,889412644000061;52,044027968000080;0
110791;5;5;15;0;2019;6;11;3;2;9;7;0;1;0;0;0;0;0;406151,666300210170000;5751386,704165868500000;7,635801261000040;51,905316786000071;0
110801;5;9;11;0;2019;6;13;6;3;1;5;0;1;1;0;0;0;0;380365,503800592390000;5709019,084008442200000;7,275677956000038;51,519606327000076;0
110802;5;9;11;0;2019;6;6;6;3;5;2;0;1;1;0;0;0;0;374557,846878933720000;5704439,662847926800000;7,193642654000030;51,477189995000060;0
110821;5;5;58;32;2019;6;11;5;3;0;1;0;1;0;0;0;0;0;386861,737637374550000;5755192,540262689800000;7,354262494000068;51,935937991000060;0
110825;5;5;54;20;2019;6;15;5;3;5;3;0;1;1;0;0;0;0;365215,529587130990000;5785493,897614877700000;7,027610769000035;52,203391348000082;0
110827;5;5;15;0;2019;6;17;5;3;3;3;0;1;1;0;0;0;0;407701,160000000150000;5758539,449000001000000;7,656398797000065;51,969868703000031;0
110831;5;5;62;12;2019;6;8;5;2;2;2;0;1;1;0;0;0;0;359701,399449061600000;5726259,545918507500000;6,971133131000045;51,669774240000038;0
110834;5;5;62;32;2019;6;10;5;3;6;6;0;1;0;1;0;0;0;376069,819462686780000;5714634,863301791300000;7,211817213000074;51,569150758000035;0
110835;5;5;62;32;2019;6;20;5;2;0;5;0;1;1;0;0;0;0;377502,026108962480000;5720578,538685981200000;7,230396492000068;51,622881280000058;0
110838;5;5;13;0;2019;6;13;5;3;5;2;0;1;1;0;0;0;0;365624,414000000800000;5709881,767000000900000;7,063005371000031;51,524044539000045;0
110839;5;3;70;20;2019;6;9;5;2;0;1;0;1;0;0;0;0;0;305313,918206728990000;5658337,541933829000000;6,222665328000062;51,043542310000078;0
110844;5;3;34;4;2019;6;14;5;2;5;3;0;1;0;0;0;1;0;300828,284131872470000;5639638,784004187200000;6,168989450000026;50,874061359000052;0
110848;5;3;82;28;2019;6;17;5;3;5;3;0;1;1;0;0;0;0;376796,137297068720000;5636407,128336949300000;7,249174015000051;50,866207109000072;0
110850;5;9;58;4;2019;6;13;4;3;1;3;0;1;1;0;0;0;0;423496,406232686710000;5702511,196280585600000;7,898586887000022;51,468589809000036;1
110852;5;3;62;24;2019;6;23;5;3;5;3;2;1;1;0;0;0;0;344566,022655710580000;5645010,288951100800000;6,787822591000065;50,935748826000065;0
110853;5;3;62;16;2019;6;16;5;3;0;1;0;1;0;0;0;0;0;329432,109000001100000;5645833,896999999900000;6,572244768000076;50,938871577000043;0
110854;5;3;62;8;2019;6;9;5;3;3;3;0;1;1;0;0;0;0;331466,977140060630000;5649008,141709197300000;6,599711021000076;50,967989431000035;0
110856;5;3;15;0;2019;6;17;5;3;5;3;0;1;1;0;0;0;0;354380,736399651510000;5653374,512269735300000;6,924057112000071;51,013476925000077;0
110857;5;3;15;0;2019;6;17;5;2;3;6;0;1;0;0;0;0;0;351014,838717761450000;5645046,773997519200000;6,879520268000022;50,937778758000036;0
110858;5;3;15;0;2019;6;15;5;3;0;7;0;1;0;1;0;0;0;353548,095052872780000;5648803,132217908300000;6,914038598000047;50,972184605000052;0
110859;5;3;15;0;2019;6;20;5;3;4;6;0;1;0;0;0;0;0;353558,241459417160000;5646187,058684907900000;6,915235799000072;50,948677578000058;0
110863;5;3;14;0;2019;6;11;5;3;3;6;0;1;1;0;0;0;0;365558,302999999370000;5621568,066999999800000;7,094997906000060;50,730332136000072;0
110864;5;1;70;40;2019;6;17;5;3;5;3;0;1;1;0;0;0;0;315215,601000001650000;5722073,534000003700000;6,330693800000063;51,619310582000026;1
110865;5;1;70;20;2019;6;17;5;3;5;3;0;1;1;0;0;0;0;327014,015444942750000;5707902,361813958700000;6,507919250000043;51,495759124000074;0
110869;5;1;70;48;2019;6;15;5;2;5;2;0;1;1;0;0;0;0;335758,585139692760000;5725791,925292920300000;6,625411412000062;51,659085282000035;0
110871;5;1;58;12;2019;6;16;5;3;6;6;0;1;0;1;0;0;0;357537,557504239490000;5687298,091859990700000;6,955591220000031;51,319123539000032;0
110872;5;1;58;32;2019;6;7;5;2;3;1;0;1;0;0;0;1;0;364821,691718123850000;5687505,624468291200000;7,059977502000038;51,322766096000066;0
110878;5;1;62;16;2019;6;18;5;2;0;1;0;1;0;0;0;0;0;333614,991999998690000;5678277,422000002100000;6,616785742000047;51,231586719000063;1
110882;5;1;16;0;2019;6;14;5;3;1;5;0;1;1;0;0;0;0;321129,433745086190000;5673321,004855956900000;6,440604496000049;51,183285975000047;0
110883;5;1;16;0;2019;6;13;5;2;5;2;0;1;1;0;0;0;0;319789,033421738070000;5674109,523381525700000;6,421050384000068;51,189948377000064;0
110884;5;1;16;0;2019;6;8;5;3;5;3;0;1;1;0;0;0;0;321148,463637828830000;5673436,883758684600000;6,440818816000046;51,184332897000047;0
110891;5;1;17;0;2019;6;17;5;3;5;3;0;1;1;0;0;0;0;349863,750310383740000;5699737,488384066100000;6,840294592000021;51,428924999000060;0
110894;5;9;15;0;2019;6;12;6;3;0;1;0;1;0;0;0;0;0;420814,106999999840000;5724296,782999999800000;7,855069163000053;51,664069652000080;0
110897;5;1;13;0;2019;6;4;5;3;1;5;1;1;1;0;0;0;0;359137,090215594510000;5705021,172283910200000;6,971494513000039;51,478786091000075;0
110902;5;1;12;0;2019;6;7;5;3;1;7;0;1;1;0;0;0;0;345658,585066832600000;5694608,237594412600000;6,782083143000023;51,381708387000060;0
110913;5;7;62;36;2019;6;18;5;2;5;3;0;1;1;0;0;0;0;509846,371058514340000;5704251,757877135600000;9,141819415000043;51,489327310000078;0
110914;5;7;62;4;2019;6;13;5;3;0;2;0;1;1;0;0;0;0;501247,095802354630000;5730473,602985750900000;9,018055503000028;51,725187022000057;0
110915;5;7;54;32;2019;6;15;5;3;2;2;0;1;0;0;0;0;0;461765,841305464510000;5742390,934325171600000;8,445145638000042;51,831032021000055;0
110917;5;7;54;8;2019;6;16;5;2;5;2;0;1;1;0;0;0;0;460266,589000000620000;5754164,041000004900000;8,422033734000024;51,936775616000034;0
110922;5;7;11;0;2019;6;16;5;3;3;2;0;1;1;0;0;0;0;471228,304335262630000;5752776,989312658100000;8,581594491000033;51,924979659000030;0
110930;5;9;58;32;2019;6;9;5;2;9;2;0;1;0;0;0;0;1;454853,210000001830000;5689350,721000002700000;8,351660886000047;51,353631299000028;0
110937;5;9;62;24;2019;6;7;5;3;5;7;0;1;1;0;0;0;0;409730,957157671450000;5692103,014129875200000;7,703109067000071;51,372996481000030;0
110939;5;9;58;16;2019;6;11;6;3;0;1;0;1;0;0;0;0;0;448547,722508508710000;5681390,960137300200000;8,262266193000073;51,281526940000049;0
110941;5;9;15;0;2019;6;19;5;3;3;2;0;1;1;0;0;0;0;420427,532259088010000;5725100,004812659700000;7,849298032000036;51,671235728000056;0
110942;5;9;15;0;2019;6;15;5;3;3;2;0;1;1;0;0;0;0;422339,428404164500000;5726001,530585849700000;7,876739782000072;51,679607767000050;0
110964;5;9;13;0;2019;6;18;6;2;4;2;0;1;1;0;0;0;0;391514,406666813420000;5704572,839189183000000;7,437669663000065;51,481893274000072;0
110970;5;5;70;28;2019;6;12;4;3;0;3;0;1;1;0;0;0;0;441118,032239833850000;5743452,098201530100000;8,145353571000044;51,838777116000074;1
110971;5;5;70;28;2019;6;11;4;3;0;7;0;1;0;0;0;0;0;442266,287180780430000;5740265,933483023200000;8,162549404000060;51,810252549000040;1
110972;5;5;70;44;2019;6;18;4;3;5;3;0;1;1;0;0;0;0;416953,252000001260000;5760664,379000002500000;7,790533612000047;51,990429126000038;0
110974;5;5;66;16;2019;6;16;4;3;5;3;0;1;1;0;0;0;0;403429,684516801500000;5795244,522849116500000;7,583813747000022;52,299049065000077;1
110978;5;5;54;20;2019;6;7;4;3;5;3;0;1;1;0;0;0;0;366049,312538106930000;5785877,010020991800000;7,039652759000035;52,207037002000050;1
110979;5;5;54;8;2019;6;20;4;3;5;2;1;1;1;0;0;0;0;334709,207877456210000;5745717,426655285100000;6,600784034000071;51,837778163000053;0
110982;5;5;15;0;2019;6;16;4;3;5;3;0;1;1;0;0;0;0;404523,467965525570000;5759082,056103993200000;7,610004435000064;51,974209077000069;1
110983;5;5;15;0;2019;6;10;4;3;6;4;0;1;0;1;0;0;0;404755,006800752130000;5758425,200650198400000;7,613556480000057;51,968344750000028;0
110985;5;5;62;36;2019;6;11;4;2;4;2;0;1;1;0;0;0;0;390900,414579208940000;5720779,965899247700000;7,423802905000059;51,627448859000026;1
110986;5;5;62;4;2019;6;16;4;3;5;2;0;1;1;0;0;0;0;382712,269408314490000;5714258,485874982600000;7,307740166000031;51,567188888000032;0
110987;5;5;62;16;2019;6;18;4;3;5;3;0;1;1;0;0;0;0;374746,862407285720000;5732559,051495695500000;7,186319545000060;51,729943191000075;0
110992;5;9;62;40;2019;6;15;6;3;3;2;0;1;1;0;0;0;0;414141,568559202370000;5700473,726238090500000;7,764432970000030;51,448931429000027;0
111002;5;3;82;68;2019;6;17;4;3;3;6;0;1;1;0;0;0;0;368039,654972438700000;5631993,705160692300000;7,126396160000070;50,824607186000037;0
111003;5;3;78;4;2019;6;12;4;3;0;3;0;1;1;0;0;0;0;369791,606521669780000;5648399,900555662800000;7,145406793000063;50,972462023000048;1
111005;5;9;15;0;2019;6;18;6;3;5;3;0;1;1;0;0;0;0;416320,413084143770000;5725537,833452561900000;7,789813773000049;51,674574791000055;0
111010;5;3;62;24;2019;6;15;4;3;5;3;0;1;0;0;0;0;1;347255,973691277210000;5642706,543362518800000;6,827042049000056;50,915765769000075;0
111011;5;3;62;24;2019;6;18;4;3;3;6;0;1;0;0;0;0;1;341747,795244613660000;5642489,358224554000000;6,748839658000065;50,912330153000028;0
111012;5;3;16;0;2019;6;13;4;2;4;7;0;1;0;0;0;0;0;360723,351923546750000;5657854,011094810400000;7,012695938000036;51,055305371000031;1
111017;5;3;15;0;2019;6;14;4;3;3;2;0;1;1;0;0;0;0;353803,037000000480000;5646559,661000002200000;6,918568670000070;50,952088158000038;1
111018;5;3;15;0;2019;6;11;4;3;7;1;0;1;0;0;0;0;1;354838,197820101860000;5645539,568913806200000;6,933702777000065;50,943182510000042;1
111020;5;3;15;0;2019;6;6;4;3;0;1;0;1;0;0;0;0;0;355014,825000001120000;5643506,467000000200000;6,937024050000048;50,924955944000033;0
111022;5;3;15;0;2019;6;11;4;3;2;2;0;1;1;0;0;0;0;356491,180006491020000;5646274,942964335900000;6,956926186000032;50,950205030000063;1
111034;5;1;58;28;2019;6;17;4;3;5;3;0;1;1;0;0;0;0;350532,505335361700000;5691383,453376716000000;6,853424505000021;51,354036025000028;0
111037;5;1;54;36;2019;6;12;4;3;5;3;0;1;0;0;0;1;0;301518,275819547470000;5740191,324346214500000;6,122779006000030;51,777348107000080;1
111041;5;1;19;0;2019;6;18;4;3;0;5;0;1;1;0;0;0;0;349137,360972508790000;5706609,341208307100000;6,826921919000029;51,490477927000029;0
111061;5;9;58;48;2019;6;17;6;3;0;1;0;1;0;0;0;0;0;460983,515999999830000;5677849,476000001700000;8,440949188000047;51,250670750000040;0
111063;5;7;70;24;2019;6;15;4;3;5;3;0;1;1;0;0;0;0;494219,994952293110000;5795225,381168112200000;8,915223602000026;52,307336935000080;1