OBJECTID;ULAND;UREGBEZ;UKREIS;UGEMEINDE;UJAHR;UMONAT;USTUNDE;UWOCHENTAG;UKATEGORIE;UART;UTYP1;ULICHTVERH;IstRad;IstPKW;IstFuss;IstKrad;IstGkfz;IstSonstige;LINREFX;LINREFY;XGCSWGS84;YGCSWGS84;STRZUSTAND
111730;5;7;58;16;2019;6;7;4;3;3;6;0;1;0;0;0;1;0;477320,797905686310000;5776188,519789213300000;8,668639108000036;52,135748712000066;0
111732;5;7;66;20;2019;6;14;4;3;5;3;0;1;1;0;0;0;0;491961,961578645740000;5753303,438671937200000;8,883094897000035;51,930398511000078;1
111736;5;9;15;0;2019;6;15;7;3;3;2;0;1;1;0;0;0;0;419960,952589486730000;5727037,479396104800000;7,842108085000064;51,688586591000046;0
111751;5;5;70;32;2019;6;0;6;2;0;1;2;1;0;0;0;0;0;420368,381127819420000;5766358,391399035200000;7,838934807000044;52,042113263000033;0
111754;5;5;66;60;2019;6;14;6;3;5;2;0;1;1;0;0;0;0;389352,693029017190000;5790177,298229621700000;7,379123629000048;52,250855227000045;0
111757;5;5;54;36;2019;6;9;6;3;0;7;0;1;0;0;0;0;0;367851,427664232440000;5768189,073417330200000;7,072881371000051;52,048534359000030;0
111758;5;5;54;40;2019;6;19;6;3;0;7;0;1;0;0;0;0;0;351279,938935387880000;5739366,725261634200000;6,843841741000063;51,785376620000079;0
111761;5;5;15;0;2019;6;13;6;3;5;2;0;1;1;0;0;0;0;406837,923711387440000;5756781,873005967600000;7,644313126000043;51,953926716000069;0
111763;5;5;15;0;2019;6;14;6;3;5;3;0;1;1;0;0;0;0;408463,531924775800000;5756498,398267017700000;7,668037384000058;51,951648621000061;0
111764;5;5;15;0;2019;6;13;6;3;0;5;0;1;1;0;0;0;0;405963,156660569830000;5751750,338276376900000;7,632962644000031;51,908553537000046;0
111769;5;5;62;32;2019;6;16;6;3;0;6;0;1;1;0;0;0;0;379632,211471916180000;5717967,140919899600000;7,262050467000051;51,599871223000036;0
111770;5;3;70;4;2019;6;14;6;3;3;6;0;1;1;0;0;0;0;311791,081641664730000;5661658,750160787300000;6,313228758000037;51,075533379000035;0
111776;5;3;34;2;2019;6;17;6;3;2;7;0;1;1;0;0;0;0;297417,138558682050000;5630950,249088235200000;6,125370006000026;50,794840694000072;0
111779;5;3;78;8;2019;6;12;6;3;1;3;0;1;1;0;0;0;0;370090,037267273290000;5661919,574779266500000;7,144808215000069;51,094040768000070;0
111785;5;3;62;28;2019;6;15;6;3;5;3;0;1;1;0;0;0;0;349560,913288727400000;5636901,384329216600000;6,862198132000060;50,864203744000065;0
111791;5;3;15;0;2019;6;17;6;3;4;6;0;1;0;0;0;0;0;354573,981999999840000;5644817,487000003500000;6,930232669000077;50,936626779000051;0
111792;5;3;15;0;2019;6;9;6;2;5;3;0;1;1;0;0;0;0;357206,881000000980000;5641145,815000003200000;6,969117345000029;50,904287546000035;0
111793;5;3;15;0;2019;6;23;6;3;0;1;2;1;0;0;0;0;0;354604,985479443330000;5645913,943026358300000;6,930235995000032;50,946488139000053;0
111795;5;3;15;0;2019;6;12;6;3;5;2;0;1;1;0;0;0;0;355189,640897993930000;5644665,999319778800000;6,939049125000054;50,935420319000059;0
111799;5;1;70;24;2019;6;12;6;3;5;3;0;1;1;0;0;0;0;333268,291452400390000;5706024,240904348000000;6,598820195000030;51,480765436000070;0
111800;5;1;70;24;2019;6;11;6;3;0;3;0;1;1;0;0;0;0;336290,507293893020000;5702502,495803365500000;6,643935413000065;51,450008224000044;0
111802;5;1;58;28;2019;6;9;6;2;5;2;0;1;1;0;0;0;0;354009,675201923590000;5688999,192567113800000;6,904303303000063;51,333515238000075;0
111806;5;1;54;36;2019;6;18;6;3;3;2;0;1;1;0;0;0;0;302168,919109721670000;5739332,348340936000000;6,132687338000039;51,769864792000078;0
111811;5;1;24;0;2019;6;14;6;2;1;6;0;1;1;0;0;0;0;370445,554356509820000;5678696,544867735400000;7,143837291000068;51,244904723000047;0
111816;5;1;12;0;2019;6;7;6;3;5;3;0;1;1;0;0;0;0;346635,264220654960000;5706331,421949856000000;6,791030150000040;51,487307732000033;0
111818;5;1;11;0;2019;6;12;6;3;5;3;0;1;1;0;0;0;0;348007,395190238020000;5680436,457125844400000;6,821851416000072;51,255001823000043;0
111819;5;1;11;0;2019;6;12;6;2;5;2;0;1;0;0;0;0;1;346534,881000000050000;5680031,271000001600000;6,800939728000060;51,250966631000040;0
111827;5;7;54;36;2019;6;19;6;3;1;5;0;1;1;0;0;0;0;477123,842105874790000;5750148,939544338700000;8,667501740000034;51,901624519000052;0
111828;5;7;54;40;2019;6;19;6;2;2;2;0;1;1;0;0;0;0;451744,342027628790000;5760682,223821990200000;8,297161382000070;51,994702466000035;0
111832;5;7;11;0;2019;6;12;6;3;5;2;0;1;0;0;0;0;1;468214,729439795020000;5762530,418364143000000;8,536868720000030;52,012506028000075;0
111833;5;7;11;0;2019;6;15;6;3;5;3;0;1;1;0;0;0;0;465588,165000000970000;5767623,596000002700000;8,498087043000055;52,058139884000070;0
111865;5;5;66;16;2019;6;21;5;2;0;1;1;1;0;0;0;0;0;406274,519435336810000;5790880,637838667300000;7,626732675000028;52,260319493000054;1
111866;5;5;66;8;2019;6;1;5;3;4;6;2;1;0;0;0;0;0;402835,900000002240000;5779770,987000001600000;7,579555193000033;52,159870803000047;1
111868;5;5;15;0;2019;6;2;5;3;5;2;2;1;1;0;0;0;0;406305,499163649980000;5756678,154570665200000;7,636595972000066;51,952904998000065;0
111869;5;5;15;0;2019;6;13;5;3;4;6;0;1;0;0;0;0;0;400852,855354595000000;5756459,702611284300000;7,557340789000023;51,949996194000050;0
111872;5;5;62;16;2019;6;9;5;3;1;5;0;1;1;0;0;0;0;375034,326000001280000;5734195,879000002500000;7,189892000000043;51,744717302000026;0
111874;5;5;62;32;2019;6;14;5;3;5;3;0;1;1;0;0;0;0;376042,019244244320000;5714476,791482867700000;7,211472057000037;51,567724018000035;0
111877;5;3;74;40;2019;6;21;1;2;1;6;0;1;0;0;0;0;0;408323,860599938780000;5649920,761722562800000;7,693663759000060;50,993558555000050;0
111881;5;3;70;40;2019;6;9;5;3;4;2;0;1;1;0;0;0;0;311225,885793615130000;5670283,017701398600000;6,300656977000074;51,152813962000039;0
111884;5;3;58;8;2019;6;21;5;3;1;7;1;1;1;0;0;0;0;319707,120952188970000;5629694,878706015600000;6,441921211000022;50,790925034000054;0
111885;5;3;62;12;2019;6;16;1;3;1;5;0;1;1;0;0;0;0;351223,675938200210000;5631206,360444208600000;6,888121706000050;50,813454941000032;0
111887;5;3;15;0;2019;6;14;1;2;4;2;0;1;1;0;0;0;0;356855,092000002040000;5654625,209000000700000;6,958813627000041;51,025337827000044;0
111896;5;1;70;24;2019;6;11;1;3;5;3;0;1;1;0;0;0;0;332557,826615177090000;5699864,326113378600000;6,591513634000023;51,425215898000033;0
111902;5;3;15;0;2019;6;22;5;2;5;2;2;1;1;0;0;0;0;352388,482948256660000;5647327,834385145500000;6,898132327000042;50,958630823000078;0
111905;5;1;58;16;2019;6;18;1;3;5;3;0;1;0;0;0;0;0;353693,819287327120000;5669937,701676577300000;6,907563379000067;51,162145729000031;0
111909;5;1;58;28;2019;6;22;5;3;0;1;1;1;0;0;0;0;0;349302,648390575310000;5683752,386053998000000;6,839001231000054;51,285141500000066;1
111910;5;1;66;4;2019;6;17;5;3;5;3;0;1;1;0;0;0;0;305256,607695680110000;5684170,689070699700000;6,207867217000057;51,275546416000054;1
111911;5;1;54;40;2019;6;12;1;3;5;3;0;1;1;0;0;0;0;290845,923095239330000;5743747,361137453500000;5,966155291000064;51,805391142000076;0
111913;5;1;66;28;2019;6;17;1;3;3;2;0;1;1;0;0;0;0;320523,153543875550000;5686560,578711073800000;6,425303136000025;51,302027878000047;0
111914;5;1;62;12;2019;6;11;5;3;5;3;0;1;1;0;0;0;0;328105,900752953250000;5665209,119649527600000;6,544200814000021;51,112549136000041;0
111916;5;1;19;0;2019;6;19;5;3;5;3;0;1;1;0;0;0;0;346459,382740947420000;5710007,537443097700000;6,786898718000032;51,520289954000077;1
111922;5;1;17;0;2019;6;9;1;2;0;7;0;1;0;0;0;0;0;351841,699719550090000;5699889,087855109900000;6,868662629000028;51,430807787000049;0
111924;5;1;12;0;2019;6;23;5;3;0;1;2;1;0;0;0;0;0;339397,594426055440000;5702362,734767952900000;6,688675750000073;51,449642263000044;0
111931;5;1;11;0;2019;6;11;1;3;6;4;0;1;0;1;0;0;0;344445,843647089790000;5678821,623624781100000;6,771554817000038;51,239531602000056;0
111933;5;1;11;0;2019;6;13;5;3;4;6;0;1;0;0;0;0;1;346678,182565762660000;5670896,379554152500000;6,806895673000042;51,168922964000046;0
111934;5;7;54;36;2019;6;18;1;2;5;3;0;1;1;0;0;0;0;473921,734585045840000;5749902,053394235700000;8,620979757000043;51,899264104000054;0
111935;5;1;11;0;2019;6;17;5;3;0;1;0;1;0;0;0;0;0;350028,740393014620000;5670072,522832527800000;6,855128955000055;51,162408201000062;1
111937;5;7;74;32;2019;6;16;5;3;0;7;0;1;0;0;0;0;0;476351,773199559190000;5733223,134531101200000;8,657436447000066;51,749411265000049;0
111941;5;9;78;12;2019;6;21;1;3;0;1;0;1;0;0;0;0;0;410113,254000000660000;5706287,352000000000000;7,704998868000075;51,500567704000048;0
111944;5;9;74;40;2019;6;4;1;2;0;1;1;1;0;0;0;0;0;434853,404946473430000;5710064,550354240500000;8,060671358000036;51,537919966000061;0
111954;5;9;15;0;2019;6;6;1;3;4;6;0;1;0;0;0;0;0;423476,217443822880000;5724230,879399867700000;7,893566578000048;51,663846049000028;0
111958;5;7;54;12;2019;6;15;5;2;5;3;0;1;0;0;0;0;0;454158,995910051280000;5769452,028377199500000;8,331152403000033;52,073750174000054;0
111964;5;9;62;16;2019;6;20;5;3;8;1;0;1;0;0;0;0;0;418019,741726576350000;5693058,025564743200000;7,821944841000061;51,382839422000075;0
111967;5;9;13;0;2019;6;13;5;3;4;2;0;1;1;0;0;0;0;399608,705504173410000;5704892,340974323500000;7,554105483000058;51,486259954000047;0
111968;5;5;70;28;2019;6;9;7;3;5;3;0;1;1;0;0;0;0;441551,899480788970000;5741172,574570789900000;8,152035164000040;51,818329243000051;0
111974;5;5;58;4;2019;6;14;7;3;5;3;0;1;1;0;0;0;0;406294,774774691090000;5731397,049451783300000;7,643288510000048;51,725659687000075;0
111975;5;9;54;36;2019;6;12;5;2;8;1;0;1;0;0;0;0;0;380259,020899608730000;5698164,730868581700000;7,277821920000065;51,422028110000042;0
111976;5;5;54;20;2019;6;14;7;3;5;2;0;1;1;0;0;0;0;364571,365727164780000;5786238,618638072200000;7,017892547000031;52,209924975000035;0
111978;5;5;54;4;2019;6;23;7;3;4;6;2;1;0;0;0;0;0;356685,976162966340000;5777171,543499050700000;6,906393572000070;52,126466076000042;0
111986;5;5;62;12;2019;6;14;7;2;5;3;0;1;1;0;0;0;0;359095,415404368190000;5726726,035414321300000;6,962187748000076;51,673814362000030;0
111989;5;3;15;0;2019;6;8;4;3;0;1;0;1;0;0;0;0;0;357103,035497694280000;5643259,027315631500000;6,966813756000022;50,923253226000043;0
111990;5;5;66;28;2019;6;17;4;2;0;7;0;1;0;0;0;0;0;409663,641681262290000;5796799,985525284000000;7,674788738000075;52,314090302000068;1
111992;5;5;66;16;2019;6;9;4;3;5;3;0;1;1;0;0;0;0;403888,895269343630000;5794342,281342480300000;7,590803208000068;52,291020453000044;0
111995;5;5;13;0;2019;6;19;7;3;5;3;0;1;1;0;0;0;0;367007,866770224650000;5705893,097834015300000;7,084439636000070;51,488527105000060;0
111999;5;3;70;4;2019;6;15;7;3;3;7;0;1;1;0;0;0;0;318782,524607677940000;5662207,510487187700000;6,412648740000066;51,082713281000053;0
112000;5;5;66;12;2019;6;17;4;2;5;3;0;1;1;0;0;0;0;406550,254134637300000;5767754,943722745400000;7,637135449000027;52,052508947000035;0
112001;5;3;15;0;2019;6;21;4;3;0;1;1;1;0;0;0;0;0;355081,095381787980000;5644788,082465829300000;6,937456816000065;50,936490187000061;1
112006;5;5;58;24;2019;6;12;4;3;0;1;0;1;0;0;0;0;0;392722,522068464200000;5736340,280039113000000;7,445330819000049;51,767657195000027;0
112010;5;5;54;8;2019;6;7;4;3;3;6;0;1;0;0;0;0;0;334370,089186911470000;5745964,210790073500000;6,595748213000036;51,839894633000029;0
112016;5;5;15;0;2019;6;8;4;3;0;1;0;1;0;0;0;0;0;412291,146315844730000;5753461,981488158900000;7,724492759000043;51,924971612000036;0
112025;5;3;15;0;2019;6;17;7;3;1;5;0;1;0;0;1;0;0;367675,181384003720000;5639277,501499261700000;7,118591052000056;50,889989851000053;0
112029;5;3;15;0;2019;6;20;7;3;0;5;0;1;1;0;0;0;0;353354,758348986510000;5645716,402715092500000;6,912530560000050;50,944396248000032;0
112031;5;5;62;4;2019;6;13;4;3;1;5;0;1;1;0;0;0;0;382887,801363055590000;5712999,053558930800000;7,310691183000074;51,555905947000042;0
112035;5;3;15;0;2019;6;17;7;3;9;6;0;1;1;0;0;0;0;353448,265037117530000;5644117,281836895300000;6,914503832000037;50,930049312000051;0
112036;5;5;62;12;2019;6;17;4;2;5;3;0;1;0;0;0;0;0;357895,158208985810000;5724873,075351849200000;6,945594693000032;51,656861911000078;1
112040;5;1;70;8;2019;6;5;4;3;0;7;0;1;0;0;0;0;0;345451,041974453260000;5712332,522716367600000;6,771356238000067;51,540904674000046;0
112042;5;5;13;0;2019;6;15;4;3;3;6;0;1;1;0;0;0;0;362352,277142094450000;5711026,451980276000000;7,015420955000025;51,533542993000026;0
112046;5;1;70;8;2019;6;12;7;3;5;3;0;1;1;0;0;0;0;345453,466576055620000;5712437,580387648200000;6,771345043000054;51,541849265000053;0
112052;5;5;13;0;2019;6;7;4;3;6;6;0;1;0;1;0;0;0;363999,157513001930000;5712358,438438739600000;7,038635657000043;51,545911871000044;0
112056;5;1;70;48;2019;6;14;4;3;5;3;0;1;1;0;0;0;0;335766,026341794060000;5725794,048260975600000;6,625517899000045;51,659106528000052;0
112057;5;1;62;8;2019;6;12;7;2;0;7;0;1;0;0;0;0;0;330410,773000000980000;5658522,562000002700000;6,580236034000052;51,053161513000077;0
112059;5;1;62;22;2019;6;18;7;3;5;2;0;1;1;0;0;0;0;338240,301492332480000;5681048,225935148100000;6,681725502000063;51,257811476000029;0
112060;5;1;58;16;2019;6;19;4;3;5;3;0;1;0;0;0;0;0;356116,160395583140000;5670794,023330304800000;6,941840375000027;51,170455376000064;0
112061;5;1;62;22;2019;6;2;7;2;4;6;2;1;0;0;0;0;0;336805,503000000490000;5683999,304000001400000;6,659833733000028;51,283916813000076;0
112062;5;3;58;8;2019;6;8;4;3;1;7;0;1;1;0;0;0;0;323126,520862469450000;5631990,621419534100000;6,489281317000064;50,812603741000032;0
112065;5;1;16;0;2019;6;10;7;3;5;2;0;1;1;0;0;0;0;322107,541757950560000;5674610,662628708400000;6,453946334000023;51,195176573000026;0
112069;5;3;34;4;2019;6;19;4;3;5;2;0;1;1;0;0;0;0;303314,802112236620000;5638152,949052743600000;6,205086149000067;50,861567015000048;1
112071;5;1;22;0;2019;6;19;7;3;0;5;0;1;1;0;0;0;0;364331,974101988600000;5670383,504562703900000;7,059442412000067;51,168774030000066;0
112076;5;3;82;76;2019;6;17;4;2;3;7;0;1;1;0;0;0;0;403411,199105540290000;5626501,439811024800000;7,629873063000048;50,782213181000031;0
112077;5;1;13;0;2019;6;13;7;3;0;7;0;1;0;0;0;0;0;364761,916437081060000;5699636,426070125800000;7,054502750000040;51,431768260000069;0
112078;5;3;82;40;2019;6;14;4;3;5;3;0;1;1;0;0;0;0;383285,507000000220000;5638179,124000001700000;7,340785110000070;50,883482064000077;0
112081;5;3;78;28;2019;6;7;4;3;4;6;0;1;0;0;0;0;0;372400,197070646100000;5639336,588091960200000;7,185714551000046;50,891584062000049;0
112083;5;7;74;36;2019;6;12;7;3;0;1;0;1;0;0;0;0;0;464594,541414539330000;5727845,154396185700000;8,487676486000055;51,700438003000045;0
112086;5;7;70;24;2019;6;2;7;3;0;6;2;1;0;0;0;0;0;495987,486076659520000;5794201,549747886100000;8,941159904000074;52,298147950000043;0
112099;5;9;70;40;2019;6;15;7;3;5;3;0;1;0;0;0;0;1;430780,064000001180000;5636013,012999998400000;8,016235687000062;50,871649739000077;0
112100;5;3;62;28;2019;6;13;4;3;5;2;0;1;0;0;0;0;1;347650,965060179120000;5640036,237563381000000;6,833771289000026;50,891874239000060;0
112105;5;3;15;0;2019;6;8;4;3;0;2;0;1;1;0;0;0;0;358286,742574578150000;5643025,904054347400000;6,983735335000063;50,921450098000037;0
112110;5;9;58;24;2019;6;21;7;2;3;6;0;1;1;0;0;0;0;489187,147957992740000;5697724,723766533700000;8,844459820000054;51,430620152000074;0
112113;5;3;15;0;2019;6;11;4;3;5;1;0;1;1;0;0;0;0;353905,680554949680000;5646143,545118294700000;6,920195957000033;50,948374698000066;0
112116;5;3;15;0;2019;6;22;3;3;3;6;2;1;1;0;0;0;0;354037,219538906590000;5642153,295322703200000;6,923665043000028;50,912548870000080;0
112117;5;3;15;0;2019;6;16;3;3;3;6;0;1;1;0;0;0;0;353901,579112589360000;5641891,389818020200000;6,921841759000074;50,910160882000071;0
112121;5;3;82;12;2019;6;6;3;2;1;1;0;1;1;0;0;0;0;359618,176000000910000;5623698,513000002100000;7,010069339000040;50,748074380000048;0
112122;5;3;14;0;2019;6;19;3;3;5;3;0;1;0;0;0;0;0;365055,152622861790000;5620604,479930762200000;7,088225230000035;50,721554834000074;0
112123;5;3;14;0;2019;6;12;3;3;5;2;0;1;1;0;0;0;0;365943,741781945340000;5623209,078193541600000;7,099859326000058;50,745170552000047;0
112124;5;1;70;8;2019;6;12;3;2;5;3;0;1;1;0;0;0;0;345354,224948079330000;5712894,735204737600000;6,769714194000073;51,545929548000061;0
112133;5;1;66;12;2019;6;16;3;3;5;3;0;1;1;0;0;0;0;320085,584611366500000;5693617,584559245000000;6,415468644000043;51,365281726000035;0
112139;5;1;16;0;2019;6;21;3;3;5;3;1;1;1;0;0;0;0;320383,209045877680000;5671552,825384184700000;6,430821993000052;51,167168148000030;0
112141;5;1;14;0;2019;6;10;3;3;5;2;0;1;1;0;0;0;0;331702,728000001980000;5686201,211000002900000;6,585692036000069;51,302214216000039;0
112150;5;1;13;0;2019;6;15;3;3;1;6;0;1;1;0;0;0;0;363531,575156508940000;5701079,315918011600000;7,036258373000067;51,444439861000035;0
112156;5;1;11;0;2019;6;10;3;3;3;6;0;1;1;0;0;0;0;345456,088500347920000;5676005,627587784100000;6,787230111000042;51,214503205000028;0
112157;5;1;11;0;2019;6;22;3;3;5;3;2;1;1;0;0;0;0;340568,232404291630000;5678394,355857746700000;6,716241685000057;51,234622241000068;0
112161;5;7;70;32;2019;6;9;3;3;5;3;0;1;1;0;0;0;0;496934,152076612230000;5786429,498375628100000;8,955112560000032;52,228279016000045;0
112162;5;7;70;24;2019;6;16;3;3;5;3;0;1;1;0;0;0;0;493213,694291802120000;5795078,909072460600000;8,900466981000022;52,306008566000060;0
112165;5;7;58;12;2019;6;12;3;3;5;3;0;1;1;0;0;0;0;478002,797502415250000;5774377,469567358500000;8,678720608000049;52,119493821000049;0
112169;5;7;66;36;2019;6;20;3;2;8;1;0;1;0;0;0;0;0;494642,246999999510000;5778820,731000000600000;8,921676854000054;52,159853703000067;0
112177;5;9;74;48;2019;6;16;3;3;5;3;0;1;1;0;0;0;0;427835,308226477350000;5716794,415559377500000;7,958114559000023;51,597568724000041;0
112183;5;9;15;0;2019;6;19;3;3;4;6;0;1;0;0;0;0;0;416837,671000001020000;5723470,343000004100000;7,797784730000046;51,656065926000053;0
112186;5;9;13;0;2019;6;12;3;3;3;2;0;1;0;0;0;0;1;391761,825093273070000;5705772,658506633700000;7,440863524000065;51,492725153000038;0
112189;5;9;11;0;2019;6;13;3;3;5;7;0;1;1;0;0;0;0;374862,979052116160000;5702446,167437143600000;7,198740017000034;51,459341380000069;0
112199;5;5;70;24;2019;6;15;2;3;5;3;0;1;1;0;0;0;0;420541,429367664270000;5753301,130478128800000;7,844482019000054;51,924764430000039;0
112201;5;5;66;72;2019;6;16;2;3;5;7;0;1;1;0;0;0;0;412801,151114226320000;5802346,392202841100000;7,719362979000039;52,364449781000076;0
112204;5;5;66;76;2019;6;8;2;3;5;2;0;1;1;0;0;0;0;393372,188948847350000;5792880,511596007300000;7,437127086000032;52,275943140000038;0
112206;5;5;66;8;2019;6;17;2;3;5;2;0;1;0;0;0;0;0;398266,610839647240000;5781373,793148526900000;7,512300007000022;52,173453180000081;0
112207;5;5;58;44;2019;6;13;2;3;5;3;0;1;1;0;0;0;0;394978,337388402780000;5745940,243352418800000;7,475099766000028;51,854370025000037;0
112208;5;5;58;20;2019;6;16;2;3;0;5;0;1;1;0;0;0;0;392071,796392784450000;5759709,784744659400000;7,428598741000030;51,977572220000070;0
112218;5;9;54;28;2019;6;11;5;3;6;4;0;1;0;1;0;0;0;377940,047314133500000;5691881,967799298500000;7,246646339000051;51,365066050000053;0
112220;5;5;62;24;2019;6;18;2;2;5;3;0;1;0;0;0;0;0;370700,865400111300000;5725257,385631403000000;7,130472819000033;51,663407311000071;0
112222;5;9;62;24;2019;6;14;5;3;3;6;0;1;0;0;0;0;0;409930,863897095430000;5695090,460695579600000;7,705222536000065;51,399884197000063;0
112227;5;5;13;0;2019;6;16;2;3;5;2;0;1;1;0;0;0;0;368663,798932276670000;5709375,458630906400000;7,106980141000065;51,520209458000068;0
112230;5;9;13;0;2019;6;16;5;2;5;3;0;1;1;0;0;0;0;393027,877514637080000;5703039,950482288400000;7,459921190000046;51,468403162000072;0
112233;5;9;13;0;2019;6;8;5;3;5;2;0;1;1;0;0;0;0;394245,242000000550000;5707021,687000000800000;7,476248186000021;51,504422102000035;0
112235;5;3;34;36;2019;6;21;2;3;5;2;0;1;0;0;0;0;1;298051,385774984020000;5635271,233211433500000;6,131980123000062;50,833871009000063;0
112237;5;3;34;4;2019;6;8;2;3;5;3;0;1;1;0;0;0;0;300855,591140233910000;5639641,720132967500000;6,169375485000046;50,874097139000071;0
112266;5;3;62;16;2019;6;18;2;3;5;2;0;1;1;0;0;0;0;328618,162341248240000;5645960,306177133700000;6,560611309000024;50,939765972000032;0
112269;5;5;66;28;2019;6;12;4;3;0;3;0;1;1;0;0;0;0;412155,446742455480000;5791779,944354826600000;7,712641639000026;52,269373347000055;0
112276;5;5;15;0;2019;6;17;4;3;1;7;0;1;0;0;0;0;0;405580,062668211760000;5756827,423052398500000;7,626001969000072;51,954124002000071;0
112277;5;3;15;0;2019;6;8;2;3;5;7;0;1;0;0;0;0;0;359823,730000002310000;5647484,239999998400000;7,003873400000032;50,961893204000035;0
112278;5;5;15;0;2019;6;12;4;3;3;6;0;1;0;0;0;0;0;400947,472999999300000;5753703,381999999300000;7,559510862000025;51,925238667000031;0
112285;5;3;15;0;2019;6;17;2;3;5;2;0;1;1;0;0;0;0;353210,911853849890000;5645208,166553337100000;6,910689185000024;50,939792324000052;0
112286;5;3;34;32;2019;6;21;4;2;3;2;1;1;1;0;0;0;0;303762,582260355350000;5627388,111468996900000;6,217196988000069;50,765027735000047;0
112287;5;3;15;0;2019;6;7;2;3;2;6;0;1;1;0;0;0;0;357681,619000000880000;5640076,550000002600000;6,976281563000043;50,894795240000064;0
112289;5;3;34;12;2019;6;21;4;3;5;6;1;1;1;0;0;0;0;307065,969955221750000;5633454,501627663200000;6,260798704000024;50,820627114000047;0
112290;5;3;15;0;2019;6;17;2;3;3;6;0;1;1;0;0;0;0;355476,591812297700000;5644699,259548284100000;6,943117022000024;50,935791204000054;0
112298;5;3;14;0;2019;6;12;2;3;5;3;0;1;1;0;0;0;0;366420,928090631960000;5621732,748962376300000;7,107154259000026;50,732011302000046;0
112308;5;1;54;32;2019;6;7;2;3;5;3;0;1;0;0;0;0;1;310497,791371076370000;5717915,018562745300000;6,264871532000029;51,580393277000042;0
112310;5;1;54;28;2019;6;20;2;2;5;2;0;1;1;0;0;0;0;318531,509606269190000;5703185,851377228300000;6,388273522000077;51,450734695000051;0
112316;5;3;62;28;2019;6;8;4;3;5;2;0;1;0;0;0;0;1;351647,771229672250000;5638688,716947240800000;6,891106630000024;50,880805025000029;0
112317;5;1;54;36;2019;6;15;2;3;3;6;0;1;1;0;0;0;0;302090,043152131140000;5740922,069251650900000;6,130639638000048;51,784112646000040;0
112319;5;3;62;16;2019;6;6;4;2;0;1;0;1;0;0;0;0;0;330864,123065738940000;5646947,838397236500000;6,592090584000061;50,949301722000030;0
112321;5;3;62;8;2019;6;15;4;3;5;3;0;1;1;0;0;0;0;333120,857526557520000;5647155,167117683200000;6,624093913000024;50,951822264000043;0
112322;5;1;66;12;2019;6;9;2;2;5;3;0;1;1;0;0;0;0;326039,313000001010000;5697692,803000001200000;6,498911033000070;51,403745414000070;0
112323;5;3;15;0;2019;6;17;4;3;5;2;0;1;1;0;0;0;0;362416,813030206600000;5636750,916386188900000;7,044823436000058;50,866053785000076;0
112324;5;3;15;0;2019;6;8;4;3;5;2;0;1;1;0;0;0;0;358232,351973821410000;5645443,879757933300000;6,982021484000029;50,943167144000029;0
112325;5;1;66;16;2019;6;18;2;3;2;6;0;1;1;0;0;0;0;309072,561225622890000;5686960,723896633800000;6,261019247000036;51,301897182000062;0
112326;5;3;15;0;2019;6;10;4;3;5;5;0;1;1;0;0;0;0;356307,229998820460000;5647902,596952762500000;6,953666536000071;50,964786648000029;0
112328;5;3;15;0;2019;6;20;4;2;0;1;0;1;0;0;0;0;0;353577,502864866520000;5644192,438217358700000;6,916311453000049;50,930757537000034;0
112329;5;1;62;28;2019;6;14;2;3;5;2;0;1;1;0;0;0;0;338257,238656938080000;5656006,051845314000000;6,693216670000027;51,032813716000078;0
112330;5;3;15;0;2019;6;13;4;3;0;1;0;1;0;0;0;0;0;355201,528015268970000;5651611,630265587900000;6,936453433000054;50,997841758000050;0
112331;5;1;62;4;2019;6;10;2;3;1;7;0;1;1;0;0;0;0;344303,917828212490000;5660734,207612929900000;6,777350052000031;51,076969147000057;0
112332;5;3;15;0;2019;6;13;4;3;5;2;0;1;0;0;0;0;1;354191,129000000660000;5644819,757000001100000;6,924786644000051;50,936550506000060;0
112336;5;1;62;22;2019;6;16;2;3;1;3;0;1;1;0;0;0;0;333649,780702251010000;5683539,796131435800000;6,614837126000055;51,278875687000038;0
112340;5;3;14;0;2019;6;13;4;3;5;3;0;1;1;0;0;0;0;367765,841126553710000;5619329,214149031800000;7,127062687000034;50,710715772000071;0
112343;5;1;16;0;2019;6;13;2;3;5;3;0;1;1;0;0;0;0;323210,544399401170000;5673031,105897758200000;6,470493707000060;51,181329018000042;0
112356;5;1;58;26;2019;6;13;4;3;5;3;0;1;1;0;0;0;0;352570,562623045410000;5666053,488166913400000;6,893100742000058;51,126953099000048;0
112359;5;1;58;16;2019;6;19;4;3;5;3;0;1;1;0;0;0;0;353404,058881185020000;5669835,064716314900000;6,903464090000057;51,161149234000050;0
112360;5;1;17;0;2019;6;15;2;3;0;1;0;1;0;0;0;0;0;354463,628000001420000;5698115,903999999200000;6,907081429000073;51,415553715000044;0
112365;5;1;66;16;2019;6;7;4;3;5;3;0;1;1;0;0;0;0;303770,112807813100000;5689683,667104873800000;6,183551279000028;51,324549521000051;0
112368;5;1;62;24;2019;6;1;4;3;0;1;2;1;0;0;0;0;0;339108,945532132870000;5676529,923749044500000;6,696193306000055;51,217460982000034;0
112374;5;1;11;0;2019;6;13;2;2;5;3;0;1;1;0;0;0;0;345519,900091364050000;5678860,210634036000000;6,786912588000064;51,240170151000029;0