OBJECTID;ULAND;UREGBEZ;UKREIS;UGEMEINDE;UJAHR;UMONAT;USTUNDE;UWOCHENTAG;UKATEGORIE;UART;UTYP1;ULICHTVERH;IstRad;IstPKW;IstFuss;IstKrad;IstGkfz;IstSonstige;LINREFX;LINREFY;XGCSWGS84;YGCSWGS84;STRZUSTAND
112378;5;1;11;0;2019;6;7;2;3;6;4;0;1;0;1;0;0;0;345232,113088156100000;5679893,750709146300000;6,782346272000041;51,249378906000061;0
112379;5;1;12;0;2019;6;7;4;3;5;3;0;1;1;0;0;0;0;343659,808000000190000;5693601,521999999900000;6,753826831000026;51,372116083000037;0
112389;5;7;62;20;2019;6;12;2;3;5;2;0;1;1;0;0;0;0;525727,232897778040000;5736886,677720341800000;9,372950302000049;51,782259024000041;0
112391;5;7;58;24;2019;6;16;2;3;5;3;0;1;1;0;0;0;0;483157,775011313150000;5781099,654322562700000;8,753677298000071;52,180111692000082;0
112392;5;7;74;32;2019;6;16;4;3;1;7;0;1;1;0;0;0;0;477744,912961121650000;5734492,568768926000000;8,677535559000035;51,760882073000062;0
112393;5;7;70;24;2019;6;11;4;3;3;1;0;1;0;0;0;0;0;492956,069910189140000;5795323,932549301500000;8,896683348000067;52,308208199000035;0
112397;5;7;58;12;2019;6;14;2;2;0;7;0;1;0;0;0;0;0;476726,956532019190000;5772745,445505648900000;8,660198268000045;52,104768659000058;0
112406;5;7;66;24;2019;6;19;2;2;0;1;0;1;0;0;0;0;0;500654,511939892550000;5763707,482399832500000;9,009539068000038;52,023998859000073;0
112408;5;7;66;20;2019;6;13;2;2;5;2;0;1;0;0;0;0;1;491013,343951308170000;5753770,599666426000000;8,869286051000074;51,934584265000069;0
112411;5;9;74;44;2019;6;19;4;3;5;2;0;1;1;0;0;0;0;453883,698186919090000;5703288,917940277600000;8,335925580000037;51,478875299000038;0
112412;5;7;11;0;2019;6;16;2;3;0;3;0;1;1;0;0;0;0;466853,176610920580000;5762983,117623850700000;8,516986963000022;52,016496416000052;0
112414;5;7;11;0;2019;6;10;2;3;5;3;0;1;1;0;0;0;0;470711,757886366920000;5761239,468633944200000;8,573361230000046;52,001036895000027;0
112416;5;9;78;28;2019;6;7;2;3;3;6;0;1;0;0;0;0;0;399834,699115153400000;5700065,416657438500000;7,558727025000053;51,442911135000031;0
112425;5;9;58;44;2019;6;13;4;3;0;1;0;1;0;0;0;0;0;435243,905883060770000;5685149,740115601600000;8,070855329000040;51,313964497000029;0
112427;5;9;54;12;2019;6;11;4;3;3;6;0;1;1;0;0;0;0;383266,958752595820000;5686665,209132669500000;7,324840419000054;51,319297065000058;0
112431;5;9;58;32;2019;6;10;2;3;5;3;0;1;1;0;0;0;0;442433,815762332640000;5690772,501361090700000;8,173097440000049;51,365291894000052;0
112436;5;9;13;0;2019;6;20;4;3;5;2;0;1;1;0;0;0;0;393484,320217886940000;5712240,845305675600000;7,463710391000063;51,551191355000071;0
112443;5;9;15;0;2019;6;12;2;3;1;5;0;1;1;0;0;0;0;413517,370827846230000;5727780,783448621600000;7,748730253000076;51,694312758000081;0
112454;5;9;15;0;2019;6;7;2;2;5;3;0;1;1;0;0;0;0;418505,839999999850000;5725721,639000000400000;7,821369534000041;51,676548452000077;0
112459;5;5;66;28;2019;6;6;3;3;5;3;0;1;1;0;0;0;0;410816,694186889570000;5788366,629943432300000;7,693929307000076;52,238478196000074;0
112460;5;5;66;60;2019;6;11;3;3;5;3;0;1;1;0;0;0;0;391171,873224843290000;5784883,040349533800000;7,407465266000031;52,203637838000077;0
112461;5;9;78;24;2019;6;16;2;3;0;6;0;1;1;0;0;0;0;398731,212683748450000;5716116,987516628600000;7,538242672000024;51,586999021000054;0
112466;5;5;58;16;2019;6;10;3;3;4;2;0;1;1;0;0;0;0;381253,998447199350000;5743223,625334814200000;7,276848544000075;51,827204326000071;0
112467;5;9;13;0;2019;6;9;2;3;6;7;0;1;0;1;0;0;0;394134,727795910090000;5707573,376987781400000;7,474490841000034;51,509360291000064;0
112470;5;9;16;0;2019;6;18;2;3;5;3;0;1;1;0;0;0;0;378701,999007568690000;5712386,171884387700000;7,250553362000062;51,549513185000080;0
112481;5;3;70;4;2019;6;12;3;3;5;3;0;1;1;0;0;0;0;312342,995999999340000;5661554,822999998900000;6,321152303000076;51,074780577000070;0
112488;5;3;58;44;2019;6;18;3;2;8;1;0;1;0;0;0;0;0;316922,992691835390000;5616797,295268511400000;6,408866093000029;50,674184640000078;0
112495;5;3;34;2;2019;6;14;3;3;1;5;0;1;1;0;0;0;0;295455,257431819100000;5629269,113938599800000;6,098504556000023;50,779053007000073;0
112496;5;5;58;12;2019;6;13;1;1;5;3;0;1;1;0;0;0;0;375829,054465455930000;5759938,630476810000000;7,192145572000072;51,976236776000064;0
112498;5;3;82;16;2019;6;18;3;3;5;3;0;1;1;0;0;0;0;390703,033476587380000;5625563,637586820900000;7,449950882000053;50,771526522000045;0
112499;5;5;58;8;2019;6;15;1;2;0;1;0;1;0;0;0;0;0;382932,116057332610000;5761197,250214386700000;7,295081395000068;51,989089785000033;0
112501;5;3;78;20;2019;6;18;3;3;5;3;0;1;1;0;0;0;0;367327,482652043920000;5656597,962643783500000;7,107332548000045;51,045580432000065;0
112502;5;5;54;20;2019;6;18;1;3;5;3;0;1;1;0;0;0;0;366237,283000000750000;5783899,251000000200000;7,043182819000037;52,189311688000032;0
112510;5;3;62;40;2019;6;11;3;3;7;7;0;1;0;0;0;0;0;356566,566642550750000;5631763,324998065800000;6,963694142000065;50,819808209000030;0
112514;5;3;62;12;2019;6;6;3;3;5;3;0;1;1;0;0;0;0;352596,680182211100000;5631371,032203668700000;6,907531393000056;50,815285855000070;0
112516;5;3;62;28;2019;6;16;3;3;5;3;0;1;1;0;0;0;0;351621,634589438330000;5638652,148152316000000;6,890750198000035;50,880469686000026;0
112520;5;3;62;28;2019;6;13;3;3;5;3;0;1;1;0;0;0;0;349105,355876526800000;5637482,685599952900000;6,855489550000073;50,869308837000062;0
112522;5;3;15;0;2019;6;8;3;3;5;2;0;1;0;0;0;0;1;362970,180570016620000;5645281,555753113700000;7,049480225000025;50,942853829000057;0
112523;5;3;15;0;2019;6;8;3;2;5;3;0;1;1;0;0;0;0;362400,300000000750000;5645121,697000002500000;7,041433832000053;50,941281399000047;0
112525;5;3;78;16;2019;6;15;1;3;8;6;0;1;1;0;0;0;0;368183,873958345500000;5664993,291160926200000;7,116479839000022;51,121230729000047;0
112528;5;9;13;0;2019;6;2;7;2;0;1;2;1;0;0;0;0;0;390196,719672044740000;5707986,065046630800000;7,417638824000051;51,512318099000026;0
112532;5;9;11;0;2019;6;16;7;3;5;2;0;1;1;0;0;0;0;374325,384512490590000;5706516,327019980200000;7,189557806000039;51,495801915000072;0
112544;5;5;70;36;2019;6;16;6;3;3;3;0;1;1;0;0;0;0;434581,156971189190000;5759761,343551158900000;8,047389536000026;51,984667311000067;0
112547;5;5;66;84;2019;6;22;6;2;3;7;2;1;1;0;0;0;0;390217,233463140200000;5775301,023629140100000;7,396599837000053;52,117333200000076;0
112555;5;5;15;0;2019;6;11;6;3;5;2;0;1;1;0;0;0;0;405141,136000000870000;5757021,191999999800000;7,619563216000074;51,955790983000043;0
112556;5;5;62;28;2019;6;14;6;3;5;3;0;1;1;0;0;0;0;379621,882000001150000;5722577,953999999900000;7,260317088000022;51,641308224000056;0
112559;5;5;62;24;2019;6;15;6;3;1;2;0;1;1;0;0;0;0;372128,798583528030000;5725501,511941624800000;7,151018227000066;51,665927958000054;0
112560;5;5;62;24;2019;6;14;6;3;5;2;0;1;1;0;0;0;0;368689,408483931790000;5724718,950766651000000;7,101608650000060;51,658102241000051;0
112565;5;3;70;28;2019;6;7;6;3;5;3;0;1;1;0;0;0;0;297269,599826725200000;5644526,740155842200000;6,115761816000031;50,916724327000054;0
112566;5;3;70;16;2019;6;13;6;3;0;7;0;1;0;0;1;0;0;295276,434823873450000;5660367,461078394200000;6,078520103000074;51,058284055000058;0
112567;5;3;58;36;2019;6;7;6;3;5;3;0;1;1;0;0;0;0;308640,348609410230000;5652298,698592525000000;6,273246661000030;50,990417291000028;0
112573;5;3;34;2;2019;6;1;6;3;1;1;2;1;1;0;0;0;0;293674,449153351600000;5630013,703469269000000;6,072860740000067;50,785109496000075;0
112574;5;3;82;16;2019;6;15;6;2;2;1;0;1;1;0;0;0;0;390658,471815291790000;5625382,980715846600000;7,449372859000050;50,769894097000076;0
112579;5;3;74;12;2019;6;12;6;3;5;3;0;1;1;0;0;0;0;398841,476158633830000;5651514,732435604600000;7,558144298000059;51,006299105000039;0
112586;5;3;16;0;2019;6;9;6;3;4;6;0;1;0;0;0;0;0;357531,428126251330000;5657342,555730607400000;6,967382805000057;51,049926039000070;0
112594;5;3;15;0;2019;6;11;6;3;0;1;0;1;0;0;0;0;0;354156,530363334340000;5645967,184123927700000;6,923835186000076;50,946853320000059;0
112596;5;3;15;0;2019;6;11;6;2;5;3;0;1;1;0;0;0;0;356838,211511283180000;5644057,302092300700000;6,962734840000053;50,930361610000034;0
112598;5;3;15;0;2019;6;17;6;2;3;2;0;1;1;0;0;0;0;356083,856999999840000;5644640,775000000400000;6,951776909000046;50,935417476000055;0
112599;5;3;15;0;2019;6;11;6;2;0;1;0;1;0;0;0;0;0;355093,663604477420000;5644661,085060963400000;6,937686069000051;50,935352049000073;0
112604;5;3;82;24;2019;6;8;6;3;5;3;0;1;1;0;0;0;0;372678,324820454230000;5615737,331640917800000;7,197842616000060;50,679526841000040;0
112606;5;1;70;44;2019;6;7;6;3;5;2;0;1;1;0;0;0;0;340140,387927145700000;5720709,793923059500000;6,691027910000059;51,614689692000070;0
112608;5;1;70;48;2019;6;14;6;3;5;3;0;1;1;0;0;0;0;330958,666921094060000;5729930,953332411100000;6,554078307000054;51,694844295000053;0
112609;5;1;58;28;2019;6;17;6;3;0;1;0;1;0;0;0;0;0;353701,966839894650000;5684814,963408760700000;6,901605997000047;51,295836782000038;0
112611;5;1;58;28;2019;6;15;6;3;5;3;0;1;1;0;0;0;0;353505,522811095230000;5689664,635321628300000;6,896797680000020;51,339365190000080;0
112614;5;5;54;12;2019;6;18;1;3;5;3;0;1;1;0;0;0;0;352524,671380271200000;5748850,869276043000000;6,857833929000037;51,870920580000075;0
112616;5;1;54;8;2019;6;17;6;3;0;7;0;1;0;0;0;0;0;310343,144533700310000;5749680,032519634800000;6,245346643000062;51,865624440000033;0
112617;5;5;54;20;2019;6;12;1;3;0;2;0;1;1;0;0;0;0;367482,902999999930000;5785377,381999999300000;7,060815549000040;52,202894151000066;0
112618;5;1;66;32;2019;6;12;6;3;0;5;0;1;1;0;0;0;0;318659,245022814720000;5679857,723032522900000;6,401993667000056;51,241226705000031;0
112620;5;1;62;12;2019;6;12;6;3;5;2;0;1;1;0;0;0;0;328679,563043351290000;5665482,300117213300000;6,552258792000032;51,115175185000055;0
112641;5;1;22;0;2019;6;14;6;3;5;2;0;1;1;0;0;0;0;365565,380445867780000;5670037,973892042400000;7,077203188000055;51,165959929000053;0
112642;5;3;66;16;2019;6;11;1;3;0;1;0;1;0;0;0;0;0;343836,781000001360000;5615193,542000001300000;6,790132375000042;50,667616329000055;0
112647;5;3;62;20;2019;6;7;1;3;0;1;0;1;0;0;0;0;0;342481,749254345890000;5629986,924827514200000;6,764651449000041;50,800185853000073;0
112648;5;1;17;0;2019;6;12;6;3;5;7;0;1;1;0;0;0;0;350815,005755758840000;5697694,621622977800000;6,854827885000020;51,410819957000058;0
112657;5;3;15;0;2019;6;23;1;3;6;4;2;1;0;1;0;0;0;355204,904116790740000;5644897,811590394000000;6,939174088000073;50,937507397000047;0
112665;5;3;82;8;2019;6;11;1;2;5;2;0;1;1;0;0;0;0;382640,739000000990000;5613857,150000000400000;7,339384951000056;50,664719966000064;0
112667;5;1;66;32;2019;6;4;1;3;4;6;0;1;1;0;0;0;0;318359,470219699670000;5685602,869735822100000;6,394785425000066;51,292738818000032;0
112669;5;7;70;36;2019;6;18;6;3;1;2;0;1;1;0;0;0;0;468593,819455455990000;5793575,308897107800000;8,539521462000039;52,291634726000041;0
112673;5;7;70;24;2019;6;16;6;3;5;3;0;1;1;0;0;0;0;493394,542605110440000;5794911,627084005600000;8,903122715000052;52,304506827000068;0
112685;5;7;54;8;2019;6;17;6;3;2;3;0;1;1;0;0;0;0;461117,334726794620000;5751531,165176538800000;8,434705556000040;51,913164488000064;0
112687;5;1;13;0;2019;6;10;1;3;1;5;0;1;1;0;0;0;0;362222,687605714430000;5700860,875644184600000;7,017520947000037;51,442159972000070;0
112689;5;1;12;0;2019;6;14;1;3;6;4;0;1;0;1;0;0;0;345451,975988765250000;5707082,898853505000000;6,773671585000045;51,493737584000030;0
112690;5;9;78;4;2019;6;20;6;2;3;6;0;1;1;0;0;0;0;408896,304569980130000;5718369,264296084600000;7,684341069000027;51,608980501000076;0
112692;5;9;78;4;2019;6;13;6;3;3;6;0;1;1;0;0;0;0;407213,992350183430000;5719829,647929422600000;7,659666645000073;51,621833284000047;0
112694;5;9;78;28;2019;6;19;6;3;0;6;0;1;0;0;0;0;0;401232,650200995620000;5700302,583520662000000;7,578769179000062;51,445288554000058;0
112696;5;1;11;0;2019;6;13;1;3;5;3;0;1;0;0;0;0;0;348618,184517486950000;5678890,464753747000000;6,831251476000034;51,241272531000050;0
112697;5;9;78;36;2019;6;11;6;2;0;7;0;1;1;0;0;0;0;408610,780000000260000;5709351,258999999600000;7,682564379000041;51,527869223000039;0
112701;5;7;70;4;2019;6;12;1;3;5;3;0;1;1;0;0;0;0;486383,663665171710000;5785061,547063091800000;8,800697306000075;52,215820550000046;0
112711;5;7;66;8;2019;6;14;1;3;5;2;0;1;1;0;0;0;0;482076,679251668970000;5770418,757761329400000;8,738429091000057;52,084049294000067;0
112712;5;9;58;44;2019;6;11;6;3;0;1;0;1;0;0;0;0;0;435241,403000000860000;5685153,857000002600000;8,070818674000066;51,314001226000073;0
112716;5;9;58;8;2019;6;14;6;2;3;2;0;1;1;0;0;0;0;456364,863712936640000;5689628,024517405800000;8,373333842000022;51,356242764000058;0
112720;5;7;11;0;2019;6;20;1;3;5;3;0;1;1;0;0;0;0;469081,177158371550000;5766510,396168213300000;8,549133235000056;52,048337501000049;0
112721;5;9;54;28;2019;6;6;6;3;5;3;0;1;1;0;0;0;0;378417,154048933650000;5686749,100706169400000;7,255249380000066;51,319035233000079;0
112727;5;9;74;28;2019;6;19;1;3;0;7;0;1;0;0;0;0;0;457272,801863163710000;5721790,352522755000000;8,382476396000072;51,645489930000053;0
112737;5;9;14;0;2019;6;18;6;3;5;3;0;1;1;0;0;0;0;391620,746333869170000;5694089,580689014900000;7,442409062000024;51,387684937000074;0
112740;5;9;14;0;2019;6;5;6;3;5;7;1;1;1;0;0;0;0;392067,895999999720000;5693766,558000002100000;7,448930999000027;51,384866636000027;0
112742;5;9;13;0;2019;6;21;6;3;6;4;1;1;0;1;0;0;0;399305,510737325060000;5709079,099703770100000;7,548544785000047;51,523840128000074;0
112749;5;9;54;12;2019;6;12;1;2;3;6;0;1;1;0;0;0;0;387031,102250977420000;5688235,618881629800000;7,378335675000074;51,334172488000036;0
112763;5;9;13;0;2019;6;16;1;3;0;5;0;1;1;0;0;0;0;403710,891755173910000;5709951,879837041700000;7,611786784000060;51,532453918000044;0
112777;5;5;66;84;2019;6;18;7;3;5;2;0;1;1;0;0;0;0;390000,000000001860000;5775781,094000004200000;7,393273279000027;52,121604530000070;0
112781;5;5;66;12;2019;6;10;7;3;0;1;0;1;0;0;0;0;0;404894,728264393280000;5772897,966220164700000;7,611565394000024;52,098453837000079;0
112788;5;5;70;20;2019;6;9;5;3;5;3;0;1;1;0;0;0;0;432211,443000000900000;5743628,767000000900000;8,016062862000069;51,839355152000053;0
112789;5;5;54;8;2019;6;20;7;3;0;1;0;1;0;0;0;0;0;334583,718079520390000;5745662,819343691700000;6,598990366000066;51,837250457000039;0
112791;5;5;54;8;2019;6;15;7;3;4;6;0;1;0;0;0;0;0;337268,389940954740000;5743183,867012567800000;6,639087416000052;51,815769245000070;0
112793;5;5;54;12;2019;6;19;7;3;5;3;0;1;1;0;0;0;0;347486,137294430290000;5744477,770168520500000;6,786633422000023;51,830275861000075;0
112794;5;5;70;52;2019;6;7;5;3;5;3;0;1;1;0;0;0;0;429112,675176545980000;5752205,853227505500000;7,969330880000030;51,916075739000064;0
112796;5;5;70;52;2019;6;18;5;3;2;6;0;1;0;0;0;0;0;431818,777867612430000;5756727,677650731100000;8,007773515000054;51,957063525000081;0
112797;5;5;70;52;2019;6;11;5;3;5;2;0;1;1;0;0;0;0;430446,277556039390000;5755934,618948938300000;7,987963680000064;51,949764238000057;0
112798;5;5;15;0;2019;6;13;7;3;3;6;0;1;1;0;0;0;0;405968,241409766490000;5756447,011841878300000;7,631753090000075;51,950770460000058;0
112800;5;5;15;0;2019;6;12;7;2;0;4;0;1;0;1;0;0;0;405888,384935852140000;5757927,359858783000000;7,630185937000022;51,964062991000048;0
112804;5;5;66;60;2019;6;13;5;3;0;5;0;1;1;0;0;0;0;390709,433534427550000;5785756,415535870900000;7,400419097000054;52,211395480000078;0
112806;5;5;54;56;2019;6;7;5;3;5;2;0;1;1;0;0;0;0;356822,534890036100000;5761986,664268793500000;6,914752232000069;51,990066974000058;0
112807;5;5;62;16;2019;6;16;7;3;0;1;0;1;1;0;0;0;0;380422,495595572520000;5730791,240163799400000;7,269068957000059;51,715294724000046;0
112808;5;5;62;12;2019;6;11;7;3;5;2;0;1;1;0;0;0;0;358690,692351062780000;5725127,870556505400000;6,956984816000045;51,659351995000065;0
112813;5;5;15;0;2019;6;17;5;3;0;7;0;1;0;0;0;0;1;397588,895999999720000;5756743,021000003400000;7,509780592000027;51,951951272000031;1
112814;5;5;15;0;2019;6;13;5;3;4;6;0;1;0;0;0;0;0;408587,176777094600000;5753611,521827204200000;7,670603361000076;51,925719897000079;0
112815;5;3;70;20;2019;6;18;7;3;5;3;0;1;1;0;0;0;0;303532,885895184240000;5659929,983777718600000;6,196425975000068;51,057238847000065;0
112816;5;5;15;0;2019;6;8;5;3;0;1;0;1;0;0;0;0;0;405791,558320549320000;5756889,960883595000000;7,629061553000042;51,954721988000074;0
112818;5;5;62;28;2019;6;7;5;3;0;1;0;1;0;0;0;0;0;377918,130558271890000;5723353,093295803300000;7,235436780000043;51,647907326000052;0
112820;5;5;62;8;2019;6;16;5;2;5;2;0;1;1;0;0;0;0;384072,640364768910000;5721125,265134489200000;7,325089581000043;51,629187009000077;0
112821;5;3;58;24;2019;6;13;7;3;5;3;0;1;1;0;0;0;0;315142,035642142410000;5644686,327494029000000;6,369651202000057;50,924159521000036;0
112822;5;5;62;12;2019;6;17;5;2;5;2;0;1;1;0;0;0;0;359287,858000000940000;5725839,778000002700000;6,965325993000022;51,665898875000039;0
112825;5;5;62;20;2019;6;12;5;3;5;2;0;1;1;0;0;0;0;371625,905496059920000;5716292,131070483500000;7,147125939000034;51,583050229000037;0
112830;5;3;34;36;2019;6;1;7;2;0;1;2;1;0;0;0;0;0;296550,060920110900000;5632314,958731090600000;6,112326944000074;50,806794006000075;0
112834;5;3;70;20;2019;6;10;5;3;0;1;0;1;0;0;0;0;0;309644,739000000990000;5658451,631000002800000;6,284312464000038;51,046018236000066;0
112836;5;3;82;56;2019;6;11;7;3;3;6;0;1;1;0;0;0;0;370423,189750560560000;5627119,164023598700000;7,161939667000070;50,781332358000043;0
112842;5;3;82;40;2019;6;23;7;3;0;1;2;1;0;0;0;0;0;384950,668396498080000;5634634,862464135500000;7,365561421000052;50,851956555000072;0
112845;5;3;34;2;2019;6;11;5;3;0;1;0;1;0;0;0;0;0;301543,797016245310000;5623133,600542409300000;6,188064779000058;50,726058953000063;0
112850;5;3;82;56;2019;6;18;5;3;0;3;0;1;1;0;0;0;0;370748,586999999360000;5628587,660000000100000;7,166036421000058;50,794604146000040;0
112854;5;3;82;60;2019;6;14;5;3;0;1;0;1;0;0;0;0;0;373427,486734047530000;5628125,408779267200000;7,204186764000042;50,791040489000068;0
112855;5;3;62;28;2019;6;12;7;3;1;6;0;1;1;0;0;0;0;350917,905708884820000;5639170,760651012900000;6,880542218000073;50,884949077000044;0
112860;5;3;78;12;2019;6;19;5;2;0;1;0;1;0;0;0;0;0;377448,290000000970000;5656319,716000001900000;7,251732284000070;51,045327919000044;0
112866;5;3;62;8;2019;6;15;7;2;5;3;0;1;1;0;0;0;0;338211,030999999490000;5649389,127999998600000;6,695507200000066;50,973346288000073;0
112869;5;3;15;0;2019;6;10;5;3;5;2;0;1;1;0;0;0;0;359432,046514446850000;5651571,809088662300000;6,996718636000026;50,998532898000065;0
112870;5;3;15;0;2019;6;14;7;3;0;1;0;1;0;0;0;0;0;355659,189783438110000;5650713,273494707400000;6,943328164000036;50,989883468000073;0
112871;5;3;15;0;2019;6;7;5;3;1;5;0;1;0;0;1;0;0;353441,518016562800000;5644862,492801720300000;6,914108216000045;50,936744540000063;0
112872;5;3;15;0;2019;6;13;7;2;0;1;0;1;0;0;0;0;0;356493,362434302460000;5651663,708098307300000;6,954830389000051;50,998633390000066;0
112876;5;3;15;0;2019;6;13;7;3;0;3;0;1;0;0;1;0;0;353009,590669777240000;5655857,267137665300000;6,903517492000049;51,035439248000046;0
112877;5;3;15;0;2019;6;15;5;3;0;7;0;1;0;0;0;0;1;354577,267378118820000;5647447,317271500800000;6,929229155000030;50,960261115000037;0
112879;5;3;15;0;2019;6;13;5;3;1;5;0;1;1;0;0;0;0;352745,969179602340000;5644931,701625118000000;6,904187921000073;50,937189305000061;0
112880;5;3;82;12;2019;6;2;7;3;4;6;2;1;0;0;1;0;0;353947,814779265780000;5627231,187581004600000;6,928344158000073;50,778423678000081;0
112882;5;3;82;24;2019;6;21;7;3;0;7;0;1;0;0;0;0;0;372737,175680940040000;5617723,449201639700000;7,197991224000020;50,697391996000079;0
112884;5;3;14;0;2019;6;4;7;2;5;3;1;1;1;0;0;0;0;366209,469000001440000;5622315,093000000300000;7,103948209000066;50,737196733000076;0
112889;5;1;70;52;2019;6;12;5;3;5;3;0;1;1;0;0;0;0;318670,468999999580000;5730753,162999998800000;6,376042567000070;51,698395059000063;0
112893;5;1;58;28;2019;6;17;5;2;0;1;0;1;0;0;0;0;0;352997,512407046740000;5684828,893622441200000;6,891503397000065;51,295780520000051;0
112894;5;1;58;12;2019;6;12;5;3;5;3;0;1;1;0;0;0;0;360627,456687882540000;5688513,646602124000000;6,999428124000076;51,330812515000048;0
112895;5;1;70;48;2019;6;10;7;2;5;2;0;1;1;0;0;0;0;336671,033845908940000;5725821,434344841200000;6,638577627000075;51,659616261000053;0
112896;5;1;54;32;2019;6;19;5;3;3;6;0;1;1;0;0;0;0;311597,344243521800000;5717108,052380537600000;6,281155139000020;51,573514095000064;0
112901;5;1;54;52;2019;6;10;7;3;5;3;0;1;1;0;0;0;0;308326,397310211320000;5700736,077037779600000;6,242903746000025;51,425370447000034;0
112902;5;1;66;12;2019;6;11;5;3;5;3;0;1;1;0;0;0;0;320170,143588509410000;5693278,804335381800000;6,416853354000068;51,362265310000055;0
112903;5;1;62;12;2019;6;16;5;3;4;2;0;1;1;0;0;0;0;325061,357340526770000;5665646,667986668600000;6,500536099000044;51,115558787000055;0
112904;5;1;54;8;2019;6;10;7;3;5;3;0;1;1;0;0;0;0;310003,709587592630000;5748018,120702240600000;6,241336336000074;51,850583766000057;0
112908;5;1;16;0;2019;6;15;5;3;5;3;0;1;0;0;0;0;0;322104,766999999060000;5671787,368000002600000;6,455304400000046;51,169813103000081;0
112910;5;1;16;0;2019;6;16;5;3;5;3;0;1;1;0;0;0;0;324033,085876745170000;5677455,316220596400000;6,480081500000040;51,221327622000047;0
112912;5;1;16;0;2019;6;15;5;2;4;2;0;1;1;0;0;0;0;321818,585316835900000;5677848,192923978000000;6,448207194000077;51,224170113000071;0
112915;5;1;24;0;2019;6;16;5;3;4;2;0;1;1;0;0;0;0;378225,564769339750000;5679699,443777618900000;7,254905200000053;51,255632816000059;0
112916;5;1;24;0;2019;6;16;5;2;5;3;0;1;1;0;0;0;0;373133,517000000920000;5681023,383000003200000;7,181502379000051;51,266421549000029;0
112920;5;1;22;0;2019;6;20;7;3;0;2;0;1;1;0;0;0;0;362234,703459084970000;5667918,145329428800000;7,030406441000025;51,146116680000034;0
112925;5;1;22;0;2019;6;2;7;3;0;1;2;1;0;0;0;0;0;359515,941663924600000;5670386,301508508600000;6,990598764000026;51,167636531000028;0
112926;5;1;13;0;2019;6;22;5;2;0;7;2;1;0;0;0;0;0;364159,031608111230000;5699099,375435847800000;7,046041173000049;51,426797786000066;0
112928;5;1;13;0;2019;6;22;5;2;0;7;2;1;1;0;0;0;0;364157,900189230220000;5699098,859415775200000;7,046025107000048;51,426792878000072;0
112932;5;1;12;0;2019;6;14;5;3;5;3;0;1;1;0;0;0;0;339935,543799209410000;5692666,080166205800000;6,700786428000072;51,362673888000074;0
112934;5;1;13;0;2019;6;8;7;3;0;1;0;1;0;0;0;0;0;359631,451936340890000;5700276,677912734400000;6,980491923000045;51,436274016000027;0
112938;5;1;11;0;2019;6;14;5;3;5;2;0;1;1;0;0;0;0;344856,496465745380000;5681298,220406515500000;6,776359466000031;51,261896476000061;0
112941;5;1;11;0;2019;6;22;5;2;4;6;2;1;1;0;0;0;0;345966,566028745840000;5677293,578257955600000;6,793980006000027;51,226213998000048;0
112944;5;7;70;24;2019;6;12;7;3;5;3;0;1;1;0;0;0;0;492696,647710564550000;5795512,175434527900000;8,892874202000030;52,309897202000059;0
112948;5;7;58;12;2019;6;9;7;3;5;2;0;1;1;0;0;0;0;478082,218599908990000;5774522,833113113400000;8,679871207000076;52,120803886000033;0
112953;5;7;54;48;2019;6;18;7;3;5;3;0;1;1;0;0;0;0;442238,236999999730000;5766123,536000000300000;8,157802611000022;52,042712193000057;0
112957;5;7;66;32;2019;6;13;7;3;5;2;0;1;1;0;0;0;0;499748,270000001420000;5748707,418999999800000;8,996342197000047;51,889133240000035;0
112959;5;7;54;32;2019;6;13;5;3;5;3;0;1;1;0;0;0;0;461648,662430036810000;5740315,535225369000000;8,443675103000032;51,812364473000059;0
112961;5;7;54;28;2019;6;22;5;2;0;1;2;1;0;0;0;0;0;451811,423739859830000;5742219,752557367100000;8,300721314000043;51,828722895000055;0
112965;5;7;66;40;2019;6;16;5;3;5;3;0;1;1;0;0;0;0;485833,174405253490000;5759692,749184502300000;8,793694884000047;51,987722307000070;0
112966;5;9;78;4;2019;6;17;7;3;5;3;0;1;1;0;0;0;0;402462,610999999570000;5718620,866999998700000;7,591389180000022;51,610164318000045;0
112968;5;9;66;4;2019;6;13;7;2;5;2;0;1;1;0;0;0;0;419652,179804313000000;5660108,103670386600000;7,852789344000030;51,086842496000031;0
112971;5;7;66;20;2019;6;13;5;2;5;2;0;1;1;0;0;0;0;486697,701000000350000;5752213,348999997600000;8,806574087000058;51,920496566000054;0
112972;5;9;58;32;2019;6;21;7;3;0;7;0;1;0;0;0;0;0;441870,085280602800000;5689679,447567615700000;8,165179402000035;51,355406837000032;0
112974;5;7;11;0;2019;6;12;5;3;5;7;0;1;1;0;0;0;0;470776,584880662150000;5761226,493414197100000;8,574306636000074;52,000923655000065;0
112979;5;9;62;32;2019;6;16;7;2;9;1;0;1;0;0;0;0;0;406878,768195772540000;5672533,208834974100000;7,667245938000065;51,196610816000032;0
112988;5;9;58;48;2019;6;16;5;3;1;5;0;1;1;0;0;0;0;463106,596640066240000;5678401,454944668300000;8,471311572000047;51,255775314000061;0