OBJECTID;ULAND;UREGBEZ;UKREIS;UGEMEINDE;UJAHR;UMONAT;USTUNDE;UWOCHENTAG;UKATEGORIE;UART;UTYP1;ULICHTVERH;IstRad;IstPKW;IstFuss;IstKrad;IstGkfz;IstSonstige;LINREFX;LINREFY;XGCSWGS84;YGCSWGS84;STRZUSTAND
112991;5;1;58;28;2019;7;9;3;2;5;2;0;1;1;0;0;0;0;350366,714958583940000;5689386,181236097600000;6,851884872000028;51,336045624000064;0
112995;5;1;66;16;2019;7;11;3;2;0;1;0;1;0;0;0;0;0;310135,107695017940000;5687651,671953847600000;6,275875988000053;51,308458521000034;0
112999;5;1;16;0;2019;7;18;3;3;5;3;0;1;1;0;0;0;0;320108,238068669100000;5669113,349691435700000;6,428112571000042;51,145167477000030;0
113002;5;1;24;0;2019;7;3;3;2;8;1;2;1;0;0;0;0;0;370447,669999999930000;5680471,708000002400000;7,143224906000057;51,260859277000066;0
113008;5;1;12;0;2019;7;14;3;3;5;2;0;1;1;0;0;0;0;344053,387022958140000;5694881,296418322300000;6,758915102000060;51,383723122000049;0
113010;5;1;12;0;2019;7;12;3;3;3;6;0;1;1;0;0;0;0;348532,787000000480000;5704058,149000002100000;6,819314145000021;51,467393236000078;0
113013;5;7;74;16;2019;7;10;3;2;9;1;0;1;0;0;0;0;0;469710,312764010390000;5710976,274761624600000;8,563159104000022;51,549064764000036;1
113020;5;7;54;8;2019;7;7;3;3;5;3;0;1;1;0;0;0;0;459564,623999999840000;5751522,804000001400000;8,412133759000028;51,912978743000053;0
113023;5;7;11;0;2019;7;17;3;3;5;3;0;1;1;0;0;0;0;467193,114148703400000;5771875,856168158400000;8,521086144000037;52,096467302000065;0
113026;5;9;78;4;2019;7;16;3;3;5;3;0;1;1;0;0;0;0;405695,867690732700000;5719831,222162988000000;7,637742887000059;51,621595084000035;0
113028;5;9;74;28;2019;7;17;3;3;5;3;0;1;1;0;0;0;0;454075,086000001990000;5725433,657000001500000;8,335785199000043;51,677994327000079;0
113030;5;9;74;20;2019;7;0;3;3;0;1;2;1;0;0;0;0;0;461374,594000000510000;5721062,843000004100000;8,441835516000026;51,639245580000079;0
113034;5;9;70;44;2019;7;16;3;3;5;1;0;1;1;0;0;0;0;437135,859000000170000;5630259,876000000200000;8,107540471000050;50,820645875000082;0
113035;5;9;70;16;2019;7;7;3;2;0;7;0;1;1;0;0;0;0;421303,852069580000000;5639362,795109266400000;7,880862653000065;50,900554873000033;0
113036;5;9;66;20;2019;7;12;3;2;7;7;0;1;0;0;0;0;0;436533,393844616600000;5662531,919943073800000;8,093357498000046;51,110752083000079;0
113042;5;9;74;28;2019;7;11;5;2;5;2;0;1;1;0;0;0;0;455213,670800349680000;5725747,199817130300000;8,352211248000060;51,680905305000067;0
113053;5;9;54;16;2019;7;21;5;2;5;3;0;1;1;0;0;0;0;370637,415000000970000;5696423,864000001900000;7,140149513000040;51,404268526000067;0
113054;5;9;14;0;2019;7;14;3;3;5;3;0;1;1;0;0;0;0;396705,689261510970000;5686678,624894356400000;7,517613169000072;51,322016719000032;0
113062;5;9;78;24;2019;7;21;3;2;0;1;1;1;0;0;0;0;0;396804,356791369620000;5720238,349091464700000;7,509226676000026;51,623694372000045;0
113064;5;9;78;24;2019;7;18;3;3;5;3;0;1;1;0;0;0;0;396705,958586124700000;5720250,931554768200000;7,507802015000038;51,623789416000079;0
113067;5;9;62;32;2019;7;20;5;2;0;1;0;1;0;0;0;0;0;402745,659539679070000;5675342,812967566800000;7,607349367000040;51,221179217000042;0
113073;5;9;16;0;2019;7;17;3;3;5;3;0;1;1;0;0;0;0;375808,343997023070000;5710527,730262320500000;7,209496449000028;51,532181388000026;0
113076;5;9;78;24;2019;7;10;5;3;5;3;0;1;0;0;0;0;1;397928,850000000560000;5719603,216000003700000;7,525650436000035;51,618190531000039;0
113078;5;9;78;24;2019;7;8;5;3;0;2;0;1;1;0;0;0;0;397860,068038985130000;5719780,871268125300000;7,524605489000066;51,619774918000076;0
113102;5;5;54;56;2019;7;8;4;3;5;3;0;1;1;0;0;0;0;357470,061131783760000;5762574,121701085900000;6,923931945000049;51,995511847000046;0
113104;5;5;54;4;2019;7;20;4;2;0;3;0;1;1;0;0;0;0;360723,848261215720000;5770149,633734259800000;6,968209619000049;52,064405369000042;0
113107;5;5;15;0;2019;7;7;4;3;0;6;0;1;0;0;0;0;0;406296,478000001050000;5758870,500000003700000;7,635866584000041;51,972609301000034;0
113111;5;5;15;0;2019;7;9;4;3;0;7;0;1;1;0;0;0;0;407270,312551667910000;5756887,715544454800000;7,650574759000051;51,954950350000047;0
113114;5;5;62;28;2019;7;7;4;3;5;3;0;1;0;0;0;0;0;378024,945000001230000;5723409,650000002200000;7,236960159000034;51,648438797000040;0
113120;5;5;66;48;2019;7;7;2;2;9;7;0;1;0;0;0;0;0;428695,124151221480000;5795968,765742806700000;7,954094652000038;52,309420353000064;0
113122;5;5;62;32;2019;7;16;4;2;5;3;0;1;1;0;0;0;0;374050,246080392040000;5719173,756010562200000;7,181063736000056;51,609494552000058;0
113125;5;5;66;12;2019;7;17;2;3;0;1;0;1;0;0;0;0;0;400929,337079119870000;5775997,078664265600000;7,552792745000033;52,125612560000036;0
113129;5;3;34;16;2019;7;20;4;3;5;3;0;1;1;0;0;0;0;297185,942999999970000;5640807,879000002500000;6,116638464000062;50,883294915000079;0
113130;5;5;58;24;2019;7;15;2;2;0;1;0;1;0;0;0;0;0;392549,382684870620000;5736050,959405280600000;7,442912166000042;51,765023579000058;0
113135;5;3;34;2;2019;7;16;4;3;5;3;0;1;1;0;0;0;0;295294,892000000920000;5629228,013000000300000;6,096255746000054;50,778627291000078;0
113139;5;3;82;68;2019;7;19;4;3;5;3;0;1;1;0;0;0;0;372875,151034997780000;5635138,009350393000000;7,193923621000067;50,853951039000037;0
113141;5;3;82;56;2019;7;21;4;2;4;2;0;1;1;0;0;0;0;374837,983581699430000;5627283,830321665900000;7,224475238000025;50,783782242000029;0
113142;5;3;82;40;2019;7;17;4;3;3;7;0;1;1;0;0;0;0;381888,666000001130000;5636597,145999999700000;7,321447695000074;50,868978059000028;0
113143;5;5;15;0;2019;7;11;2;2;5;3;0;1;1;0;0;0;0;404117,216829014940000;5758144,070926576900000;7,604353898000056;51,965708208000081;0
113145;5;5;15;0;2019;7;19;2;3;5;2;0;1;1;0;0;0;0;408401,855873041790000;5753924,842691373100000;7,667825673000039;51,928505762000043;0
113147;5;5;15;0;2019;7;10;2;3;0;1;0;1;0;0;0;0;0;405756,955515272920000;5753658,358908604800000;7,629443780000031;51,925668955000049;0
113148;5;3;78;28;2019;7;10;4;3;0;7;0;1;0;0;0;0;0;369754,195947026830000;5640807,069561386500000;7,147588561000021;50,904210077000073;0
113152;5;5;62;24;2019;7;16;2;3;5;2;0;1;1;0;0;0;0;370557,650000000370000;5726034,848000003000000;7,128115246000050;51,670361137000043;0
113156;5;5;62;32;2019;7;14;2;3;0;1;0;1;0;0;0;0;0;379185,362926009110000;5716713,510881573000000;7,256033445000071;51,588508659000070;0
113158;5;3;16;0;2019;7;8;4;3;1;5;0;1;1;0;0;0;0;363079,746851998380000;5655252,496489284600000;7,047281220000059;51,032491714000059;0
113161;5;3;15;0;2019;7;15;4;3;5;3;0;1;1;0;0;0;0;360846,577999999750000;5646066,263000000300000;7,018971626000052;50,949397525000052;0
113165;5;3;15;0;2019;7;12;4;3;0;7;0;1;0;0;0;0;0;357956,426561562340000;5647110,358510443900000;6,977446322000048;50,958075826000027;0
113166;5;3;34;16;2019;7;19;2;3;5;3;0;1;1;0;0;0;0;294480,735102780160000;5637968,011550115400000;6,079827550000061;50,856834294000066;0
113168;5;3;15;0;2019;7;18;4;3;5;2;0;1;1;0;0;0;0;353008,510419243020000;5644612,416588693900000;6,908050698000068;50,934386998000036;0
113169;5;3;34;4;2019;7;11;2;3;5;3;0;1;1;0;0;0;0;300028,174893991090000;5640210,404462605700000;6,157319111000049;50,878919200000041;0
113174;5;3;34;2;2019;7;21;2;3;0;3;0;1;1;0;0;0;0;294768,782000000590000;5629646,735999999600000;6,088569436000057;50,782202019000067;0
113175;5;3;82;8;2019;7;8;4;2;0;2;0;1;0;0;0;1;0;374075,726221578200000;5612612,362870873900000;7,218675127000040;50,651741606000030;0
113178;5;3;82;60;2019;7;17;2;3;4;2;0;1;1;0;0;0;0;373801,597000001000000;5628088,803999999500000;7,209504449000065;50,790793041000029;0
113185;5;1;70;12;2019;7;7;4;3;4;3;0;1;1;0;0;0;0;334674,755957058630000;5733655,983864143500000;6,606029639000042;51,729414994000081;0
113189;5;1;58;28;2019;7;14;4;2;5;2;0;1;1;0;0;0;0;354009,785816523250000;5688999,065628068500000;6,904304942000067;51,333514126000068;0
113191;5;1;58;32;2019;7;20;4;3;5;3;0;1;1;0;0;0;0;364024,983000000940000;5688926,593999998600000;7,048008263000043;51,335346131000051;0
113193;5;3;74;8;2019;7;5;2;3;0;3;0;1;1;0;0;0;0;385622,419073634780000;5648649,998973228000000;7,370706377000033;50,978071879000026;0
113195;5;3;62;28;2019;7;8;2;3;5;3;0;1;1;0;0;0;0;352192,675056410950000;5636552,464710328700000;6,899710413000037;50,861746917000062;0
113200;5;3;16;0;2019;7;10;2;3;1;5;0;1;1;0;0;0;0;359485,952377907000000;5660018,939998826000000;6,994210337000027;51,074459900000079;0
113204;5;1;62;22;2019;7;13;4;3;5;3;0;1;0;0;0;0;0;338985,797000000250000;5679969,758000003200000;6,692885565000040;51,248332658000038;0
113207;5;3;15;0;2019;7;18;2;3;5;3;0;1;1;0;0;0;0;360010,596183007580000;5648818,878812845800000;7,006019012000024;50,973933170000066;0
113209;5;3;15;0;2019;7;16;2;3;4;7;0;1;1;0;0;0;0;356305,241135773250000;5647923,443279426500000;6,953629998000054;50,964973494000049;0
113212;5;3;15;0;2019;7;19;2;3;1;5;0;1;1;0;0;0;0;353478,658033042210000;5646557,119028901700000;6,913954723000074;50,951982944000065;0
113217;5;1;12;0;2019;7;20;4;3;5;7;0;1;1;0;0;0;0;344431,347819516440000;5701576,777261430400000;6,761404568000046;51,443985734000080;0
113220;5;1;12;0;2019;7;7;4;3;5;2;0;1;1;0;0;0;0;345868,567941583690000;5704227,633729159800000;6,780913924000060;51,468196736000039;0
113221;5;1;11;0;2019;7;16;4;3;1;3;0;1;0;0;0;0;0;345340,718114647080000;5674899,737884100500000;6,786056305000045;51,204535047000036;0
113222;5;3;14;0;2019;7;16;2;3;5;2;0;1;1;0;0;0;0;368520,876040082420000;5622931,350096659700000;7,136466453000026;50,743263630000058;0
113224;5;1;70;24;2019;7;19;2;3;3;2;0;1;1;0;0;0;0;335851,251905746760000;5703140,254571033600000;6,637323622000054;51,455610790000037;0
113225;5;1;11;0;2019;7;9;4;3;3;6;0;1;1;0;0;0;0;346024,095619978380000;5677736,230177328000000;6,794613083000058;51,230206960000032;0
113227;5;1;70;24;2019;7;7;2;3;3;6;0;1;0;0;0;0;0;337124,436665093530000;5701065,150963990000000;6,656587677000061;51,437335175000044;0
113228;5;1;11;0;2019;7;18;4;3;5;2;0;1;1;0;0;0;0;342707,911013650710000;5686584,818476788700000;6,743261704000076;51,308808248000048;0
113229;5;1;11;0;2019;7;11;4;2;6;7;0;1;1;1;0;0;0;345119,816205319020000;5676608,688096024100000;6,782158740000057;51,219830852000030;0
113233;5;7;70;32;2019;7;8;4;3;5;3;0;1;1;0;0;0;0;493909,271942762660000;5788943,170326119300000;8,910779671000057;52,250853236000069;0
113236;5;1;54;44;2019;7;11;2;2;0;7;0;1;0;0;0;0;0;320857,719094914380000;5738306,364884749100000;6,403771456000072;51,766941314000064;0
113238;5;1;66;8;2019;7;10;2;2;5;3;0;1;1;0;0;0;0;316875,759946105070000;5690532,612030133600000;6,370997548000048;51,336545316000070;0
113244;5;7;54;32;2019;7;18;4;3;5;3;0;1;0;0;0;0;0;464130,843000001270000;5740809,473999999500000;8,479628833000049;51,816970223000055;0
113246;5;7;54;28;2019;7;23;4;2;4;6;2;1;0;0;0;0;0;452705,269999999550000;5741140,915000001000000;8,313838548000035;51,819099911000080;0
113249;5;7;54;28;2019;7;19;4;3;5;3;0;1;1;0;0;0;0;451370,879391906780000;5745167,781676849400000;8,293914439000048;51,855189027000051;0
113250;5;1;62;8;2019;7;8;2;3;5;7;0;1;1;0;0;0;0;331398,204000000840000;5664091,014000000400000;6,591714419000027;51,103481634000048;0
113251;5;7;66;8;2019;7;19;4;3;5;6;0;1;0;0;0;0;1;481373,094362555070000;5771094,998456038500000;8,728124230000049;52,090105957000048;0
113252;5;1;62;24;2019;7;17;2;3;8;1;0;1;0;0;0;0;0;338790,280393419790000;5676014,861326823000000;6,691865811000071;51,212743336000074;0
113254;5;1;62;24;2019;7;13;2;3;6;4;0;1;0;1;0;0;0;337131,060457923450000;5675987,434117700900000;6,668143228000076;51,212026130000027;0
113255;5;7;11;0;2019;7;13;4;3;5;3;0;1;1;0;0;0;0;462869,746515038420000;5761132,670297740000000;8,459143962000042;51,999607618000027;0
113257;5;1;62;24;2019;7;8;2;3;5;3;0;1;1;0;0;0;0;342581,809799206440000;5671685,027631251100000;6,748004019000064;51,174896468000043;0
113259;5;1;62;16;2019;7;2;2;3;0;1;2;1;0;0;0;0;0;331722,425103168930000;5675684,073484707600000;6,590920247000042;51,207732665000037;0
113264;5;1;19;0;2019;7;17;2;3;3;2;0;1;1;0;0;0;0;351323,658553142100000;5709574,690828576700000;6,857140329000060;51,517701947000035;0
113267;5;9;70;16;2019;7;7;4;3;4;2;0;1;1;0;0;0;0;423640,996322506110000;5640336,555179022300000;7,913888971000063;50,909623816000078;0
113276;5;1;14;0;2019;7;9;2;3;3;2;0;1;0;0;0;1;0;328268,902999999930000;5689242,958999998900000;6,535015676000057;51,328514864000056;0
113283;5;1;24;0;2019;7;17;2;2;0;1;0;1;0;0;0;0;0;372799,798295376820000;5678441,594255348700000;7,177639310000075;51,243143209000038;0
113286;5;9;62;32;2019;7;17;4;3;5;2;0;1;1;0;0;0;0;402507,367485104130000;5677566,424690136700000;7,603333089000046;51,241127660000075;0
113293;5;9;15;0;2019;7;18;4;3;6;1;0;1;0;1;0;0;0;416724,108239231630000;5729538,697306804400000;7,794695633000060;51,710600318000047;0
113295;5;9;15;0;2019;7;21;4;3;4;2;0;1;0;0;0;0;1;420317,528514976610000;5726724,714343359700000;7,847336811000048;51,685825676000036;0
113296;5;9;15;0;2019;7;17;4;3;4;2;0;1;1;0;0;0;0;418705,254000000660000;5725228,832000004100000;7,824367674000030;51,672147230000064;0
113297;5;1;13;0;2019;7;18;2;3;5;3;0;1;1;0;0;0;0;362908,968689437960000;5700989,073420193000000;7,027339893000033;51,443478538000079;0
113301;5;1;12;0;2019;7;12;2;3;5;2;0;1;1;0;0;0;0;344942,545131561350000;5699655,934709558300000;6,769595632000062;51,426867128000026;0
113302;5;9;13;0;2019;7;16;4;3;3;6;0;1;1;0;0;0;0;389200,756603610700000;5709664,858386008100000;7,402764225000055;51,527212987000041;0
113309;5;1;11;0;2019;7;17;2;3;5;7;0;1;0;0;0;0;0;345077,982738811520000;5680406,227080171900000;6,779917690000048;51,253941842000074;0
113311;5;1;11;0;2019;7;11;2;3;5;3;0;1;1;0;0;0;0;347823,647739800620000;5678323,168968096400000;6,820118520000051;51,235963644000037;0
113324;5;7;70;24;2019;7;5;2;3;5;2;0;1;1;0;0;0;0;493993,382858191620000;5792499,249708144000000;8,911948461000065;52,282825230000071;0
113336;5;7;58;4;2019;7;17;2;3;5;3;0;1;1;0;0;0;0;472854,902485575530000;5781766,837300494300000;8,602944388000026;52,185699184000043;0
113338;5;5;70;28;2019;7;20;3;3;0;1;0;1;1;0;0;0;0;441489,652392841880000;5742592,716996055100000;8,150892168000041;51,831090150000080;0
113339;5;7;58;4;2019;7;13;2;3;5;3;0;1;1;0;0;0;0;468294,336860988290000;5782653,318130930900000;8,536155542000074;52,193425650000052;0
113340;5;5;70;28;2019;7;16;3;3;5;3;0;1;1;0;0;0;0;445290,792058019900000;5743178,519807912400000;8,205956133000029;51,836741977000031;0
113343;5;7;54;24;2019;7;10;2;3;5;3;0;1;1;0;0;0;0;453100,460000000890000;5737840,618000000700000;8,320018185000038;51,789461487000040;0
113350;5;5;58;12;2019;7;8;3;3;5;3;0;1;1;0;0;0;0;375486,151831005700000;5755488,900384346000000;7,188768353000057;51,936172438000028;0
113351;5;7;66;20;2019;7;22;2;3;0;1;2;1;0;0;0;0;0;492840,203234227370000;5758146,170455222900000;8,895767103000026;51,973951586000055;0
113355;5;7;11;0;2019;7;17;2;3;0;6;0;1;0;0;0;0;1;473181,866905710660000;5760296,321269894000000;8,609415903000070;51,992682109000043;0
113356;5;5;54;8;2019;7;16;3;3;4;6;0;1;0;0;0;0;0;335197,240746006370000;5745853,710085026900000;6,607796300000075;51,839146664000054;0
113357;5;7;11;0;2019;7;11;2;3;5;3;0;1;1;0;0;0;0;469047,530491521580000;5763550,208957441200000;8,548910534000072;52,021721688000071;0
113358;5;5;15;0;2019;7;8;3;1;9;1;0;1;0;0;0;0;0;404001,173095403240000;5759287,714978259100000;7,602345515000025;51,975967627000045;0
113360;5;5;15;0;2019;7;7;3;2;5;3;0;1;0;0;0;0;1;401451,644184299740000;5753676,609075862900000;7,566848042000061;51,925087503000043;1
113363;5;9;70;32;2019;7;6;2;2;1;5;0;1;1;0;0;0;0;432843,958286188540000;5640525,906337007900000;8,044733928000028;50,912470555000027;1
113364;5;5;62;36;2019;7;19;3;3;5;3;0;1;1;0;0;0;0;388725,881412995050000;5717423,905862635000000;7,393465349000053;51,596858701000031;0
113365;5;9;70;24;2019;7;18;2;3;5;7;0;1;1;0;0;0;0;428967,940591469410000;5645978,434444027000000;7,988545119000037;50,961031256000069;0
113366;5;5;62;4;2019;7;16;3;3;5;2;0;1;1;0;0;0;0;383253,738393239680000;5711617,118970505900000;7,316425899000024;51,543561297000053;0
113368;5;9;66;20;2019;7;7;2;3;3;2;0;1;1;0;0;0;0;435028,599981362930000;5661725,826418213500000;8,072009137000066;51,103335739000045;0
113373;5;3;70;40;2019;7;10;3;3;0;1;0;1;0;0;0;0;0;311509,842260641980000;5665501,652643939500000;6,307213246000060;51,109959663000041;0
113374;5;9;58;48;2019;7;11;2;2;0;1;0;1;0;0;0;0;0;461954,234506353740000;5672970,129470819600000;8,455375645000061;51,206862533000049;0
113379;5;3;34;32;2019;7;21;3;3;0;1;2;1;0;0;0;0;0;302421,387761643160000;5628275,633831471200000;6,197725390000073;50,772544442000026;0
113383;5;3;34;12;2019;7;1;3;3;3;6;2;1;1;0;0;0;0;305589,189000001180000;5631515,293999999800000;6,240884954000023;50,802714614000081;0
113385;5;3;34;2;2019;7;7;3;3;5;2;0;1;1;0;0;0;0;292623,517863720660000;5628292,289708495100000;6,058942742000056;50,769274635000045;0
113390;5;3;78;20;2019;7;20;3;3;3;6;0;1;1;0;0;0;0;369309,204797735440000;5657503,149166621300000;7,135260301000074;51,054170218000081;0
113409;5;3;62;12;2019;7;20;3;2;5;2;0;1;1;0;0;0;0;351348,975888769140000;5631453,678562527500000;6,889798857000073;50,815709681000044;0
113412;5;9;13;0;2019;7;7;2;3;3;5;0;1;1;0;0;0;0;384997,586450370030000;5706380,761304244400000;7,343271161000075;51,496855336000067;0
113418;5;3;16;0;2019;7;6;3;3;3;6;0;1;0;0;0;0;1;364089,673308880070000;5656013,153719736300000;7,061390323000069;51,039567681000051;0
113419;5;9;78;24;2019;7;17;2;3;5;3;0;1;1;0;0;0;0;397945,412999998780000;5719574,727000001800000;7,525897890000067;51,617937459000075;0
113422;5;3;15;0;2019;7;15;3;3;1;3;0;1;1;0;0;0;0;359916,283403871580000;5649037,411728417500000;7,004592314000036;50,975874211000075;0
113423;5;3;15;0;2019;7;19;3;2;5;3;0;1;1;0;0;0;0;348680,194775165060000;5657602,033559378200000;6,841085842000041;51,049994141000070;0
113424;5;9;16;0;2019;7;17;2;3;5;3;0;1;1;0;0;0;0;371713,435962488870000;5710751,908450234700000;7,150409985000067;51,533280492000074;0
113427;5;3;15;0;2019;7;19;3;3;0;1;0;1;0;0;0;0;0;353075,390282133590000;5644890,389483643700000;6,908889765000026;50,936902073000056;0
113428;5;9;11;0;2019;7;21;2;3;0;3;1;1;0;0;0;1;0;379393,020645198410000;5706397,909842858100000;7,262564726000051;51,495841512000027;0
113429;5;3;15;0;2019;7;17;3;2;1;7;0;1;0;0;0;0;1;353079,901000001470000;5644981,585999999200000;6,908917147000068;50,937722769000061;0
113430;5;9;11;0;2019;7;10;2;3;5;2;0;1;1;0;0;0;0;376942,256729361600000;5702780,622002705900000;7,228537854000024;51,462803135000058;0
113431;5;3;15;0;2019;7;13;3;3;6;4;0;1;0;1;0;0;0;353938,497100046840000;5646120,331567984100000;6,920672116000048;50,948174402000063;0
113453;5;1;70;8;2019;7;18;3;3;0;2;0;1;1;0;0;0;0;345678,303000000310000;5714670,630000002700000;6,773605004000046;51,561974413000030;0
113457;5;1;70;52;2019;7;1;3;2;0;7;2;1;0;0;0;0;0;325038,667804548520000;5725560,848447918900000;6,470697088000065;51,653775281000037;0
113459;5;1;70;24;2019;7;8;3;3;0;1;0;1;0;0;0;0;0;332349,253220740710000;5706923,766302311800000;6,585170259000051;51,488574929000038;0
113460;5;1;58;28;2019;7;9;3;3;5;2;0;1;0;0;0;1;0;355282,816159980370000;5684856,447596104800000;6,924247690000073;51,296613560000026;0
113462;5;5;66;76;2019;6;18;1;2;5;3;0;1;1;0;0;0;0;393566,062000000850000;5792018,752000002200000;7,440239514000041;52,268235896000078;0
113465;5;1;62;8;2019;7;13;7;3;5;1;0;1;1;0;0;0;0;333881,842342182060000;5666407,714884540100000;6,626090664000060;51,125021291000053;0
113471;5;5;70;28;2019;7;16;2;3;5;3;0;1;1;0;0;0;0;441515,174999999810000;5742448,742000002400000;8,151286842000047;51,829798455000059;1
113476;5;1;22;0;2019;7;20;7;3;1;5;0;1;1;0;0;0;0;365187,566026546990000;5669141,460649332000000;7,072138634000055;51,157813906000058;0
113482;5;5;58;24;2019;7;11;2;3;0;1;0;1;0;0;0;0;0;391240,975463852290000;5734245,808895761100000;7,424524308000059;51,748546392000037;0
113489;5;5;54;8;2019;7;15;2;3;5;3;0;1;1;0;0;0;0;333494,911417510360000;5745507,341147868000000;6,583276329000057;51,835530244000040;1
113491;5;5;54;8;2019;7;5;2;3;5;3;0;1;0;0;0;0;0;335282,609272412020000;5745846,662062529500000;6,609037662000048;51,839108533000058;0
113497;5;5;62;8;2019;7;10;2;3;5;2;0;1;1;0;0;0;0;383619,682000000960000;5723391,666999999400000;7,317794590000062;51,649463092000076;0
113502;5;7;11;0;2019;7;9;7;3;5;3;0;1;1;0;0;0;0;469305,259000000540000;5756976,890000000600000;8,553254978000041;51,962637292000068;0
113503;5;3;58;8;2019;7;7;2;3;5;2;0;1;1;0;0;0;0;321834,535497623500000;5630160,960598940000000;6,471848383000065;50,795770069000071;0
113504;5;7;11;0;2019;7;1;7;3;8;1;2;1;0;0;0;0;0;462741,202000000510000;5763544,416000003000000;8,457009229000050;52,021281899000030;0
113505;5;9;78;32;2019;7;2;7;2;0;1;2;1;0;0;0;0;0;394286,148057353680000;5726129,208128271600000;7,471081556000058;51,676175730000068;0
113507;5;9;78;20;2019;7;14;7;3;5;3;0;1;1;0;0;0;0;403994,299828334710000;5713745,259683668600000;7,614836110000056;51,566600965000077;0
113518;5;3;82;56;2019;7;17;2;3;0;5;0;1;1;0;0;0;0;373127,557056212800000;5627418,098656447600000;7,200177796000048;50,784617341000057;0
113521;5;3;82;68;2019;7;11;2;3;2;6;0;1;1;0;0;0;0;371854,933934496720000;5633208,387050712500000;7,180112160000022;50,836382065000066;0
113527;5;9;78;24;2019;7;21;7;3;8;1;1;1;0;0;0;0;0;397229,244109061550000;5717233,367501433900000;7,516243422000059;51,596761737000065;1
113534;5;3;15;0;2019;7;21;2;3;5;2;1;1;1;0;0;0;0;356091,528462040240000;5649067,113661434500000;6,950136041000064;50,975198071000079;0
113540;5;9;13;0;2019;7;13;3;2;0;3;0;1;1;0;0;0;0;393165,991999999620000;5709816,370000002900000;7,459856818000048;51,529338982000070;0
113542;5;3;15;0;2019;7;17;2;3;5;2;0;1;1;0;0;0;0;353903,662722085600000;5636100,919813377800000;6,924186043000020;50,858123813000077;0
113547;5;5;70;16;2019;7;19;6;3;0;3;0;1;1;0;0;0;0;412376,970999999900000;5739097,592000000200000;7,729383690000077;51,795864296000047;0
113548;5;3;15;0;2019;7;17;2;2;5;3;0;1;0;0;0;0;1;355334,969967097040000;5643979,147913463400000;6,941388649000032;50,929284201000030;0
113555;5;1;70;16;2019;7;14;2;3;5;3;0;1;1;0;0;0;0;339936,069839008150000;5722388,875416617800000;6,687312226000074;51,629716861000077;0
113556;5;5;54;12;2019;7;8;6;3;5;5;0;1;1;0;0;0;0;352388,597321497280000;5745580,623920355000000;6,857255605000034;51,841501820000076;0
113557;5;1;70;8;2019;7;7;2;3;5;3;0;1;1;0;0;0;0;345751,660000000150000;5714939,114000001900000;6,774544654000067;51,564406766000047;0
113560;5;5;15;0;2019;7;16;6;3;5;2;0;1;1;0;0;0;0;405724,238316774370000;5753791,804986733900000;7,628931574000035;51,926862895000056;0
113561;5;1;70;24;2019;7;15;2;3;5;3;0;1;1;0;0;0;0;332784,235748913140000;5698470,775865461700000;6,595424598000022;51,412763187000053;0
113562;5;1;70;24;2019;7;7;2;3;4;6;0;1;0;0;0;0;1;336425,004954681730000;5700644,340715998800000;6,646727907000070;51,433353008000040;0
113564;5;9;13;0;2019;7;15;3;3;0;3;0;1;0;0;0;0;1;393820,971102377400000;5709383,876734331300000;7,469425888000046;51,525575078000031;0
113567;5;5;15;0;2019;7;8;6;3;5;2;0;1;0;0;0;1;0;404662,948197395540000;5760134,064322827400000;7,611742108000044;51,983688841000060;0
113568;5;1;58;16;2019;7;20;2;3;5;3;0;1;1;0;0;0;0;354902,583204576750000;5670376,565744362800000;6,924661589000039;51,166397365000080;0
113570;5;1;58;32;2019;7;16;2;3;1;2;0;1;0;0;0;1;0;370361,606170533220000;5692902,141234275000000;7,137472274000061;51,372555331000058;0
113572;5;1;54;16;2019;7;16;2;3;6;6;0;1;0;1;0;0;0;300615,298419750300000;5730726,348131803800000;6,115128487000050;51,692032306000044;0
113574;5;1;54;16;2019;7;15;2;3;5;2;0;1;1;0;0;0;0;303592,990890702230000;5728452,406497888300000;6,159433967000041;51,672660942000050;0
113577;5;1;54;36;2019;7;17;2;3;0;3;0;1;1;0;0;0;0;302072,919000000690000;5741342,739000000100000;6,130151802000057;51,787884204000079;0
113579;5;1;66;8;2019;7;8;2;3;5;3;0;1;1;0;0;0;0;316474,596490873960000;5691430,586263926700000;6,364782019000074;51,344481994000034;0
113580;5;3;58;48;2019;7;16;6;3;3;1;0;1;1;0;0;0;0;319999,745867358520000;5636464,264995392400000;6,442746952000050;50,851830936000056;0
113585;5;3;34;4;2019;7;12;6;2;5;2;0;1;1;0;0;0;0;301291,753851262850000;5639686,326165750600000;6,175542779000068;50,874647878000076;0
113594;5;3;34;2;2019;7;10;6;3;5;3;0;1;0;0;0;0;1;296150,835512230170000;5631633,564809588700000;6,107046481000054;50,800533871000027;0
113596;5;3;34;2;2019;7;9;6;3;6;4;0;1;0;1;0;0;0;296060,748682077970000;5628723,800987854600000;6,107384213000046;50,774368563000053;0
113608;5;1;17;0;2019;7;16;2;3;2;2;0;1;1;0;0;0;0;353036,407136700120000;5701318,853807101000000;6,885243073000027;51,443966339000042;0