OBJECTID;ULAND;UREGBEZ;UKREIS;UGEMEINDE;UJAHR;UMONAT;USTUNDE;UWOCHENTAG;UKATEGORIE;UART;UTYP1;ULICHTVERH;IstRad;IstPKW;IstFuss;IstKrad;IstGkfz;IstSonstige;LINREFX;LINREFY;XGCSWGS84;YGCSWGS84;STRZUSTAND
113617;5;3;15;0;2019;7;18;6;3;5;2;0;1;1;0;0;0;0;360242,258244429710000;5644960,868194170300000;7,010798045000058;50,939316959000053;0
113618;5;9;13;0;2019;7;18;3;3;5;3;0;1;1;0;0;0;0;393312,380786644290000;5707674,325344206800000;7,462614918000043;51,510112987000070;0
113619;5;3;15;0;2019;7;18;6;3;3;2;0;1;1;0;0;0;0;359918,251073777680000;5644875,841664521000000;7,006222055000023;50,938474192000058;0
113621;5;3;15;0;2019;7;19;6;2;5;2;0;1;1;0;0;0;0;356091,478140159510000;5649067,321314778200000;6,950135243000034;50,975199925000027;0
113625;5;3;15;0;2019;7;9;6;3;0;6;0;1;0;0;0;1;0;353963,378039849920000;5646102,834775118200000;6,921033088000058;50,948023468000031;0
113626;5;1;11;0;2019;7;16;2;3;6;4;0;1;0;1;0;0;0;347220,439245289190000;5679378,811497796300000;6,811034121000034;51,245287995000069;0
113631;5;3;15;0;2019;7;23;6;3;8;1;2;1;0;0;0;0;0;355346,445501360110000;5643955,804307753200000;6,941561099000069;50,929077294000081;0
113637;5;7;58;8;2019;7;13;2;3;0;2;0;1;1;0;0;0;0;466775,683645484040000;5777110,345672387600000;8,514481668000030;52,143502817000069;0
113641;5;7;54;40;2019;7;6;2;3;5;3;0;1;1;0;0;0;0;461220,244000000880000;5762325,273000001900000;8,434982797000032;52,010216962000072;0
113642;5;1;70;8;2019;7;7;6;3;5;3;0;1;0;0;0;0;0;342553,217161512000000;5713194,322944359900000;6,729218120000041;51,547846738000032;0
113646;5;1;58;20;2019;7;17;6;2;4;6;0;1;0;0;0;0;0;356110,435016433710000;5664493,310600372000000;6,944275973000060;51,113832707000029;0
113652;5;7;11;0;2019;7;16;2;3;5;2;0;1;1;0;0;0;0;469341,563029304150000;5762657,993203261900000;8,553275418000055;52,013716409000040;0
113662;5;7;11;0;2019;7;10;2;3;5;3;0;1;1;0;0;0;0;465539,729000002150000;5767625,591000000000000;8,497380409000073;52,058154810000076;0
113678;5;1;24;0;2019;7;19;6;3;0;7;0;1;0;0;0;0;0;364529,166641734540000;5676862,032432658600000;7,059816382000065;51,227043562000063;0
113680;5;1;17;0;2019;7;21;6;3;5;3;0;1;1;0;0;0;0;350454,184000001290000;5699605,887000003800000;6,848837069000069;51,427898613000082;0
113681;5;9;62;32;2019;7;5;2;3;5;3;0;1;1;0;0;0;0;404540,434169869870000;5679060,221013162300000;7,632051136000030;51,254900069000030;0
113683;5;1;12;0;2019;7;14;6;3;5;2;0;1;1;0;0;0;0;344869,865292421540000;5697973,544162053600000;6,769287342000041;51,411730911000063;0
113688;5;9;13;0;2019;7;7;2;2;0;7;0;1;1;0;0;0;0;393639,722816361110000;5704931,982493931400000;7,468156855000075;51,485525119000044;0
113691;5;1;12;0;2019;7;6;6;3;5;3;0;1;1;0;0;0;0;344056,652999999930000;5705647,897999998200000;6,754221714000039;51,480461221000041;0
113694;5;9;11;0;2019;7;8;2;3;5;3;0;1;1;0;0;0;0;375981,617241481320000;5700500,279258679600000;7,215515714000048;51,442099025000061;0
113697;5;7;74;24;2019;7;13;6;3;0;3;0;1;0;0;0;0;0;476308,170993253590000;5741937,737825531500000;8,656209687000057;51,827763481000034;0
113698;5;9;11;0;2019;7;11;2;2;3;2;0;1;1;0;0;0;0;377606,884999999780000;5701262,063000002900000;7,238626059000069;51,449299139000061;0
113707;5;7;58;8;2019;7;5;6;3;5;3;0;1;1;0;0;0;0;471766,027926247570000;5779941,706548597700000;8,587169629000073;52,169235763000074;0
113709;5;7;58;12;2019;7;14;6;3;0;3;0;1;1;0;0;0;0;478657,008000001310000;5773202,293000003300000;8,688349185000050;52,108953865000046;0
113711;5;7;54;36;2019;7;19;6;2;8;1;0;1;0;0;0;0;0;474745,963553655890000;5750160,353224642600000;8,632939865000026;51,901624427000058;0
113716;5;5;66;8;2019;7;3;1;3;8;1;2;1;0;0;0;0;0;399348,793628060260000;5782956,724857289300000;7,527649806000056;52,187878575000070;1
113717;5;7;54;16;2019;7;9;6;3;5;3;0;1;1;0;0;0;0;447888,244432619770000;5756335,633134199300000;8,241662879000046;51,955277222000063;0
113719;5;7;54;8;2019;7;20;6;3;0;7;0;1;0;0;0;0;0;455890,606715252620000;5750475,891704343300000;8,358856878000040;51,903287564000038;0
113720;5;5;15;0;2019;7;10;1;3;5;3;0;1;1;0;0;0;0;405741,514845619910000;5753731,586138082700000;7,629199245000052;51,926324544000067;0
113724;5;7;11;0;2019;7;18;6;3;5;3;0;1;1;0;0;0;0;472722,534168745390000;5762452,608918959300000;8,602554603000044;52,012046355000052;0
113726;5;7;11;0;2019;7;15;6;3;1;5;0;1;1;0;0;0;0;468749,826999999580000;5762028,055000001600000;8,544710998000028;52,008019842000067;0
113729;5;9;78;40;2019;7;20;6;3;5;2;0;1;1;0;0;0;0;405181,213000001390000;5725016,228000002000000;7,628905441000029;51,668116263000059;0
113733;5;9;74;20;2019;7;19;6;2;0;1;0;1;0;0;0;0;0;466238,589160609990000;5720301,534709343700000;8,512194190000059;51,632713552000041;0
113734;5;9;16;0;2019;7;18;3;3;1;5;0;1;1;0;0;0;0;373429,130152165890000;5708748,170658065000000;7,175852574000032;51,515659898000081;0
113736;5;3;70;40;2019;7;12;1;3;0;7;0;1;0;0;0;0;0;313059,865813595240000;5665708,483510337800000;6,329223982000030;51,112325132000080;0
113737;5;9;74;20;2019;7;7;6;3;5;3;0;1;1;0;0;0;0;465632,922157827760000;5720658,248134996700000;8,503408464000074;51,635884149000049;0
113744;5;9;70;40;2019;7;18;6;3;0;1;0;1;0;0;0;0;0;428310,663995080630000;5633320,079077020300000;7,981673565000051;50,847135738000077;0
113746;5;9;66;16;2019;7;16;6;2;0;7;0;1;0;0;0;0;0;439598,047114484940000;5656076,236144963700000;8,138210876000073;51,053037968000069;0
113747;5;3;34;28;2019;7;13;1;3;5;2;0;1;0;0;1;0;0;308853,255615914240000;5609686,590630294800000;6,298453076000044;50,607715214000052;0
113749;5;3;34;24;2019;7;11;1;2;0;6;0;1;1;0;0;0;0;302250,639442506250000;5616223,197193084300000;6,201765742000021;50,664229139000042;0
113751;5;3;82;16;2019;7;10;1;2;1;6;0;1;0;0;0;0;0;390230,515918219460000;5625883,692261152000000;7,443156749000025;50,774314431000050;0
113756;5;3;78;4;2019;7;18;1;3;5;2;0;1;1;0;0;0;0;368022,281436176040000;5649771,174410261200000;7,119722372000069;50,984383878000074;0
113759;5;9;15;0;2019;7;18;6;2;3;2;0;1;1;0;0;0;0;417815,113490522840000;5725835,541489353400000;7,811355220000053;51,677471733000061;0
113760;5;9;16;0;2019;7;17;3;3;2;6;0;1;1;0;0;0;0;377043,326447200030000;5711840,738809496200000;7,226833660000068;51,544252177000033;0
113763;5;9;13;0;2019;7;18;6;3;5;3;0;1;1;0;0;0;0;387898,798746198420000;5712103,463885461900000;7,383227122000051;51,548874420000061;0
113774;5;3;15;0;2019;7;8;1;2;0;1;0;1;0;0;0;0;0;352473,438810808580000;5644949,376958193300000;6,900304723000033;50,937278491000029;0
113781;5;3;15;0;2019;7;1;1;3;4;6;2;1;0;0;0;0;1;356182,667999999600000;5644619,844000000500000;6,953190494000069;50,935254021000048;0
113783;5;3;82;24;2019;7;0;1;3;0;7;2;1;0;0;0;0;0;371144,897873209790000;5618435,775607977100000;7,175208563000069;50,703444060000038;0
113786;5;1;70;8;2019;7;16;1;3;5;3;0;1;1;0;0;0;0;346320,753081798550000;5717489,916754553100000;6,781632773000069;51,587480754000069;0
113798;5;1;66;8;2019;7;12;1;3;0;1;0;1;0;0;0;0;0;317734,195265343410000;5689542,280227331400000;6,383814412000049;51,327925375000063;0
113815;5;5;70;40;2019;7;10;5;3;3;2;0;1;0;0;1;0;0;416204,046000001020000;5749591,887000000100000;7,782323216000066;51,890785820000076;0
113820;5;5;70;32;2019;7;16;5;3;5;3;0;1;1;0;0;0;0;421665,175115185790000;5765736,771709051000000;7,857980978000057;52,036710216000074;0
113822;5;5;70;44;2019;7;14;5;3;5;2;0;1;1;0;0;0;0;416494,991000001320000;5759458,434000004100000;7,784154866000051;51,979520229000059;0
113823;5;5;70;52;2019;7;20;5;3;0;1;0;1;0;0;0;0;0;430444,947999999860000;5755934,977000003700000;7,987944265000067;51,949767290000068;0
113824;5;7;54;32;2019;7;17;1;3;4;6;0;1;0;0;0;0;0;459946,003814731720000;5738061,250526066900000;8,419238143000030;51,791977224000050;0
113825;5;5;66;44;2019;7;21;5;3;0;7;1;1;0;0;0;0;0;426953,367364657110000;5778803,109739810200000;7,932260105000069;52,154888727000071;0
113827;5;5;66;28;2019;7;5;5;2;4;6;0;1;0;0;0;0;0;413047,373646100050000;5795608,453267827600000;7,724721456000054;52,303926866000040;0
113829;5;5;66;28;2019;7;18;5;2;0;1;0;1;0;0;0;0;0;414593,416396917780000;5792452,422036407500000;7,748190324000063;52,275801910000041;0
113835;5;7;11;0;2019;7;18;1;3;3;3;0;1;1;0;0;0;0;470324,740271459330000;5761389,171547800300000;8,567710791000025;52,002362277000032;0
113836;5;5;66;16;2019;7;14;5;2;8;1;0;1;1;0;0;0;0;405568,476372764450000;5795894,412821069400000;7,614986426000030;52,305262038000080;0
113838;5;5;66;84;2019;7;16;5;3;5;3;0;1;1;0;0;0;0;385811,651000000540000;5778232,077000001400000;7,331300312000053;52,142782122000028;0
113840;5;5;66;36;2019;7;13;5;2;3;6;0;1;1;0;0;0;0;388510,274631273000000;5767248,560145115500000;7,374312162000024;52,044622488000073;0
113841;5;9;11;0;2019;7;22;3;3;3;6;2;1;1;0;0;0;0;383470,564522454520000;5703833,585319465000000;7,322123572000066;51,473648881000031;0
113847;5;5;54;20;2019;7;21;5;3;5;3;0;1;1;0;0;0;0;362848,901187466460000;5786793,014807602400000;6,992474928000036;52,214480316000049;0
113848;5;9;70;40;2019;7;11;1;2;2;6;0;1;0;0;0;0;0;430254,149205285120000;5636145,693791521700000;8,008737190000034;50,872779490000028;0
113852;5;9;66;8;2019;7;17;1;3;1;5;0;1;1;0;0;0;0;414285,304999999700000;5652733,291000003000000;7,777925471000060;51,019763287000046;0
113853;5;5;15;0;2019;7;7;5;3;6;4;0;1;0;1;0;0;0;406274,874617424790000;5756673,916720673400000;7,636151629000040;51,952861746000053;0
113855;5;5;15;0;2019;7;21;5;3;0;1;0;1;0;0;0;0;0;398709,110785372560000;5758970,772799918400000;7,525418362000039;51,972179532000041;0
113857;5;5;15;0;2019;7;18;5;3;3;4;0;1;0;1;0;0;0;404671,263242889200000;5759405,780346851800000;7,612065507000068;51,977144198000076;0
113858;5;5;15;0;2019;7;13;5;3;5;2;0;1;1;0;0;0;0;405453,248662634750000;5756249,189348679000000;7,624316227000065;51,948905039000067;0
113860;5;5;12;0;2019;7;16;5;3;5;3;0;1;1;0;0;0;0;356680,377774992960000;5708796,961810184600000;6,934607511000024;51,512097847000064;0
113862;5;5;62;14;2019;7;11;5;3;5;3;0;1;1;0;0;0;0;357629,713817988520000;5713956,071577560200000;6,946192817000053;51,558697085000063;0
113863;5;9;13;0;2019;7;18;1;3;3;6;0;1;1;0;0;0;0;394320,791320454330000;5710937,647197816500000;7,476161731000047;51,539634895000063;0
113864;5;5;62;20;2019;7;18;5;3;0;1;0;1;0;0;0;0;0;370569,377607207750000;5718381,080365246200000;7,131114868000054;51,601581546000034;0
113866;5;3;70;36;2019;7;13;5;3;5;3;0;1;1;0;0;0;0;301929,182000000960000;5665061,719000000500000;6,170758952000028;51,102778241000067;0
113878;5;3;34;2;2019;7;12;5;3;5;2;0;1;1;0;0;0;0;295294,892000000920000;5629228,013000000300000;6,096255746000054;50,778627291000078;0
113884;5;3;78;24;2019;7;15;5;2;0;1;0;1;0;0;0;0;0;379447,411763944660000;5643652,366456629700000;7,284440545000052;50,931890815000031;0
113894;5;3;66;44;2019;7;17;5;3;5;2;0;1;1;0;0;0;0;335212,669096987690000;5615024,902229351900000;6,668272484000056;50,663724096000067;0
113897;5;5;58;24;2019;7;20;7;3;1;3;0;1;1;0;0;0;0;392782,997629434800000;5736330,153041219300000;7,446210012000051;51,767577758000073;1
113906;5;5;54;8;2019;7;9;7;3;5;2;0;1;0;0;0;0;1;335009,843794072980000;5745867,693312181200000;6,605072023000048;51,839216951000026;0
113907;5;3;62;36;2019;7;21;5;3;2;6;0;1;0;0;0;0;0;346200,803999999540000;5653427,162999998800000;6,807510908000040;51,011820814000032;0
113909;5;5;15;0;2019;7;19;7;3;0;5;0;1;1;0;0;0;1;406027,357437162660000;5757775,080375563400000;7,632249755000032;51,962717744000031;1
113912;5;3;15;0;2019;7;19;5;2;4;6;0;1;0;0;0;0;0;356019,767431557180000;5646881,333954505600000;6,949979647000021;50,955536991000031;0
113913;5;5;62;32;2019;7;13;7;2;5;2;0;1;1;0;0;0;0;376306,524513413200000;5718603,728066783400000;7,213832267000043;51,604871811000066;0
113914;5;3;15;0;2019;7;20;5;3;6;4;0;1;0;1;0;0;0;353607,609212997370000;5646417,322658248200000;6,915845530000070;50,950759413000071;0
113916;5;3;15;0;2019;7;8;5;3;0;7;0;1;0;0;0;0;0;353585,330434339120000;5646441,443625878500000;6,915518877000068;50,950970521000045;0
113917;5;3;15;0;2019;7;23;5;3;5;2;2;1;1;0;0;0;0;357252,207857609730000;5642726,931044336400000;6,969143065000026;50,918508221000081;0
113924;5;3;34;32;2019;7;15;7;3;0;1;0;1;0;0;0;0;0;310086,027290908620000;5627978,726088462400000;6,306456125000068;50,772437253000078;0
113925;5;3;82;48;2019;7;15;5;3;5;3;0;1;1;0;0;0;0;357516,647007360120000;5610402,895439887400000;6,985425284000030;50,628069303000075;0
113929;5;1;70;12;2019;7;15;5;2;3;3;0;1;0;0;0;1;0;335292,176596260630000;5738642,788264947000000;6,612599594000074;51,774395842000047;0
113930;5;1;70;12;2019;7;10;5;3;5;3;0;1;1;0;0;0;0;339789,381000000980000;5734137,426000000900000;6,679803207000020;51,735225093000054;0
113931;5;1;58;16;2019;7;22;5;3;3;6;2;1;0;0;0;0;0;354785,447247870270000;5670332,845052203200000;6,923005018000026;51,165974751000078;0
113932;5;1;58;16;2019;7;8;5;3;0;2;0;1;1;0;0;0;0;356661,489594154990000;5670537,990877112400000;6,949737637000055;51,168291481000040;0
113934;5;1;58;28;2019;7;17;5;3;5;2;0;1;1;0;0;0;0;348838,647992619310000;5684066,819525294000000;6,832219497000040;51,287843931000054;0
113939;5;1;54;12;2019;7;7;5;2;5;2;0;1;0;0;0;1;0;313990,294390137310000;5711031,702287863900000;6,318858840000075;51,519732099000066;0
113940;5;3;82;68;2019;7;7;7;3;5;2;0;1;1;0;0;0;0;369951,794234768490000;5630671,190797993900000;7,153998857000033;50,813152959000035;0
113945;5;1;54;36;2019;7;13;5;3;5;2;0;1;1;0;0;0;0;301706,457020282750000;5740357,634634194900000;6,125408228000026;51,778908261000026;0
113949;5;3;78;4;2019;7;17;7;2;0;1;0;1;0;0;0;0;0;367532,269472256300000;5645072,191561298400000;7,114456131000054;50,942038386000036;0
113953;5;1;19;0;2019;7;7;5;2;5;3;0;1;1;0;0;0;0;349159,762000001040000;5705105,352000000000000;6,827886760000069;51,476970134000055;0
113955;5;1;16;0;2019;7;19;5;3;5;3;0;1;1;0;0;0;0;318083,370085820560000;5672433,298553835600000;6,397516562000021;51,174350653000033;0
113956;5;1;16;0;2019;7;12;5;3;1;5;0;1;1;0;0;0;0;320146,237686339770000;5674734,118209313600000;6,425843892000046;51,195671697000080;0
113961;5;3;62;32;2019;7;14;7;3;5;3;0;1;1;0;0;0;0;343472,804619243370000;5638291,361339207700000;6,775157113000034;50,875077863000058;0
113964;5;1;24;0;2019;7;13;5;3;4;2;0;1;1;0;0;0;0;370666,723621718590000;5677178,850898198800000;7,147552338000025;51,231314752000060;0
113965;5;1;17;0;2019;7;6;5;3;1;5;0;1;1;0;0;0;0;354454,423142582180000;5701361,275355719000000;6,905615680000039;51,444713696000065;0
113967;5;1;13;0;2019;7;7;5;3;5;7;0;1;1;0;0;0;0;366356,372000000440000;5700970,422000000300000;7,076922639000031;51,444134870000028;0
113969;5;1;12;0;2019;7;8;5;3;3;2;0;1;0;0;0;1;0;343694,096647468400000;5695995,081072585700000;6,753265769000052;51,393631632000051;0
113971;5;1;12;0;2019;7;9;5;3;5;2;0;1;1;0;0;0;0;344776,437042601410000;5698962,436750616900000;6,767511995000064;51,420590570000059;0
113976;5;3;14;0;2019;7;21;7;3;1;5;2;1;1;0;0;0;0;365935,311832855460000;5622571,192634437200000;7,099972020000053;50,739435323000066;0
113980;5;1;11;0;2019;7;17;5;3;5;2;0;1;1;0;0;0;0;352914,373251220210000;5680938,421464040900000;6,891913176000060;51,260799370000029;0
113985;5;3;14;0;2019;7;10;7;3;5;3;0;1;0;0;0;0;0;364652,889721995220000;5622391,996702779100000;7,081873559000030;50,737527257000067;0
113988;5;7;74;32;2019;7;7;5;3;5;3;0;1;0;0;0;0;1;480424,114077429290000;5733060,448870766900000;8,716435873000023;51,748105638000027;0
113991;5;7;70;24;2019;7;19;5;3;0;6;0;1;0;0;0;0;0;493399,944241741670000;5791928,780208518700000;8,903260373000023;52,277689609000049;0
114000;5;1;66;16;2019;7;15;7;3;5;3;0;1;1;0;0;0;0;308730,752000000330000;5686533,175000002600000;6,256350906000023;51,297942329000080;0
114002;5;1;66;16;2019;7;20;7;3;5;3;0;1;1;0;0;0;0;304954,166000001130000;5688838,116000000400000;6,200986527000055;51,317362604000039;1
114003;5;7;54;8;2019;7;18;5;3;5;3;0;1;0;0;1;0;0;456065,488155270000000;5750086,116931412400000;8,361448348000067;51,899797094000064;0
114005;5;7;11;0;2019;7;13;5;3;5;2;0;1;1;0;0;0;0;474601,196564860640000;5767952,133917274000000;8,629518452000070;52,061580176000064;0
114022;5;7;66;8;2019;7;13;3;3;0;7;0;1;1;0;0;0;0;483569,352976252320000;5769545,033180369100000;8,760254876000033;52,076240171000052;0
114032;5;7;66;8;2019;7;15;5;2;5;3;0;1;1;0;0;0;0;485222,056900852360000;5766954,947279026700000;8,784481962000029;52,052999817000057;0
114034;5;7;66;8;2019;7;15;5;3;5;3;0;1;1;0;0;0;0;481055,582000001330000;5768366,684999998700000;8,723641439000062;52,065565637000077;0
114048;5;9;66;24;2019;7;16;5;3;3;2;0;1;1;0;0;0;0;418948,629269808530000;5653169,654983557800000;7,844300230000044;51,024362823000047;0
114057;5;7;11;0;2019;7;15;3;3;0;3;0;1;1;0;0;0;0;472489,607153140940000;5765444,925657901900000;8,598920253000074;52,038937876000034;0
114060;5;9;15;0;2019;7;17;5;2;1;5;0;1;1;0;0;0;0;412980,192792208870000;5721464,803367579400000;7,742533156000036;51,637453482000069;0
114077;5;5;70;28;2019;7;12;4;3;0;7;0;1;0;0;0;0;0;441100,832160626540000;5742702,610604863600000;8,145231543000023;51,832037252000077;0
114078;5;5;70;8;2019;7;12;4;3;5;3;0;1;1;0;0;0;0;433957,968999999580000;5738911,925000004500000;8,042308939000066;51,797160139000027;0
114080;5;5;70;44;2019;7;6;4;2;5;3;0;1;0;0;0;0;0;415296,718839045610000;5759657,171799918600000;7,766663121000022;51,981125279000082;0
114081;5;5;66;56;2019;7;17;4;3;3;7;0;1;0;0;0;0;1;416491,201390300880000;5797330,867439022300000;7,774789653000028;52,319943110000054;0
114082;5;5;66;8;2019;7;10;4;3;0;7;0;1;0;0;0;0;0;399416,191585464400000;5781809,119838044000000;7,528975801000058;52,177576529000078;1
114088;5;5;15;0;2019;7;11;4;3;0;7;0;1;0;0;0;0;0;406236,607919032690000;5757692,988257644700000;7,635316825000075;51,962015192000081;0
114089;5;5;15;0;2019;7;9;4;3;3;2;0;1;0;0;0;0;1;406322,629000001590000;5756457,541000001100000;7,636905299000034;51,950924902000054;0
114093;5;5;62;14;2019;7;12;4;3;5;2;0;1;1;0;0;0;0;358015,222069843670000;5714112,933590957900000;6,951686911000024;51,560203797000042;0
114099;5;3;58;8;2019;7;5;4;3;5;3;0;1;1;0;0;0;0;321977,802240285090000;5630121,675390705500000;6,473898253000073;50,795461148000072;0
114100;5;3;34;36;2019;7;7;4;3;5;3;0;1;1;0;0;0;0;298825,437495919880000;5632488,564051123300000;6,144484378000072;50,809147728000028;0
114109;5;3;34;2;2019;7;18;4;3;5;2;0;1;1;0;0;0;0;293592,609851934020000;5628646,928925719100000;6,072468455000035;50,772805246000075;0
114110;5;3;34;2;2019;7;11;4;3;3;2;0;1;1;0;0;0;0;294739,222443435340000;5629614,197610231100000;6,088168844000052;50,781899323000061;0
114111;5;3;34;2;2019;7;8;4;3;6;6;0;1;0;1;0;0;0;294574,970260090190000;5625578,675385367100000;6,088094330000047;50,745597200000077;0
114112;5;3;82;44;2019;7;18;4;3;5;3;0;1;1;0;0;0;0;363831,458245233630000;5627096,807029826600000;7,068498904000023;50,779620964000060;0
114113;5;3;82;76;2019;7;17;4;2;5;2;0;1;1;0;0;0;0;399471,854531568480000;5628416,947750750900000;7,573486860000060;50,798764031000076;0
114118;5;3;78;16;2019;7;22;4;3;1;3;2;1;1;0;0;0;0;359945,299358056860000;5663845,920137561900000;6,999279038000054;51,108964781000054;1
114121;5;3;78;4;2019;7;13;4;2;5;2;0;1;1;0;0;0;0;367482,713228413840000;5650927,909175459300000;7,111617682000031;50,994656232000068;0
114126;5;3;16;0;2019;7;7;4;3;5;3;0;1;1;0;0;0;0;362885,921240372580000;5654298,495424097400000;7,044879520000052;51,023871691000068;0
114129;5;3;15;0;2019;7;5;4;3;5;3;0;1;1;0;0;0;0;353568,134000000540000;5646460,061999999000000;6,915266740000050;50,951133468000080;0
114130;5;3;15;0;2019;7;12;4;2;0;1;0;1;0;0;0;0;0;354800,841657931920000;5638352,137478694300000;6,936031207000042;50,878581168000039;0
114131;5;3;15;0;2019;7;14;4;3;3;2;0;1;1;0;0;0;0;356041,367193978280000;5644640,320619719100000;6,951172785000040;50,935402788000033;0
114132;5;3;14;0;2019;7;15;4;3;4;2;0;1;0;0;1;0;0;369441,364604701290000;5616741,318535177000000;7,151696012000059;50,687833779000073;0
114135;5;1;58;16;2019;7;10;4;3;5;3;0;1;0;0;0;0;1;355261,121405625720000;5670651,825354861100000;6,929675403000033;51,168961785000079;0
114138;5;9;74;28;2019;7;16;3;3;5;3;0;1;1;0;0;0;0;461041,178999999540000;5728737,506000001000000;8,436161512000069;51,708225669000058;0
114139;5;1;58;28;2019;7;20;4;3;0;1;0;1;0;0;0;0;0;351428,554761665870000;5683942,744140405200000;6,869384747000026;51,287410506000072;1
114142;5;1;54;12;2019;7;7;4;2;5;3;0;1;1;0;0;0;0;314555,932374330240000;5710032,903336959000000;6,327527790000033;51,510946936000039;0
114143;5;1;54;8;2019;7;6;4;3;5;3;0;1;0;0;0;0;1;315399,362057235090000;5745072,429962249500000;6,321156650000035;51,825937622000026;0
114145;5;1;66;32;2019;7;9;4;3;5;3;0;1;1;0;0;0;0;309702,314063067550000;5683527,296056911300000;6,271871583000063;51,271269498000038;0
114147;5;1;62;16;2019;7;16;4;3;5;3;0;1;1;0;0;0;0;333309,958999999800000;5677883,076000001300000;6,612604104000070;51,227954773000079;0
114149;5;1;16;0;2019;7;6;4;3;6;6;0;1;0;1;0;0;0;321282,613702192900000;5674070,197413606600000;6,442421244000059;51,190064061000044;0
114153;5;1;13;0;2019;7;20;4;3;5;3;0;1;0;0;0;0;1;364581,177084656430000;5707316,325834401000000;7,048962125000060;51,500741049000055;1
114154;5;1;13;0;2019;7;20;4;3;0;7;0;1;0;0;0;0;0;361987,850710088390000;5704816,366799099400000;7,012600262000035;51,477648346000080;1
114157;5;1;13;0;2019;7;11;4;3;5;2;0;1;1;0;0;0;0;357333,445701799360000;5703344,397772906300000;6,946215775000042;51,463266610000062;0
114160;5;1;13;0;2019;7;14;4;3;0;3;0;1;0;0;0;0;0;360184,961000000130000;5703549,934000000400000;6,987156520000042;51,465825194000047;0
114162;5;1;12;0;2019;7;12;4;3;5;2;0;1;1;0;0;0;0;345397,543628105890000;5700351,131678912800000;6,775831781000022;51,433237813000062;0
114163;5;1;12;0;2019;7;18;4;3;5;3;0;1;1;0;0;0;0;343141,224424105140000;5702077,911400770800000;6,742633316000024;51,448132525000062;1
114164;5;1;11;0;2019;7;21;4;2;3;6;1;1;0;1;0;0;0;340833,559000001290000;5678167,990000003900000;6,720139659000040;51,232662409000056;1
114169;5;7;70;36;2019;7;14;4;3;5;3;0;1;1;0;0;0;0;465708,026473821140000;5795454,473763139900000;8,497020184000064;52,308356165000077;0
114170;5;7;70;32;2019;7;14;4;3;5;2;0;1;1;0;0;0;0;495549,373799357560000;5789758,946613242800000;8,934794010000076;52,258203235000053;0
114172;5;7;54;28;2019;7;17;4;3;4;6;0;1;0;0;0;0;0;456671,632952695710000;5744549,122663578000000;8,370952612000053;51,850063617000046;0
114175;5;7;66;4;2019;7;14;4;3;5;3;0;1;1;0;0;0;0;481692,562197378840000;5751210,021792225500000;8,733849498000041;51,911333577000050;0
114176;5;7;66;4;2019;7;7;4;3;5;3;0;1;1;0;0;0;0;483876,019000001250000;5752663,289000000800000;8,765523869000049;51,924467410000034;0
114179;5;9;74;48;2019;7;18;4;2;5;3;0;1;1;0;0;0;0;427463,709556716490000;5721982,272049047100000;7,951676296000073;51,644160010000064;0
114182;5;9;70;40;2019;7;17;4;3;0;7;0;1;0;0;0;0;0;432665,558169323020000;5636574,891994083300000;8,042925094000054;50,876924592000080;0
114184;5;9;58;24;2019;7;10;4;3;0;1;0;1;0;0;0;0;0;488562,882212002760000;5699636,586027218000000;8,835418179000044;51,447798947000081;0
114185;5;9;58;32;2019;7;15;4;3;5;3;0;1;1;0;0;0;0;442514,458204755560000;5690719,005658742000000;8,174264340000036;51,364819083000043;0
114187;5;9;62;8;2019;7;10;4;3;5;3;0;1;1;0;0;0;0;418836,235352141780000;5685275,296226365500000;7,835450280000032;51,312989255000048;0
114191;5;9;15;0;2019;7;7;4;3;1;5;0;1;1;0;0;0;0;419744,537299577150000;5725625,047011211500000;7,839302724000049;51,675858494000067;0
114192;5;9;15;0;2019;7;14;4;3;2;6;0;1;0;0;0;0;0;416923,875401795840000;5725114,020455602600000;7,798639867000077;51,670854510000026;0
114193;5;9;15;0;2019;7;10;4;3;5;7;0;1;1;0;0;0;0;417814,577899074180000;5725835,328124009100000;7,811347526000077;51,677469736000035;0
114197;5;9;13;0;2019;7;15;4;3;5;2;0;1;1;0;0;0;0;392164,152835910210000;5703845,504944521900000;7,447245184000053;51,475479919000065;0
114198;5;9;13;0;2019;7;22;4;3;0;7;2;1;0;0;0;0;0;401746,151096763090000;5709490,139256706500000;7,583598899000037;51,527964846000032;1
114200;5;9;11;0;2019;7;6;4;3;2;6;0;1;0;0;0;0;1;370554,664833140560000;5705675,874178765300000;7,135576321000031;51,487397970000075;0
114214;5;5;66;8;2019;7;16;3;3;5;2;0;1;1;0;0;0;0;398593,708684850480000;5781223,314836084800000;7,517126568000037;52,172160939000037;0
114215;5;5;58;40;2019;7;8;3;3;0;7;0;1;1;0;0;0;0;376281,403862145730000;5761393,317383458800000;7,198203370000044;51,989410264000071;0
114227;5;3;82;16;2019;7;15;3;3;5;3;0;1;0;0;0;0;1;393368,171379373410000;5624399,440154762900000;7,488071057000070;50,761556793000068;0