OBJECTID;ULAND;UREGBEZ;UKREIS;UGEMEINDE;UJAHR;UMONAT;USTUNDE;UWOCHENTAG;UKATEGORIE;UART;UTYP1;ULICHTVERH;IstRad;IstPKW;IstFuss;IstKrad;IstGkfz;IstSonstige;LINREFX;LINREFY;XGCSWGS84;YGCSWGS84;STRZUSTAND
114233;5;3;62;28;2019;7;18;3;3;5;3;0;1;1;0;0;0;0;346800,822508370500000;5639125,028376363200000;6,822074567000072;50,883461102000069;0
114237;5;3;15;0;2019;7;17;3;3;0;3;0;1;1;0;0;0;0;359509,103218594570000;5646712,685344873000000;6,999693843000046;50,954882550000036;0
114240;5;3;15;0;2019;7;14;3;3;0;1;0;1;0;0;0;0;1;353962,490333612080000;5636219,770509939600000;6,924973890000047;50,859206761000053;0
114242;5;3;14;0;2019;7;13;3;3;5;3;0;1;1;0;0;0;0;365230,427552069540000;5622060,146915957300000;7,090174853000065;50,734678933000055;0
114244;5;1;70;40;2019;7;15;3;2;5;3;0;1;1;0;0;0;0;318428,481803251430000;5720158,965964188800000;6,378044313000032;51,603159194000057;0
114247;5;1;70;28;2019;7;13;3;3;5;3;0;1;1;0;0;0;0;331901,220677107570000;5703004,986402113000000;6,580586946000040;51,453236619000052;0
114251;5;1;58;28;2019;7;8;3;3;0;1;0;1;0;0;0;0;0;351569,627000000330000;5683717,974999999600000;6,871499728000060;51,285427547000040;0
114255;5;1;54;12;2019;7;12;3;3;6;6;0;1;0;1;0;0;0;313571,706967391070000;5711124,974739439800000;6,312783119000073;51,520431873000064;0
114257;5;1;66;32;2019;7;13;3;3;5;3;0;1;1;0;0;0;0;317579,015115343030000;5682304,894253764300000;6,385287517000052;51,262864656000033;0
114258;5;1;62;8;2019;7;15;3;3;5;3;0;1;1;0;0;0;0;335476,384729172100000;5665403,780154122000000;6,649314860000061;51,116461361000063;0
114260;5;1;14;0;2019;7;12;3;3;5;3;0;1;1;0;0;0;0;330800,338548441420000;5693040,466792564800000;6,569510859000047;51,363389915000027;0
114265;5;1;13;0;2019;7;19;3;3;5;2;1;1;1;0;0;0;0;362679,901186993350000;5703862,263510163900000;7,022930318000022;51,469242798000039;0
114269;5;3;34;2;2019;7;11;1;2;5;3;0;1;1;0;0;0;0;297508,126681432130000;5629626,293047746600000;6,127388828000051;50,782981358000029;0
114274;5;3;16;0;2019;7;16;1;3;5;3;0;1;0;0;0;0;0;361186,111441412940000;5658103,667836654900000;7,019198946000074;51,057661094000082;0
114275;5;3;15;0;2019;7;14;1;2;3;2;0;1;1;0;0;0;0;356395,634313105610000;5647029,154533816500000;6,955269347000069;50,956959214000051;0
114276;5;3;15;0;2019;7;11;1;3;5;2;0;1;1;0;0;0;0;352805,037211682650000;5651767,926759794400000;6,902261586000066;50,998638293000056;0
114278;5;3;15;0;2019;7;15;1;3;1;1;0;1;0;0;0;0;1;356869,240659885110000;5644438,365341335500000;6,963026460000037;50,933793895000065;0
114284;5;1;70;48;2019;7;0;1;3;0;1;2;1;0;0;0;0;0;339652,903954051430000;5726169,007512548900000;6,681491903000051;51,663597472000049;0
114288;5;1;66;16;2019;7;2;1;3;0;7;2;1;0;0;0;0;0;305061,108048723080000;5689634,997381696500000;6,202083501000061;51,324556262000044;0
114291;5;1;13;0;2019;7;15;1;2;2;6;0;1;0;0;0;0;0;359712,257990881800000;5705713,264739641900000;6,979496785000038;51,485148278000054;0
114292;5;1;13;0;2019;7;18;1;3;5;3;0;1;1;0;0;0;0;361312,520000001420000;5705093,775000000400000;7,002772797000034;51,479976057000044;0
114294;5;1;12;0;2019;7;15;1;3;0;1;0;1;0;0;0;0;0;346519,561701651660000;5698345,215242439900000;6,792829454000071;51,415519360000076;0
114296;5;7;74;28;2019;7;11;1;3;2;6;0;1;0;0;0;0;0;498090,539000001740000;5714738,968000002200000;8,972440687000074;51,583707363000030;0
114304;5;9;78;36;2019;7;12;1;3;0;1;0;1;0;0;0;0;0;409495,709682881830000;5710139,715829663000000;7,695114993000061;51,535099469000045;0
114305;5;9;70;32;2019;7;12;1;2;5;3;0;1;1;0;0;0;0;443551,286905032580000;5634022,923031184800000;8,198028160000035;50,855143742000052;0
114308;5;9;58;36;2019;7;17;1;2;0;1;0;1;0;0;0;0;0;459874,226000000720000;5688504,585000000900000;8,423857409000050;51,346400082000059;0
114309;5;9;13;0;2019;7;12;1;2;2;2;0;1;1;0;0;0;0;392601,607000000770000;5700333,371000003100000;7,454608477000022;51,443994274000033;0
114317;5;5;70;16;2019;7;12;7;3;5;3;0;1;1;0;0;0;0;412126,721938836390000;5739769,478021014500000;7,725585527000021;51,801864644000034;0
114319;5;5;58;44;2019;7;22;7;3;8;1;2;1;0;0;0;0;0;399291,977132494560000;5747606,300901519100000;7,537225029000069;51,870139991000030;0
114320;5;5;15;0;2019;7;13;7;3;5;2;0;1;1;0;0;0;0;406832,934999999590000;5757698,926000000900000;7,643991846000063;51,962168814000051;0
114332;5;3;15;0;2019;7;17;7;3;5;3;0;1;1;0;0;0;0;355967,873999999840000;5644649,982999999100000;6,950123722000058;50,935471272000029;0
114333;5;3;15;0;2019;7;0;7;3;6;4;2;1;0;1;0;0;0;355211,178971545770000;5644935,165323620700000;6,939248491000058;50,937844662000032;0
114334;5;3;82;12;2019;7;11;7;3;5;2;0;1;0;0;0;1;0;360318,858300838620000;5624797,820026038200000;7,019578235000040;50,758123420000061;1
114335;5;1;58;24;2019;7;11;7;3;5;3;0;1;1;0;0;0;0;356285,390433383170000;5681441,920542554900000;6,939991644000031;51,266183734000037;1
114336;5;1;54;16;2019;7;16;7;3;8;1;0;1;1;0;0;0;0;303022,960276506840000;5728783,582234516700000;6,151014034000070;51,675435465000078;0
114337;5;1;66;36;2019;7;22;7;3;9;1;2;1;0;0;0;0;0;328574,641835278830000;5679500,852342626100000;6,544074933000047;51,241086190000033;0
114338;5;1;66;36;2019;7;20;7;3;5;2;0;1;1;0;0;0;0;328652,282999999820000;5682327,718000004100000;6,543832618000067;51,266505630000040;0
114339;5;1;66;28;2019;7;14;7;3;0;1;0;1;0;0;0;0;0;324784,235366566110000;5687510,619451608500000;6,485900263000076;51,311889859000075;0
114345;5;1;19;0;2019;7;15;7;3;5;3;0;1;1;0;0;0;0;350751,175000000750000;5705552,228000000100000;6,850597004000065;51,481407587000035;0
114347;5;1;14;0;2019;7;23;7;2;5;3;2;1;1;0;0;0;0;329234,352902146060000;5689518,048403171800000;6,548727999000050;51,331276890000026;0
114348;5;1;24;0;2019;7;11;7;3;5;3;0;1;1;0;0;0;0;374242,229999999520000;5676418,355999998700000;7,199003880000021;51,225278802000048;1
114352;5;1;13;0;2019;7;20;7;3;5;3;0;1;1;0;0;0;0;360184,961000000130000;5703549,934000000400000;6,987156520000042;51,465825194000047;0
114354;5;1;12;0;2019;7;12;7;2;0;1;0;1;0;0;0;0;0;344841,681552856230000;5698689,241008235100000;6,768569191000040;51,418153761000042;0
114356;5;1;12;0;2019;7;15;7;3;0;1;0;1;0;0;0;0;0;338813,369261730460000;5702389,723701687500000;6,680262920000075;51,449718755000049;0
114362;5;7;74;20;2019;7;8;7;2;5;2;0;1;1;0;0;0;0;469676,968000000340000;5729182,385000001600000;8,561101283000028;51,712758898000061;0
114367;5;7;54;32;2019;7;11;7;3;5;3;0;1;1;0;0;0;0;460339,380196020010000;5740373,314016262100000;8,424677043000031;51,812792576000049;0
114368;5;7;54;28;2019;7;18;7;3;5;3;0;1;1;0;0;0;0;452728,344193646680000;5740951,909095231400000;8,314199086000031;51,817402589000039;0
114369;5;7;54;16;2019;7;1;7;3;0;7;2;1;0;0;0;0;0;448850,038000000640000;5755699,390000000600000;8,255752444000052;51,949646525000048;0
114370;5;7;54;8;2019;7;7;7;3;3;6;0;1;0;0;0;0;1;457250,254321034070000;5750203,954932706400000;8,378652216000035;51,900948688000028;0
114374;5;7;11;0;2019;7;11;7;3;1;5;0;1;1;0;0;0;0;463696,877585385930000;5758443,886739959900000;8,471476410000037;51,975488556000073;0
114375;5;7;11;0;2019;7;16;7;3;5;3;0;1;1;0;0;0;0;470210,407570212150000;5761445,959267688900000;8,566040384000075;52,002866714000049;0
114381;5;9;54;8;2019;7;20;7;2;0;1;0;1;0;0;0;0;0;384625,617565825580000;5684804,063271870800000;7,344930952000027;51,302845775000037;0
114391;5;9;13;0;2019;7;11;7;3;5;2;0;1;1;0;0;0;0;392823,889305171560000;5708248,654414795300000;7,455403812000043;51,515182859000049;0
114393;5;9;11;0;2019;7;14;7;3;5;3;0;1;1;0;0;0;0;372263,625000001860000;5700975,974000001300000;7,161875490000057;51,445547906000058;0
114403;5;5;70;40;2019;7;14;6;3;4;6;0;1;0;0;0;0;0;420886,527646686880000;5743669,277982791900000;7,851707835000070;51,838229682000076;0
114404;5;5;66;8;2019;7;23;6;2;8;1;2;1;1;0;0;0;0;400892,273239231670000;5782787,590058822200000;7,550269758000070;52,186637961000031;0
114407;5;5;58;12;2019;7;22;6;3;0;1;2;1;0;0;0;0;0;374283,406185413710000;5754554,561283912500000;7,171623664000038;51,927505618000055;1
114412;5;5;15;0;2019;7;17;6;3;5;3;0;1;1;0;0;0;0;406625,066000000570000;5757653,318000000000000;7,640979717000050;51,961723994000067;1
114415;5;5;62;24;2019;7;11;6;2;5;2;0;1;1;0;0;0;0;367313,021826246750000;5724246,790142815600000;7,081901008000045;51,653535962000035;1
114419;5;5;13;0;2019;7;16;6;3;3;3;0;1;1;0;0;0;0;369229,991821479050000;5707608,072349919000000;7,115791816000069;51,504457608000052;0
114420;5;3;70;20;2019;7;11;6;3;8;1;0;1;0;0;0;0;0;304035,711914992890000;5657641,728466231400000;6,204830331000039;51,036858190000032;0
114425;5;3;34;2;2019;7;22;6;3;5;2;2;1;1;0;0;0;0;293262,492011924270000;5630762,308050584000000;6,066603396000062;50,791686019000053;0
114426;5;3;82;68;2019;7;16;6;2;0;7;0;1;1;0;0;0;0;371311,775320906190000;5630758,626147106300000;7,173262245000046;50,814242613000033;0
114432;5;3;15;0;2019;7;13;6;3;5;2;0;1;1;0;0;0;0;357465,808066894300000;5644952,256432702800000;6,971309831000042;50,938559955000073;0
114433;5;3;15;0;2019;7;17;6;2;0;1;0;1;1;0;0;0;0;353372,912791210230000;5644868,010132160000000;6,913130265000063;50,936776683000062;0
114434;5;3;15;0;2019;7;0;6;3;4;5;2;1;0;0;0;0;0;358419,905038715340000;5640540,308601075800000;6,986593007000067;50,899144546000059;0
114435;5;3;15;0;2019;7;18;6;3;5;2;0;1;1;0;0;0;0;351738,756000000980000;5643568,261000001800000;6,890417554000067;50,924678670000048;1
114440;5;1;70;12;2019;7;17;6;3;5;3;0;1;1;0;0;0;0;334411,577028242870000;5730325,291157564100000;6,603804972000035;51,699415978000047;0
114441;5;1;58;20;2019;7;10;6;3;5;3;0;1;1;0;0;0;0;355983,489000000990000;5665463,000000001900000;6,942076324000027;51,122514945000034;0
114448;5;1;62;4;2019;7;23;6;3;5;3;2;1;1;0;0;0;0;343764,232558874410000;5663871,137519355900000;6,768295108000075;51,105009460000076;1
114449;5;1;62;24;2019;7;21;6;3;0;1;2;1;0;0;0;0;0;340717,341896613130000;5672780,478129247200000;6,720868236000058;51,184222922000060;1
114461;5;1;11;0;2019;7;13;6;3;5;3;0;1;1;0;0;0;0;351305,733906094920000;5675586,919812589900000;6,871096084000044;51,212293929000055;0
114462;5;1;11;0;2019;7;11;6;3;5;3;0;1;1;0;0;0;0;344421,515075418170000;5677998,743622629000000;6,771563965000041;51,232131123000045;0
114474;5;7;54;28;2019;7;16;6;3;0;7;0;1;0;0;0;0;0;455492,290026778360000;5742805,061997972400000;8,354056358000037;51,834290621000036;1
114478;5;7;11;0;2019;7;15;6;3;5;2;0;1;1;0;0;0;0;483082,729999999520000;5758766,576000001300000;8,753687445000026;51,979318212000067;0
114480;5;7;66;20;2019;7;9;6;2;5;3;0;1;1;0;0;0;0;488206,660000001080000;5755386,936000002500000;8,828406619000020;51,949064353000040;0
114481;5;7;66;44;2019;7;19;6;3;5;3;0;1;1;0;0;0;0;494000,934800080960000;5763959,107791595200000;8,912563337000051;52,026229146000048;1
114485;5;9;78;36;2019;7;16;6;2;5;3;0;1;1;0;0;0;0;407466,126110242680000;5711734,458304381000000;7,665441702000067;51,549105920000045;0
114489;5;9;74;48;2019;7;22;6;2;1;1;2;1;1;0;0;0;0;433081,011383146050000;5714465,714241556800000;8,034281917000044;51,577280667000082;1
114491;5;9;70;44;2019;7;11;6;3;5;3;0;1;1;0;0;0;0;436878,874343791980000;5629669,935561990400000;8,103994146000048;50,815313359000072;0
114493;5;9;58;4;2019;7;14;6;3;4;6;0;1;0;0;0;0;0;429720,896999999880000;5696114,710999999200000;7,989454461000037;51,411890111000048;0
114515;5;5;66;76;2019;7;18;5;3;5;3;0;1;1;0;0;0;0;393999,901723121290000;5793072,779284000400000;7,446263526000053;52,277792480000073;1
114516;5;5;66;76;2019;7;16;5;3;5;2;0;1;1;0;0;0;0;393647,850848465230000;5794099,446637919200000;7,440781373000050;52,286951344000045;1
114517;5;5;66;76;2019;7;17;5;2;5;2;0;1;1;0;0;0;0;394798,490133137440000;5792564,191801339400000;7,458123179000040;52,273375069000053;1
114518;5;5;58;24;2019;7;17;5;3;5;3;0;1;1;0;0;0;0;393187,338140002450000;5736363,180136036100000;7,452057252000031;51,767951896000056;1
114519;5;5;58;28;2019;7;18;5;3;3;6;0;1;0;0;0;0;0;399722,810000000520000;5729929,395000001400000;7,548590622000063;51,711330820000057;1
114522;5;5;54;16;2019;7;13;5;2;3;6;0;1;0;0;0;0;1;362881,276505414400000;5758169,870173379800000;7,004457762000072;51,957299759000080;0
114532;5;5;13;0;2019;7;17;5;2;5;2;0;1;1;0;0;0;0;366520,343000002210000;5708074,252000002200000;7,076596643000073;51,508013531000074;1
114539;5;3;78;16;2019;7;18;5;2;0;3;0;1;1;0;0;0;0;361088,145177889620000;5663237,379919283100000;7,015828635000048;51,103773988000057;1
114545;5;3;15;0;2019;7;18;5;3;5;3;0;1;1;0;0;0;0;359948,346483413130000;5648937,034393021800000;7,005087403000061;50,974979910000059;0
114555;5;1;66;12;2019;7;16;5;3;5;2;0;1;0;0;0;1;0;324763,616000001320000;5698699,900000004100000;6,480091370000025;51,412399676000064;0
114556;5;1;66;20;2019;7;13;5;1;5;3;0;1;1;0;0;0;0;304029,542269145140000;5677959,440516309800000;6,193696674000023;51,219340620000025;0
114587;5;5;66;72;2019;7;14;4;2;5;3;0;1;1;0;0;0;0;413073,921776470730000;5805735,065105883400000;7,722489081000049;52,394950987000072;0
114594;5;5;54;56;2019;7;16;4;3;2;6;0;1;0;0;0;0;0;353817,711698921400000;5762858,418469186900000;6,870650404000060;51,997116829000049;0
114596;5;5;15;0;2019;7;15;4;3;5;2;0;1;1;0;0;0;0;405376,298353540710000;5761220,164067640900000;7,621826661000057;51,993573072000061;0
114600;5;5;13;0;2019;7;13;4;3;4;2;0;1;1;0;0;0;0;368923,119341705930000;5708530,886107755800000;7,111029772000052;51,512679683000044;0
114601;5;3;70;16;2019;7;10;4;3;3;3;0;1;1;0;0;0;0;299249,364440552890000;5659755,158622697000000;6,135478244000069;51,054187418000026;0
114605;5;3;78;28;2019;7;15;4;3;5;3;0;1;1;0;0;0;0;371698,464175805450000;5642310,965104889100000;7,174696888000028;50,918162556000027;0
114608;5;3;15;0;2019;7;9;4;3;0;1;0;1;0;0;0;0;0;363228,422264688650000;5639502,332049995700000;7,055320654000070;50,890974732000075;0
114609;5;3;15;0;2019;7;13;4;3;3;5;0;1;1;0;0;0;0;364774,544963764960000;5645506,655963337000000;7,075064864000069;50,945302949000052;0
114610;5;3;15;0;2019;7;17;4;3;3;5;0;1;1;0;0;0;0;359524,338409164920000;5644800,124150062000000;7,000648349000073;50,937697883000055;0
114611;5;3;15;0;2019;7;9;4;3;5;2;0;1;1;0;0;0;0;360458,054739047770000;5647586,281748898300000;7,012861301000044;50,962964247000059;0
114612;5;3;15;0;2019;7;13;4;3;3;2;0;1;1;0;0;0;0;356350,083394572140000;5647501,622718978700000;6,954434709000054;50,961193851000075;0
114613;5;3;15;0;2019;7;6;4;3;5;3;0;1;1;0;0;0;0;349063,879316136240000;5643064,886468136700000;6,852593874000036;50,919461612000077;0
114614;5;3;15;0;2019;7;11;4;3;5;2;0;1;1;0;0;0;0;354260,253537779670000;5640287,685841532400000;6,927580288000058;50,895839449000050;0
114618;5;1;70;24;2019;7;16;4;2;5;2;0;1;1;0;0;0;0;336102,241385613570000;5701499,647395346300000;6,641692805000048;51,440943989000061;0
114622;5;1;66;12;2019;7;16;4;3;5;3;0;1;1;0;0;0;0;319932,005699899050000;5691530,871640337600000;6,414320990000022;51,346488573000045;0
114626;5;1;19;0;2019;7;20;4;3;5;3;0;1;1;0;0;0;0;351556,993957884610000;5706429,980966769200000;6,861824266000042;51,489506672000061;0
114627;5;1;16;0;2019;7;10;4;2;6;6;0;1;0;1;0;0;0;320989,662999999710000;5675162,446000002300000;6,437688873000070;51,199784276000059;0
114638;5;1;13;0;2019;7;23;4;3;9;7;2;1;0;0;0;0;0;366882,898604487070000;5703860,559720793700000;7,083406746000037;51,470231845000058;0
114645;5;1;11;0;2019;7;18;4;3;5;7;0;1;0;0;0;0;0;344442,089477431030000;5678054,163669368300000;6,771834363000039;51,232634699000073;0
114649;5;7;54;28;2019;7;13;4;3;5;3;0;1;1;0;0;0;0;452534,178112759250000;5744160,544253073600000;8,310942291000060;51,846233578000067;0
114650;5;7;54;40;2019;7;15;4;2;0;1;0;1;0;0;0;0;0;460845,376533724370000;5759388,421880153900000;8,429856816000040;51,983786830000042;0
114652;5;7;66;20;2019;7;11;4;3;5;3;0;1;0;0;0;1;0;492827,106731948440000;5757514,992405319600000;8,895589633000043;51,968276503000027;0
114653;5;7;11;0;2019;7;16;4;3;1;3;0;1;1;0;0;0;0;473216,835195490160000;5760286,619133977200000;8,609925933000056;51,992596567000078;0
114666;5;9;15;0;2019;7;12;4;3;0;1;0;1;0;0;0;0;0;417278,755941570740000;5725439,156036078900000;7,803693565000060;51,673829685000044;0
114667;5;9;13;0;2019;7;13;4;3;3;7;0;1;1;0;0;0;0;395251,558977818120000;5708072,954605080200000;7,490429799000026;51,514058938000062;0
114678;5;5;58;8;2019;7;16;3;2;4;3;0;1;1;0;0;0;0;382817,409308218400000;5760409,095435548600000;7,293680930000051;51,981982459000051;0
114681;5;5;15;0;2019;7;10;3;3;3;6;0;1;0;0;0;0;0;405969,819152290930000;5757858,055288447100000;7,631389839000065;51,963453831000038;0
114689;5;3;78;12;2019;7;15;3;3;5;3;0;1;0;0;0;0;1;379005,083870340140000;5657307,357039308200000;7,273599854000054;51,054535192000060;0
114694;5;3;62;32;2019;7;18;3;3;0;1;0;1;0;0;0;0;1;330017,821000368330000;5636867,270344175400000;6,584746991000031;50,858482554000034;0
114696;5;3;62;8;2019;7;16;3;3;5;3;0;1;1;0;0;0;0;337304,478718584400000;5650001,242622720100000;6,682331796000028;50,978590879000080;0
114697;5;3;15;0;2019;7;18;3;3;5;3;0;1;0;0;0;0;0;362720,170384100640000;5645198,013384426000000;7,045955208000066;50,942043530000035;0
114700;5;3;15;0;2019;7;17;3;3;5;3;0;1;1;0;0;0;0;359509,216361091470000;5646712,952778171700000;6,999695350000025;50,954884981000077;0
114701;5;3;15;0;2019;7;16;3;2;0;1;0;1;0;0;0;0;0;359329,614022460770000;5647724,904735051100000;6,996748674000060;50,963935645000049;0
114702;5;3;15;0;2019;7;18;3;3;5;3;0;1;1;0;0;0;0;356159,756998712200000;5648785,800641385800000;6,951218523000023;50,972687017000055;0
114703;5;3;15;0;2019;7;17;3;3;5;3;0;1;1;0;0;0;0;348296,347830072050000;5648464,329865789000000;6,839433500000041;50,967780791000052;0
114704;5;3;15;0;2019;7;9;3;3;3;6;0;1;0;0;0;0;0;355210,236053760160000;5646647,281636202700000;6,938554423000028;50,953230805000032;0
114705;5;3;15;0;2019;7;16;3;2;3;6;0;1;0;0;0;0;0;354238,709354112860000;5645141,585324667400000;6,925334606000035;50,939454707000039;0
114706;5;3;14;0;2019;7;15;3;3;5;3;0;1;1;0;0;0;0;362852,234246456060000;5620413,018797230000000;7,057106473000033;50,719318272000066;0
114708;5;1;70;52;2019;7;16;3;3;0;6;0;1;0;0;0;0;0;323734,708018345760000;5727431,453224958900000;6,450923316000058;51,670170831000064;0
114709;5;1;70;20;2019;7;14;3;3;5;3;0;1;1;0;0;0;0;329788,483914790680000;5706159,421630969300000;6,548689564000028;51,480943496000066;0
114711;5;1;58;16;2019;7;20;3;3;0;3;0;1;1;0;0;0;0;353412,365061538290000;5671003,751016682000000;6,903106435000041;51,171653431000038;0
114715;5;1;54;36;2019;7;13;3;3;1;5;0;1;1;0;0;0;0;303903,116349377670000;5742339,207292884600000;6,156090130000052;51,797477060000062;0
114717;5;1;66;36;2019;7;17;3;3;5;3;0;1;0;0;1;0;0;329361,608257041310000;5682575,726597875400000;6,553872057000035;51,268946496000069;0
114720;5;1;62;22;2019;7;8;3;3;5;2;0;1;1;0;0;0;0;334429,900372569450000;5682307,095247238900000;6,626583302000029;51,268027904000064;0
114721;5;1;19;0;2019;7;17;3;3;3;2;0;1;1;0;0;0;0;351546,226858997720000;5706533,499064484600000;6,861625759000049;51,490434004000065;0
114723;5;1;19;0;2019;7;20;3;3;5;2;0;1;1;0;0;0;0;351155,049607621510000;5704653,617258621400000;6,856787633000067;51,473439573000064;0
114725;5;1;16;0;2019;7;18;3;2;1;7;0;1;1;0;0;0;0;321090,398000000980000;5673112,544000003500000;6,440150335000055;51,181401108000045;0
114726;5;1;16;0;2019;7;16;3;3;5;3;0;1;1;0;0;0;0;319817,491522246040000;5674800,536812333400000;6,421110489000057;51,196164782000039;0
114727;5;1;16;0;2019;7;12;3;3;4;6;0;1;1;0;0;0;0;316397,815371785310000;5671264,204034788500000;6,374027065000064;51,163310289000037;0
114733;5;1;24;0;2019;7;13;3;2;5;3;0;1;1;0;0;0;0;369729,147345911710000;5679616,512544166300000;7,133244119000040;51,253009616000043;0
114742;5;1;11;0;2019;7;9;3;3;0;7;0;1;0;0;0;0;0;353114,560999999750000;5667940,690000005100000;6,900099936000061;51,144051719000061;0
114749;5;7;54;36;2019;7;14;3;3;5;3;0;1;1;0;0;0;0;475866,884236911310000;5750651,266628587600000;8,649197406000042;51,906087881000076;0
114752;5;7;11;0;2019;7;9;3;3;5;3;0;1;1;0;0;0;0;463308,577896533530000;5758002,510104574300000;8,465870751000068;51,971494808000045;0
114755;5;9;78;28;2019;7;16;3;3;5;2;0;1;1;0;0;0;0;401661,121163289990000;5700675,355896238200000;7,584829116000037;51,448713994000059;0
114759;5;9;13;0;2019;7;18;3;3;1;5;0;1;1;0;0;0;0;394332,982339903710000;5709312,290366061000000;7,476825208000037;51,525027663000060;0
114762;5;9;11;0;2019;7;17;3;3;4;2;0;1;1;0;0;0;0;381255,692000001670000;5706891,734999999400000;7,289218756000025;51,500674200000049;0
114776;5;5;58;36;2019;7;14;2;3;5;3;0;1;1;0;0;0;0;387034,019718711260000;5728465,623011864700000;7,365483728000072;51,695763218000081;0
114779;5;5;58;40;2019;7;17;2;3;5;3;0;1;1;0;0;0;0;381665,954402150590000;5764600,874314950800000;7,275475101000041;52,019409443000029;0
114781;5;5;15;0;2019;7;19;2;3;0;1;0;1;0;1;0;0;0;403591,744731763380000;5758065,669595107400000;7,596729740000058;51,964912629000082;0
114782;5;5;15;0;2019;7;14;2;3;5;3;0;1;0;0;0;0;1;405874,410092765470000;5753185,484560344400000;7,631280674000038;51,921438392000027;0
114783;5;5;62;12;2019;7;10;2;3;5;3;0;1;1;0;0;0;0;362785,410543430600000;5731690,626438662400000;7,013565812000024;51,719339721000040;0
114787;5;5;62;20;2019;7;16;2;2;4;6;0;1;0;0;0;0;0;371533,715000936760000;5717356,181250572200000;7,145406631000071;51,592591712000058;0
114793;5;3;58;8;2019;7;14;2;3;5;3;0;1;1;0;0;0;0;324472,524000002070000;5631704,267000000900000;6,508505413000023;50,810440477000043;0
114796;5;3;62;24;2019;7;17;2;3;5;3;0;1;1;0;0;0;1;347113,448871229780000;5642347,161957740800000;6,825166621000051;50,912498575000029;0
114797;5;3;15;0;2019;7;20;2;3;6;6;0;1;0;1;0;0;0;362689,048929658720000;5645187,589695522600000;7,045516429000031;50,941942437000080;0
114798;5;3;15;0;2019;7;16;2;3;4;6;0;1;0;0;0;0;0;357884,093549748880000;5646647,137928891900000;6,976597924000032;50,953895048000049;0
114801;5;1;70;16;2019;7;14;2;2;5;3;0;1;0;0;0;0;1;344628,817999999040000;5718495,899000000200000;6,756784282000069;51,596055241000045;0
114804;5;1;54;16;2019;7;8;2;3;5;3;0;1;1;0;0;0;0;300572,664230464030000;5730614,951259434200000;6,114576121000027;51,691016819000026;0
114812;5;1;13;0;2019;7;11;2;3;5;3;0;1;1;0;0;0;0;361563,166775028220000;5704054,519370034300000;7,006787213000052;51,470698373000062;0
114814;5;1;12;0;2019;7;9;2;3;0;7;0;1;0;0;0;0;0;343982,873999999840000;5699751,967000000200000;6,755760421000048;51,427466603000028;0
114815;5;9;58;40;2019;7;12;5;3;8;1;0;1;0;0;0;0;0;451983,093273568900000;5666220,307102337500000;8,313550669000051;51,145419650000065;0
114820;5;7;74;32;2019;7;18;2;3;0;2;0;1;1;0;0;0;0;478772,880653094500000;5730996,454031610900000;8,692643419000035;51,729487648000031;0
114824;5;9;74;56;2019;7;12;5;2;0;7;0;1;0;0;0;0;0;421638,204190543850000;5704817,385752294200000;7,871328416000040;51,489068194000026;0
114832;5;9;70;40;2019;7;14;2;3;2;6;0;1;0;0;0;0;1;428851,438036250880000;5635488,467936022200000;7,988932299000055;50,866699187000052;0
114834;5;9;62;28;2019;7;20;2;3;0;1;0;1;0;0;0;0;0;401205,670922599730000;5665706,050485093100000;7,587953641000070;51,134285222000074;0
114850;5;5;70;28;2019;7;11;1;3;1;5;0;1;1;0;0;0;0;441166,449438516980000;5742708,188262119900000;8,146182745000033;51,832094312000038;0
114853;5;5;66;28;2019;7;15;1;3;4;1;0;1;0;0;0;0;0;415442,377316448840000;5792045,767372569100000;7,760732384000050;52,272277957000028;0
114854;5;5;15;0;2019;7;15;1;3;1;5;0;1;1;0;0;0;0;405651,455397680400000;5756978,471612621100000;7,626999077000050;51,955493810000064;0
114863;5;7;66;40;2019;7;8;5;3;2;7;0;1;0;0;0;0;1;485485,395523465240000;5759985,639172654600000;8,788617975000022;51,990346677000048;0
114866;5;3;58;32;2019;7;18;1;2;0;6;0;1;0;0;0;0;0;312322,058370717800000;5633947,673225501600000;6,335082831000023;50,826784528000076;0
114871;5;3;34;2;2019;7;19;1;2;0;1;0;1;0;0;0;0;0;298297,045141237790000;5623430,547138860400000;6,141959568000061;50,727608156000031;0
114873;5;9;74;32;2019;7;16;5;3;1;1;0;1;1;0;0;0;0;435896,806220438330000;5708469,651676526300000;8,076004060000059;51,523700482000038;0
114876;5;9;74;28;2019;7;13;5;3;5;2;0;1;1;0;0;0;0;447751,217814638280000;5722960,264499202400000;8,244700657000067;51,655204092000076;0
114878;5;5;62;14;2019;7;10;7;2;0;1;0;1;0;0;0;0;0;360630,865457589740000;5716476,776174074000000;6,988458021000042;51,582097830000066;0
114879;5;5;62;14;2019;7;14;7;3;0;2;0;1;0;0;0;0;0;359920,516194785010000;5715650,054263874900000;6,978542002000040;51,574492799000041;0
114887;5;3;74;12;2019;7;10;7;2;9;1;0;1;0;0;0;0;0;403251,936317981220000;5656638,626430992000000;7,619620697000073;51,053120854000042;0