OBJECTID;ULAND;UREGBEZ;UKREIS;UGEMEINDE;UJAHR;UMONAT;USTUNDE;UWOCHENTAG;UKATEGORIE;UART;UTYP1;ULICHTVERH;IstRad;IstPKW;IstFuss;IstKrad;IstGkfz;IstSonstige;LINREFX;LINREFY;XGCSWGS84;YGCSWGS84;STRZUSTAND
114896;5;3;15;0;2019;7;3;7;3;1;5;2;1;1;0;0;0;0;355196,893770501950000;5644601,153554542000000;6,939178043000027;50,934839386000078;0
114897;5;3;82;4;2019;7;18;7;3;0;1;0;1;0;0;0;0;0;360035,932887983510000;5616357,088812161200000;7,018771899000058;50,682193815000062;0
114901;5;1;70;48;2019;7;2;7;3;5;3;2;1;0;0;1;0;0;335742,092241230420000;5725785,859705966000000;6,625176029000045;51,659025971000062;0
114906;5;1;62;24;2019;7;6;7;3;0;1;0;1;0;0;0;0;0;338965,594783443960000;5669374,237849906100000;6,697349927000062;51,153127198000050;0
114911;5;1;16;0;2019;7;12;7;3;5;3;0;1;1;0;0;0;0;320993,444955347110000;5669055,697576349600000;6,440783348000025;51,144927045000031;0
114927;5;7;66;40;2019;7;15;7;3;5;1;0;1;1;0;0;0;0;488547,319117483680000;5757493,842471096700000;8,833292948000064;51,968014635000031;0
114939;5;9;15;0;2019;7;14;7;2;5;3;0;1;1;0;0;0;0;417093,030089807700000;5728777,283640388400000;7,800215111000057;51,703810285000031;1
114946;5;9;13;0;2019;7;13;7;3;0;2;0;1;1;0;0;0;0;397926,624692497770000;5713886,413245035300000;7,527281297000059;51,566804024000078;0
114947;5;9;78;24;2019;7;13;7;3;5;3;0;1;1;0;0;0;0;392012,633803372270000;5717207,585451778000000;7,440965650000067;51,595554073000073;0
114948;5;9;13;0;2019;7;13;7;3;5;2;0;1;1;0;0;0;0;393832,497656728140000;5708711,006237985600000;7,469794744000069;51,519529160000047;0
114966;5;5;66;28;2019;7;17;6;3;5;3;0;1;1;0;0;0;0;411111,450365828350000;5794819,379567449900000;7,696544680000045;52,296524621000060;0
114967;5;5;66;76;2019;7;16;6;3;5;2;0;1;1;0;0;0;0;391225,489000000060000;5795226,911000000300000;7,404918112000075;52,296609771000078;0
114968;5;5;66;76;2019;7;10;6;3;5;2;0;1;0;0;0;0;1;396227,652681835000000;5788361,972407285100000;7,480353033000029;52,235879641000054;0
114975;5;5;15;0;2019;7;18;6;3;3;2;0;1;1;0;0;0;0;406900,451306496750000;5761080,863112278300000;7,644056665000051;51,992578581000032;0
114976;5;5;15;0;2019;7;9;6;3;5;3;0;1;1;0;0;0;0;411394,594979117620000;5761091,630501482600000;7,709490189000064;51,993410584000060;0
114977;5;5;15;0;2019;7;19;6;3;5;3;0;1;1;0;0;0;0;404990,934623905460000;5758202,204158026700000;7,617051411000034;51,966380748000063;0
114979;5;5;62;4;2019;7;15;6;3;5;2;0;1;1;0;0;0;0;383656,483638659120000;5709827,574285598500000;7,322822510000037;51,527560371000050;0
114980;5;5;12;0;2019;7;9;6;3;5;3;0;1;1;0;0;0;0;355104,351402423340000;5709381,625784942900000;6,911671064000075;51,516949515000078;0
114981;5;5;12;0;2019;7;7;6;2;5;2;0;1;1;0;0;0;0;354044,924319549460000;5709766,799516161900000;6,896253437000041;51,520137822000038;0
114982;5;5;13;0;2019;7;20;6;3;5;3;0;1;1;0;0;0;0;365847,622000000440000;5715700,517000002800000;7,064001845000064;51,576387908000072;0
114986;5;3;58;8;2019;7;17;6;3;5;2;0;1;1;0;0;0;0;321401,760506823660000;5628968,623390568400000;6,466293250000035;50,784924896000064;0
114987;5;3;34;2;2019;7;16;6;3;0;7;0;1;0;0;0;0;0;293133,665000000040000;5628407,177000001100000;6,066103027000054;50,770488553000064;0
114988;5;3;82;56;2019;7;8;6;2;5;3;0;1;1;0;0;0;0;374548,030182873830000;5623421,694593314100000;7,221681013000023;50,749004680000041;1
114989;5;3;82;68;2019;7;6;6;2;5;3;0;1;1;0;0;0;0;369191,136000001800000;5629871,236000001400000;7,143492648000063;50,805791618000057;1
115005;5;3;15;0;2019;7;8;6;2;3;2;0;1;0;0;0;0;1;354588,505314198320000;5645692,923677194900000;6,930089800000076;50,944497745000035;1
115013;5;1;66;32;2019;7;18;6;3;0;1;0;1;0;0;0;0;0;318610,048668581990000;5681223,409359268800000;6,400597667000056;51,253478832000042;0
115015;5;1;19;0;2019;7;11;6;2;3;6;0;1;0;0;0;0;1;349240,022738433440000;5702753,390857163800000;6,830044717000021;51,455858399000078;0
115016;5;1;16;0;2019;7;20;6;2;1;3;0;1;1;0;0;0;0;323739,708127228540000;5675568,606222817700000;6,476811665000071;51,204287977000035;0
115017;5;1;16;0;2019;7;17;6;3;5;2;0;1;1;0;0;0;0;321275,902179251420000;5674211,170335009700000;6,442255150000051;51,191328356000042;0
115018;5;1;14;0;2019;7;13;6;3;5;2;0;1;1;0;0;0;0;330762,925999999980000;5690650,878000000500000;6,570110480000039;51,341911044000028;0
115022;5;1;13;0;2019;7;14;6;3;5;2;0;1;1;0;0;0;0;366802,756490051750000;5703779,762894555900000;7,082284023000057;51,469486886000027;0
115023;5;1;12;0;2019;7;23;6;2;0;1;2;1;0;0;0;0;0;343977,244732868860000;5693985,129297873000000;6,758215345000053;51,375650115000042;0
115024;5;1;12;0;2019;7;18;6;3;5;3;0;1;1;0;0;0;0;338342,377220231110000;5701255,774071833100000;6,674008486000048;51,439396647000081;0
115027;5;1;11;0;2019;7;13;6;3;5;3;0;1;1;0;0;0;0;346748,563776161520000;5680541,112066010000000;6,803780914000072;51,255605268000068;0
115029;5;1;11;0;2019;7;15;6;3;5;2;0;1;0;0;0;0;1;345925,752313866280000;5680308,856278289100000;6,792098721000059;51,253296615000068;0
115033;5;7;58;24;2019;7;17;6;3;5;2;0;1;1;0;0;0;0;480255,025000001300000;5782992,575000001100000;8,711113954000041;52,197033833000035;0
115035;5;7;54;8;2019;7;19;6;3;5;3;0;1;1;0;0;0;0;461274,040089248680000;5753030,426973870000000;8,436815048000028;51,926654741000050;0
115037;5;7;54;8;2019;7;12;6;3;5;3;0;1;0;0;0;0;0;455918,764067597690000;5751037,330191776200000;8,359194298000034;51,908337429000028;0
115040;5;7;66;8;2019;7;11;6;3;5;3;0;1;1;0;0;0;0;481548,587763914840000;5770341,926781456900000;8,730726432000040;52,083341175000044;0
115043;5;7;11;0;2019;7;13;6;3;4;2;0;1;1;0;0;0;0;467315,513036083430000;5765221,294966509600000;8,523510033000036;52,036646416000053;0
115052;5;9;78;16;2019;7;7;6;3;5;3;0;1;1;0;0;0;0;404422,201000002210000;5705182,929000001400000;7,623331539000049;51,489706165000030;0
115061;5;9;74;32;2019;7;15;6;3;4;6;0;1;0;0;0;0;0;437351,298398180860000;5702408,660183372000000;8,098042779000025;51,469371667000075;0
115067;5;5;70;8;2019;7;15;1;3;4;2;0;1;1;0;0;0;0;433105,224000001330000;5734410,735000001300000;8,030812337000043;51,756593029000044;0
115069;5;5;66;4;2019;7;11;1;3;5;3;0;1;1;0;0;0;0;394798,539139988830000;5767074,303231362300000;7,466021534000049;52,044285389000038;0
115070;5;9;70;8;2019;7;16;6;2;3;6;0;1;1;0;0;0;0;439867,191489569840000;5622911,617725741100000;8,147514091000062;50,754861700000049;0
115071;5;5;58;16;2019;7;11;1;2;5;3;0;1;0;0;1;0;0;375921,679999999700000;5743214,149000002100000;7,199513749000062;51,825960365000071;0
115073;5;5;54;64;2019;7;15;1;3;5;3;0;1;1;0;0;0;0;355816,846000000830000;5750157,234999999400000;6,905074135000064;51,883519102000037;0
115075;5;5;54;48;2019;7;2;1;3;0;7;2;1;0;0;0;0;0;340017,689763911070000;5745487,013264048800000;6,677874395000060;51,837254002000066;0
115079;5;9;62;8;2019;7;5;6;2;5;3;2;1;1;0;0;0;0;418761,398759911770000;5685601,210111282800000;7,834302493000052;51,315908590000049;1
115080;5;5;15;0;2019;7;18;1;3;5;3;0;1;1;0;0;0;0;403184,803690201600000;5759054,182788036800000;7,590529678000053;51,973726944000077;0
115088;5;3;58;8;2019;7;1;1;3;5;2;2;1;1;0;0;0;0;322913,253749139610000;5630587,160903962300000;6,486934053000027;50,799929698000028;0
115089;5;9;13;0;2019;7;10;6;3;6;4;0;1;0;1;0;0;0;393981,761327756570000;5707840,855978669600000;7,472207016000027;51,511735848000058;0
115090;5;3;34;36;2019;7;1;1;3;6;6;2;1;0;1;0;0;0;299237,950937036420000;5632065,566011810700000;6,150563251000051;50,805491587000063;0
115092;5;3;34;4;2019;7;16;1;3;9;1;0;1;1;0;0;0;0;299180,690549543130000;5641520,962403997800000;6,144567709000057;50,890396134000071;0
115103;5;3;82;28;2019;7;16;1;2;5;3;0;1;0;0;1;0;0;376830,991505297830000;5637335,016529765000000;7,249356601000045;50,874554859000057;0
115107;5;3;78;24;2019;7;12;1;2;1;6;0;1;0;0;0;0;0;379979,159288277850000;5644347,224470654500000;7,291775271000063;50,938247517000036;0
115117;5;3;82;48;2019;7;13;1;2;0;7;0;1;0;0;0;0;0;352387,722000000070000;5604939,563000001000000;6,915129164000064;50,577693525000029;0
115120;5;5;15;0;2019;7;14;5;3;4;2;0;1;1;0;0;0;0;406335,295321188870000;5756776,308464903400000;7,637002667000047;51,953792272000044;0
115122;5;1;54;36;2019;7;12;1;2;5;2;0;1;1;0;0;0;0;298525,299933996980000;5736260,990357633700000;6,081730655000058;51,740985900000055;0
115124;5;1;54;40;2019;7;11;1;2;5;3;0;1;0;0;0;0;0;298282,256000000050000;5741321,497000003200000;6,075277864000043;51,786339864000070;0
115125;5;5;62;24;2019;7;11;5;3;5;2;0;1;1;0;0;0;0;370292,555237217810000;5726989,090837325900000;7,123929489000034;51,678875430000062;0
115126;5;1;66;32;2019;7;16;1;3;0;2;0;1;1;0;0;0;0;317510,160730640400000;5681463,446239389500000;6,384730915000034;51,255284126000049;0
115127;5;5;62;32;2019;7;19;5;3;5;3;0;1;1;0;0;0;0;374221,704141823570000;5715330,396246135200000;7,184916130000033;51,574992352000038;0
115128;5;1;62;24;2019;7;16;1;2;5;3;0;1;0;0;0;0;1;336850,851000000720000;5676402,103000002000000;6,663946314000043;51,215671822000047;0
115131;5;1;24;0;2019;7;17;1;3;0;1;0;1;0;0;0;0;0;373729,513068185190000;5678401,642018765200000;7,190966008000032;51,242990695000060;0
115137;5;3;78;8;2019;7;13;5;3;5;3;0;1;1;0;0;0;0;369452,796630985100000;5661066,699787700500000;7,136021440000036;51,086230758000056;0
115139;5;1;11;0;2019;7;12;1;3;2;6;0;1;1;0;0;0;0;341476,007264998740000;5679948,287577040500000;6,728546083000026;51,248837308000077;0
115143;5;7;74;36;2019;7;14;1;3;0;7;0;1;0;0;0;0;0;473608,087483247740000;5724489,163536235700000;8,618354305000025;51,670759800000042;0
115148;5;7;54;8;2019;7;18;1;3;4;6;0;1;0;0;0;0;0;453916,030377092770000;5756157,701303100200000;8,329396960000054;51,954209765000030;0
115149;5;1;11;0;2019;7;19;5;2;4;6;0;1;0;0;0;0;0;347366,961696534420000;5675230,437234627100000;6,814898492000054;51,208051592000061;0
115155;5;3;66;40;2019;7;18;5;3;5;3;0;1;1;0;0;0;0;347442,126686378380000;5624056,291414154700000;6,837450011000044;50,748217765000049;0
115159;5;9;74;40;2019;7;12;1;2;0;1;0;1;0;0;0;0;0;435123,496208555070000;5715899,857183609200000;8,063487982000027;51,590412982000032;0
115160;5;3;15;0;2019;7;8;5;2;5;3;0;1;1;0;0;0;0;357709,960166736510000;5646909,858164569400000;6,974017625000045;50,956213135000041;0
115166;5;9;58;44;2019;7;13;1;2;0;1;0;1;0;0;0;0;0;425400,499047699380000;5683744,607566168500000;7,929937015000064;51,300126219000049;0
115167;5;3;82;24;2019;7;18;5;3;5;3;0;1;1;0;0;0;0;379128,891999999990000;5618202,401999998800000;7,288295310000024;50,703060876000052;0
115168;5;1;58;28;2019;7;11;5;3;5;7;0;1;0;0;0;0;1;356901,163425009700000;5684576,671249885100000;6,947556546000044;51,294508460000031;0
115173;5;9;54;24;2019;7;0;1;2;0;1;2;1;0;0;0;0;0;379924,838999998760000;5682853,541999999400000;7,278185426000050;51,284342313000082;0
115177;5;1;66;16;2019;7;18;5;3;2;2;0;1;1;0;0;0;0;310281,898980754430000;5687922,918734191000000;6,277835297000024;51,310943769000062;0
115183;5;9;13;0;2019;7;21;1;3;2;6;1;1;1;0;0;0;0;394635,696630042980000;5709013,583942268000000;7,481276477000051;51,522399294000081;0
115193;5;1;24;0;2019;7;19;5;3;4;2;0;1;1;0;0;0;0;370445,792450590060000;5678366,957230838000000;7,143959961000064;51,241942641000037;0
115201;5;5;70;40;2019;7;13;7;3;0;1;0;1;0;0;0;0;0;419227,579324304130000;5740500,966200854600000;7,828373588000034;51,809511137000072;0
115203;5;1;11;0;2019;7;8;5;3;3;6;0;1;1;0;0;0;0;345353,821885498240000;5676111,753154171600000;6,785721262000038;51,215429104000066;0
115206;5;1;11;0;2019;7;14;5;3;5;3;0;1;1;0;0;0;0;346918,321173819710000;5676561,340406915200000;6,807912715000043;51,219890469000063;0
115207;5;5;66;84;2019;7;18;7;2;5;3;0;1;1;0;0;0;0;390500,944286539220000;5774606,675731783700000;7,400965078000070;52,111149162000061;0
115211;5;5;58;16;2019;7;11;7;2;0;3;0;1;1;0;0;0;0;381932,067997865380000;5750339,054843109100000;7,284252021000043;51,891295437000053;0
115215;5;5;15;0;2019;7;8;7;3;3;7;0;1;1;0;0;0;0;405227,975999999790000;5750450,798000002300000;7,622635816000070;51,896748014000082;0
115219;5;7;70;20;2019;7;19;5;2;0;3;0;1;1;0;0;0;0;469398,275078152310000;5798665,591772269500000;8,550853022000069;52,337442784000075;0
115223;5;5;54;68;2019;7;9;4;3;5;3;0;1;1;0;0;0;0;349535,111629523340000;5766507,790195040400000;6,806713709000064;52,028760246000047;0
115224;5;5;54;40;2019;7;10;4;2;0;6;0;1;0;0;0;0;0;346868,465166790410000;5736669,691132772700000;6,781123966000052;51,759955092000041;0
115226;5;5;15;0;2019;7;18;4;3;2;1;0;1;0;0;0;0;0;405393,224725977520000;5755968,130380913600000;7,623520488000054;51,946368551000035;0
115227;5;5;15;0;2019;7;14;4;3;5;6;0;1;0;0;0;0;0;405556,933011701330000;5754434,426304601100000;7,626322803000051;51,932610724000028;0
115231;5;3;70;12;2019;7;6;4;3;5;3;0;1;1;0;0;0;0;297069,796145922500000;5650094,854223202900000;6,109821765000049;50,966662194000037;0
115236;5;3;82;20;2019;7;22;4;3;0;4;2;1;0;1;0;0;0;378983,602051174270000;5626256,479485206300000;7,283593717000031;50,775427721000028;0
115238;5;3;78;28;2019;7;16;4;3;3;3;0;1;1;0;0;0;0;372157,023000000980000;5640569,867000000600000;7,181827095000074;50,902615159000050;0
115242;5;3;62;24;2019;7;15;4;3;5;2;0;1;1;0;0;0;0;346218,690199138600000;5641728,608759086600000;6,812709073000065;50,906702510000059;0
115244;5;3;15;0;2019;7;6;4;3;0;1;0;1;0;0;0;0;0;356420,892580050040000;5647074,460226094400000;6,955610873000069;50,957372662000068;0
115245;5;3;15;0;2019;7;0;4;3;0;1;2;1;0;0;0;0;0;353936,609660657120000;5646738,022844357400000;6,920397465000065;50,953724897000029;0
115247;5;3;82;4;2019;7;21;4;3;1;5;0;1;1;0;0;0;0;360556,316583652980000;5621223,593451365800000;7,024295546000076;50,726057006000076;0
115249;5;3;14;0;2019;7;18;4;3;6;4;0;1;0;1;1;0;0;365371,778632769360000;5622990,368757512400000;7,091836917000023;50,743072468000037;0
115250;5;1;70;8;2019;7;20;4;3;5;2;0;1;1;0;0;0;0;342749,974591803740000;5715579,852536786300000;6,730986625000071;51,569334591000029;0
115252;5;1;70;24;2019;7;12;4;3;5;3;0;1;1;0;0;0;0;336185,882105820810000;5702506,819484815000000;6,642429042000060;51,450016813000047;0
115258;5;1;62;24;2019;7;11;4;3;0;1;0;1;1;0;0;0;0;337919,994750286450000;5674125,963909370800000;6,680269446000068;51,195525629000031;0
115262;5;1;16;0;2019;7;6;4;3;5;2;0;1;1;0;0;0;0;320167,920000000860000;5674352,211999999400000;6,426345139000034;51,192247812000062;0
115269;5;1;11;0;2019;7;13;4;3;5;2;0;1;1;0;0;0;0;344739,789945695550000;5678906,753801336500000;6,775725534000060;51,240376594000054;0
115270;5;1;11;0;2019;7;18;4;2;0;1;0;1;0;0;0;0;0;345553,486872433680000;5675917,807361686600000;6,788661371000046;51,213740450000046;0
115272;5;7;58;16;2019;7;16;4;3;0;5;0;1;1;0;0;0;0;477320,723477503280000;5776188,207829367400000;8,668638041000065;52,135745905000078;0
115274;5;7;11;0;2019;7;20;4;3;5;3;0;1;1;0;0;0;0;463863,198433002460000;5760760,310347216200000;8,473653624000065;51,996325437000053;0
115277;5;7;11;0;2019;7;14;4;3;3;2;0;1;1;0;0;0;0;467016,809000001290000;5767175,867000002400000;8,518966919000036;52,054201447000082;0
115279;5;9;74;56;2019;7;10;4;3;0;7;0;1;1;0;0;0;0;421460,686999999920000;5705208,934999998700000;7,868684982000048;51,492563587000063;0
115292;5;9;78;24;2019;7;22;4;3;3;7;2;1;0;0;0;0;1;396945,722173633990000;5720230,943051798300000;7,511270289000038;51,623653709000052;0
115305;5;5;66;28;2019;7;7;3;3;3;2;0;1;1;0;0;0;0;417415,198573262430000;5790780,450515791800000;7,789948479000032;52,261204468000074;0
115306;5;5;66;8;2019;7;6;3;3;5;3;0;1;0;0;0;1;0;399085,934335027820000;5781304,745580282100000;7,524297615000023;52,172983052000063;0
115312;5;5;54;64;2019;7;12;3;3;5;3;0;1;1;0;0;0;0;356639,305722075510000;5748944,972417788600000;6,917519111000047;51,872838751000074;0
115315;5;5;15;0;2019;7;13;3;3;1;7;0;1;0;0;0;0;0;406719,534232310950000;5757082,398677347200000;7,642509265000058;51,956608146000065;0
115316;5;5;15;0;2019;7;6;3;2;5;3;0;1;1;0;0;0;0;407868,117437185720000;5754564,975940980000000;7,659894028000053;51,934171579000065;0
115317;5;5;15;0;2019;7;16;3;3;5;2;0;1;1;0;0;1;0;405973,628587712530000;5751708,608748035500000;7,633126219000076;51,908180218000041;0
115320;5;5;62;4;2019;7;22;3;3;1;5;2;1;1;0;0;0;1;383848,016393074770000;5716992,760454455400000;7,323215054000059;51,591998969000031;0
115323;5;5;62;12;2019;7;9;3;2;5;2;0;1;1;0;0;0;0;359401,081123296170000;5725443,333967736000000;6,967121567000049;51,662364845000070;0
115324;5;5;62;24;2019;7;15;3;3;0;1;0;1;0;0;0;0;0;373675,389365907760000;5725723,720891309900000;7,173288837000030;51,668274752000059;0
115328;5;5;62;32;2019;7;18;3;3;5;3;0;1;1;0;0;0;0;376142,935891126280000;5716275,130122399000000;7,212293236000051;51,583908280000060;0
115334;5;3;78;20;2019;7;12;3;3;0;1;0;1;0;0;0;0;0;367379,280040540730000;5656289,823267737400000;7,108183887000052;51,042822982000075;0
115336;5;3;78;12;2019;7;19;3;2;0;1;0;1;0;0;0;0;0;377032,098031256350000;5658868,393210051600000;7,244932001000052;51,068146977000026;0
115337;5;3;74;40;2019;7;8;3;3;5;2;0;1;1;0;0;0;0;410893,794999999930000;5644043,719999998800000;7,731714043000068;50,941125613000054;0
115339;5;3;74;16;2019;7;7;3;3;5;2;0;1;1;0;0;0;0;379098,416000000200000;5666082,058000000200000;7,271993060000057;51,133424215000048;0
115342;5;3;62;20;2019;7;16;3;3;0;1;0;1;0;0;0;0;0;345618,217058924960000;5635985,042243229200000;6,806600607000064;50,854930087000071;0
115343;5;3;62;24;2019;7;12;3;3;5;3;0;1;1;0;0;0;0;346028,698103815320000;5642421,512702543300000;6,809716520000052;50,912878348000049;0
115345;5;3;62;36;2019;7;19;3;3;5;2;0;1;1;0;0;0;0;345667,236745169390000;5651966,131043769400000;6,800531829000022;50,998549264000076;0
115346;5;3;16;0;2019;7;20;3;3;0;7;0;1;1;0;0;0;0;362983,977564696220000;5655091,200902693000000;7,045977217000029;51,031019291000064;0
115348;5;3;15;0;2019;7;9;3;3;1;5;0;1;0;0;0;0;0;347909,376112762840000;5645202,503486609100000;6,835289143000068;50,938367509000045;0
115353;5;3;14;0;2019;7;16;3;3;5;2;0;1;1;0;0;0;0;366334,937090864410000;5622363,593987103600000;7,105707689000042;50,737661550000041;0
115357;5;1;58;16;2019;7;19;3;3;0;5;0;1;1;0;0;0;0;355939,634789048690000;5670460,776080798400000;6,939450558000033;51,167416240000080;0
115358;5;1;54;8;2019;7;21;3;3;8;1;0;1;0;0;0;0;0;304324,623001417150000;5750760,112114494700000;6,157433632000050;51,873245705000045;0
115359;5;1;54;44;2019;7;15;3;2;5;3;0;1;1;0;0;0;0;322178,233000000010000;5739218,969000000500000;6,422420903000045;51,775559417000068;0
115362;5;1;66;20;2019;7;15;3;2;0;2;0;1;1;0;0;0;0;301588,112334300760000;5677631,822474675300000;6,158962377000023;51,215555149000068;0
115371;5;1;12;0;2019;7;7;3;3;5;3;0;1;1;0;0;0;0;344745,564000000250000;5699569,794999999900000;6,766802239000072;51,426039236000065;0
115375;5;7;58;12;2019;7;20;3;2;4;2;0;1;1;0;0;0;0;478083,055999999870000;5774524,374000001700000;8,679883339000071;52,120817772000066;0
115376;5;7;54;8;2019;7;16;3;3;3;6;0;1;0;0;0;0;0;458662,993695414630000;5756131,176379194500000;8,398472490000074;51,954344420000041;0
115378;5;7;66;36;2019;7;6;3;3;5;3;0;1;1;0;0;0;0;494651,638278715310000;5778321,492220146600000;8,921822006000070;52,155365284000027;0
115380;5;7;66;20;2019;7;16;3;3;4;2;0;1;1;0;0;0;0;489343,458181643860000;5752510,564381549100000;8,845036110000024;51,923225771000034;0
115382;5;7;11;0;2019;7;14;3;3;6;4;0;1;0;1;0;0;0;467328,150999998670000;5763798,200000001100000;8,523830190000069;52,023852681000051;0
115385;5;9;78;20;2019;7;14;3;2;5;2;0;1;1;0;0;0;0;404663,480101845230000;5712980,218455476700000;7,624695504000044;51,559837520000031;0
115391;5;9;58;44;2019;7;14;3;3;4;6;0;1;0;0;0;0;0;425912,304365850050000;5687538,893182069100000;7,936488488000066;51,334305439000047;0
115392;5;9;58;32;2019;7;17;3;2;0;7;0;1;0;0;0;0;0;451819,904000000100000;5688811,169999999900000;8,308176884000034;51,348530891000053;0
115393;5;9;58;4;2019;7;15;3;3;3;6;0;1;1;0;0;0;0;424582,579856270920000;5703585,097998108700000;7,913992114000052;51,478390166000054;0
115397;5;9;15;0;2019;7;17;3;3;4;2;0;1;1;0;0;0;0;421315,964026380330000;5725137,744853036500000;7,862134447000074;51,671700143000066;0
115398;5;9;15;0;2019;7;17;3;2;0;1;0;1;0;0;0;0;0;419501,290999999270000;5728808,407000003400000;7,835051094000050;51,704440740000052;0
115401;5;9;16;0;2019;7;10;3;3;0;2;0;1;1;0;1;0;0;375676,447675501000000;5712942,780437327900000;7,206742676000033;51,553857033000043;0
115403;5;9;11;0;2019;7;7;3;2;5;2;0;1;1;0;0;0;0;374415,890227539460000;5703878,293099986400000;7,191799126000035;51,472113309000065;0
115404;5;9;11;0;2019;7;8;3;3;5;2;0;1;1;0;0;0;0;375874,463007409130000;5708491,466936845300000;7,211166603000038;51,513895411000078;0
115410;5;5;70;24;2019;7;20;2;2;5;3;0;1;1;0;0;0;0;422767,016964625570000;5754707,149771647500000;7,876524962000076;51,937716824000063;0
115411;5;5;66;60;2019;7;16;2;3;5;3;0;1;1;0;0;0;0;389661,626000001100000;5789476,747000001400000;7,383876080000050;52,244621407000068;0
115414;5;3;62;32;2019;7;12;5;3;5;3;0;1;1;0;0;0;0;336387,812297362830000;5638485,497539812700000;6,674452456000040;50,874860085000080;0
115415;5;5;66;76;2019;7;13;2;2;5;2;0;1;0;0;0;1;0;397252,905869890940000;5794642,400810716700000;7,493449015000067;52,292516948000070;0
115418;5;5;58;16;2019;7;17;2;2;9;1;0;1;0;0;0;0;0;382817,458851952110000;5747403,335738722200000;7,298108977000027;51,865098463000038;0
115419;5;3;15;0;2019;7;16;5;3;1;3;0;1;1;0;0;0;0;363026,146067704070000;5645288,042703229900000;7,050273920000052;50,942925429000070;0
115420;5;5;54;20;2019;7;11;2;3;1;5;0;1;1;0;0;0;0;366295,798938004300000;5785830,182995593200000;7,043276257000059;52,206676092000066;0
115423;5;3;15;0;2019;7;4;5;2;9;1;2;1;0;0;0;0;0;352099,400778116660000;5644952,888076238300000;6,894983579000041;50,937214235000056;0
115424;5;5;54;8;2019;7;17;2;3;5;3;0;1;1;0;0;0;0;336273,190632764250000;5747856,678527480000000;6,622451352000041;51,857456685000045;0
115427;5;5;15;0;2019;7;17;2;3;5;3;0;1;1;0;0;0;0;403852,911848234010000;5748568,043956469700000;7,603182566000044;51,879589416000044;0
115428;5;3;15;0;2019;7;22;5;3;0;1;2;1;0;0;0;0;0;353561,923226140440000;5644183,213333517300000;6,916093607000050;50,930670681000038;0
115431;5;5;62;12;2019;7;14;2;3;5;3;0;1;0;0;0;0;0;359834,409467855470000;5726278,693534497200000;6,973047618000066;51,669979496000053;0
115433;5;5;12;0;2019;7;15;2;3;5;2;0;1;1;0;0;0;0;360123,209218476900000;5709858,313145201700000;6,983767806000060;51,522498111000061;0
115434;5;3;82;24;2019;7;16;5;3;5;3;0;1;1;0;0;0;0;371651,047433933240000;5617501,162266798300000;7,182697380000036;50,695155296000053;0
115435;5;5;62;20;2019;7;8;2;3;5;3;0;1;1;0;0;0;0;372101,668050337580000;5716129,779443761300000;7,154048103000037;51,581699358000037;0
115444;5;3;34;2;2019;7;13;2;3;0;1;0;1;0;0;0;0;0;294894,849326821980000;5629526,721375810000000;6,090422326000066;50,781168738000076;0
115449;5;3;82;20;2019;7;10;2;3;5;3;0;1;1;0;0;0;0;378296,845176507720000;5626720,678069196600000;7,273704328000065;50,779456582000080;0
115451;5;3;78;8;2019;7;8;2;3;0;3;0;1;1;0;0;0;0;365546,417000000370000;5662404,236999999700000;7,079780502000062;51,097349290000068;0
115454;5;3;78;4;2019;7;13;2;2;8;1;0;1;0;0;0;0;0;367544,859993975610000;5645083,251944802700000;7,114631219000046;50,942140687000062;0
115456;5;3;74;48;2019;7;12;2;3;0;1;0;1;0;0;0;0;0;395783,710852659310000;5646512,463640060300000;7,516010706000031;50,960785321000060;0
115458;5;3;74;16;2019;7;14;2;2;5;3;0;1;0;0;1;0;0;384992,406374968590000;5666416,577018680100000;7,356089046000022;51,137645159000044;0
115462;5;1;14;0;2019;7;9;5;3;1;5;0;1;1;0;0;0;0;335801,210621844980000;5691958,989534929400000;6,641779393000036;51,355141177000064;0
115466;5;3;62;12;2019;7;18;2;3;5;3;0;1;0;0;1;0;0;352137,633148938420000;5630244,322362100700000;6,901473550000048;50,805043377000061;0
115468;5;3;62;28;2019;7;16;2;2;5;3;0;1;1;0;0;0;0;352314,618168308400000;5636184,764907838800000;6,901590317000057;50,858473676000074;0
115473;5;3;15;0;2019;7;11;2;2;0;1;0;1;0;0;0;0;0;366757,132638156410000;5638308,731250835600000;7,105898952000075;50,881071738000060;0
115479;5;3;15;0;2019;7;20;2;3;2;2;0;1;0;0;0;0;0;355017,670319479890000;5645383,725480195100000;6,936317723000059;50,941827143000069;0
115483;5;3;15;0;2019;7;18;2;3;6;4;0;1;0;1;0;0;0;357091,239006353540000;5643293,609105683900000;6,966632472000072;50,923561089000032;0
115487;5;3;82;48;2019;7;12;2;2;0;1;0;1;0;0;0;0;0;355912,225599369970000;5610120,025671925400000;6,962865435000026;50,625132733000044;0
115489;5;1;58;20;2019;7;18;2;2;0;7;0;1;0;0;0;0;0;356126,949584409590000;5666898,115276888000000;6,943551989000071;51,135447661000057;0
115493;5;1;58;28;2019;7;13;2;3;5;3;0;1;1;0;0;0;0;349161,992002799180000;5690435,960866333900000;6,834158526000067;51,345160141000065;0