OBJECTID;ULAND;UREGBEZ;UKREIS;UGEMEINDE;UJAHR;UMONAT;USTUNDE;UWOCHENTAG;UKATEGORIE;UART;UTYP1;ULICHTVERH;IstRad;IstPKW;IstFuss;IstKrad;IstGkfz;IstSonstige;LINREFX;LINREFY;XGCSWGS84;YGCSWGS84;STRZUSTAND
115500;5;1;54;36;2019;7;15;2;3;5;2;0;1;1;0;0;0;0;302155,929150884040000;5739768,603240957500000;6,132250840000040;51,773777788000075;0
115507;5;1;14;0;2019;7;17;2;3;5;3;0;1;1;0;0;0;0;329641,632632076740000;5687333,173648435600000;6,555612780000047;51,311770541000044;0
115508;5;7;66;8;2019;7;20;5;3;0;3;0;1;1;0;0;0;0;482457,716529280880000;5770077,949506927300000;8,744007376000070;52,080997382000078;0
115512;5;1;20;0;2019;7;5;2;2;5;3;0;1;1;0;0;0;0;376776,433259719980000;5676318,182321202000000;7,235312378000060;51,224931180000056;0
115518;5;9;78;16;2019;7;11;5;3;2;6;0;1;0;0;0;0;0;404059,299929857250000;5706797,810677053400000;7,617666960000065;51,504161060000058;0
115524;5;1;12;0;2019;7;19;2;3;5;2;0;1;1;0;0;0;0;347175,331498125570000;5697643,044000973900000;6,802555101000053;51,409387320000064;0
115526;5;1;12;0;2019;7;16;2;3;5;2;0;1;1;0;0;0;0;346719,353418100630000;5701418,284816565000000;6,794370633000028;51,443185469000070;0
115530;5;1;12;0;2019;7;16;2;2;5;2;0;1;1;0;0;0;0;340849,426091532220000;5697466,317343879500000;6,711751473000049;51,406059528000071;0
115532;5;1;12;0;2019;7;18;2;3;0;3;0;1;1;0;0;0;0;346744,451999999580000;5706214,791000001100000;6,792652192000048;51,486289394000039;0
115535;5;1;11;0;2019;7;16;2;2;5;3;0;1;1;0;0;0;0;345215,640294536950000;5680410,543541120400000;6,781886914000040;51,254018009000049;0
115536;5;9;15;0;2019;7;20;5;3;1;5;0;1;1;0;0;0;0;415502,319000001070000;5727507,166000004900000;7,777508527000066;51,692155431000060;0
115545;5;7;74;32;2019;7;5;2;3;5;3;2;1;0;0;0;0;0;484871,984236546790000;5728671,591837039200000;8,781055101000050;51,708781837000060;0
115549;5;7;70;4;2019;7;17;2;3;0;2;0;1;1;0;0;0;0;486325,337124865500000;5782979,217346848900000;8,799927688000025;52,197097739000071;0
115565;5;7;58;16;2019;7;17;2;3;5;3;0;1;1;0;0;0;0;473319,884999999780000;5777117,909000000000000;8,610111041000039;52,143925699000079;0
115567;5;7;58;12;2019;7;11;2;2;4;2;0;1;0;0;0;0;0;477833,627790194940000;5774137,655064417000000;8,676265468000054;52,117330979000030;0
115568;5;7;54;24;2019;7;16;2;2;5;3;0;1;0;0;0;1;0;453550,007745959800000;5734279,333763940300000;8,327011973000026;51,757480612000052;0
115571;5;7;66;40;2019;7;16;2;2;3;2;0;1;0;0;0;0;0;485126,541486343370000;5763500,468787038700000;8,783239266000066;52,021938610000063;0
115581;5;9;13;0;2019;7;19;2;2;0;6;0;1;1;0;0;0;0;386035,603000000120000;5715273,569000000100000;7,355339286000060;51,576993842000036;0
115587;5;9;11;0;2019;7;20;2;3;4;2;0;1;1;0;0;0;0;373273,864498586390000;5702157,773887366100000;7,175981551000064;51,456395989000043;0
115595;5;5;54;4;2019;7;14;4;2;5;2;0;1;1;0;0;0;0;362535,347683245320000;5773665,782850191000000;6,993201587000044;52,096451560000048;0
115599;5;1;58;20;2019;7;12;1;3;0;7;0;1;0;0;0;0;0;357920,227947545240000;5661217,538363469800000;6,971403888000054;51,084845881000035;1
115600;5;1;58;16;2019;7;16;1;3;5;2;0;1;1;0;0;0;0;358689,871000000280000;5670424,953999999900000;6,978775804000065;51,167780397000058;1
115601;5;1;54;32;2019;7;10;1;3;6;4;0;1;0;1;0;0;0;309871,607583802190000;5719038,186964711200000;6,255236624000077;51,590269910000075;0
115603;5;1;66;16;2019;7;19;1;3;5;3;0;1;1;0;0;0;0;307450,051915434190000;5683986,305558066800000;6,239375650000056;51,274635716000034;0
115611;5;7;74;32;2019;7;22;1;3;0;1;2;1;0;0;0;0;0;481767,858549727130000;5727246,255197690800000;8,736204687000054;51,695873880000079;0
115617;5;7;66;44;2019;7;16;1;2;0;1;0;1;0;0;0;0;0;497249,348474987780000;5762273,606067558800000;8,959922646000052;52,011100544000044;0
115628;5;9;58;44;2019;7;16;1;3;8;1;0;1;0;0;0;0;0;427994,077470618300000;5689710,866413364200000;7,965927161000025;51,354100045000052;0
115632;5;9;54;36;2019;7;18;1;2;0;1;0;1;0;0;0;0;0;378735,358979059380000;5696651,477066990000000;7,256436268000073;51,408103522000033;0
115645;5;5;15;0;2019;7;13;7;2;0;1;0;1;0;0;0;0;0;410419,428999999540000;5760649,173000002300000;7,695406763000051;51,989277048000076;0
115646;5;5;62;12;2019;7;20;7;3;4;6;0;1;0;0;0;0;0;359771,535000000150000;5725162,847000001000000;6,972586761000059;51,659936990000062;0
115648;5;3;70;40;2019;7;13;7;3;3;1;0;1;0;0;0;0;0;310592,640193246300000;5666165,660818269500000;6,293777035000062;51,115621642000065;0
115652;5;3;58;24;2019;7;8;7;3;5;3;0;1;1;0;0;0;0;314069,739717951980000;5644272,548992326500000;6,354621745000031;50,920098005000057;0
115658;5;3;62;12;2019;7;15;7;2;0;1;0;1;0;0;0;0;0;352985,096030212010000;5629916,657781720200000;6,913623770000072;50,802314369000044;0
115662;5;3;15;0;2019;7;13;7;3;0;1;0;1;0;0;0;0;0;356477,409734679390000;5651360,925328621600000;6,954722868000033;50,995908373000077;0
115664;5;3;15;0;2019;7;16;7;2;5;3;0;1;1;0;0;0;0;354757,699913026760000;5645599,159623736500000;6,932533971000055;50,943697763000046;0
115665;5;3;15;0;2019;7;17;7;3;0;1;0;1;0;0;0;0;0;355095,108410282990000;5644787,152547674300000;6,937656487000027;50,936485351000044;1
115667;5;1;58;20;2019;7;10;7;3;5;3;0;1;1;0;0;0;0;357797,417408552020000;5664861,821014212400000;6,968215963000034;51,117565483000078;0
115668;5;1;58;20;2019;7;4;7;3;2;7;2;1;1;0;0;0;1;359400,716383498160000;5665583,587561292600000;6,990827205000073;51,124447500000031;1
115670;5;1;54;12;2019;7;11;7;3;6;2;0;1;0;1;0;0;0;315178,839732061140000;5711076,192146606700000;6,335947199000032;51,520521803000065;0
115672;5;1;66;32;2019;7;21;7;2;0;1;2;1;0;0;0;0;0;316830,783950979820000;5681713,466908037700000;6,374877695000066;51,257312164000041;1
115673;5;1;62;8;2019;7;23;7;2;0;7;2;1;0;0;0;0;0;329926,505576727910000;5659806,198840528700000;6,572729668000022;51,064550940000061;1
115675;5;1;17;0;2019;7;6;7;2;5;3;0;1;1;0;0;0;0;349883,236451875420000;5699729,582238139600000;6,840578036000068;51,428859121000073;0
115678;5;1;13;0;2019;7;15;7;3;0;1;0;1;0;0;0;0;0;366449,672999999490000;5700769,955000001900000;7,078340029000060;51,442355331000044;0
115682;5;1;11;0;2019;7;16;7;3;0;1;0;1;0;0;0;0;0;350773,867943090390000;5677060,249475689600000;6,862873676000049;51,225394394000034;0
115688;5;7;70;24;2019;7;11;7;3;0;6;0;1;1;0;0;0;0;492895,784255467360000;5793201,739457385600000;8,895843882000065;52,289127876000066;0
115692;5;7;54;28;2019;7;19;7;2;0;1;0;1;0;0;0;0;0;446278,003000000490000;5742810,389000004200000;8,220340129000022;51,833528185000034;0
115699;5;9;74;8;2019;7;10;7;3;5;2;0;1;1;0;0;0;0;441726,595476910470000;5715290,365806438000000;8,158895237000024;51,585654994000038;0
115705;5;9;16;0;2019;7;15;7;3;5;2;0;1;1;0;0;0;0;372627,370000000110000;5711914,870999999300000;7,163158631000044;51,543939021000028;0
115706;5;9;11;0;2019;7;12;7;3;3;6;0;1;0;0;0;1;0;383615,666477864610000;5703875,406248301300000;7,324198118000027;51,474054633000037;0
115718;5;5;70;36;2019;7;16;6;2;5;3;0;1;1;0;0;0;0;434992,548000000420000;5768053,681000003600000;8,051804126000036;52,059261187000061;0
115719;5;5;70;52;2019;7;11;6;3;0;1;0;1;0;0;0;0;0;430847,917359504850000;5757748,355621893000000;7,993441625000060;51,966119150000054;0
115722;5;5;58;12;2019;7;11;6;3;9;1;0;1;0;0;0;0;0;376210,776000001470000;5757916,796000000100000;7,198429131000069;51,958152605000066;0
115725;5;5;15;0;2019;7;11;6;3;5;3;0;1;0;0;0;0;1;407140,778973600830000;5756903,320711828800000;7,648686103000046;51,955069003000062;0
115730;5;5;70;44;2019;7;15;2;3;5;2;0;1;0;0;0;0;0;414476,638644317170000;5764945,418984819200000;7,753405116000067;52,028534766000064;0
115733;5;5;66;56;2019;7;6;2;3;5;3;1;1;0;0;0;0;1;415870,741335418080000;5796037,633900638700000;7,766012131000025;52,308224274000054;0
115739;5;5;15;0;2019;7;8;2;3;5;3;0;1;1;0;0;0;0;405921,874490539540000;5756084,939478898400000;7,631177721000029;51,947508143000050;0
115743;5;5;15;0;2019;7;13;2;2;5;2;0;1;0;0;0;1;0;406625,066000000570000;5757653,318000000000000;7,640979717000050;51,961723994000067;0
115748;5;5;62;24;2019;7;11;2;3;5;2;0;1;1;0;0;0;0;369535,799687593240000;5725037,855189180000000;7,113718955000024;51,661165207000067;0
115759;5;3;70;20;2019;7;16;2;2;4;6;0;1;1;0;0;0;0;309330,235391552560000;5657266,108051350300000;6,280454986000052;51,035265227000082;0
115763;5;3;15;0;2019;7;9;6;3;5;3;0;1;1;0;0;0;0;349264,360466419720000;5649515,573446923900000;6,852773814000045;50,977481613000066;0
115767;5;3;82;48;2019;7;10;6;3;4;2;0;1;1;0;0;0;0;355945,742358551360000;5603382,236206263300000;6,965951370000028;50,564585480000062;0
115768;5;3;58;28;2019;7;16;2;3;5;2;0;1;1;0;0;0;0;322943,333228147590000;5624966,349674068400000;6,490066330000047;50,749440377000042;0
115771;5;3;34;2;2019;7;20;2;3;3;6;0;1;1;0;0;0;0;295358,276173886840000;5628775,750936312600000;6,097405264000031;50,774587759000042;0
115773;5;3;34;2;2019;7;17;2;3;5;2;0;1;1;0;0;0;0;296623,414335706270000;5628331,910552704700000;6,115570749000028;50,771046356000056;0
115775;5;1;58;28;2019;7;8;6;2;5;3;0;1;1;0;0;0;0;349603,471000000830000;5690676,145000001400000;6,840391274000069;51,347435320000045;0
115776;5;3;34;2;2019;7;8;2;2;9;1;0;1;0;0;0;0;0;295894,172053427440000;5625506,490396214600000;6,106808523000041;50,745414056000072;1
115777;5;3;82;60;2019;7;5;2;3;5;3;0;1;1;0;0;0;0;373479,484529769050000;5628161,504539871600000;7,204911693000042;50,791376285000069;0
115778;5;3;78;28;2019;7;18;2;3;5;3;0;1;1;0;0;0;0;371703,684380781840000;5642292,771829335000000;7,174777513000038;50,918000194000058;0
115783;5;1;54;16;2019;7;10;6;3;5;2;0;1;1;0;0;0;0;305894,344000000510000;5730072,532999999800000;6,191773736000073;51,688010476000045;0
115786;5;3;66;24;2019;7;4;2;3;0;6;2;1;1;0;0;0;0;326175,230271397160000;5601387,451984569400000;6,546897381000065;50,538566211000045;0
115793;5;3;62;32;2019;7;12;2;3;2;6;0;1;0;0;0;0;0;344163,679710326720000;5636838,722137635600000;6,785588028000063;50,862211173000048;0
115794;5;1;16;0;2019;7;6;6;3;5;3;0;1;1;0;0;0;0;323212,209558132100000;5673048,866976087900000;6,470508769000048;51,181489089000081;0
115796;5;1;20;0;2019;7;5;6;3;5;2;1;1;1;0;0;0;0;375093,994557685220000;5671060,387764152100000;7,213060461000055;51,177309448000074;0
115799;5;1;24;0;2019;7;14;6;3;0;1;0;1;0;0;0;0;0;377454,652787466530000;5682551,107418322900000;7,242885702000024;51,281097986000077;0
115800;5;3;15;0;2019;7;16;2;3;5;2;0;1;0;0;0;0;1;361438,492002300920000;5645316,049453180300000;7,027678368000068;50,942797760000076;0
115804;5;3;15;0;2019;7;15;2;2;0;7;0;1;0;0;0;0;0;354292,722000000070000;5645867,999000001700000;6,925812275000055;50,945996414000035;0
115806;5;3;15;0;2019;7;9;2;3;3;3;0;1;0;0;0;0;0;353747,113000001760000;5644841,126000002000000;6,918463096000039;50,936630107000042;0
115807;5;3;15;0;2019;7;6;2;3;5;3;0;1;1;0;0;0;0;355184,957350789570000;5643733,018894868000000;6,939353185000073;50,927034650000053;1
115808;5;1;12;0;2019;7;15;6;3;4;3;0;1;1;0;0;0;0;344133,866869142280000;5693866,953472014500000;6,760515729000076;51,374631317000080;0
115810;5;3;14;0;2019;7;9;2;3;3;6;0;1;1;0;0;0;0;365293,618721827860000;5621041,400223814000000;7,091442022000024;50,725537175000056;0
115811;5;1;12;0;2019;7;16;6;3;5;3;0;1;1;0;0;0;0;344776,320407308640000;5697677,087446320800000;6,768073056000048;51,409041637000030;0
115812;5;1;70;36;2019;7;13;2;3;5;3;0;1;1;0;0;0;0;343855,613797974770000;5733315,501915050700000;6,739009654000029;51,728988052000034;0
115813;5;1;12;0;2019;7;9;6;3;4;2;0;1;1;0;0;0;0;345598,728394883680000;5698859,683223260600000;6,779373712000052;51,419891888000052;0
115814;5;1;70;8;2019;7;12;2;2;5;2;0;1;1;0;0;0;0;342270,313864544970000;5714478,629793817200000;6,724565452000036;51,559306655000057;0
115816;5;1;70;48;2019;7;17;2;3;5;3;0;1;1;0;0;0;0;334849,434837765990000;5724575,179672237500000;6,612853864000044;51,647888046000048;0
115819;5;7;74;32;2019;7;13;6;3;5;2;0;1;1;0;0;0;0;478731,901071171280000;5731486,948854865500000;8,692020095000032;51,733896252000079;0
115821;5;7;74;32;2019;7;13;6;2;8;1;0;1;0;0;0;0;0;479921,985938847060000;5733429,147711033000000;8,709141165000062;51,751402921000079;0
115822;5;1;54;64;2019;7;14;2;2;5;3;0;1;1;0;0;0;0;305703,939916825850000;5722251,646033301900000;6,193367357000057;51,617707752000058;0
115823;5;1;54;36;2019;7;17;2;3;5;3;0;1;1;0;0;0;0;303747,249344725160000;5740408,103576334200000;6,154924804000075;51,780080728000030;0
115832;5;1;16;0;2019;7;14;2;3;5;3;0;1;1;0;0;0;0;324562,739945204000000;5670246,913268016700000;6,491179274000047;51,156733445000043;0
115835;5;1;24;0;2019;7;14;2;3;5;3;0;1;1;0;0;0;0;377656,889100429600000;5681883,906165169600000;7,246012450000023;51,275144749000049;0
115845;5;7;66;20;2019;7;22;6;2;0;1;2;1;0;0;0;0;0;491924,870173844510000;5753331,386614477300000;8,882554786000071;51,930649255000048;0
115846;5;1;12;0;2019;7;19;2;3;4;2;0;1;1;0;0;0;0;345288,585376367900000;5707235,123181114000000;6,771253059000060;51,495060623000029;0
115852;5;7;54;32;2019;7;14;2;3;5;2;0;1;0;0;0;1;0;459221,388000000270000;5739703,278999999200000;8,408539056000052;51,806687993000025;0
115854;5;7;54;8;2019;7;16;2;3;5;3;0;1;0;0;1;0;0;457399,155529347250000;5754927,764822900300000;8,380231687000048;51,943429752000043;0
115863;5;9;54;28;2019;7;15;6;2;5;3;0;1;1;0;0;0;0;378784,731771577150000;5691209,786303563000000;7,259003067000037;51,359205534000068;0
115877;5;9;16;0;2019;7;9;2;3;0;1;0;1;0;0;0;0;0;373201,953650155100000;5708947,488932089900000;7,172508575000052;51,517400251000026;0
115881;5;9;11;0;2019;7;17;2;3;0;1;0;1;0;0;0;0;0;372473,545775000010000;5702359,740848790900000;7,164395761000037;51,458031383000048;0
115891;5;9;11;0;2019;7;17;6;3;3;2;0;1;1;0;0;0;0;375839,509615458550000;5708380,911168864000000;7,210702076000075;51,512894130000063;0
115893;5;9;11;0;2019;7;20;6;3;0;7;0;1;1;0;0;0;0;376987,622371261010000;5703065,337204191800000;7,229091502000074;51,465371870000070;0
115917;5;5;58;40;2019;7;10;5;3;0;1;0;1;0;0;0;0;0;373790,956428500820000;5763850,040054515000000;7,161048587000039;52,010926889000075;0
115918;5;5;70;4;2019;7;4;1;3;1;1;2;1;1;0;0;0;0;422879,228000001050000;5736220,849000001300000;7,882282205000024;51,771550469000033;0
115925;5;5;54;52;2019;7;22;1;3;8;6;2;1;0;0;0;0;1;376864,160843459890000;5774043,548754748000000;7,202128465000044;52,103220662000069;0
115928;5;5;12;0;2019;7;0;5;3;0;7;2;1;0;0;0;0;0;356887,002171393480000;5710423,356046089900000;6,936922633000052;51,526764780000065;0
115932;5;5;15;0;2019;7;16;1;3;3;6;0;1;0;0;0;0;0;406173,977900898080000;5757697,963762259100000;7,634404194000069;51,962049348000050;0
115934;5;5;62;36;2019;7;21;1;3;5;3;1;1;1;0;0;0;0;389495,114410890270000;5719614,704298391900000;7,403876101000037;51,616701192000050;0
115935;5;5;62;32;2019;7;17;5;3;5;2;0;1;1;0;0;0;0;375425,346605606380000;5720976,600762611300000;7,200271048000047;51,626002841000059;0
115937;5;5;13;0;2019;7;12;5;3;3;2;0;1;1;0;0;0;0;366279,238000000830000;5716091,842000000200000;7,070077835000063;51,580007102000081;0
115943;5;5;13;0;2019;7;13;5;3;0;5;0;1;1;0;0;0;0;366161,646298305130000;5707939,290053488700000;7,071482294000020;51,506715838000048;0
115956;5;3;74;16;2019;7;17;1;2;8;7;0;1;0;0;0;0;0;384015,711944089270000;5668169,811456339400000;7,341569691000075;51,153207098000053;0
115957;5;3;34;2;2019;7;21;5;3;0;1;1;1;0;0;0;0;0;292918,864547046830000;5632636,271583631600000;6,060677985000041;50,808393393000074;0
115965;5;3;15;0;2019;7;16;1;2;0;2;0;1;0;1;0;0;0;350152,659855252130000;5648747,753391023700000;6,865734627000052;50,970813591000081;1
115988;5;5;66;92;2019;7;12;4;3;5;3;0;1;1;0;0;0;0;424257,683094589970000;5796532,743529031100000;7,888891874000024;52,313895652000042;0
115989;5;5;66;12;2019;7;18;4;3;4;6;0;1;0;0;0;0;0;403496,934151538650000;5772844,637950491200000;7,591180836000035;52,097732474000054;0
115991;5;5;58;32;2019;7;10;4;2;4;6;0;1;1;0;0;0;0;387621,767426196490000;5751774,167661059600000;7,366428974000030;51,905369637000035;0
115993;5;5;54;4;2019;7;14;4;3;1;1;0;1;1;0;0;0;0;361399,210959692490000;5773193,675560925200000;6,976818644000048;52,091926172000058;0
115997;5;5;62;12;2019;7;21;4;3;5;3;1;1;1;0;0;0;0;363097,382541917260000;5731891,566755048900000;7,018000291000021;51,721221610000043;0
116000;5;3;58;28;2019;7;6;4;3;3;1;0;1;0;0;0;0;1;323574,244802839120000;5624009,504653709000000;6,499459165000076;50,741035842000031;0
116001;5;3;58;28;2019;7;11;4;3;0;1;0;1;0;0;0;0;0;321868,801917195320000;5622113,807610334800000;6,476228170000070;50,723483957000042;0
116010;5;3;62;32;2019;7;6;4;3;0;1;0;1;0;0;1;0;0;337395,603000000120000;5639188,560000000500000;6,688451800000053;50,881461764000051;0
116011;5;3;62;36;2019;7;11;4;3;5;3;0;1;0;0;0;0;1;342501,612187073570000;5654051,055086059500000;6,754548938000028;51,016425796000078;0
116016;5;3;14;0;2019;7;9;4;3;0;1;0;1;0;0;0;0;0;368499,373881248760000;5615204,300205556700000;7,138914510000063;50,673806522000064;0
116017;5;1;70;8;2019;7;6;4;2;5;3;0;1;1;0;0;0;0;342544,736568341030000;5713372,908040734000000;6,729015988000072;51,549448885000061;0
116019;5;1;58;20;2019;7;18;4;3;3;6;0;1;0;0;0;0;0;355736,283853263590000;5665340,279235795100000;6,938595437000060;51,121349920000057;0
116020;5;1;58;32;2019;7;8;4;2;0;1;0;1;0;0;0;0;0;361684,651191568930000;5690793,804241614400000;7,013707598000053;51,351561428000082;0
116022;5;1;19;0;2019;7;2;4;2;0;1;2;1;0;0;0;0;0;349164,258000001310000;5705827,563000002900000;6,827643037000030;51,483460608000030;0
116026;5;1;24;0;2019;7;13;4;3;1;5;0;1;1;0;0;0;0;371963,263428156260000;5681275,368868608000000;7,164646980000043;51,268424576000029;0
116030;5;1;13;0;2019;7;15;4;2;5;3;0;1;1;0;0;0;0;361536,852000000890000;5702032,675000002600000;7,007200345000058;51,452522951000049;0
116039;5;7;74;32;2019;7;11;4;3;5;3;0;1;1;0;0;0;0;483850,313373292800000;5731446,040894370500000;8,766140124000060;51,733699292000040;0
116042;5;7;70;32;2019;7;17;4;3;5;3;0;1;1;0;0;0;0;499975,876000000160000;5788934,527000002600000;8,999646619000032;52,250809239000034;0
116047;5;7;70;24;2019;7;11;4;3;0;2;0;1;1;0;0;0;0;494587,106371419500000;5793123,410001542400000;8,920641872000033;52,288442919000033;0
116054;5;7;54;40;2019;7;14;4;3;5;3;0;1;0;0;0;1;0;454212,378308992830000;5759349,743126042200000;8,333283296000047;51,982931970000038;0
116056;5;7;66;32;2019;7;12;4;2;0;7;0;1;0;0;0;0;0;497101,124000000770000;5749440,018000001100000;8,957871271000045;51,895712645000060;1
116066;5;9;74;28;2019;7;17;4;3;5;5;0;1;1;0;0;0;0;455159,804560434070000;5723642,642333824200000;8,351702368000076;51,661979167000027;0
116067;5;9;11;0;2019;8;11;7;3;3;6;0;1;1;0;0;0;0;376340,447104973720000;5705239,145252065700000;7,219018599000037;51,484767755000064;0
116087;5;5;70;28;2019;8;7;6;3;5;5;0;1;1;0;0;0;0;444887,846942328850000;5739586,650641515900000;8,200680119000026;51,804410166000082;0
116088;5;9;15;0;2019;7;20;4;3;1;5;0;1;1;0;0;0;0;421583,905505484900000;5727329,239556424300000;7,865516092000064;51,691438456000071;1
116094;5;5;58;36;2019;8;9;6;2;8;1;0;1;0;0;0;0;0;392604,793055510150000;5728074,333693310600000;7,446175504000053;51,693339819000073;0
116095;5;9;13;0;2019;7;23;4;3;0;1;2;1;0;0;0;0;0;395651,164398489520000;5712237,360374871600000;7,494952378000050;51,551564963000033;1
116096;5;5;54;12;2019;8;14;6;3;2;6;0;1;0;0;0;0;0;352165,616101550870000;5746442,939375171400000;6,853652609000051;51,849190637000049;0
116105;5;9;16;0;2019;7;12;4;3;3;6;0;1;0;0;0;0;0;377930,265352330170000;5711401,013902779700000;7,239770271000054;51,540492733000065;0
116107;5;3;70;8;2019;8;0;6;2;0;1;2;1;0;0;0;0;0;291611,715649755670000;5652778,346796037600000;6,030658713000037;50,988813035000078;0
116113;5;3;58;44;2019;8;18;6;3;0;5;0;1;1;0;0;0;0;316821,194860341960000;5615126,310025554200000;6,408254010000064;50,659140810000054;0
116121;5;3;34;12;2019;8;5;6;3;5;2;1;1;1;0;0;0;0;310750,481025835500000;5632801,875439941900000;6,313384560000031;50,815980423000042;0
116125;5;3;82;44;2019;8;11;6;3;0;7;0;1;0;0;0;0;0;361409,268000001090000;5632054,693000001800000;7,032291197000063;50,823606161000043;0
116138;5;5;70;28;2019;7;19;3;3;5;3;0;1;0;0;0;0;0;441060,249145629820000;5741527,746127203100000;8,144842704000041;51,821470678000026;0
116139;5;3;62;20;2019;8;10;6;3;5;3;0;1;1;0;0;0;0;346672,353287117560000;5628196,933183874900000;6,824821140000040;50,785224357000061;0
116142;5;3;15;0;2019;8;18;6;2;0;1;0;1;0;0;0;0;0;354338,559000001290000;5645501,800000002600000;6,926610772000061;50,942717080000079;0
116145;5;5;66;68;2019;7;8;3;3;5;3;0;1;1;0;0;0;0;378294,285946942870000;5783454,137905102200000;7,219627928000023;52,188104454000040;0
116147;5;1;70;32;2019;8;15;6;3;5;3;0;1;1;0;0;0;0;333656,003736567680000;5710810,349313136200000;6,602141754000058;51,523877263000031;0
116148;5;5;58;20;2019;7;19;3;3;4;6;0;1;0;0;0;0;1;392374,194612289780000;5761199,183620706200000;7,432532466000055;51,991017018000036;0
116149;5;1;70;12;2019;8;14;6;3;5;3;0;1;1;0;0;0;0;335141,143840412610000;5740100,352129593500000;6,609720252000045;51,787445359000060;0
116150;5;5;58;12;2019;7;15;3;3;5;3;0;1;1;0;0;0;0;373601,677000000140000;5756435,468000000300000;7,161023224000076;51,944253870000068;0
116152;5;1;58;20;2019;8;12;6;3;0;7;0;1;0;0;0;0;0;358995,885589964690000;5662105,846287211400000;6,986405041000069;51,093094335000046;0
116153;5;5;58;16;2019;7;17;3;3;3;6;0;1;0;0;0;0;0;381687,154183118600000;5744047,738680345900000;7,282849393000049;51,834702678000042;0
116154;5;5;54;20;2019;7;15;3;3;5;3;0;1;0;0;0;1;0;367023,547000001180000;5786238,271000003400000;7,053759695000053;52,210519007000073;0
116156;5;5;54;8;2019;7;16;3;3;5;3;0;1;1;0;0;0;0;332482,501418459230000;5742647,079821471100000;6,569979615000023;51,809533428000066;0
116158;5;5;15;0;2019;7;17;3;3;3;6;0;1;0;0;0;0;0;406652,591972147110000;5757126,772088358200000;7,641523308000046;51,956995763000066;0
116160;5;5;62;4;2019;7;17;3;3;5;3;0;1;1;0;0;0;0;382786,858224713240000;5718479,048891998800000;7,307406558000025;51,605137431000060;0
116166;5;5;62;20;2019;7;20;3;3;0;1;0;1;0;0;0;0;0;371883,955076312650000;5716186,247830517600000;7,150887016000070;51,582157387000052;0
116174;5;5;13;0;2019;7;15;3;3;3;2;0;1;1;0;0;0;0;363115,253194167280000;5711602,902572974600000;7,026190228000075;51,538908673000037;0
116189;5;7;70;20;2019;8;8;6;3;5;3;0;1;1;0;0;0;0;476091,950262594040000;5795574,403365131500000;8,649314794000077;52,309984697000061;0
116196;5;7;54;32;2019;8;7;6;3;5;3;0;1;0;0;0;0;0;461691,927906629630000;5744052,179330309900000;8,443889083000045;51,845962850000035;0
116197;5;3;34;2;2019;7;17;3;3;3;6;0;1;0;0;0;0;1;295441,626982819290000;5628769,691819556100000;6,098589246000074;50,774562737000053;0
116208;5;9;54;20;2019;8;5;6;3;0;1;0;1;0;0;0;0;0;387247,525000002240000;5694563,392000002800000;7,379434575000062;51,391091649000032;0
116210;5;9;54;32;2019;8;11;6;3;5;3;0;1;1;0;0;0;0;388007,512000001970000;5693742,048000002300000;7,390612106000049;51,383859632000053;0
116215;5;3;74;8;2019;7;7;3;3;5;3;0;1;1;0;0;0;0;385956,009376340550000;5648918,948889534900000;7,375371895000058;50,980555614000082;0
116218;5;9;13;0;2019;8;10;6;3;0;1;0;1;0;0;0;0;0;391712,317000001670000;5707999,210000000900000;7,439467091000040;51,512728779000042;0
116222;5;3;16;0;2019;7;15;3;3;0;6;0;1;1;0;0;0;0;358968,533717829730000;5654588,764690239000000;6,988944581000055;51,025532680000026;0
116226;5;3;15;0;2019;7;16;3;3;5;3;0;1;1;0;0;0;0;365148,076000001280000;5637064,113000001800000;7,083498165000037;50,869512248000035;0
116228;5;3;15;0;2019;7;17;3;3;5;3;0;1;0;0;0;0;0;367031,689498179590000;5634563,371404685100000;7,111160744000074;50,847472383000081;0
116231;5;3;15;0;2019;7;16;3;3;5;3;0;1;1;0;0;0;0;354018,176788026470000;5653918,881943656100000;6,918673044000059;51,018277010000077;0
116233;5;3;15;0;2019;7;17;3;3;2;6;0;1;1;0;0;0;0;352672,800582923000000;5644936,079435806700000;6,903145515000063;50,937209958000039;0
116235;5;3;15;0;2019;7;10;3;3;0;3;0;1;1;0;0;0;0;351228,830235484990000;5645018,778383676000000;6,882575177000035;50,937582423000038;0
116240;5;3;15;0;2019;7;15;3;3;5;3;0;1;0;0;0;0;0;356838,186700006950000;5644054,052497983000000;6,962735764000058;50,930332400000054;0
116245;5;3;82;24;2019;7;17;3;2;5;2;0;1;1;0;0;0;0;380434,706557401460000;5618498,691469283800000;7,306682869000042;50,705994219000047;0
116249;5;1;58;24;2019;7;7;3;3;0;7;0;1;0;0;0;0;0;357186,479836588730000;5677072,858328329400000;6,954642031000049;51,227148176000071;0
116251;5;1;58;28;2019;7;14;3;3;5;3;0;1;1;0;0;0;0;348550,215555417350000;5685247,101899584800000;6,827585657000043;51,298372828000026;0