OBJECTID;ULAND;UREGBEZ;UKREIS;UGEMEINDE;UJAHR;UMONAT;USTUNDE;UWOCHENTAG;UKATEGORIE;UART;UTYP1;ULICHTVERH;IstRad;IstPKW;IstFuss;IstKrad;IstGkfz;IstSonstige;LINREFX;LINREFY;XGCSWGS84;YGCSWGS84;STRZUSTAND
116254;5;5;70;52;2019;8;18;5;3;5;3;0;1;0;0;0;0;0;430140,384999999780000;5755125,164999999100000;7,983678066000039;51,942449213000032;0
116258;5;1;54;12;2019;7;16;3;3;5;3;0;1;1;0;0;0;0;311419,941027188670000;5712414,654017599300000;6,281114148000029;51,531301007000081;0
116259;5;5;15;0;2019;8;20;5;2;6;7;0;1;0;1;0;0;0;399882,878978932280000;5757016,809222562200000;7,543069567000032;51,954829789000030;0
116266;5;5;13;0;2019;8;15;5;3;1;7;0;1;1;0;0;0;0;367237,726596089080000;5714292,549651203700000;7,084582776000048;51,564064191000057;0
116268;5;1;19;0;2019;7;12;3;3;5;3;0;1;1;0;0;0;0;351186,279000001030000;5704959,918999999800000;6,857107955000060;51,476200054000060;0
116269;5;3;70;40;2019;8;13;5;3;8;1;0;1;0;0;0;0;0;310533,614145960660000;5670505,144224925000000;6,290652871000020;51,154580402000079;0
116270;5;1;16;0;2019;7;8;3;3;5;3;0;1;1;0;0;0;0;321093,560796489940000;5673127,764413848500000;6,440187963000028;51,181538826000065;0
116271;5;3;58;60;2019;8;13;5;3;3;6;0;1;1;0;0;0;0;327235,615999999460000;5623454,585000000900000;6,551562040000022;50,737150853000060;0
116275;5;1;14;0;2019;7;1;3;2;3;6;2;1;0;0;0;0;0;336814,492212826390000;5691172,758762329800000;6,656679573000076;51,348369256000069;0
116278;5;3;34;2;2019;8;9;5;3;3;2;0;1;1;0;0;0;0;298754,651215163060000;5628967,387826591700000;6,145409520000044;50,777497201000074;0
116285;5;1;13;0;2019;7;11;3;3;0;5;0;1;1;0;0;0;0;361814,616542817090000;5709840,157343054200000;7,008139506000020;51,522751317000029;0
116290;5;3;62;24;2019;8;8;5;3;0;1;0;1;0;0;0;0;0;344440,954143837090000;5645218,451065156600000;6,785955140000056;50,937585624000064;0
116291;5;1;12;0;2019;7;8;3;3;5;3;0;1;1;0;0;0;0;340886,967703977600000;5698446,051765125200000;6,711851210000020;51,414872671000069;0
116295;5;1;11;0;2019;7;12;3;3;0;7;0;1;1;0;0;0;0;347292,787119448180000;5677989,502057410800000;6,812662264000039;51,232823630000041;0
116297;5;1;11;0;2019;7;10;3;3;5;2;0;1;1;0;0;0;0;350585,766280282290000;5678372,844773022500000;6,859634449000055;51,237139992000039;0
116301;5;1;70;36;2019;8;12;5;3;0;2;0;1;0;0;0;0;0;353046,427446290850000;5729186,316458679700000;6,873732954000047;51,694370860000049;0
116305;5;1;70;24;2019;8;10;5;3;5;3;0;1;1;0;0;0;0;336505,845448154960000;5700422,320147166000000;6,647992348000059;51,431381651000038;0
116311;5;7;70;24;2019;7;10;3;3;1;5;0;1;1;0;0;0;0;493007,345656202170000;5793166,938939403700000;8,897480222000070;52,288816433000079;0
116313;5;1;54;56;2019;8;17;5;3;5;3;0;1;1;0;0;0;0;310597,584120211190000;5726867,562414379800000;6,261470908000035;51,660832130000074;0
116320;5;1;66;32;2019;8;16;5;3;5;2;0;1;1;0;0;0;0;317111,232763326730000;5684999,298474993600000;6,377211493000061;51,286917677000076;0
116322;5;1;66;32;2019;8;8;5;3;8;1;0;1;0;0;0;0;0;313362,762741648590000;5680830,529410377100000;6,325693117000071;51,248256811000033;0
116325;5;7;11;0;2019;7;18;3;3;6;4;0;1;0;1;0;0;0;463887,061925831250000;5760794,474050615000000;8,473997590000067;51,996634141000072;0
116327;5;1;16;0;2019;8;22;5;3;3;6;2;1;1;1;0;0;0;321329,185539045370000;5674357,907237729100000;6,442943879000040;51,192663188000040;0
116329;5;1;16;0;2019;8;13;5;2;3;2;0;1;1;0;0;0;0;322609,430339709860000;5676181,660662252500000;6,460345514000039;51,209445408000079;0
116332;5;9;78;28;2019;7;12;3;3;3;6;0;1;1;0;0;0;0;398455,778725469480000;5698448,190584659600000;7,539356488000067;51,428128498000035;0
116333;5;1;24;0;2019;8;7;5;2;5;3;0;1;0;0;1;0;0;376598,784964739350000;5683375,098902707900000;7,230335439000044;51,288319070000057;0
116348;5;7;74;32;2019;8;13;5;3;5;3;0;1;0;0;0;0;1;476354,987000000660000;5733285,256999999300000;8,657478776000062;51,749969955000040;0
116359;5;7;70;24;2019;8;16;5;2;9;6;0;1;1;0;0;0;0;492037,092313017700000;5798488,366044823100000;8,883129367000038;52,336645308000072;0
116365;5;9;15;0;2019;7;20;3;3;0;1;0;1;0;0;0;0;0;420789,333747673780000;5727288,102616911800000;7,854032440000026;51,690957093000065;0
116368;5;7;54;44;2019;8;15;5;3;5;3;0;1;1;0;0;0;0;466368,410177629440000;5748012,950008008600000;8,511388164000039;51,881874833000040;0
116371;5;7;54;4;2019;8;20;5;3;0;7;0;1;0;0;0;0;1;451391,722467624580000;5771728,781611094300000;8,290454952000061;52,093982496000081;1
116374;5;7;11;0;2019;8;7;5;3;5;3;0;1;1;0;0;0;0;473047,328000000680000;5760118,681000003600000;8,607470469000020;51,991078475000052;0
116375;5;9;14;0;2019;7;14;3;3;3;7;0;1;1;0;0;0;0;392429,443844038060000;5692914,438319576900000;7,454382751000026;51,377275885000074;0
116379;5;9;78;36;2019;8;7;5;3;5;3;0;1;0;0;0;0;0;409968,953209939410000;5709564,221204388900000;7,702083450000032;51,530001812000080;0
116382;5;9;13;0;2019;7;6;3;3;1;3;0;1;1;0;0;0;0;395570,971429794100000;5708084,584966743400000;7,495027819000029;51,514222613000072;0
116386;5;9;58;40;2019;8;17;5;3;8;1;0;1;0;0;0;0;0;447975,059017212130000;5665303,770349085300000;8,256389231000071;51,136828301000037;0
116389;5;9;16;0;2019;7;11;3;2;1;3;0;1;1;0;0;0;0;371667,420123941270000;5711340,038410542500000;7,149532532000023;51,538555545000065;0
116390;5;9;54;20;2019;8;16;5;3;0;1;0;1;0;0;0;0;0;391543,875778638760000;5698185,842239074400000;7,440052195000021;51,424489659000074;0
116394;5;9;62;36;2019;8;19;5;3;0;1;0;1;0;0;0;0;0;404595,705382211130000;5663432,654445000000000;7,636993431000064;51,114422811000054;0
116399;5;1;11;0;2019;8;9;3;3;5;2;0;1;1;0;0;0;0;353014,358060278930000;5668112,773838451100000;6,898598204000052;51,145572383000058;0
116402;5;7;74;32;2019;8;9;3;3;5;3;0;1;1;0;0;0;0;478070,249667402360000;5731676,414167365100000;8,682427045000054;51,735574280000037;1
116406;5;7;70;24;2019;8;16;3;3;0;1;0;1;0;0;0;0;0;490645,885805610570000;5791772,281179066700000;8,862897497000063;52,276242636000063;0
116407;5;7;58;16;2019;8;17;3;3;3;2;0;1;1;0;0;0;0;474682,860330089930000;5779719,635932197800000;8,629834403000075;52,167380765000075;0
116408;5;7;54;28;2019;8;8;3;3;0;3;0;1;1;0;0;0;0;451232,935382436960000;5745191,526998104500000;8,291908332000048;51,855390471000078;0
116411;5;7;11;0;2019;8;11;3;3;5;3;0;1;1;0;0;0;0;469678,042000000370000;5765219,699000002800000;8,557951091000064;52,036766303000036;0
116445;5;5;66;44;2019;8;6;2;2;9;1;0;1;0;0;0;0;0;429942,862999999900000;5778177,793000001500000;7,976079527000024;52,149654995000049;0
116448;5;3;16;0;2019;8;13;5;2;6;4;0;1;0;1;0;0;0;362966,512255025100000;5655012,566709332200000;7,045758025000055;51,030308425000044;0
116450;5;3;15;0;2019;8;14;5;3;0;1;0;1;0;0;0;0;0;356493,226066343490000;5651661,119829904300000;6,954829470000050;50,998610096000050;1
116461;5;1;58;20;2019;8;22;5;3;6;6;2;1;0;1;0;0;0;355171,366573443640000;5662939,782591162200000;6,931492503000072;51,099635424000041;0
116462;5;5;62;32;2019;8;8;2;3;6;4;0;1;0;1;0;0;0;375651,000032862650000;5719635,082754017800000;7,204005475000031;51,613996369000063;0
116466;5;5;13;0;2019;8;11;2;3;2;6;0;1;1;0;0;0;0;362658,973993527700000;5719501,805614028100000;7,016526931000044;51,609779192000076;0
116467;5;1;54;48;2019;8;14;5;3;0;3;0;1;1;0;0;0;0;326863,790000000040000;5700000,000000000000000;6,509626163000064;51,424724052000045;0
116471;5;1;66;20;2019;8;16;5;3;0;1;0;1;0;0;0;0;0;303608,164565639570000;5679519,838025890300000;6,186815394000064;51,233210256000064;0
116474;5;1;62;24;2019;8;9;5;3;0;2;0;1;0;0;0;0;1;334733,479215963740000;5671582,747551852800000;6,635874266000030;51,171763295000062;0
116476;5;1;62;22;2019;8;11;5;3;0;1;0;1;0;0;0;0;0;338221,075422690250000;5681075,658738836600000;6,681437799000037;51,258052498000040;0
116483;5;1;14;0;2019;8;8;5;3;6;6;0;1;0;1;0;0;0;329373,754173821770000;5689920,439579788600000;6,550534348000042;51,334933718000059;0
116487;5;3;74;8;2019;8;16;2;2;5;3;0;1;1;0;0;0;0;389410,987703441640000;5649485,098748227600000;7,424397715000055;50,986318807000032;0
116493;5;3;16;0;2019;8;17;2;2;5;7;0;1;1;0;0;0;0;356838,572521538470000;5657436,680187594100000;6,957467233000045;51,050599633000047;0
116495;5;3;15;0;2019;8;9;2;3;0;1;0;1;0;0;0;0;0;360045,241854253230000;5648320,994548004100000;7,006703793000042;50,969467057000031;1
116504;5;1;58;28;2019;8;11;2;3;0;7;0;1;0;0;0;0;1;355290,881000000050000;5684857,098000003000000;6,924363023000069;51,296621455000036;1
116511;5;7;66;20;2019;8;14;5;3;5;3;0;1;1;0;0;0;0;487226,191979977300000;5756090,963231544900000;8,814114693000022;51,955372597000064;0
116514;5;7;11;0;2019;8;16;5;3;5;3;0;1;1;0;0;0;0;463708,743638485670000;5759231,812739851000000;8,471565811000062;51,982573265000042;0
116515;5;1;16;0;2019;8;22;2;2;0;5;2;1;1;0;0;0;0;322363,097711141220000;5673387,720260659200000;6,458204888000068;51,184269950000044;0
116520;5;1;13;0;2019;8;15;2;2;0;1;0;1;0;0;0;0;0;354794,301924700850000;5704966,876563111300000;6,909022341000025;51,477200143000061;0
116542;5;9;13;0;2019;8;13;5;3;5;3;0;1;1;0;0;0;0;393566,072173955850000;5712447,848117988600000;7,464826413000026;51,553067411000029;0
116561;5;9;66;4;2019;8;14;2;3;4;6;0;1;0;0;0;0;0;419994,585547939870000;5661538,353714680300000;7,857360300000039;51,099749119000080;0
116568;5;9;62;8;2019;8;18;2;3;0;7;0;1;0;0;0;0;0;421248,046973522750000;5687915,807771623100000;7,869464394000033;51,337067043000047;0
116580;5;9;16;0;2019;8;8;2;2;5;3;0;1;1;0;0;0;0;375805,685312822460000;5710528,055507805200000;7,209458023000025;51,532183726000028;0
116585;5;9;11;0;2019;8;17;2;3;3;6;0;1;1;0;0;0;0;374421,131165616210000;5704365,687487430900000;7,191701309000052;51,476494825000032;0
116586;5;5;66;84;2019;8;17;4;3;4;1;0;1;0;0;0;0;0;385873,938585211520000;5778337,915416738000000;7,332174597000062;52,143746156000077;0
116596;5;5;15;0;2019;8;19;4;2;3;1;0;1;0;0;0;0;0;401800,168297530150000;5760373,662098968400000;7,570000753000045;51,985343730000068;0
116603;5;5;62;20;2019;8;9;4;2;5;3;0;1;1;0;0;0;0;371780,448377711700000;5718100,808831177700000;7,148694440000043;51,599339800000052;0
116604;5;5;70;28;2019;8;17;1;2;5;2;0;1;0;0;1;0;0;440786,291496872900000;5749115,734668957100000;8,139568125000039;51,889658997000026;0
116605;5;5;13;0;2019;8;17;4;3;5;2;0;1;1;0;0;0;0;364309,686936698850000;5715638,065023284400000;7,041845385000045;51,575458599000058;0
116606;5;5;70;28;2019;8;14;1;2;2;7;0;1;0;0;0;0;0;442080,588311133910000;5740434,391125803800000;8,159827918000076;51,811747819000061;0
116610;5;3;34;2;2019;8;16;4;3;5;2;0;1;1;0;0;0;0;297674,042567458000000;5627540,588986698500000;6,130886604000068;50,764306387000033;1
116615;5;5;54;48;2019;8;14;1;3;5;6;0;1;0;0;1;0;0;342889,034691639240000;5750971,977245319600000;6,717021391000060;51,887346195000077;0
116616;5;5;15;0;2019;8;1;1;3;5;6;2;1;1;0;0;0;0;406630,884000001480000;5758715,395999999700000;7,640775564000023;51,971271436000052;0
116619;5;3;78;4;2019;8;8;4;3;5;3;0;1;1;0;0;0;0;368978,516298335980000;5646345,393605781700000;7,134572149000064;50,953812159000051;0
116621;5;5;15;0;2019;8;10;1;3;0;1;0;1;0;0;0;0;0;404139,066999999810000;5763990,341000001900000;7,603037258000029;52,018260001000044;0
116622;5;3;66;16;2019;8;8;4;3;5;2;0;1;1;0;0;0;0;342896,018676834180000;5615113,824457595100000;6,776864134000050;50,666646877000062;0
116625;5;5;62;16;2019;8;17;1;3;5;3;0;1;1;0;0;0;0;372384,450287280600000;5734830,580765202600000;7,151297393000050;51,749823914000046;0
116626;5;5;62;24;2019;8;18;1;3;5;3;0;1;1;0;0;0;0;367911,031199755150000;5723344,541920125500000;7,090881283000044;51,645568738000065;0
116627;5;3;15;0;2019;8;12;4;2;5;2;0;1;1;0;0;0;0;356237,041000001130000;5648466,168000001500000;6,952444917000037;50,969833839000046;0
116630;5;3;15;0;2019;8;14;4;3;3;6;0;1;1;0;0;0;0;353909,440571128390000;5641937,821364715700000;6,921934917000044;50,910580139000047;0
116631;5;3;15;0;2019;8;19;4;3;6;4;0;1;0;1;0;0;0;355270,174335773100000;5645233,432162603400000;6,939969096000027;50,940539929000067;1
116633;5;3;82;12;2019;8;11;4;3;5;3;0;1;1;0;0;0;0;361744,003193429670000;5625945,997337507100000;7,039340108000033;50,768784047000054;0
116636;5;3;58;8;2019;8;11;1;2;6;4;0;1;0;1;0;0;0;319901,937000000850000;5629037,788000000600000;6,445004413000049;50,785082366000040;0
116642;5;3;82;44;2019;8;20;1;3;0;1;0;1;0;0;0;0;0;365368,855195202860000;5626133,246829092500000;7,090646082000035;50,771319604000041;0
116654;5;3;62;12;2019;8;0;1;3;0;5;2;1;1;0;0;0;0;350859,981660698540000;5630819,221117036400000;6,883120154000039;50,809882323000068;0
116656;5;3;62;32;2019;8;14;1;2;2;2;0;1;0;0;0;0;0;333914,027155005370000;5638658,752766873700000;6,639243584000042;50,875711235000040;0
116658;5;3;62;36;2019;8;15;1;3;0;1;0;1;0;0;0;0;0;342504,621999999510000;5654053,879000002500000;6,754590588000042;51,016451995000068;0
116659;5;1;19;0;2019;8;20;4;3;0;2;0;1;1;0;0;0;0;349466,080478867520000;5702461,482138350600000;6,833420188000048;51,453295645000026;0
116663;5;3;15;0;2019;8;17;1;3;2;6;0;1;1;0;0;0;0;348517,232815862630000;5642912,750640571100000;6,844885647000069;50,917951237000068;0
116666;5;1;16;0;2019;8;19;4;3;5;2;0;1;1;0;0;0;0;321216,272520311180000;5674818,177268631800000;6,441100481000035;51,196762586000034;0
116677;5;3;14;0;2019;8;11;1;3;1;3;0;1;1;0;0;0;0;367491,750107468110000;5622921,221045011700000;7,121891998000024;50,742938641000080;0
116684;5;1;62;24;2019;8;15;1;3;5;3;0;1;1;0;0;0;0;338532,861799036150000;5673102,225685659800000;6,689493561000063;51,186500961000036;0
116688;5;1;13;0;2019;8;19;1;3;0;7;0;1;0;1;0;0;0;361864,234463885430000;5710175,466190783300000;7,008722782000064;51,525776626000038;0
116692;5;1;12;0;2019;8;21;1;3;5;3;1;1;1;0;0;0;0;346671,748919035310000;5706263,934929082200000;6,791584541000020;51,486711250000042;0
116700;5;7;70;20;2019;8;18;4;3;4;6;0;1;0;0;0;0;0;474258,479055181150000;5795134,806838367100000;8,622455523000042;52,305949698000063;0
116703;5;7;54;8;2019;8;17;1;3;0;1;0;1;0;0;0;0;0;460106,009677801280000;5751175,087909251500000;8,420044483000027;51,909891600000037;0
116704;5;7;66;40;2019;8;11;1;3;5;3;0;1;1;0;0;0;0;485942,473579074260000;5759235,077893102500000;8,795305307000035;51,983610197000075;0
116708;5;7;66;4;2019;8;10;1;3;5;3;0;1;1;0;0;0;0;483877,102360842750000;5752665,371749840700000;8,765539526000055;51,924486167000055;0
116710;5;9;78;4;2019;8;12;1;3;6;4;0;1;0;1;0;0;0;404613,184911675750000;5721943,922207230700000;7,621532390000027;51,640403511000045;0
116712;5;9;78;12;2019;8;16;1;3;0;1;0;1;0;0;0;0;0;412826,493999999950000;5708120,813999999300000;7,743625023000050;51,517474703000062;0
116716;5;9;58;40;2019;8;15;1;2;8;1;0;1;0;0;0;0;0;453326,781207052990000;5668178,246025797000000;8,332504640000025;51,163135905000047;0
116721;5;9;58;36;2019;8;16;1;3;0;6;0;1;0;0;0;0;0;462747,466176526620000;5691097,379453085400000;8,464838992000068;51,369908952000060;0
116723;5;9;13;0;2019;8;16;4;3;5;7;0;1;0;0;1;0;0;396525,595848078840000;5703627,862303115400000;7,510087103000046;51,474338171000056;0
116724;5;9;62;48;2019;8;15;1;3;0;1;0;1;0;0;0;0;0;415050,856000000610000;5680304,965000003600000;7,782332538000048;51,267753318000075;0
116732;5;9;11;0;2019;8;11;4;3;2;7;0;1;1;0;0;0;0;375027,333711053240000;5702781,510022398100000;7,200986007000040;51,462391532000026;0
116755;5;5;70;40;2019;8;15;3;2;5;3;0;1;1;0;0;0;0;419114,117000000550000;5744716,879000000700000;7,825742937000030;51,847392977000027;0
116757;5;5;70;52;2019;8;12;3;3;0;2;0;1;1;0;0;0;0;430861,928671949540000;5757395,044397044900000;7,993716671000072;51,962944757000059;0
116759;5;5;70;52;2019;8;11;3;2;5;3;0;1;1;0;0;0;0;427897,451035189440000;5759864,732583856200000;7,950058437000052;51,984769414000027;0
116765;5;5;66;60;2019;8;17;3;3;0;3;0;1;1;0;0;0;0;388898,145853833300000;5788805,099243547800000;7,372919104000062;52,238431750000075;0
116767;5;5;66;16;2019;8;18;3;3;5;3;0;1;1;0;0;0;0;398074,436000001620000;5798459,725000001500000;7,504334349000033;52,326977859000067;0
116777;5;5;58;32;2019;8;13;7;2;7;1;0;1;0;0;0;0;0;388293,867999999780000;5754902,634999999800000;7,375179649000074;51,933621799000036;0
116779;5;5;54;20;2019;8;16;7;3;5;3;0;1;1;0;0;0;0;365559,243081668390000;5786715,263088885700000;7,032152354000061;52,214449659000081;0
116781;5;5;54;4;2019;8;16;7;3;3;6;0;1;0;0;0;0;0;357537,011841616590000;5782734,048753583800000;6,916484326000045;52,176663972000028;0
116784;5;5;15;0;2019;8;15;7;3;5;3;0;1;1;0;0;0;0;408148,043627612290000;5761314,572080453900000;7,662159147000068;51,994887021000068;0
116790;5;3;70;8;2019;8;20;3;2;0;1;1;1;0;0;0;0;0;289441,292010686360000;5653541,918875735300000;5,999334772000054;50,994880363000050;0
116800;5;3;78;4;2019;8;12;7;3;5;2;0;1;1;0;0;0;0;367569,723691787570000;5646921,143479794300000;7,114316431000020;50,958664823000049;0
116802;5;3;82;60;2019;8;15;3;3;3;6;0;1;0;0;0;0;1;373436,387331126260000;5629262,803955284900000;7,203921059000038;50,801265789000070;0
116808;5;3;78;24;2019;8;17;3;2;8;1;0;1;0;0;0;0;0;380956,638455489650000;5642582,814887316900000;7,306257195000057;50,922590446000072;1
116811;5;3;74;44;2019;8;18;3;2;0;7;0;1;0;0;0;0;0;402387,983723664660000;5636677,175256872500000;7,612653827000031;50,873523037000041;0
116820;5;3;62;24;2019;8;15;3;3;5;3;0;1;1;0;0;0;0;343822,782150546090000;5645865,205814095200000;6,776886620000028;50,943230162000077;0
116829;5;1;58;16;2019;8;20;7;3;5;3;1;1;1;0;0;0;0;355721,170103898270000;5669990,605764892000000;6,936516559000040;51,163136033000058;0
116832;5;3;15;0;2019;8;15;3;3;2;6;0;1;0;0;0;0;0;351508,111033998430000;5645015,941309789200000;6,886548377000054;50,937628910000058;0
116833;5;1;54;4;2019;8;16;7;3;0;7;0;1;0;1;0;0;0;306037,763542336410000;5737847,714084420400000;6,189516526000034;51,757885630000033;0
116835;5;1;62;22;2019;8;11;7;3;4;3;0;1;0;0;0;0;0;335413,373728794050000;5682187,248228590900000;6,640723513000069;51,267235984000081;0
116836;5;1;62;16;2019;8;17;7;3;4;2;0;1;1;0;0;0;0;334705,288999999870000;5679155,966000000000000;6,631982866000044;51,239796778000027;0
116840;5;1;19;0;2019;8;14;7;3;0;1;0;1;0;0;0;0;0;350454,034447551700000;5706698,076773783200000;6,845835671000032;51,491625004000070;0
116846;5;1;66;36;2019;8;17;3;3;0;3;0;1;1;0;0;0;0;326616,047000001180000;5680152,885000001600000;6,515727529000060;51,246351984000057;0
116848;5;1;11;0;2019;8;13;7;3;5;3;0;1;1;0;0;0;0;348174,713507169860000;5681480,343208970500000;6,823804282000026;51,264426349000075;0
116852;5;1;62;8;2019;8;9;3;2;5;2;0;1;0;0;0;1;0;330727,617349935700000;5662645,002997523200000;6,582822828000076;51,090292584000053;0
116859;5;1;16;0;2019;8;15;3;3;5;2;0;1;1;0;0;0;0;322522,407999999820000;5669610,252000002200000;6,462346165000042;51,150384893000080;0
116861;5;1;22;0;2019;8;18;3;3;0;1;0;1;0;0;0;0;0;366032,603142522280000;5669284,021747920700000;7,084162592000041;51,159293617000060;1
116862;5;7;62;16;2019;8;13;7;3;1;2;0;1;1;0;0;0;0;513157,122026861650000;5736121,239506946900000;9,190702497000075;51,775813577000065;0
116867;5;1;13;0;2019;8;7;3;3;2;7;0;1;1;0;0;0;0;362652,364000000060000;5698250,251000000200000;7,024711893000074;51,418803990000072;1
116870;5;7;54;28;2019;8;22;7;3;8;3;2;1;1;0;0;0;0;451924,477367212060000;5743136,390216950300000;8,302234382000052;51,836973712000031;0
116872;5;3;14;0;2019;8;15;4;3;5;2;0;1;1;0;0;0;0;369996,462000001220000;5623946,326999999600000;7,157010963000062;50,752718743000059;0
116875;5;3;14;0;2019;8;8;4;3;5;2;0;1;1;0;0;0;0;368250,425999999980000;5621809,444000002000000;7,133036464000043;50,733118493000063;0
116877;5;3;14;0;2019;8;22;4;3;0;1;2;1;0;0;0;0;0;366838,618651579130000;5620723,874472599500000;7,113433928000063;50,723039401000051;0
116879;5;3;14;0;2019;8;14;4;3;5;2;0;1;1;0;0;0;0;364398,074000000020000;5622945,214000001500000;7,078060917000073;50,742440043000045;0
116881;5;1;70;48;2019;8;11;4;3;3;6;0;1;0;0;0;0;0;334802,566894721240000;5724525,001263581200000;6,612200747000031;51,647423492000030;0
116883;5;1;54;20;2019;8;14;4;3;5;2;0;1;1;0;0;0;0;319671,900782870130000;5711498,345633884900000;6,400422525000067;51,525765943000067;0
116888;5;1;54;8;2019;8;14;4;2;0;7;0;1;0;0;0;0;0;306487,154710577800000;5749056,040616512300000;6,189762148000057;51,858696912000028;0
116891;5;1;19;0;2019;8;14;4;3;5;3;0;1;1;0;0;0;0;351647,516216894610000;5703798,469450147800000;6,864232290000075;51,465884964000054;0
116904;5;1;13;0;2019;8;8;4;2;5;3;0;1;1;0;0;0;0;363515,077000001450000;5701217,461000001100000;7,035967845000073;51,445677330000080;0
116905;5;5;70;28;2019;8;13;1;3;5;4;0;1;0;1;0;0;0;440586,550746784550000;5740859,699159098800000;8,138085256000068;51,815414620000070;0
116907;5;5;15;0;2019;8;16;1;3;5;2;0;1;1;0;0;0;0;405151,500544740820000;5757194,972560565900000;7,619666024000026;51,957354763000069;0
116909;5;5;62;16;2019;8;12;1;2;5;7;0;1;1;0;0;0;0;369419,624184396120000;5737604,232840249300000;7,107330130000037;51,774065913000072;0
116913;5;1;11;0;2019;8;18;4;3;5;2;0;1;1;0;0;0;0;344855,425313439220000;5681301,677937395900000;6,776342626000030;51,261927252000078;0
116919;5;7;74;20;2019;8;7;4;3;5;3;0;1;1;0;0;0;0;467701,649587276390000;5735887,602510893700000;8,531888689000027;51,772935603000064;0
116922;5;7;70;20;2019;8;17;4;2;0;1;0;1;0;0;0;0;0;473899,940680259840000;5794250,350234057800000;8,617265620000069;52,297981248000042;0
116924;5;7;62;28;2019;8;6;4;3;5;3;0;1;1;0;0;0;0;507306,237552712670000;5739180,689938748300000;9,105963026000040;51,803428881000059;0
116926;5;3;82;28;2019;8;12;4;3;5;3;0;1;1;0;0;0;0;376110,382512464190000;5635839,117994634400000;7,239626116000068;50,860955016000048;0
116931;5;3;66;28;2019;8;14;1;2;0;1;0;1;0;0;0;0;0;334092,542897937820000;5611036,524096667800000;6,654222917000027;50,627568469000039;0
116932;5;7;54;44;2019;8;15;4;3;4;2;0;1;1;0;0;0;0;469122,250625513490000;5750532,579106055200000;8,551169929000025;51,904687750000051;0
116933;5;3;15;0;2019;8;17;1;3;0;1;0;1;0;0;0;0;0;361317,686567850410000;5647839,609434269400000;7,024998467000046;50,965448519000063;0
116935;5;3;15;0;2019;8;23;1;3;0;1;2;1;0;0;0;0;0;356641,548548767340000;5646356,151339780500000;6,959033491000071;50,950972257000046;0
116940;5;9;78;28;2019;8;18;4;3;5;5;0;1;1;0;0;0;0;400815,683492688460000;5700014,770104162400000;7,572851817000071;51,442628518000049;0
116944;5;1;24;0;2019;8;13;1;2;8;1;0;1;0;0;0;0;0;363629,117124219430000;5676121,852923626100000;7,047215674000029;51,220177287000070;0
116947;5;9;78;36;2019;8;19;4;3;0;1;0;1;0;0;0;0;0;408715,269000002180000;5712566,396999999900000;7,683236217000058;51,556787924000048;0
116948;5;7;62;20;2019;8;12;1;2;0;7;0;1;0;0;0;0;0;526448,537723099810000;5735844,336241373800000;9,383326903000068;51,772853597000051;0
116949;5;7;58;12;2019;8;0;1;2;3;3;2;1;0;0;0;0;1;471635,061000001620000;5771286,789400002000000;8,585976592000066;52,091416813000080;0
116963;5;9;66;12;2019;8;20;1;2;1;5;1;1;1;0;0;0;0;427467,765788919290000;5674187,044629890500000;7,961522736000063;51,214464968000073;0
116969;5;9;16;0;2019;8;19;4;3;1;5;0;1;1;0;0;0;0;380195,523293888200000;5711599,436781134500000;7,272351320000041;51,542761452000036;0
116974;5;9;54;20;2019;8;8;1;3;0;1;0;1;0;0;0;0;0;385519,192602618600000;5696321,704214846700000;7,354037301000062;51,406549591000044;0
116979;5;9;62;24;2019;8;17;1;2;0;3;0;1;1;0;0;0;0;410589,119533658030000;5692803,358081070700000;7,715258652000046;51,379428125000061;0
116985;5;9;13;0;2019;8;23;1;3;0;7;2;1;1;0;0;0;0;395041,205736150970000;5709180,746837113100000;7,487069496000061;51,523977354000067;0
116987;5;9;16;0;2019;8;18;1;3;5;2;0;1;1;0;0;0;0;373604,596822359600000;5711217,942772455500000;7,177493805000040;51,537895361000039;0
116988;5;9;11;0;2019;8;14;1;3;0;1;0;1;0;0;0;0;0;375350,442586201240000;5703233,142423747100000;7,205475539000076;51,466521770000043;0
117005;5;5;15;0;2019;8;16;3;2;5;3;0;1;1;0;0;0;0;408964,218999999580000;5756241,443000001800000;7,675388919000056;51,949421125000072;1
117008;5;5;58;24;2019;8;15;7;3;0;1;0;1;0;0;0;0;0;392107,182000000030000;5736692,638000002100000;7,436307405000036;51,770705927000051;0
117009;5;5;62;8;2019;8;17;3;3;1;5;0;1;1;0;0;0;0;385064,267675584180000;5723023,107473457200000;7,338786774000027;51,646447758000079;1
117010;5;5;58;24;2019;8;10;7;2;8;1;0;1;0;0;0;0;0;392493,662999999710000;5740745,888000000300000;7,440650426000047;51,807210701000031;0
117023;5;5;15;0;2019;8;14;7;3;0;7;0;1;0;0;0;0;0;404890,336589891460000;5762158,557244196500000;7,614490566000029;52,001924646000077;0
117024;5;5;15;0;2019;8;12;7;3;6;7;0;1;1;1;0;0;0;405514,872972227630000;5754733,405954808000000;7,625629113000059;51,935290955000028;0