OBJECTID;ULAND;UREGBEZ;UKREIS;UGEMEINDE;UJAHR;UMONAT;USTUNDE;UWOCHENTAG;UKATEGORIE;UART;UTYP1;ULICHTVERH;IstRad;IstPKW;IstFuss;IstKrad;IstGkfz;IstSonstige;LINREFX;LINREFY;XGCSWGS84;YGCSWGS84;STRZUSTAND
117029;5;3;66;36;2019;8;14;3;3;1;7;0;1;1;0;0;0;0;321928,865951621900000;5601674,601043367800000;6,486894012000050;50,539868797000054;0
117036;5;3;62;8;2019;8;17;3;3;3;7;0;1;0;0;0;0;0;331787,443000000900000;5648987,831000000200000;6,604280296000070;50,967900609000026;0
117037;5;3;34;2;2019;8;10;7;3;0;2;0;1;1;0;0;0;0;292393,106683184390000;5628258,697467263800000;6,055698557000028;50,768890547000069;0
117043;5;3;15;0;2019;8;15;3;3;6;4;0;1;0;1;0;0;0;359821,879000000660000;5647480,673000002300000;7,003848433000030;50,961860697000077;0
117044;5;3;14;0;2019;8;14;7;2;5;3;0;1;1;0;0;0;0;372910,972860116510000;5622073,487332105600000;7,198952470000052;50,736530298000048;0
117046;5;3;15;0;2019;8;17;3;3;6;4;0;1;0;1;0;0;0;353062,505647918210000;5644913,220040006600000;6,908697308000058;50,937103959000069;0
117048;5;3;15;0;2019;8;17;3;2;0;1;0;1;0;0;0;0;0;353864,666123992760000;5644333,737355519100000;6,920338444000038;50,932100172000048;0
117050;5;1;58;20;2019;8;15;7;3;1;5;0;1;1;0;0;0;0;356817,762235591190000;5664367,331819746600000;6,954424517000064;51,112877752000031;0
117052;5;1;58;16;2019;8;15;7;3;0;7;0;1;0;0;0;0;0;356067,236000000500000;5672869,525000002200000;6,940309728000045;51,189094372000056;0
117056;5;1;62;22;2019;8;14;7;3;5;2;0;1;1;0;0;0;0;335118,948000000790000;5682249,402000002600000;6,636478240000031;51,267709308000065;0
117057;5;1;62;16;2019;8;8;7;2;0;7;0;1;0;1;0;0;0;330495,391503426250000;5676800,681618301200000;6,572843090000049;51,217401578000079;0
117058;5;1;70;8;2019;8;11;3;3;0;7;0;1;0;0;0;0;0;345256,362273226490000;5714815,059484189400000;6,767459067000061;51,563156480000032;0
117060;5;1;70;24;2019;8;9;3;3;0;7;0;1;0;0;0;0;0;333721,075524189510000;5703339,303802464200000;6,606597912000041;51,456777452000040;1
117064;5;1;58;20;2019;8;15;3;3;5;2;0;1;1;0;0;0;0;357918,718000001270000;5661218,633000001300000;6,971381913000073;51,084855344000061;0
117068;5;1;54;12;2019;8;11;3;3;5;3;0;1;1;0;0;0;0;315922,799753273840000;5711259,034972362200000;6,346562899000048;51,522407019000070;0
117070;5;1;22;0;2019;8;17;7;3;5;2;0;1;1;0;0;0;0;365561,405321785250000;5671380,450442947400000;7,076644346000023;51,178024052000069;0
117071;5;1;66;36;2019;8;8;3;3;5;3;0;1;1;0;0;0;0;326742,656622483400000;5682999,344808815000000;6,516161250000039;51,271962044000077;0
117074;5;1;11;0;2019;8;15;7;2;5;7;0;1;1;0;0;0;0;347159,190534597260000;5676997,241614133100000;6,811173355000051;51,223871831000054;0
117078;5;7;74;16;2019;8;11;7;3;8;1;0;1;0;0;0;0;0;470019,321651164440000;5712140,452851235900000;8,567516267000030;51,559548846000041;0
117079;5;7;58;24;2019;8;18;7;2;0;1;0;1;0;0;0;0;0;482747,053867821580000;5780312,375809367700000;8,747710486000074;52,173020892000068;0
117089;5;7;66;16;2019;8;10;7;3;4;2;0;1;1;0;0;0;0;506674,713870003820000;5754449,184851756300000;9,097099200000059;51,940717986000038;0
117098;5;7;11;0;2019;8;17;7;3;1;3;0;1;1;0;0;0;0;469417,641993901690000;5764354,644271872900000;8,554232322000075;52,028974609000045;0
117105;5;9;74;20;2019;8;20;7;2;0;1;1;1;0;0;0;0;0;465801,290679059920000;5721701,987187653800000;8,505739214000073;51,645278854000026;0
117107;5;7;54;8;2019;8;5;3;2;3;3;1;1;1;0;0;0;0;456222,724412414250000;5752848,142789134800000;8,363382439000077;51,924641569000073;1
117110;5;9;66;12;2019;8;12;7;3;5;3;0;1;1;0;0;0;0;428527,416931233370000;5669069,345042720400000;7,977710319000039;51,168586541000082;0
117115;5;9;58;32;2019;8;15;7;2;3;3;0;1;1;0;0;0;0;449843,201125191520000;5687850,802205961200000;8,279930891000049;51,339724934000060;0
117117;5;9;58;32;2019;8;11;7;3;1;3;0;1;1;0;0;0;0;442264,582990750670000;5690883,146079922100000;8,170648820000054;51,366269520000060;0
117137;5;9;15;0;2019;8;15;3;2;1;1;0;1;1;0;0;0;0;416275,938991003670000;5724644,301194442400000;7,789384906000066;51,666535795000073;0
117146;5;9;13;0;2019;8;14;3;3;5;2;0;1;1;0;0;0;0;394404,508869555780000;5708136,054921295500000;7,478208344000052;51,514468424000029;0
117154;5;9;11;0;2019;8;16;3;3;0;6;0;1;1;0;0;0;0;375934,007074184720000;5707596,935304053100000;7,212339036000060;51,505869038000071;0
117155;5;5;70;8;2019;8;8;6;3;0;7;0;1;0;0;0;0;0;434190,577163192440000;5734102,474143220100000;8,046593191000056;51,753950327000041;0
117156;5;5;70;32;2019;8;14;6;2;5;3;0;1;1;0;0;0;0;420653,009039467200000;5767665,632442168900000;7,842780366000056;52,053904930000044;0
117160;5;5;66;28;2019;8;9;6;3;1;3;0;1;1;0;0;0;0;412072,534917504530000;5792198,693072248300000;7,711317747000066;52,273123921000035;0
117164;5;5;66;84;2019;8;23;6;2;0;1;2;1;0;0;0;0;0;391592,993999999950000;5772598,813000001000000;7,417544800000030;52,093318910000050;0
117169;5;5;15;0;2019;8;9;6;3;5;3;0;1;1;0;0;0;0;405181,433461097070000;5750136,096904987500000;7,622046148000038;51,893911400000036;0
117179;5;5;66;76;2019;8;18;2;3;0;7;0;1;0;0;0;0;0;395767,923151985740000;5789282,333605198200000;7,473339445000022;52,244064448000074;1
117187;5;5;58;24;2019;8;6;2;2;5;3;0;1;1;0;0;0;0;395835,688600736670000;5740798,157653603700000;7,489091390000056;51,808313191000082;0
117195;5;5;54;20;2019;8;17;2;3;5;3;0;1;0;0;0;1;0;368116,926633427850000;5785150,154633142100000;7,070176272000026;52,201004445000081;0
117199;5;5;54;12;2019;8;8;2;3;4;6;0;1;0;0;0;0;0;346414,806989771310000;5744568,867701044300000;6,771057908000046;51,830800818000057;0
117202;5;5;54;48;2019;8;18;2;3;0;1;0;1;0;0;0;0;0;341155,619974681180000;5743320,737853106100000;6,695370812000022;51,818117101000041;1
117204;5;5;15;0;2019;8;7;2;3;0;1;0;1;0;0;0;0;0;405413,922477266750000;5751298,825393054600000;7,625104708000038;51,904402117000075;0
117208;5;5;12;0;2019;8;11;2;3;4;6;0;1;0;0;0;0;0;356993,058999786150000;5710583,455148512500000;6,938385455000059;51,528230276000045;0
117214;5;3;14;0;2019;8;14;6;3;2;1;0;1;0;0;1;0;0;364651,145402139980000;5622407,624581772800000;7,081843114000037;50,737667312000042;1
117215;5;5;13;0;2019;8;16;2;3;5;3;0;1;1;0;0;0;0;366089,160485978240000;5716012,790132377300000;7,067366368000023;51,579251577000036;0
117220;5;1;70;24;2019;8;17;6;1;5;3;0;1;1;0;0;0;0;337612,860999999570000;5701088,278999999200000;6,663598106000052;51,437683171000060;0
117228;5;1;54;16;2019;8;15;6;3;5;3;0;1;1;0;0;0;0;301513,770932877440000;5730146,952403668300000;6,128440242000067;51,687147584000058;0
117233;5;1;54;36;2019;8;7;6;3;0;1;0;1;0;0;0;0;0;302671,163091384810000;5742716,421698626100000;6,138032975000044;51,800431233000040;0
117234;5;3;58;32;2019;8;18;2;3;3;2;0;1;1;0;0;0;0;312469,603541822170000;5630102,140549326300000;6,339140047000058;50,792287600000066;0
117240;5;1;22;0;2019;8;14;6;3;3;6;0;1;1;0;0;0;0;365784,468928876330000;5671575,393129620700000;7,079760892000024;51,179828441000041;1
117242;5;1;13;0;2019;8;7;6;3;0;3;0;1;1;0;0;0;0;361806,573581764470000;5709778,457312228200000;7,008047847000057;51,522194897000077;0
117249;5;7;74;24;2019;8;6;6;2;5;3;0;1;1;0;0;0;0;476461,911923987790000;5742369,096341271000000;8,658411228000034;51,831648351000069;0
117251;5;7;74;32;2019;8;20;6;3;5;2;0;1;1;0;0;0;0;485285,675000001680000;5734848,213999999700000;8,786781126000051;51,764328711000076;0
117259;5;3;78;4;2019;8;11;2;3;4;2;0;1;1;0;0;0;0;369271,443364121950000;5646601,526213146700000;7,138648373000024;50,956180753000069;0
117261;5;3;74;8;2019;8;14;2;3;5;3;0;1;1;0;0;0;0;389445,964290998880000;5649497,762612082100000;7,424891984000055;50,986439363000045;0
117264;5;7;54;44;2019;8;18;6;3;5;3;0;1;0;0;0;0;0;466050,733220229860000;5748029,582479745100000;8,506771386000025;51,882005119000041;0
117273;5;3;15;0;2019;8;11;2;3;2;6;0;1;1;0;0;0;0;354577,099816717210000;5642850,474329935400000;6,931061627000076;50,918950531000064;0
117277;5;3;14;0;2019;8;12;2;3;5;2;0;1;1;0;0;0;0;368369,152999999930000;5622841,711000001100000;7,134349232000034;50,742423566000070;0
117279;5;3;82;24;2019;8;16;2;3;5;2;0;1;1;0;0;0;0;376063,880007854660000;5618478,535808427300000;7,244819200000052;50,704897743000060;1
117281;5;3;14;0;2019;8;18;2;2;0;1;0;1;0;0;0;0;0;366958,322848766110000;5622477,241191780200000;7,114496126000063;50,738826159000041;1
117297;5;1;19;0;2019;8;6;2;3;5;3;0;1;1;0;0;0;0;349233,760386816230000;5708288,993931941700000;6,827591726000037;51,505595761000052;0
117302;5;1;22;0;2019;8;13;2;3;0;2;0;1;1;0;0;0;0;359121,621000000280000;5670404,827000001400000;6,984955109000055;51,167706027000065;0
117303;5;9;15;0;2019;8;17;6;3;5;3;0;1;1;0;0;0;0;418806,750999999230000;5727896,576000001300000;7,825214538000068;51,696143737000057;0
117304;5;9;15;0;2019;8;10;6;3;5;3;0;1;1;0;0;0;0;418889,389000001360000;5725809,301000002800000;7,826895092000029;51,677392016000056;0
117310;5;3;15;0;2019;8;19;4;3;0;1;0;1;0;0;0;0;0;355199,413414360020000;5644865,125856317600000;6,939108984000029;50,937212279000050;0
117311;5;9;11;0;2019;8;18;6;2;1;1;1;1;1;0;0;0;0;383329,920529861930000;5702716,895002814000000;7,320468051000034;51,463583185000061;1
117322;5;1;11;0;2019;8;16;2;2;5;2;0;1;1;0;0;0;0;349841,347979317420000;5677709,720995703700000;6,849256613000023;51,230985873000066;1
117326;5;3;16;0;2019;8;20;4;3;0;2;1;1;0;0;0;0;0;363456,658293699850000;5655680,177001757500000;7,052492138000048;51,036425056000041;0
117330;5;1;11;0;2019;8;9;2;3;5;2;0;1;0;0;0;0;1;343115,865628159600000;5677961,627246616400000;6,752894046000051;51,231440191000047;0
117335;5;3;62;20;2019;8;20;4;3;2;6;1;1;0;0;0;0;0;341978,003408857620000;5630052,858329879100000;6,757480235000060;50,800641179000081;0
117337;5;5;70;32;2019;8;20;5;3;5;3;1;1;1;0;0;0;0;420570,380942960270000;5767385,862808236900000;7,841640605000066;52,051378232000047;0
117339;5;7;70;24;2019;8;18;2;3;5;3;0;1;1;0;0;0;0;490535,974479071800000;5791396,838272705700000;8,861297078000064;52,272865331000048;0
117351;5;7;54;48;2019;8;15;2;3;5;3;0;1;1;0;0;0;0;441321,501270277430000;5766110,932526983300000;8,144439876000035;52,042502608000063;0
117352;5;5;54;16;2019;8;7;5;3;3;6;0;1;1;0;0;0;0;362749,333883405660000;5758197,189062295500000;7,002527897000050;51,957512686000030;0
117354;5;7;54;48;2019;8;16;2;3;5;3;0;1;1;0;0;0;0;445647,121999999510000;5768357,698000000800000;8,207145212000057;52,063142068000047;0
117362;5;5;62;12;2019;8;7;5;3;5;3;0;1;1;0;0;0;0;360444,476122461260000;5726345,258934553700000;6,981837368000072;51,670729510000058;0
117367;5;3;58;52;2019;8;12;4;3;2;7;0;1;1;0;0;0;0;333636,070887704380000;5629938,375152379300000;6,639254761000075;50,797277826000027;0
117369;5;9;62;40;2019;8;14;2;3;5;3;0;1;1;0;0;0;0;411972,575548107740000;5701892,957836685700000;7,732874407000054;51,461356707000050;0
117370;5;3;58;8;2019;8;23;5;2;9;1;2;1;0;0;0;0;0;320110,165048094470000;5625300,050212036800000;6,449782812000024;50,751567404000070;0
117373;5;3;34;12;2019;8;17;5;3;8;1;0;1;0;0;0;0;0;304942,825824768280000;5630804,449835415900000;6,232100555000045;50,796112394000033;0
117376;5;9;15;0;2019;8;16;2;3;5;3;0;1;1;0;0;0;0;421047,282920577560000;5727365,817642252900000;7,857745891000036;51,691692062000072;0
117391;5;3;15;0;2019;8;19;4;2;5;3;0;1;0;0;0;0;1;352333,451000307690000;5644958,274876987600000;6,898310151000032;50,937322623000057;0
117392;5;9;13;0;2019;8;15;2;3;1;1;0;1;1;0;0;0;0;393195,309967688280000;5709435,833533588800000;7,460394702000031;51,525924101000044;0
117398;5;9;74;28;2019;8;9;7;3;5;3;0;1;1;0;0;0;0;463275,470243795770000;5728325,201910279700000;8,468539586000077;51,704669348000039;0
117405;5;9;13;0;2019;8;11;7;2;0;7;0;1;0;0;0;0;0;395816,489000000990000;5708125,063000001000000;7,498552807000067;51,514631786000052;0
117406;5;9;78;24;2019;8;15;7;3;0;3;0;1;1;0;0;0;0;398719,168365961870000;5716216,934623928700000;7,538040040000055;51,587895247000063;0
117407;5;9;13;0;2019;8;12;7;3;0;7;0;1;0;0;0;0;0;394323,256000000050000;5711059,328999999900000;7,476160722000032;51,540729091000060;0
117408;5;9;13;0;2019;8;13;7;3;5;3;0;1;1;0;0;0;0;392577,865000001150000;5708059,325000003000000;7,451917260000073;51,513434357000051;0
117424;5;5;70;40;2019;8;7;6;3;5;2;0;1;1;0;0;0;0;418486,455000000070000;5744227,281999999700000;7,816748386000029;51,842900556000075;1
117426;5;5;66;84;2019;8;12;6;3;0;7;0;1;1;0;0;0;0;384854,883810658940000;5780113,184653833500000;7,316687414000057;52,159488742000065;0
117428;5;5;58;28;2019;8;0;6;3;0;1;2;1;0;0;0;0;0;399874,644000002180000;5729383,080000001900000;7,550944446000074;51,706447374000049;0
117433;5;5;15;0;2019;8;17;4;3;3;6;0;1;0;0;0;0;1;405641,779000001960000;5756986,568000001800000;7,626856082000074;51,955564942000080;0
117434;5;5;58;16;2019;8;19;6;3;5;3;0;1;1;0;0;0;0;381964,337451938540000;5744531,545315759300000;7,286705330000075;51,839109385000029;0
117436;5;5;54;8;2019;8;16;6;3;0;1;0;1;0;0;0;0;0;334317,601999999960000;5747201,759000001500000;6,594394170000044;51,850996290000069;0
117438;5;5;15;0;2019;8;7;6;3;3;6;0;1;0;0;0;0;0;406233,322724865750000;5756679,446582758800000;7,635545659000059;51,952904447000037;0
117439;5;5;15;0;2019;8;6;6;3;5;3;0;1;1;0;0;0;0;410234,737000001590000;5751951,530000003100000;7,694989449000047;51,911066755000036;0
117440;5;5;62;4;2019;8;10;6;2;5;3;0;1;0;0;0;1;0;384427,622172148900000;5716605,026284758000000;7,331706176000068;51,588633302000062;0
117441;5;5;62;24;2019;8;7;6;2;4;3;0;1;0;0;0;0;0;371287,604777632280000;5724573,610067524000000;7,139203402000021;51,657397096000068;1
117445;5;5;13;0;2019;8;15;6;3;5;3;0;1;0;0;0;0;1;368045,756313224320000;5707474,971077529700000;7,098788535000040;51,502986200000066;0
117447;5;3;70;20;2019;8;18;6;3;5;3;0;1;1;0;0;0;0;303346,913096051660000;5660260,010848723400000;6,193596230000026;51,060139372000037;0
117448;5;3;58;60;2019;8;11;6;3;5;3;0;1;0;0;0;0;1;334748,968404849060000;5625807,150816818700000;6,656889565000029;50,760475884000073;0
117456;5;3;74;24;2019;8;16;6;3;0;1;0;1;0;0;0;0;0;394953,294978776950000;5660886,963063217700000;7,500024985000039;51,089852424000071;0
117458;5;3;62;12;2019;8;13;6;3;5;3;0;1;1;0;0;0;0;353133,799703024330000;5634528,457057153800000;6,913885838000056;50,843797457000051;0
117460;5;3;15;0;2019;8;17;6;3;5;3;0;1;1;0;0;0;0;348725,821452962230000;5642959,691928228400000;6,847831489000043;50,918427781000048;0
117461;5;3;15;0;2019;8;14;6;3;5;2;0;1;1;0;0;0;0;352701,241070884280000;5644914,234975855800000;6,903558839000027;50,937020917000041;0
117462;5;3;15;0;2019;8;11;6;2;3;6;0;1;0;0;0;0;1;352949,393881610590000;5641729,933808952600000;6,908372192000059;50,908468149000043;0
117468;5;1;70;48;2019;8;14;6;3;8;1;0;1;0;0;0;0;0;328321,598608879370000;5732553,000543011400000;6,514668843000038;51,717597772000033;0
117470;5;1;54;12;2019;8;18;6;3;5;3;0;1;0;0;0;0;0;313222,692324708220000;5711193,218918772400000;6,307722148000039;51,520929539000065;0
117473;5;1;19;0;2019;8;22;6;3;0;1;2;1;0;0;0;0;0;352426,776999999770000;5710351,945999998600000;6,872702135000054;51,524975218000066;0
117475;5;1;16;0;2019;8;13;6;2;2;6;0;1;1;0;0;0;0;321783,677844299000000;5667873,974977782000000;6,452653799000075;51,134557719000043;0
117476;5;1;22;0;2019;8;15;6;3;0;7;0;1;0;0;0;0;0;363826,534550618380000;5674943,961740896100000;7,050488123000037;51,209638753000036;1
117480;5;1;24;0;2019;8;10;6;3;0;2;0;1;0;0;0;0;1;368312,813000001940000;5683216,916000001100000;7,111633891000054;51,285041836000062;0
117482;5;1;13;0;2019;8;20;6;2;8;1;0;1;0;0;0;0;0;361575,607226764780000;5694903,810214083600000;7,010542083000075;51,388469473000043;0
117489;5;7;74;24;2019;8;21;6;1;5;2;2;1;1;0;0;0;0;475378,740067633800000;5741906,436402717600000;8,642725290000044;51,827441856000064;0
117499;5;7;11;0;2019;8;16;6;3;5;2;0;1;1;0;0;0;0;470929,939521994440000;5765903,100501630500000;8,576143228000035;52,042977579000080;0
117500;5;9;78;28;2019;8;6;6;3;0;2;1;1;1;0;0;0;0;401299,742019380440000;5700352,426243051900000;7,579720388000055;51,445748289000051;0
117512;5;9;13;0;2019;8;21;6;3;5;2;0;1;1;0;0;0;0;383699,887000000100000;5707524,461000001100000;7,324207928000021;51,506869275000042;0
117513;5;9;13;0;2019;8;8;6;3;3;7;0;1;1;0;0;0;0;394196,620597340170000;5710450,356523705600000;7,474518401000069;51,535231630000055;1
117514;5;9;13;0;2019;8;8;6;2;3;2;0;1;1;0;0;0;0;394155,244600270870000;5707352,183690644800000;7,474852772000077;51,507375933000048;0
117528;5;5;70;40;2019;8;16;5;3;5;2;0;1;1;0;0;0;0;419844,176004623990000;5744720,089520255100000;7,836338420000061;51,847527142000047;1
117533;5;1;70;16;2019;8;14;7;3;0;1;0;1;0;0;0;0;0;343691,152469059450000;5727562,771369751500000;6,739208987000041;51,677257387000054;1
117535;5;5;66;84;2019;8;18;5;3;5;2;0;1;1;0;0;0;0;385336,365839628500000;5777796,671443205300000;7,324504785000045;52,138770727000065;0
117538;5;5;58;16;2019;8;17;5;3;4;6;0;1;0;0;0;0;0;380625,246687875130000;5752915,909656830100000;7,264378300000033;51,914175242000056;0
117541;5;5;15;0;2019;8;16;5;3;2;6;0;1;0;0;0;0;0;406976,308829518040000;5757806,858856609100000;7,646048728000039;51,963162976000035;0
117550;5;3;34;2;2019;8;5;5;3;3;2;2;1;1;0;0;0;0;294764,974000002260000;5629649,093000000300000;6,088514174000068;50,782221840000034;1
117554;5;5;62;20;2019;8;17;4;3;5;3;0;1;1;0;0;0;0;371178,853996545080000;5717575,217837199600000;7,140206195000076;51,594479129000035;0
117556;5;5;66;48;2019;8;8;4;3;0;3;0;1;1;0;0;0;0;431072,676939697000000;5795704,195788826800000;7,989016969000033;52,307345721000047;0
117557;5;5;66;12;2019;8;13;4;2;5;3;0;1;1;0;0;0;0;409066,092000001110000;5777432,127000000300000;7,671233170000050;52,139909833000047;0
117563;5;3;15;0;2019;8;19;5;3;6;4;1;1;0;1;0;0;0;355196,061955754650000;5644845,174878079400000;6,939069245000042;50,937032142000078;1
117564;5;3;14;0;2019;8;15;5;3;5;5;0;1;1;0;0;0;0;364329,688240719030000;5622616,134464368200000;7,077213410000070;50,739466357000026;0
117569;5;1;58;20;2019;8;8;5;3;0;5;0;1;0;0;0;0;1;355293,607796998690000;5664754,849346363900000;6,932509300000049;51,115977341000075;1
117574;5;1;54;60;2019;8;5;5;1;5;6;2;1;1;0;0;1;0;315498,694052536970000;5699163,837980179100000;6,346769548000054;51,413628321000033;1
117579;5;1;19;0;2019;8;15;5;3;5;3;0;1;1;0;0;0;0;350589,737766206260000;5704721,128856772600000;6,848625342000048;51,473897195000063;1
117580;5;1;19;0;2019;8;20;5;3;3;2;1;1;1;0;0;0;0;351646,280484781600000;5704678,072746481700000;6,863845284000036;51,473788334000062;1
117581;5;1;16;0;2019;8;20;5;3;2;6;0;1;0;0;0;0;0;318492,214890218340000;5667230,813181955400000;6,405982182000059;51,127746459000036;1
117585;5;1;14;0;2019;8;14;5;2;0;3;0;1;1;0;0;0;0;327919,765913819890000;5689170,108194222700000;6,530044426000075;51,327754873000060;1
117590;5;1;24;0;2019;8;6;5;2;0;1;0;1;0;0;0;0;0;373201,946063701990000;5679066,741341520100000;7,183176223000032;51,248851313000046;1
117593;5;1;24;0;2019;8;9;5;3;3;5;0;1;1;0;0;0;0;372027,994080664590000;5684704,148133954000000;7,164345959000059;51,299255080000080;1
117599;5;1;54;16;2019;8;2;7;2;0;1;2;1;0;0;0;0;0;304546,202866004780000;5733570,201161222500000;6,170334662000073;51,718953503000080;1
117600;5;1;11;0;2019;8;15;5;3;5;3;0;1;1;0;0;0;0;345086,700808069670000;5680691,073382886100000;6,779919200000052;51,256503654000028;1
117601;5;1;11;0;2019;8;8;5;3;5;3;0;1;0;0;0;0;1;345035,361233623700000;5680861,949745820800000;6,779110026000069;51,258025086000032;1
117603;5;1;11;0;2019;8;15;5;3;5;2;0;1;1;0;0;0;0;346596,727301095610000;5676165,088523872200000;6,803480727000022;51,216243610000049;1
117608;5;7;54;8;2019;8;14;5;3;3;2;0;1;1;0;0;0;0;458751,494665880690000;5750659,869258984900000;8,400416166000071;51,905160805000037;1
117617;5;1;62;22;2019;8;13;7;2;0;1;0;1;0;0;0;0;0;335702,288098945280000;5683755,169567989200000;6,644140497000024;51,281406279000066;0
117624;5;1;13;0;2019;8;5;7;3;0;7;1;1;0;0;0;0;0;355783,204024577510000;5702675,516743915200000;6,924187426000060;51,456863247000058;1
117635;5;9;62;20;2019;8;17;5;3;0;1;0;1;0;0;0;0;0;412677,729193063450000;5669798,755404202300000;7,750883724000062;51,172943637000060;0
117643;5;9;13;0;2019;8;10;5;3;2;6;0;1;1;0;0;0;0;392823,454000000840000;5708098,441000003400000;7,455443216000049;51,513832593000075;1
117644;5;3;15;0;2019;8;15;7;3;0;1;0;1;0;0;0;0;0;353710,906854034400000;5646305,225254422100000;6,917360154000050;50,949778262000052;0
117646;5;9;11;0;2019;8;13;5;3;5;7;0;1;1;0;0;0;0;377088,167080341840000;5701107,607762461500000;7,231218597000066;51,447798614000078;1
117648;5;9;11;0;2019;8;11;5;3;5;2;0;1;1;0;0;0;0;375936,672365708280000;5707581,716149942900000;7,212382774000048;51,505732843000033;0
117649;5;5;54;8;2019;8;11;4;3;5;3;0;1;1;0;0;0;0;338790,241905286910000;5751124,639356885100000;6,657443593000039;51,887547572000074;0
117656;5;7;66;20;2019;8;10;7;3;5;3;0;1;0;0;0;0;1;489042,567999999970000;5752324,447999998900000;8,840666608000049;51,921546549000027;0
117659;5;5;66;16;2019;8;22;4;3;0;1;2;1;0;0;0;0;0;406473,587467813860000;5790639,865012183800000;7,629715230000045;52,258189313000059;1
117663;5;3;82;4;2019;8;19;3;2;2;5;0;1;0;0;0;0;0;359856,380764166820000;5615414,259405197600000;7,016589230000022;50,673676821000072;0
117666;5;1;70;12;2019;8;14;3;3;5;3;0;1;1;0;0;0;0;335105,112671324980000;5737734,167026028000000;6,610322032000056;51,766178187000037;0
117667;5;1;70;12;2019;8;15;3;2;5;3;0;1;1;0;0;0;0;337420,503439715130000;5730785,806454144400000;6,647091879000072;51,704432799000074;1
117669;5;1;58;16;2019;8;15;3;3;5;3;0;1;1;0;0;0;0;357566,798511334690000;5671571,371337302000000;6,962268612000059;51,177804160000051;0
117671;5;1;58;28;2019;8;15;3;3;5;3;0;1;1;0;0;0;0;349525,872973598540000;5684898,528953924800000;6,841716857000051;51,295499372000052;0
117672;5;1;58;12;2019;8;12;3;3;5;3;0;1;1;0;0;0;0;356909,104488206100000;5689438,864216251300000;6,945719060000045;51,338203248000070;0
117675;5;1;54;4;2019;8;18;3;2;3;3;0;1;1;0;0;0;0;305409,849999999630000;5738771,855000002300000;6,179912599000033;51,765967039000031;1
117676;5;1;66;36;2019;8;7;3;3;5;3;0;1;1;0;0;0;0;322170,789739170110000;5682182,479880960700000;6,451093336000042;51,263215808000041;0
117677;5;1;66;12;2019;8;15;3;3;0;1;0;1;0;0;0;0;0;320654,972701599820000;5693473,505557147800000;6,423711868000055;51,364167548000069;0
117695;5;7;58;12;2019;8;17;3;2;0;1;0;1;0;0;0;0;0;476212,030446590860000;5772957,655083823900000;8,652665335000052;52,106654650000053;0
117697;5;5;66;76;2019;8;18;3;2;0;7;0;1;0;0;0;0;0;393988,717034116390000;5793417,578171843700000;7,445991235000065;52,280889107000064;1
117700;5;7;66;40;2019;8;6;3;3;5;3;0;1;1;0;0;0;0;482440,915417808110000;5762288,721970889700000;8,744162404000065;52,010965477000070;0
117710;5;9;62;40;2019;8;21;3;3;5;2;2;1;1;0;0;0;0;416503,793775404800000;5697970,732920732300000;7,799009336000040;51,426783173000047;1
117720;5;9;16;0;2019;8;16;3;3;6;6;0;1;0;1;0;0;0;374656,982510253790000;5709977,874120470100000;7,193101505000072;51,526985281000066;0
117735;5;5;54;40;2019;8;12;2;2;5;3;0;1;1;0;0;0;0;350461,884999999780000;5738144,235000001300000;6,832517250000024;51,774174696000046;0
117738;5;5;15;0;2019;8;7;2;3;5;3;0;1;1;0;0;0;0;406688,950547778980000;5759311,648399876400000;7,641458509000074;51,976640584000052;0
117741;5;5;62;36;2019;8;13;2;3;3;6;0;1;1;0;0;0;0;388758,497836210760000;5719880,411540217700000;7,393156602000033;51,618944275000047;0
117742;5;5;62;28;2019;8;13;2;2;5;3;0;1;1;0;0;0;0;378775,936811827120000;5723399,174570728100000;7,247813216000054;51,648507070000051;0
117743;5;5;62;28;2019;8;15;2;3;0;7;0;1;1;0;0;0;0;379666,434703441340000;5721425,394814685000000;7,261356873000068;51,630959279000081;0
117746;5;5;62;20;2019;8;16;2;3;5;3;0;1;1;0;0;0;0;371766,045341072600000;5718087,649444129300000;7,148491408000041;51,599218260000043;0
117747;5;5;13;0;2019;8;15;2;2;6;6;0;1;0;1;0;0;0;365046,095992328600000;5717682,041946414900000;7,051680203000046;51,594003358000066;0
117750;5;5;13;0;2019;8;6;2;3;5;2;0;1;1;0;0;0;0;368927,186846522610000;5708109,560174493100000;7,111244988000067;51,508894246000068;0
117751;5;3;70;20;2019;8;14;2;3;6;7;0;1;0;1;0;0;0;305454,944395595230000;5659012,301864005600000;6,224312167000051;51,049650681000060;0
117754;5;3;34;16;2019;8;9;2;3;4;6;0;1;0;0;0;0;0;296294,592448633160000;5634418,734894715200000;6,107538029000068;50,825598939000031;0
117755;5;3;34;8;2019;8;22;2;3;0;3;2;1;1;0;0;0;0;301333,631760452870000;5641444,992286982000000;6,175181523000049;50,890458167000077;1
117759;5;3;82;52;2019;8;15;2;3;5;1;0;1;1;0;0;0;0;389957,851033162330000;5633005,353360984500000;7,437156193000021;50,838282620000030;0