OBJECTID;ULAND;UREGBEZ;UKREIS;UGEMEINDE;UJAHR;UMONAT;USTUNDE;UWOCHENTAG;UKATEGORIE;UART;UTYP1;ULICHTVERH;IstRad;IstPKW;IstFuss;IstKrad;IstGkfz;IstSonstige;LINREFX;LINREFY;XGCSWGS84;YGCSWGS84;STRZUSTAND
117761;5;3;78;16;2019;8;15;2;3;0;7;0;1;1;0;0;0;0;361087,422941839320000;5663238,989799497600000;7,015817706000064;51,103788281000050;0
117766;5;3;62;8;2019;8;7;2;2;5;3;0;1;1;0;0;0;0;333166,745000000110000;5647058,341000000000000;6,624790992000044;50,950965580000059;0
117767;5;3;15;0;2019;8;19;2;3;5;2;0;1;1;0;0;0;0;362844,651539823040000;5648315,819976775000000;7,046551109000063;50,970093943000052;0
117768;5;3;15;0;2019;8;15;2;3;1;5;0;1;1;0;0;0;0;356050,922003963030000;5646893,879810465500000;6,950417967000021;50,955657521000035;0
117769;5;3;15;0;2019;8;7;2;3;5;2;0;1;0;0;0;0;1;356147,201891695150000;5648837,420282548300000;6,951019397000039;50,973147776000076;0
117770;5;3;15;0;2019;8;9;2;3;5;7;0;1;1;0;0;0;0;349150,973397388120000;5643089,113577019400000;6,853822034000075;50,919702099000062;0
117773;5;3;15;0;2019;8;15;2;2;1;5;0;1;1;0;0;0;0;355211,074701731090000;5644529,133044377000000;6,939408339000067;50,934195714000055;0
117774;5;3;15;0;2019;8;13;2;3;7;7;0;1;0;0;0;0;0;354610,570000000300000;5644811,695000000300000;6,930755353000052;50,936583954000071;0
117775;5;3;14;0;2019;8;14;2;3;5;3;0;1;1;0;0;0;0;368704,190722119060000;5623042,329348081700000;7,139023668000050;50,744302610000034;0
117776;5;3;14;0;2019;8;12;2;3;5;3;0;1;1;0;0;0;0;367964,827768827790000;5625287,717466108500000;7,127744719000020;50,764316665000081;0
117778;5;1;70;24;2019;8;14;2;2;5;3;0;1;1;0;0;0;0;335939,417736857200000;5702520,653818715400000;6,638878811000041;51,450069753000037;0
117779;5;1;70;12;2019;8;7;2;3;5;3;0;1;1;0;0;0;0;335169,061673524790000;5739586,181998545300000;6,610368854000058;51,782834557000058;0
117782;5;1;58;20;2019;8;20;2;3;0;7;0;1;0;0;1;0;0;354744,075862407680000;5665452,356724139300000;6,924382417000061;51,122106393000081;0
117785;5;1;58;32;2019;8;19;2;3;0;1;0;1;0;0;0;0;0;364825,628359867260000;5687495,689479932200000;7,060037732000069;51,322677748000046;0
117790;5;1;19;0;2019;8;9;2;2;5;2;0;1;1;0;0;0;0;353389,461685184390000;5705603,862919930400000;6,888542791000020;51,482561551000060;0
117791;5;5;70;28;2019;8;16;3;2;5;2;0;1;1;0;0;0;0;440694,972866551950000;5741122,243810832500000;8,139612996000039;51,817786471000034;0
117792;5;1;19;0;2019;8;18;2;2;5;6;0;1;1;0;0;0;0;350733,703000000680000;5704535,975999999800000;6,850774958000045;51,472271515000045;0
117799;5;1;24;0;2019;8;16;2;3;0;2;0;1;0;0;0;0;1;376782,541162174200000;5676907,514425152900000;7,235197168000070;51,230229344000065;0
117803;5;1;13;0;2019;8;17;2;3;5;3;0;1;1;0;0;0;0;361372,535675128920000;5696552,817536395000000;7,006981318000044;51,403238618000046;0
117812;5;7;74;20;2019;8;18;2;3;2;6;0;1;1;0;0;0;0;466920,702218129300000;5731789,962610624700000;8,520960524000032;51,736048026000049;0
117818;5;7;62;4;2019;8;15;2;2;0;1;0;1;0;0;0;0;0;499494,716628255320000;5731961,566065715600000;8,992682327000068;51,738567009000064;0
117821;5;7;54;44;2019;8;15;2;3;0;3;0;1;1;0;0;0;0;462505,027000000700000;5749415,604000002100000;8,455109662000041;51,894239273000039;0
117823;5;9;13;0;2019;8;15;4;3;5;3;0;1;1;0;0;0;0;393179,461183971730000;5709823,578996252300000;7,460048731000029;51,529406328000050;0
117826;5;7;66;60;2019;8;17;2;3;5;3;0;1;1;0;0;0;0;510239,964437558320000;5752500,571334656300000;9,148905885000033;51,923143741000047;0
117827;5;7;66;20;2019;8;21;2;3;4;3;2;1;1;0;0;0;0;484886,389933376570000;5754901,432058323200000;8,780118299000037;51,944618886000058;0
117835;5;9;15;0;2019;8;15;2;2;5;3;0;1;1;0;0;0;0;413968,579778466370000;5729789,624266266800000;7,754761179000070;51,712440149000031;0
117837;5;9;15;0;2019;8;12;2;3;5;7;0;1;1;0;0;0;0;418954,943648895250000;5725010,678258609000000;7,828028327000027;51,670222199000079;0
117838;5;9;13;0;2019;8;8;2;3;3;2;0;1;1;0;0;0;0;394024,882000000220000;5707934,838000003200000;7,472799924000071;51,512588697000069;0
117840;5;9;13;0;2019;8;12;2;3;3;2;0;1;1;0;0;0;0;392552,802000001070000;5706839,588000003200000;7,451927888000057;51,502466071000072;0
117854;5;5;70;12;2019;8;17;1;1;5;3;0;1;1;0;0;0;0;441566,012000000100000;5754480,786000004000000;8,149986581000064;51,937973642000031;0
117874;5;1;70;24;2019;8;2;1;3;5;3;2;1;1;0;0;0;0;335939,511000001800000;5702516,680000001600000;6,638881994000030;51,450034079000034;1
117876;5;5;54;20;2019;8;18;3;3;5;3;0;1;1;0;0;0;0;366842,678826054560000;5782106,700772505300000;7,052737471000057;52,173351263000029;1
117883;5;5;54;56;2019;8;20;3;3;5;7;0;1;1;0;0;0;0;356927,676756484430000;5762442,794770671100000;6,916092107000054;51,994192407000071;0
117908;5;5;12;0;2019;8;19;3;3;5;2;0;1;1;0;0;0;0;358957,251267488110000;5711419,200146917300000;6,966347554000038;51,536234306000040;1
117928;5;5;66;76;2019;8;22;7;3;5;2;2;1;1;0;0;0;0;393098,614200439300000;5793843,309335263400000;7,432813568000029;52,284542833000046;1
117931;5;3;15;0;2019;8;13;3;3;1;2;0;1;1;0;0;0;0;356237,041000001130000;5648466,168000001500000;6,952444917000037;50,969833839000046;0
117932;5;5;54;4;2019;8;11;7;2;5;3;0;1;1;0;0;0;0;362710,182800658050000;5772576,416611744100000;6,996190970000043;52,086706669000080;0
117934;5;3;15;0;2019;8;17;3;3;3;6;0;1;0;0;0;0;0;352628,369472803550000;5640955,740679198900000;6,904121792000069;50,901428900000042;0
117938;5;3;58;24;2019;8;12;7;2;5;2;0;1;1;0;0;0;0;314685,359000001100000;5644483,187000000800000;6,363263705000065;50,922188203000076;0
117941;5;3;82;56;2019;8;15;7;3;0;3;0;1;1;0;0;0;0;373731,820581308570000;5626544,777157202400000;7,209045405000040;50,776899459000049;0
117946;5;9;13;0;2019;8;12;4;3;5;3;0;1;1;0;0;0;0;393602,823194933120000;5712539,517391257000000;7,465328562000025;51,553898305000075;0
117952;5;1;11;0;2019;8;16;6;3;5;3;0;1;1;0;0;0;0;343378,273336337880000;5675392,836046638000000;6,757771643000069;51,208430997000050;0
117953;5;1;11;0;2019;8;12;6;3;5;3;0;1;1;0;0;0;0;345130,827270624230000;5675952,398903787100000;6,782599720000064;51,213936803000081;0
117956;5;1;11;0;2019;8;17;6;3;5;3;0;1;0;0;0;0;0;346716,008264672940000;5676292,005322374400000;6,805133068000032;51,217416061000051;0
117957;5;7;70;8;2019;8;22;6;2;0;1;2;1;0;0;0;0;0;476350,667900288480000;5805179,030222123500000;8,652432940000040;52,396343917000081;0
117960;5;7;70;24;2019;8;13;6;3;5;3;0;1;0;0;0;0;0;495512,857000001710000;5794907,241000002300000;8,934190473000058;52,304488788000072;0
117963;5;7;58;12;2019;8;13;6;3;5;3;0;1;1;0;0;0;0;473849,110031037590000;5769762,819668542600000;8,618409602000043;52,077824428000042;0
117964;5;7;54;28;2019;8;14;6;3;0;1;0;1;0;0;0;0;0;451258,302000000140000;5744591,773000000000000;8,292361202000052;51,850000600000044;0
117965;5;7;54;8;2019;8;13;6;3;5;3;0;1;0;0;0;0;0;457396,464000000620000;5750397,182000000000000;8,380753285000026;51,902697112000055;0
117966;5;3;15;0;2019;8;20;6;3;3;6;1;1;0;0;1;0;0;355014,310376530510000;5644791,444168189500000;6,936505627000031;50,936503611000035;0
117970;5;9;70;4;2019;8;10;6;2;0;1;0;1;1;0;0;0;0;462818,739000000990000;5646802,796000000100000;8,470444330000021;50,971623444000045;0
117973;5;9;70;40;2019;8;17;6;3;1;6;0;1;1;0;0;0;0;431583,714974916540000;5638961,023669740200000;8,027103574000023;50,898252122000031;0
117976;5;9;58;44;2019;8;16;6;3;4;6;0;1;0;0;0;0;0;425893,291412456890000;5687871,158826345600000;7,936146467000071;51,337290172000053;0
117982;5;9;14;0;2019;8;10;6;3;5;2;0;1;1;0;0;0;0;394492,025263555350000;5695901,227935507900000;7,483119795000050;51,404510461000029;0
117986;5;9;13;0;2019;8;7;6;3;5;2;0;1;1;0;0;0;0;393776,770000001420000;5706393,702999999700000;7,469689969000058;51,498689598000055;0
117988;5;9;11;0;2019;8;11;6;3;5;3;0;1;1;0;0;0;0;375901,347090728580000;5706639,747444074600000;7,212205424000047;51,497259291000034;0
117991;5;3;34;24;2019;8;15;6;3;2;6;0;1;1;0;0;0;0;303599,673000001350000;5619853,357999999100000;6,218903029000046;50,697293218000027;0
118009;5;1;66;16;2019;8;17;6;3;5;3;0;1;1;0;0;0;0;304980,679195979610000;5688679,128814678600000;6,201453468000068;51,315943783000080;0
118011;5;5;70;28;2019;8;17;5;3;0;1;0;1;0;0;0;0;0;441197,496591920960000;5741396,730039361900000;8,146856039000056;51,820307273000026;0
118014;5;5;66;8;2019;8;17;5;3;2;6;0;1;0;0;0;0;0;399612,399575957100000;5778840,602938950100000;7,532722233000072;52,150931966000030;0
118024;5;5;62;16;2019;8;8;5;3;3;3;0;1;1;0;0;0;0;375275,467592294330000;5735013,420039510400000;7,193089810000060;51,752118166000059;0
118026;5;5;13;0;2019;8;10;5;3;5;2;0;1;1;0;0;0;0;366434,302133511750000;5714472,602442147200000;7,072930046000067;51,565492535000033;0
118028;5;3;70;20;2019;8;17;5;3;2;2;0;1;1;0;0;0;0;305827,011629503220000;5659626,911122508300000;6,229284378000045;51,055296922000082;0
118030;5;3;70;4;2019;8;9;5;2;5;3;0;1;1;0;0;0;0;312163,604141720570000;5661592,190283972800000;6,318575031000023;51,075057546000039;0
118031;5;3;15;0;2019;8;14;6;3;5;3;0;1;1;0;0;0;0;354538,990921051240000;5647416,907582046500000;6,928696647000038;50,959978171000046;0
118032;5;3;70;28;2019;8;19;5;3;0;6;0;1;1;0;0;0;0;295478,271999999880000;5645593,406000003200000;6,089713578000044;50,925672113000076;0
118033;5;3;58;48;2019;8;15;5;3;5;2;0;1;1;0;0;0;0;319847,594875717540000;5636791,469159282700000;6,440426668000043;50,854723092000029;0
118038;5;3;58;8;2019;8;19;5;3;0;2;0;1;1;0;0;0;0;323074,032834673300000;5629525,808212671400000;6,489724508000052;50,790443424000046;0
118044;5;3;78;8;2019;8;22;5;3;5;3;2;1;1;0;0;0;0;371373,784772305750000;5663211,772354194900000;7,162670319000029;51,105944060000070;0
118045;5;3;14;0;2019;8;9;6;3;5;3;0;1;0;0;0;0;1;368477,283000000750000;5622905,061000002500000;7,135858316000054;50,743017467000072;0
118048;5;3;74;44;2019;8;17;5;3;5;3;0;1;1;0;0;0;0;403938,082000000400000;5637864,750000000000000;7,634366343000067;50,884459226000047;0
118051;5;3;66;28;2019;8;0;5;3;0;1;2;1;0;0;0;0;0;332372,128027884290000;5607936,892136270200000;6,631319745000042;50,599224956000057;0
118052;5;3;34;2;2019;8;13;6;3;3;2;0;1;1;0;0;0;0;293867,766465557740000;5629509,758054569400000;6,075882061000073;50,780652256000053;0
118055;5;1;54;36;2019;8;15;6;3;4;6;0;1;0;0;0;0;0;304495,574115766210000;5743925,950972687500000;6,163776128000052;51,811933775000057;0
118058;5;3;16;0;2019;8;16;5;3;5;3;0;1;1;0;0;0;0;362913,935718762690000;5654603,083883343300000;7,045163560000049;51,026615776000028;0
118060;5;3;16;0;2019;8;13;5;2;5;3;0;1;1;0;0;0;0;359771,322105742990000;5657605,193701073500000;6,999216895000075;51,052837579000027;0
118062;5;3;15;0;2019;8;19;5;2;3;6;0;1;1;0;0;0;0;354351,692548904570000;5645830,732438458100000;6,926666055000055;50,945676412000068;0
118068;5;1;62;4;2019;8;17;6;3;5;3;0;1;1;0;0;0;0;349330,458000000570000;5661653,689000003000000;6,848668351000072;51,086573482000063;0
118070;5;1;58;28;2019;8;17;5;2;5;3;0;1;1;0;0;0;0;350362,563790721820000;5689386,269694790200000;6,851825286000064;51,336045326000033;0
118071;5;1;58;32;2019;8;16;5;3;3;2;0;1;1;0;0;0;0;364012,832000002260000;5688940,199000002800000;7,047828743000025;51,335465490000047;0
118075;5;1;66;8;2019;8;11;5;3;0;7;0;1;1;0;0;0;0;317893,313851872460000;5688404,885025102600000;6,386676876000024;51,317759532000082;0
118076;5;1;66;32;2019;8;13;5;3;0;1;0;1;0;0;0;0;0;316999,658389924090000;5681985,921547398000000;6,377155867000056;51,259813756000028;0
118086;5;1;20;0;2019;8;7;5;3;1;2;0;1;0;0;0;1;0;372390,263940948990000;5671558,322246287000000;7,174224156000037;51,181187670000043;0
118091;5;3;15;0;2019;8;23;6;3;6;6;2;1;0;1;0;0;0;356376,985933163200000;5644602,161711163800000;6,955961114000047;50,935143538000034;0
118092;5;1;12;0;2019;8;6;5;3;5;3;0;1;1;0;0;0;0;347216,571000002320000;5696603,444000002000000;6,803595344000030;51,400057355000058;0
118094;5;1;11;0;2019;8;15;5;2;5;3;0;1;1;0;0;0;0;344056,974485190590000;5674461,795084931000000;6,767884727000023;51,200250972000049;0
118097;5;1;11;0;2019;8;12;5;3;6;4;0;1;0;1;0;0;0;344273,103408488440000;5677936,341458832800000;6,769467033000069;51,231529941000076;0
118103;5;7;58;4;2019;8;13;5;2;5;2;0;1;1;0;0;0;0;470807,967491181570000;5781575,015055429200000;8,573020935000045;52,183870071000058;0
118104;5;7;58;32;2019;8;15;5;3;3;6;0;1;0;0;0;1;0;465154,736592965200000;5777802,168674105800000;8,490724250000028;52,149622685000054;0
118110;5;7;11;0;2019;8;18;5;3;3;2;0;1;0;0;0;0;1;464571,445000002160000;5760868,175999999000000;8,483957900000064;51,997340856000051;0
118111;5;9;78;20;2019;8;14;5;3;5;3;0;1;1;0;0;0;0;411784,465000000780000;5715484,034000001800000;7,726764211000045;51,583504084000026;0
118119;5;1;58;32;2019;8;11;6;2;0;1;0;1;0;0;0;0;0;364017,711774240250000;5690417,559978742200000;7,047334465000063;51,348743325000044;0
118122;5;9;66;12;2019;8;10;5;2;8;1;0;1;0;0;0;0;0;426024,464000000620000;5667352,923999998700000;7,942269400000043;51,152836397000044;0
118129;5;1;62;16;2019;8;19;6;3;5;3;0;1;0;0;0;0;0;330503,280001171860000;5676014,757918253500000;6,573327334000055;51,210343105000049;0
118130;5;1;13;0;2019;8;16;6;3;5;7;0;1;1;0;0;0;0;360777,773869748230000;5706437,183305863300000;6,994547312000066;51,491916883000044;0
118134;5;1;66;12;2019;8;18;6;3;3;2;0;1;1;0;0;0;0;320603,807000000030000;5693739,400000002200000;6,422843524000029;51,366539876000047;0
118136;5;9;13;0;2019;8;8;5;3;5;3;0;1;1;0;0;0;0;402007,121169205750000;5709511,982447691300000;7,587353664000034;51,528206544000057;0
118142;5;9;16;0;2019;8;8;5;3;5;2;0;1;1;0;0;0;0;378784,111312257130000;5710010,863065470000000;7,252555034000068;51,528182790000074;0
118156;5;3;15;0;2019;8;23;6;3;3;2;2;1;1;0;0;0;0;353032,336608009410000;5644894,251761449500000;6,908275881000066;50,936925811000037;0
118159;5;5;66;48;2019;8;17;4;3;5;3;0;1;1;0;0;0;0;426905,058565511370000;5793654,428470140300000;7,928345091000040;52,288381569000080;0
118164;5;5;15;0;2019;8;16;4;3;5;3;0;1;1;0;0;0;0;403488,120262338780000;5760696,085352214100000;7,594482139000036;51,988537583000038;0
118166;5;1;70;24;2019;8;8;6;3;5;2;0;1;1;0;0;0;0;337611,052117752840000;5701087,923562089000000;6,663572267000063;51,437679460000027;0
118167;5;5;62;24;2019;8;15;4;3;4;6;0;1;0;0;0;0;0;369324,025755613110000;5724925,739248741400000;7,110700787000042;51,660108466000054;0
118169;5;3;82;12;2019;8;10;6;3;5;3;0;1;1;0;0;0;0;359940,744675576690000;5624240,781191494300000;7,014432624000051;50,753025917000059;0
118170;5;5;12;0;2019;8;18;4;3;5;3;0;1;1;0;0;0;0;353905,867935353890000;5709770,762571621700000;6,894248938000033;51,520137484000031;0
118171;5;5;13;0;2019;8;16;4;3;5;3;0;1;1;0;0;0;0;368308,214000000620000;5712659,258000003200000;7,100629662000074;51,549637291000067;0
118174;5;3;34;24;2019;8;7;4;2;5;7;0;1;1;0;0;0;0;301459,592013206330000;5613707,974285742300000;6,191934687000071;50,641367697000078;0
118176;5;3;82;56;2019;8;17;4;3;5;3;0;1;1;0;0;0;0;373731,943775502030000;5626541,862257603600000;7,209048152000037;50,776873285000079;0
118179;5;3;82;36;2019;8;16;4;3;5;3;0;1;1;0;0;0;0;391975,044654914180000;5638084,334841003600000;7,464294393000046;50,884320139000067;0
118181;5;3;82;20;2019;8;14;4;3;5;3;0;1;1;0;0;0;0;379428,242000000550000;5625988,782999998000000;7,289984921000041;50,773114050000061;0
118182;5;3;78;8;2019;8;9;4;3;5;3;0;1;1;0;0;0;0;365655,462625418790000;5661163,580580646200000;7,081798415000037;51,086224683000069;0
118184;5;3;78;4;2019;8;9;4;3;3;2;0;1;1;0;0;0;0;367168,416482612490000;5650726,715259367600000;7,107215122000071;50,992775523000034;0
118187;5;3;74;32;2019;8;5;4;3;0;7;2;1;0;0;0;0;0;399269,914426503700000;5640072,316396977800000;7,567415653000069;50,903509832000054;0
118191;5;3;62;40;2019;8;9;4;2;5;3;0;1;1;0;0;0;0;356480,783397457560000;5632182,859271405300000;6,962312949000022;50,823557344000051;0
118196;5;3;62;8;2019;8;16;4;3;0;1;0;1;0;0;0;0;0;336868,518150556830000;5646006,639989741100000;6,677917495000031;50,942575384000065;0
118198;5;3;15;0;2019;8;16;4;3;0;1;0;1;0;0;0;0;0;355301,954000001770000;5644192,985000001300000;6,940834266000024;50,931197630000042;0
118201;5;3;15;0;2019;8;21;6;3;0;6;2;1;1;0;0;0;0;366515,991102274510000;5635861,493863128100000;7,103366141000038;50,859020880000060;0
118204;5;1;70;12;2019;8;17;4;2;5;2;0;1;1;0;0;0;0;329214,319000001070000;5735157,906999999700000;6,526301709000052;51,741270140000040;0
118205;5;1;13;0;2019;8;12;6;3;0;1;0;1;0;0;0;0;0;366159,294934576380000;5696014,795542437600000;7,075960092000059;51,399553263000030;1
118207;5;1;58;12;2019;8;19;4;3;5;3;0;1;0;0;0;0;0;355892,442061837760000;5688820,727278202800000;6,931383656000037;51,332391807000079;0
118210;5;1;16;0;2019;8;5;6;1;5;3;2;1;1;0;0;1;0;323637,273347661830000;5676947,424864061200000;6,474669000000063;51,216642891000049;0
118212;5;1;54;8;2019;8;14;4;3;5;3;0;1;1;0;0;0;0;304255,419368146920000;5750864,884745378000000;6,156370258000038;51,874162292000051;0
118213;5;1;54;24;2019;8;16;4;3;0;7;0;1;0;0;0;1;0;318984,428000001240000;5736474,870000001000000;6,377606957000069;51,749888578000082;0
118214;5;1;66;16;2019;8;12;4;3;5;3;0;1;1;0;0;0;0;303770,112807813100000;5689683,667104873800000;6,183551279000028;51,324549521000051;0
118217;5;3;15;0;2019;8;11;6;3;0;1;0;1;0;0;0;0;0;352180,583033531900000;5643657,700735300800000;6,896663437000029;50,925595797000028;0
118219;5;1;13;0;2019;8;19;4;3;0;7;0;1;0;0;0;0;0;365501,817253604530000;5705313,775426419500000;7,062981095000055;51,482964758000037;0
118224;5;1;13;0;2019;8;13;4;3;1;5;0;1;1;0;0;0;0;358678,768412842420000;5701691,087065484400000;6,966230041000074;51,448747264000076;0
118228;5;1;11;0;2019;8;13;4;3;5;2;0;1;1;0;0;0;0;345138,749039388260000;5674735,155648917000000;6,783238463000032;51,203001485000073;0
118232;5;7;70;4;2019;8;18;4;3;5;3;0;1;1;0;0;0;0;486525,085817292330000;5784480,885230030900000;8,802790412000036;52,210603541000069;0
118234;5;7;62;12;2019;8;18;4;3;5;3;0;1;1;0;0;0;0;517527,185794219370000;5707674,535512717400000;9,252617067000074;51,519917735000035;0
118241;5;1;66;36;2019;8;9;6;3;5;3;0;1;1;0;0;0;0;322503,542601699940000;5684282,772150883500000;6,454814930000055;51,282186859000035;0
118243;5;7;11;0;2019;8;16;4;3;5;3;0;1;1;0;0;0;0;463166,572922967370000;5757840,890235856200000;8,463820977000069;51,970032353000079;0
118251;5;3;78;4;2019;8;12;6;3;5;2;0;1;1;0;0;0;0;365735,269000000320000;5653980,306000003600000;7,085601889000031;51,021684511000046;0
118252;5;9;54;24;2019;8;7;4;2;0;1;1;1;0;0;0;0;0;381611,527514807880000;5683447,115193169600000;7,302163404000055;51,290030492000028;0
118259;5;9;78;24;2019;8;15;4;3;5;2;0;1;1;0;0;0;0;398909,304264809940000;5719953,144975686400000;7,539706493000040;51,621512863000078;0
118262;5;3;15;0;2019;8;16;2;3;2;7;0;1;1;0;0;0;0;353714,610619246030000;5646301,213601650700000;6,917414457000064;50,949743150000074;0
118274;5;1;58;4;2019;8;18;2;3;4;2;0;1;1;0;0;0;0;352617,193026469090000;5677115,274627668800000;6,889230703000067;51,226367777000064;0
118280;5;5;58;16;2019;8;13;1;2;0;1;0;1;0;0;0;0;0;388420,789828439240000;5746441,745447684100000;7,379763041000047;51,857604891000051;0
118288;5;3;70;40;2019;8;11;1;3;5;3;0;1;1;0;0;0;0;307284,552329373550000;5666346,149264471600000;6,246473127000058;51,116139956000040;0
118289;5;3;70;8;2019;8;2;1;2;0;1;2;1;0;0;0;0;0;288539,114000000060000;5653396,145000001400000;5,986581702000024;50,993240580000077;0
118295;5;3;34;2;2019;8;13;1;3;0;1;0;1;0;0;0;0;0;300383,901999999770000;5630723,624000001700000;6,167535876000045;50,793834421000042;0
118298;5;3;74;8;2019;8;13;2;3;5;3;0;1;1;0;0;0;0;391565,523036710920000;5649586,509755486600000;7,455051847000050;50,987640314000032;0
118299;5;3;78;28;2019;8;12;1;3;5;3;0;1;1;0;0;0;0;371365,636369651180000;5639974,728334289000000;7,170787829000062;50,897090236000054;0
118300;5;1;16;0;2019;8;19;2;3;5;2;0;1;1;0;0;0;0;320114,355999999680000;5671474,210000000900000;6,427019883000071;51,166377452000063;0
118301;5;3;78;4;2019;8;11;1;3;7;6;0;1;0;0;0;0;0;367576,262907937170000;5646697,272972142300000;7,114490947000036;50,956654247000074;0
118306;5;3;15;0;2019;8;11;1;3;0;7;0;1;0;0;0;0;0;365455,349214996210000;5642914,973427280800000;7,085707121000041;50,922169296000050;0
118308;5;3;15;0;2019;8;16;1;3;0;6;0;1;0;0;0;0;1;358096,322357438500000;5647213,648945586800000;6,979396693000069;50,959038561000057;0
118311;5;3;15;0;2019;8;15;2;2;5;3;0;1;1;0;0;0;0;365886,165000000040000;5634438,107999999100000;7,094943795000063;50,846082110000054;0
118312;5;3;15;0;2019;8;3;1;3;0;7;2;1;0;0;0;0;0;357206,881000000980000;5641145,815000003200000;6,969117345000029;50,904287546000035;0
118313;5;3;14;0;2019;8;13;1;3;3;2;0;1;1;0;0;0;0;366333,714913005010000;5622363,520996505400000;7,105690405000075;50,737660613000060;0
118314;5;1;14;0;2019;8;7;2;3;0;7;0;1;1;0;0;0;0;330963,818606675600000;5688758,746727386500000;6,573889959000042;51,324972070000058;0
118315;5;1;70;8;2019;8;16;1;3;5;3;0;1;0;0;1;0;0;345855,330000000070000;5715355,650000002200000;6,775856481000062;51,568177621000075;0
118318;5;1;22;0;2019;8;14;2;3;2;6;0;1;1;0;0;0;0;365327,754826624880000;5672967,236805552600000;7,072708773000045;51,192229710000049;0
118324;5;1;54;4;2019;8;0;1;2;0;1;2;1;0;0;0;0;0;306586,267735626550000;5737612,215880965800000;6,197585021000066;51,755960379000044;0
118327;5;1;16;0;2019;8;21;1;2;0;1;1;1;0;0;0;0;0;325085,049825227820000;5669872,581737894600000;6,498822802000063;51,153530459000081;0
118335;5;1;13;0;2019;8;16;2;3;0;2;0;1;1;0;0;0;0;354188,942968379710000;5704648,947631457800000;6,900442601000066;51,474187619000077;0
118337;5;1;11;0;2019;8;15;1;3;5;3;0;1;0;0;0;0;1;344439,788889080290000;5678344,493286060200000;6,771675369000036;51,235242780000078;0
118341;5;7;70;8;2019;8;13;1;3;5;3;0;1;1;0;0;0;0;475962,865441801030000;5800607,632780499800000;8,647061423000025;52,355229193000071;0
118345;5;7;62;8;2019;8;13;1;3;0;1;0;1;0;0;0;0;0;527880,761342810470000;5720997,174242656700000;9,402896455000075;51,639290471000038;0
118348;5;7;54;8;2019;8;9;1;3;5;2;0;1;1;0;0;0;0;460956,398025748320000;5750897,583940845000000;8,432437720000053;51,907456919000026;0
118353;5;9;74;28;2019;8;10;1;3;5;2;0;1;1;0;0;0;0;454291,417066674680000;5723615,159283658500000;8,339151744000048;51,661662104000072;0
118369;5;1;12;0;2019;8;16;2;2;3;5;0;1;0;0;0;0;1;343896,392425079830000;5698773,165577855000000;6,754948607000074;51,418648321000035;0
118372;5;1;12;0;2019;8;17;2;3;6;4;0;1;0;1;0;0;0;344033,480877563360000;5700896,751849105600000;6,755983667000066;51,437766345000057;0
118377;5;9;15;0;2019;8;15;1;3;5;3;0;1;1;0;0;0;0;422800,823953419920000;5728004,031693503300000;7,882968868000035;51,697673322000071;0
118382;5;9;16;0;2019;8;11;1;3;5;3;0;1;1;0;0;0;0;371677,515681658870000;5710949,414316937300000;7,149820408000039;51,535047310000039;0
118384;5;9;11;0;2019;8;11;1;3;5;2;0;1;1;0;0;0;0;375868,514999489300000;5708472,193856904300000;7,211087715000076;51,513720890000059;0
118394;5;1;11;0;2019;8;5;2;3;5;2;2;1;1;0;0;0;0;343365,866579241120000;5675410,499155877200000;6,757586460000027;51,208586303000061;0
118398;5;5;70;12;2019;8;14;7;3;1;3;0;1;1;0;0;0;0;439809,820291315210000;5753479,923060158300000;8,124618327000064;51,928788672000053;0
118403;5;1;11;0;2019;8;17;2;2;3;2;0;1;1;0;0;0;0;344857,164450348350000;5681296,064244983700000;6,776369967000051;51,261877284000036;0
118410;5;5;15;0;2019;8;21;7;3;3;7;2;1;1;0;0;0;0;405524,864504347560000;5756571,275796379900000;7,625269398000057;51,951812263000079;0
118411;5;5;15;0;2019;8;23;7;3;0;7;2;1;0;0;0;0;0;408580,674949342380000;5761510,644786000300000;7,668406365000067;51,996720819000075;0
118412;5;1;11;0;2019;8;9;2;3;1;5;0;1;1;0;0;0;0;345574,922981481070000;5677216,476204378500000;6,788408709000066;51,225415381000062;0
118413;5;5;15;0;2019;8;10;7;2;0;1;0;1;0;0;0;0;0;408868,044512590390000;5758548,063016716400000;7,673377983000023;51,970138682000027;0
118414;5;5;15;0;2019;8;21;7;2;0;1;2;1;0;0;0;0;0;404935,304042364470000;5749207,572085954200000;7,618726314000071;51,885523415000080;0
118419;5;5;62;32;2019;8;23;7;2;0;1;2;1;0;0;0;0;0;380893,451481408440000;5720138,833565063800000;7,279514330000040;51,619657448000055;0
118422;5;5;13;0;2019;8;10;7;3;5;3;0;1;1;0;0;0;0;367668,187879021280000;5716211,936498399800000;7,090066516000036;51,581414157000040;0
118428;5;7;70;8;2019;8;14;2;2;3;2;0;1;1;0;0;0;0;474905,139535511840000;5803399,313976766500000;8,631322235000027;52,380279588000064;0
118436;5;3;66;28;2019;8;11;7;2;5;3;0;1;0;0;0;1;0;338364,671488952820000;5612619,845983512700000;6,713884569000072;50,642996042000050;0
118441;5;7;58;12;2019;8;6;2;3;5;3;0;1;1;0;0;0;0;482850,189000002110000;5776118,475999999800000;8,749430401000041;52,135318281000082;0