OBJECTID;ULAND;UREGBEZ;UKREIS;UGEMEINDE;UJAHR;UMONAT;USTUNDE;UWOCHENTAG;UKATEGORIE;UART;UTYP1;ULICHTVERH;IstRad;IstPKW;IstFuss;IstKrad;IstGkfz;IstSonstige;LINREFX;LINREFY;XGCSWGS84;YGCSWGS84;STRZUSTAND
118442;5;3;62;12;2019;8;15;7;3;0;2;0;1;1;0;0;0;0;349815,383957424200000;5629129,262573238500000;6,868995344000041;50,794425500000045;0
118443;5;3;62;24;2019;8;13;7;2;5;3;0;1;1;0;0;0;0;343171,910000000150000;5641700,136000001800000;6,769420536000041;50,905627044000028;0
118450;5;3;15;0;2019;8;10;7;3;5;3;0;1;0;0;1;0;0;351488,751858083530000;5644583,783726632600000;6,886449163000066;50,933740351000040;0
118451;5;3;15;0;2019;8;21;7;3;9;7;2;1;0;0;0;0;0;357164,830405127260000;5646257,125994514700000;6,966517174000046;50,950212238000063;0
118454;5;3;82;48;2019;8;20;7;3;5;2;1;1;1;0;0;0;0;354643,493482529190000;5609560,683236993800000;6,945159322000052;50,619790855000076;0
118455;5;3;82;72;2019;8;12;7;3;5;3;0;1;1;0;0;0;0;368090,232233173210000;5609846,295926271000000;7,135035586000072;50,625554757000032;0
118460;5;1;70;48;2019;8;17;7;3;4;6;0;1;0;0;0;0;0;336486,087005824780000;5725815,283363508100000;6,635908980000068;51,659507230000031;0
118463;5;1;58;4;2019;8;22;7;3;0;7;2;1;0;0;0;0;0;356511,629679410720000;5674275,111458575400000;6,946102905000032;51,201837298000044;0
118465;5;7;54;8;2019;8;10;2;2;0;3;0;1;0;0;1;0;0;463062,481000000610000;5754046,949999999300000;8,462713635000057;51,935915514000044;0
118472;5;1;62;20;2019;8;15;7;3;3;6;0;1;0;0;0;1;0;329921,824712391940000;5673439,587688259800000;6,566230756000039;51,187034746000052;0
118473;5;1;62;20;2019;8;13;7;2;1;5;0;1;0;0;1;0;0;331857,413522887970000;5669308,888058947400000;6,595833589000051;51,150495902000046;0
118474;5;1;58;16;2019;8;10;2;2;0;7;0;1;0;0;0;0;0;355825,865514982490000;5669693,756789496200000;6,938131853000073;51,160494818000075;0
118475;5;1;19;0;2019;8;14;7;3;0;1;0;1;1;0;0;0;0;350569,463336311280000;5703726,886965982600000;6,848753999000053;51,464958150000029;0
118477;5;1;14;0;2019;8;17;7;2;3;5;0;1;1;0;0;0;0;329466,992032618260000;5689033,065933555400000;6,552296281000054;51,326989723000054;0
118478;5;1;24;0;2019;8;10;7;3;5;2;0;1;1;0;0;0;0;375350,726000000720000;5681644,927000001100000;7,213050292000048;51,272497028000032;0
118480;5;1;17;0;2019;8;9;7;2;5;3;0;1;1;0;0;0;0;350079,228253467010000;5699678,123067485200000;6,843416997000077;51,428448620000040;0
118481;5;1;17;0;2019;8;23;7;2;0;7;2;1;0;0;0;0;0;353036,377946518360000;5701318,922462947700000;6,885242625000046;51,443966949000071;0
118482;5;7;66;40;2019;8;14;2;2;5;2;0;1;1;0;0;0;0;483082,729999999520000;5758766,576000001300000;8,753687445000026;51,979318212000067;0
118485;5;1;13;0;2019;8;14;7;3;0;1;0;1;0;0;0;0;0;359400,512000001040000;5701793,332000000400000;6,976569126000072;51,449845714000048;0
118487;5;1;12;0;2019;8;12;7;2;7;1;0;1;1;0;0;0;0;342314,668314769860000;5710411,615436177700000;6,727026784000032;51,522778651000067;0
118488;5;1;12;0;2019;8;10;7;3;0;7;0;1;0;0;0;0;1;345470,260976495220000;5706914,680412432200000;6,774008423000055;51,492231148000030;0
118489;5;1;11;0;2019;8;12;7;3;0;1;0;1;0;0;0;0;0;350688,731490453710000;5677273,664311206000000;6,861566405000076;51,227289851000080;0
118507;5;9;70;24;2019;8;21;2;2;5;3;2;1;1;0;0;0;0;428933,642690086740000;5646050,396202983300000;7,988042763000067;50,961674046000041;0
118508;5;7;54;28;2019;8;17;7;3;0;1;0;1;0;0;0;0;0;451433,279759841970000;5745410,228402938700000;8,294786331000069;51,857374177000054;0
118509;5;7;54;8;2019;8;16;7;3;0;1;0;1;0;0;0;0;0;459430,190864676610000;5753372,687781507100000;8,409961417000034;51,929600536000066;0
118513;5;7;66;40;2019;8;15;7;3;5;3;0;1;1;0;0;0;0;482367,355642361570000;5756601,275286417500000;8,743383049000045;51,959827934000032;0
118515;5;7;11;0;2019;8;9;7;2;8;1;0;1;0;0;0;0;0;466480,427088980560000;5753951,216593176100000;8,512437736000038;51,935271189000048;0
118518;5;9;78;20;2019;8;20;7;3;8;1;0;1;0;0;0;0;0;406557,587476540360000;5716480,113789035000000;7,651080140000033;51,591615487000070;0
118521;5;9;78;12;2019;8;10;7;3;5;3;0;1;1;0;0;0;0;410299,957000001330000;5703446,168000001500000;7,708409909000068;51,475056660000064;0
118525;5;9;74;40;2019;8;17;7;3;5;2;0;1;1;0;0;0;0;436378,902000001630000;5712749,196000000500000;8,082178364000072;51,562230278000072;0
118528;5;3;82;48;2019;8;13;2;3;5;3;0;1;1;0;0;0;0;357845,209557436410000;5612522,722310705100000;6,989254745000039;50,647201496000037;0
118545;5;1;70;48;2019;8;15;2;3;4;6;0;1;0;0;1;0;0;336258,787724724040000;5724135,854754746000000;6,633411976000048;51,644353386000034;0
118549;5;9;11;0;2019;8;23;7;3;0;1;2;1;0;0;0;0;0;374524,375340616330000;5705983,947875978400000;7,192612171000064;51,491061488000071;0
118550;5;9;11;0;2019;8;22;7;3;5;2;2;1;1;0;0;0;0;375877,609121975490000;5706884,160831933800000;7,211777644000051;51,499450707000051;0
118562;5;5;70;8;2019;8;7;6;2;4;6;0;1;0;0;0;0;0;434949,494727998970000;5736309,375434871800000;8,057173087000024;51,773879254000065;0
118566;5;5;66;76;2019;8;21;6;3;3;7;2;1;0;0;0;0;0;394907,874080798590000;5793822,209802689000000;7,459333613000069;52,284702146000029;0
118568;5;5;66;4;2019;8;8;6;3;5;3;0;1;1;0;0;0;0;394827,717224258930000;5766974,725897742400000;7,466477462000057;52,043395958000076;0
118571;5;5;58;44;2019;8;10;6;3;5;3;0;1;1;0;0;0;0;396381,342455480250000;5746145,892680876000000;7,495401915000059;51,856480660000045;0
118574;5;5;15;0;2019;8;15;6;3;0;1;0;1;0;0;0;0;0;405246,388476162220000;5758227,422147281500000;7,620761663000053;51,966651020000029;0
118576;5;9;13;0;2019;8;16;2;3;5;3;0;1;1;0;0;0;0;387314,790893030350000;5712346,414627324800000;7,374730113000055;51,550941738000063;0
118577;5;5;62;24;2019;8;21;6;2;5;3;2;1;1;0;0;0;0;373644,253999999720000;5725699,939000001200000;7,172847453000031;51,668054026000050;0
118583;5;5;13;0;2019;8;15;6;3;5;3;0;1;1;0;0;0;0;368853,684782391410000;5715841,565598737400000;7,107304911000028;51,578362850000076;0
118584;5;9;13;0;2019;8;7;2;2;6;4;0;1;0;1;0;0;0;390598,654459635730000;5704623,879873525400000;7,424471195000024;51,482175653000070;0
118588;5;9;13;0;2019;8;6;2;3;8;2;0;1;0;0;0;0;1;393960,913824550810000;5707295,954606631800000;7,472070583000061;51,506834083000058;0
118590;5;3;34;36;2019;8;6;6;3;0;1;0;1;0;0;0;0;0;298740,270462210290000;5632412,663041196800000;6,143318713000042;50,808436437000069;0
118593;5;3;82;68;2019;8;22;4;2;7;1;2;1;0;0;0;0;0;371389,466000000950000;5629423,150000002200000;7,174832408000043;50,802256305000071;1
118599;5;3;82;68;2019;8;13;4;3;5;3;0;1;1;0;0;0;0;369191,136000001800000;5629871,236000001400000;7,143492648000063;50,805791618000057;0
118601;5;5;15;0;2019;8;7;5;3;5;3;0;1;1;0;0;0;0;407095,065726520490000;5760301,613287080100000;7,647101382000074;51,985606911000048;1
118602;5;3;74;8;2019;8;14;4;3;5;3;0;1;1;0;0;0;0;388316,143465408120000;5649664,748959226500000;7,408750246000068;50,987722311000027;0
118603;5;1;19;0;2019;8;11;5;3;6;4;0;1;1;1;0;0;0;353240,657240506260000;5709572,228509035000000;6,884750509000071;51,518181103000074;0
118608;5;3;62;20;2019;8;21;4;3;9;1;2;1;0;0;0;0;0;342338,965927204120000;5629308,636894298700000;6,762917997000045;50,794051961000036;0
118610;5;3;62;24;2019;8;10;4;3;0;1;0;1;0;0;0;0;0;344004,180215828120000;5645226,447825402000000;6,779740172000061;50,937539497000046;0
118611;5;3;62;24;2019;8;9;4;3;0;5;0;1;1;0;0;0;0;346212,546498180370000;5641708,910286484300000;6,812630056000046;50,906523861000039;0
118612;5;1;16;0;2019;8;15;5;3;0;1;0;1;0;0;0;0;0;319921,605763841420000;5674971,088702173900000;6,422513481000067;51,197729683000034;0
118617;5;3;15;0;2019;8;14;4;3;1;3;0;1;1;0;0;0;0;353566,555240016430000;5642657,510691672600000;6,916772149000053;50,916960876000076;0
118618;5;1;16;0;2019;8;16;5;3;5;3;0;1;1;0;0;0;0;321295,133999999610000;5673469,584000002600000;6,442899011000066;51,184672518000070;0
118619;5;3;15;0;2019;8;13;4;3;5;2;0;1;0;0;0;0;0;356396,613762196150000;5644588,836984349400000;6,956245518000060;50,935028678000037;0
118620;5;3;82;24;2019;8;16;4;3;2;6;0;1;1;0;0;0;0;372097,827032147910000;5617852,212407277900000;7,188898436000045;50,698409123000033;0
118621;5;5;13;0;2019;8;17;5;3;5;2;0;1;1;0;0;0;0;368555,322568973530000;5707282,795660933500000;7,106197711000050;51,501377896000065;0
118624;5;1;70;28;2019;8;19;4;2;0;6;0;1;1;0;0;0;0;328538,505572993310000;5704588,102477807600000;6,531468287000052;51,466450194000060;0
118632;5;1;54;12;2019;8;18;4;3;3;2;0;1;1;0;0;0;0;316742,167477336710000;5711464,630405213700000;6,358253463000040;51,524520123000059;0
118634;5;3;62;32;2019;8;7;5;2;0;1;0;1;0;0;0;0;0;338865,545692877840000;5642920,728113064500000;6,707683505000034;50,915408784000078;0
118635;5;1;66;32;2019;8;12;4;3;5;2;0;1;1;0;0;0;0;314011,937825253230000;5682151,984469533000000;6,334297482000068;51,260338650000051;0
118639;5;1;24;0;2019;8;16;5;3;4;3;0;1;0;0;0;0;0;375628,227000000890000;5681912,933000000200000;7,216933166000047;51,274966426000049;0
118646;5;1;16;0;2019;8;17;4;3;3;2;0;1;1;0;0;0;0;321167,404116557910000;5668424,643445139800000;6,443581087000041;51,139312450000034;0
118648;5;1;16;0;2019;8;17;4;3;0;1;0;1;0;0;0;0;0;322861,241198176520000;5679269,817438814800000;6,462420895000037;51,237265499000046;0
118649;5;3;15;0;2019;8;16;5;3;5;2;0;1;1;0;0;0;0;360482,380378385070000;5648820,932688936600000;7,012733893000075;50,974066114000038;0
118655;5;1;13;0;2019;8;19;5;3;0;1;0;1;0;0;0;0;0;359598,522205528800000;5700228,259099245100000;6,980037672000037;51,435830753000062;0
118658;5;5;15;0;2019;8;10;5;3;0;2;0;1;0;0;0;0;0;404825,469673991200000;5758339,207616699900000;7,614605694000034;51,967583882000042;0
118659;5;1;13;0;2019;8;8;4;3;0;7;0;1;0;0;0;0;0;362630,934000001290000;5698206,301000000900000;7,024420924000026;51,418403841000043;0
118662;5;1;12;0;2019;8;15;5;3;2;3;0;1;1;0;0;0;0;341598,455713372680000;5712784,349270237600000;6,715644333000057;51,543896139000026;0
118663;5;1;13;0;2019;8;13;4;3;3;6;0;1;1;0;0;0;0;366496,271157172510000;5702899,230521949000000;7,078206596000030;51,461501564000059;0
118664;5;5;66;12;2019;8;10;5;3;5;3;0;1;1;0;0;0;0;405382,076420370490000;5773118,336048906700000;7,618616711000072;52,100518123000029;0
118665;5;1;12;0;2019;8;13;4;3;0;5;0;1;0;0;0;0;0;342678,219761286860000;5704467,135474894200000;6,734912921000046;51,469470703000070;0
118666;5;1;12;0;2019;8;9;5;3;5;2;0;1;1;0;0;0;0;345838,269418950190000;5706780,891248146100000;6,779363707000073;51,491129510000064;1
118670;5;7;74;24;2019;8;14;4;3;3;6;0;1;0;0;0;0;0;472537,537679731850000;5744434,657842041900000;8,601297404000036;51,850040612000043;0
118672;5;1;11;0;2019;8;20;5;3;5;3;0;1;0;0;0;0;1;349871,492231213490000;5678999,602909037800000;6,849147414000072;51,242584417000046;0
118686;5;7;74;24;2019;8;18;5;3;5;2;0;1;1;0;0;0;0;476468,119153252800000;5741128,936154976500000;8,658585614000060;51,820498250000071;0
118688;5;1;58;26;2019;8;14;5;3;5;3;0;1;1;0;0;0;0;352569,925563805740000;5666052,751577433200000;6,893091946000027;51,126946316000044;0
118689;5;7;66;20;2019;8;8;4;2;4;2;0;1;1;0;0;0;0;491963,327999999750000;5753302,416000001100000;8,883114794000051;51,930389336000076;0
118692;5;9;78;4;2019;8;20;4;3;5;3;0;1;1;0;0;0;0;406395,095999999900000;5722125,556000001700000;7,647227003000069;51,642335628000069;0
118695;5;9;74;28;2019;8;8;4;3;1;7;0;1;0;0;0;0;0;453540,386240663010000;5725356,496275370900000;8,328062641000031;51,677256608000050;0
118701;5;1;54;36;2019;8;17;5;2;5;3;0;1;1;0;0;0;0;298043,169000000690000;5749355,627000002200000;6,067131395000047;51,858395795000035;0
118702;5;9;15;0;2019;8;9;4;3;3;2;0;1;1;0;0;0;0;417987,450000000190000;5726044,616000002300000;7,813798046000045;51,679376405000028;0
118704;5;9;13;0;2019;8;20;4;3;5;3;1;1;1;0;0;0;0;393306,853825447150000;5703184,505744630500000;7,463892420000036;51,469755174000056;0
118706;5;7;70;20;2019;8;16;5;3;5;3;0;1;1;0;0;0;0;474525,697591763920000;5795564,312704997100000;8,626342151000074;52,309823544000039;0
118707;5;9;78;24;2019;8;15;4;2;4;3;0;1;0;0;0;0;0;398090,133999999610000;5717842,406000001400000;7,528491165000048;51,602392560000055;0
118708;5;7;70;32;2019;8;17;5;3;5;3;0;1;1;0;0;0;0;493979,626939550970000;5788657,564617298500000;8,911815360000048;52,248286254000050;0
118709;5;9;11;0;2019;8;11;4;3;5;2;0;1;1;0;0;0;0;375950,948268696670000;5706128,726883877100000;7,213099253000053;51,492677453000056;0
118711;5;7;62;8;2019;8;16;5;2;8;7;0;1;0;0;0;0;0;529442,844119959510000;5721647,341082409000000;9,425523704000057;51,645056678000060;0
118721;5;5;66;28;2019;8;13;5;2;9;6;0;1;1;0;0;0;0;411636,169358274900000;5793206,413026997800000;7,704659970000023;52,282111585000052;0
118725;5;3;15;0;2019;8;15;5;3;5;3;0;1;1;0;0;0;0;353826,927751047540000;5635946,548771709200000;6,923158163000039;50,856717119000052;0
118731;5;5;70;52;2019;8;19;3;3;3;2;1;1;1;0;0;0;0;430928,694045903160000;5755883,084601733800000;7,994992231000026;51,949361081000063;0
118733;5;7;54;36;2019;8;17;5;3;5;3;0;1;1;0;0;0;0;474653,096000000830000;5748014,868999999000000;8,631747795000024;51,882330293000052;0
118738;5;5;54;48;2019;8;7;3;3;0;3;1;1;1;0;0;0;0;338713,300999999980000;5743086,903000000900000;6,660076400000037;51,815316944000074;0
118739;5;5;58;12;2019;8;13;5;3;5;3;0;1;1;0;0;0;0;373831,413999999870000;5756070,109000003000000;7,164497882000035;51,941022744000065;0
118745;5;5;15;0;2019;8;9;3;3;2;6;0;1;0;0;0;0;0;403991,665018409490000;5756982,012399716300000;7,602851792000024;51,955241558000068;0
118747;5;5;62;36;2019;8;15;3;3;5;3;0;1;1;0;0;0;0;391671,364367660140000;5722262,609483677900000;7,434477750000042;51,640924060000032;0
118748;5;5;62;4;2019;8;14;3;3;5;2;0;1;1;0;0;0;0;382523,287174337540000;5715632,860077986500000;7,304555153000024;51,579501977000064;0
118751;5;5;62;24;2019;8;17;3;3;6;6;0;1;0;1;0;0;0;370424,906336832790000;5726626,818759741300000;7,125977120000073;51,675650371000074;0
118753;5;5;62;14;2019;8;16;3;3;1;5;0;1;1;0;0;0;0;361901,936304959470000;5713186,268777024000000;7,008084696000026;51,552841616000080;0
118754;5;7;66;16;2019;8;7;5;3;0;2;0;1;1;0;0;0;0;506149,127000001260000;5754411,276999998800000;9,089452652000034;51,940383212000029;0
118755;5;5;62;20;2019;8;20;3;2;0;1;2;1;0;0;0;0;0;370664,360493669290000;5718391,296214245300000;7,132481801000040;51,601695174000042;0
118756;5;5;62;20;2019;8;17;3;3;5;3;0;1;1;0;0;0;0;368734,730999998750000;5718867,914999999100000;7,104457165000042;51,605531946000042;0
118757;5;5;15;0;2019;8;7;5;2;3;3;0;1;1;0;0;0;0;404788,876065968540000;5761206,473572555900000;7,613277488000051;51,993349617000035;1
118762;5;1;58;16;2019;8;19;5;3;0;7;0;1;0;0;0;0;0;355924,858934951010000;5670110,419582020500000;6,939379715000030;51,164264066000044;0
118763;5;3;70;36;2019;8;17;3;3;5;3;0;1;1;0;0;0;0;301187,331000000240000;5664856,466000001900000;6,160289308000074;51,100678059000074;1
118771;5;3;78;4;2019;8;22;3;3;0;7;2;1;0;0;0;0;0;367343,487346441480000;5650918,991472622400000;7,109638114000063;50,994544007000059;1
118772;5;3;34;12;2019;8;12;5;3;0;2;0;1;0;0;0;0;0;307542,130171773960000;5633326,100287100300000;6,267618180000056;50,819632177000074;0
118774;5;7;11;0;2019;8;16;5;3;3;2;0;1;1;0;0;0;0;464820,751413526010000;5760919,844797430600000;8,487583764000021;51,997821242000043;0
118783;5;3;62;4;2019;8;12;3;3;5;2;0;1;0;0;0;0;0;323922,501857209950000;5653445,966479601300000;6,490218188000029;51,005601942000055;0
118785;5;3;62;8;2019;8;17;3;3;5;3;0;1;1;0;0;0;0;342453,591000000950000;5648583,371000001200000;6,756236260000037;50,967282200000056;0
118786;5;9;78;32;2019;8;7;5;3;0;1;1;1;0;0;0;0;0;393476,617593640460000;5729361,321294972700000;7,458391255000038;51,705073596000034;1
118787;5;3;15;0;2019;8;9;3;3;5;3;0;1;1;0;0;0;0;365053,320000000300000;5638402,254000002500000;7,081658457000060;50,881516876000035;0
118790;5;3;15;0;2019;8;15;3;3;0;5;0;1;1;0;0;0;1;355284,959999999960000;5644699,916000003000000;6,940391306000038;50,935749048000048;0
118791;5;3;15;0;2019;8;19;3;3;6;7;0;1;0;1;0;0;0;355417,634615040380000;5645682,171125277900000;6,941888430000063;50,944609643000035;0
118802;5;1;70;24;2019;8;18;3;2;5;2;0;1;1;0;0;0;0;333174,123778920620000;5702250,806571193000000;6,599245812000049;51,446837601000027;0
118808;5;1;58;20;2019;8;17;3;2;4;6;0;1;0;0;0;0;0;356589,226266610440000;5664429,571549966900000;6,951137024000047;51,113379930000065;0
118809;5;9;58;44;2019;8;10;5;3;0;7;0;1;0;0;0;0;0;430601,894613424320000;5685538,085628135100000;8,004184859000077;51,316908693000073;0
118811;5;1;54;64;2019;8;13;3;3;9;1;0;1;0;0;0;0;0;304361,079197761600000;5721807,823062086500000;6,174242595000067;51,613256901000057;0
118816;5;1;66;16;2019;8;9;3;2;5;2;0;1;1;0;0;0;0;307826,873000000600000;5684639,720000000700000;6,244420146000039;51,280631660000040;0
118819;5;1;66;16;2019;8;7;3;3;1;2;0;1;1;0;0;0;0;312448,041651462200000;5688645,118204182000000;6,308499307000034;51,318148576000056;0
118820;5;1;58;26;2019;8;15;5;3;5;3;0;1;1;0;0;0;0;352569,183000000190000;5666051,892999999200000;6,893081693000056;51,126938410000037;0
118822;5;1;19;0;2019;8;10;3;3;5;3;0;1;1;0;0;0;0;352586,832940777760000;5704799,566911375200000;6,877327644000047;51,475125868000077;0
118824;5;1;16;0;2019;8;13;3;3;5;3;0;1;1;0;0;0;0;319911,044871047140000;5668799,133439792300000;6,425453503000028;51,142282814000055;0
118826;5;3;14;0;2019;8;15;5;2;5;2;0;1;1;0;0;0;0;368434,582999999630000;5618295,704000001800000;7,136897557000054;50,701578122000058;0
118831;5;1;17;0;2019;8;18;3;3;0;1;0;1;0;0;0;0;0;350079,826013708490000;5699678,003882512500000;6,843425640000021;51,428447707000032;0
118833;5;1;13;0;2019;8;13;3;3;3;6;0;1;1;0;0;0;0;355864,185000000520000;5691460,633000001300000;6,929909421000048;51,356107094000038;0
118834;5;1;13;0;2019;8;21;3;3;5;3;2;1;1;0;0;0;0;368420,481000000610000;5704712,379999999000000;7,105214228000023;51,478246660000082;0
118835;5;5;15;0;2019;8;13;5;3;5;3;0;1;1;0;0;0;0;407899,827677492050000;5761418,186036974200000;7,658517066000059;51,995777243000077;0
118840;5;1;12;0;2019;8;10;3;3;5;2;0;1;1;0;0;0;0;341869,996999999510000;5711683,976000001700000;6,720051265000052;51,534085935000064;0
118849;5;7;70;4;2019;8;5;3;3;0;1;2;1;0;0;0;0;0;486370,084450597870000;5782855,603756263900000;8,800587350000058;52,195987486000035;0
118852;5;7;58;20;2019;8;15;3;3;4;6;0;1;0;0;0;0;0;477188,633426746350000;5781642,631857212600000;8,666341635000038;52,184778794000067;0
118853;5;7;58;12;2019;8;9;3;3;5;3;0;1;1;0;0;0;0;477014,606979143810000;5775877,281888628400000;8,664186542000039;52,132937844000026;0
118855;5;7;54;28;2019;8;7;3;2;1;3;0;1;1;0;0;0;0;452173,755588646980000;5745226,073018638400000;8,305563049000057;51,855782480000073;0
118856;5;9;54;36;2019;8;19;5;3;5;3;0;1;1;0;0;0;0;380049,361603403460000;5696340,008388768900000;7,275425312000039;51,405583570000033;0
118857;5;7;54;8;2019;8;8;3;3;5;3;0;1;0;0;0;1;0;461083,854880084280000;5747976,619291896000000;8,434620103000043;51,881204372000070;0
118858;5;1;54;36;2019;8;15;5;2;5;3;0;1;1;0;0;0;0;305217,928999999540000;5742897,659000001800000;6,174819533000061;51,802951522000058;0
118859;5;7;66;8;2019;8;12;3;2;0;1;0;1;0;0;0;0;0;482765,825803366490000;5770102,556581713300000;8,748502290000033;52,081228296000063;0
118861;5;9;16;0;2019;8;12;5;3;5;2;0;1;1;0;0;0;0;372428,293623988520000;5710154,073061954200000;7,160927386000026;51,528069703000028;0
118865;5;7;11;0;2019;8;16;3;2;8;7;0;1;0;0;0;0;1;467574,592635015960000;5755888,555095244200000;8,528169713000068;51,952754128000038;0
118872;5;7;11;0;2019;8;17;3;3;6;4;0;1;0;1;0;0;0;469203,717305321250000;5760635,643136750900000;8,551448730000061;51,995526483000049;0
118875;5;7;11;0;2019;8;7;3;3;3;2;0;1;1;0;0;0;0;468850,383000001310000;5766070,772000001700000;8,545807915000069;52,044372090000081;0
118876;5;7;11;0;2019;8;17;3;2;5;2;0;1;1;0;0;0;0;467030,500341373500000;5764169,960555357900000;8,519456479000041;52,027177421000033;0
118878;5;7;11;0;2019;8;7;3;3;3;2;0;1;1;0;0;0;0;466906,844757943410000;5767654,426634350800000;8,517316873000027;52,058497406000072;0
118882;5;3;15;0;2019;8;16;5;3;1;6;0;1;1;0;0;0;1;353344,531250917350000;5646702,928880045200000;6,911987759000056;50,953259166000066;0
118891;5;9;13;0;2019;8;9;3;3;1;7;0;1;1;0;0;0;0;393592,043998196720000;5713451,360191837000000;7,464897180000037;51,562092288000031;0
118892;5;9;54;36;2019;8;16;3;3;5;2;0;1;1;0;0;0;0;384690,726805440150000;5700322,192359101000000;7,340829355000039;51,442338428000028;0
118900;5;9;11;0;2019;8;11;3;3;5;3;0;1;1;0;0;0;0;370122,848726509140000;5705517,580273471800000;7,129418587000032;51,485876381000026;0
118910;5;5;13;0;2019;8;21;5;3;5;3;2;1;1;0;0;0;0;366434,294942096810000;5714472,599475650100000;7,072929943000077;51,565492506000055;0
118916;5;5;15;0;2019;8;10;5;3;3;6;0;1;0;0;0;0;1;406240,023975163700000;5757692,437751188900000;7,635366679000072;51,962010820000046;0
118918;5;5;58;20;2019;8;7;4;2;3;6;0;1;0;0;0;0;0;390641,513102943080000;5759102,003191284800000;7,407976553000026;51,971830126000043;0
118924;5;5;54;20;2019;8;7;4;2;3;6;0;1;0;0;0;0;0;366170,945134746840000;5783702,036926848800000;7,042290835000074;52,187523544000044;0
118934;5;1;66;24;2019;8;15;5;3;5;3;0;1;1;0;0;0;0;309344,450000000190000;5677386,335999999200000;6,270017069000062;51,215992438000058;0
118941;5;5;66;76;2019;8;16;2;3;5;3;0;1;1;0;0;0;0;393173,958636846390000;5793381,953810721600000;7,434063880000053;52,280411205000064;0
118948;5;3;78;4;2019;8;5;5;3;3;6;2;1;1;0;0;0;0;370932,699942914770000;5650856,712560758000000;7,160778119000042;50,994800431000044;0
118950;5;5;62;14;2019;8;16;2;3;2;2;0;1;1;0;0;0;0;362588,946330233480000;5712128,393472464800000;7,018400858000064;51,543503007000027;0
118958;5;3;34;16;2019;8;15;2;3;6;4;0;1;0;1;0;0;0;297100,366302949380000;5639399,756019251400000;6,116204770000024;50,870618116000060;0
118960;5;3;34;24;2019;8;7;2;3;0;2;0;1;1;0;0;0;0;300945,158999999990000;5614547,661000002200000;6,184217052000065;50,648734449000074;0
118961;5;3;70;16;2019;8;13;4;2;5;3;0;1;1;0;0;0;0;298892,814000000250000;5662069,076999997700000;6,129111213000044;51,074844239000072;0
118965;5;3;34;2;2019;8;19;2;2;0;1;0;1;0;0;0;0;0;295099,762000000100000;5627979,334000000700000;6,094187138000052;50,767343664000066;1
118966;5;3;82;44;2019;8;12;2;3;5;3;0;1;1;0;0;0;0;363437,907033208760000;5627432,071509318400000;7,062795383000037;50,782541672000036;0
118970;5;3;34;16;2019;8;14;4;3;5;3;0;1;1;0;0;0;0;294285,599182675590000;5634414,921704039000000;6,079053382000041;50,824854475000052;0
118971;5;3;74;48;2019;8;20;2;3;6;4;2;1;0;1;0;0;0;393696,192987688820000;5647588,019214900200000;7,485982140000033;50,970072552000033;0
118972;5;3;74;40;2019;8;16;2;3;5;3;0;1;1;0;0;0;0;409161,234000001100000;5640938,001000002000000;7,707834307000042;50,912933818000056;0
118973;5;5;54;8;2019;8;17;5;2;5;2;0;1;1;0;0;0;0;338728,866663820110000;5745641,332977507300000;6,659112124000046;51,838269714000035;0
118985;5;3;62;40;2019;8;12;7;3;0;7;0;1;0;0;0;0;0;357758,715440564790000;5630356,182493101800000;6,981153110000037;50,807456002000038;0
118988;5;5;12;0;2019;8;17;6;2;0;1;0;1;0;0;0;0;0;356499,575000001120000;5709617,228000000100000;6,931669827000064;51,519422737000070;0
118992;5;5;62;8;2019;8;20;7;3;6;4;2;1;1;1;0;0;0;385080,298891845160000;5723253,781709129000000;7,338942589000055;51,648524270000053;0
118993;5;5;66;84;2019;8;19;6;2;5;3;0;1;1;0;0;0;0;386461,774787462320000;5778962,419041425000000;7,340552586000058;52,149479684000028;0
118999;5;3;62;4;2019;8;8;7;2;5;2;0;1;1;0;0;0;0;329835,196139606650000;5650581,158623827600000;6,575756796000064;50,981642491000059;0
119000;5;3;70;12;2019;8;5;6;3;5;3;2;1;1;0;0;0;0;298102,063461496490000;5649641,878741554900000;6,124755048000054;50,962956572000053;0
119001;5;1;11;0;2019;8;13;7;3;5;3;0;1;1;0;0;0;0;344641,675489957440000;5678869,443541733500000;6,774337258000060;51,240014640000027;0
119003;5;3;58;32;2019;8;9;6;3;5;3;0;1;1;0;0;0;0;316536,170056592670000;5631767,242036856700000;6,395944269000040;50,808547338000039;0
119004;5;9;13;0;2019;8;15;7;3;0;2;0;1;1;0;0;0;0;393807,143000001090000;5707464,398000000000000;7,469805003000033;51,508319261000054;0
119006;5;5;13;0;2019;8;16;7;2;5;3;0;1;1;0;0;0;0;368881,421689494510000;5708666,155107701200000;7,110378899000068;51,513885645000073;0
119007;5;5;58;32;2019;8;23;6;2;0;1;2;1;0;0;0;0;0;386845,895624587310000;5755248,307946788100000;7,354013810000026;51,936435973000073;0
119010;5;3;34;2;2019;8;16;6;3;5;2;0;1;1;0;0;0;0;295098,967122022060000;5630128,034660935400000;6,092978776000052;50,786641434000046;0