OBJECTID;ULAND;UREGBEZ;UKREIS;UGEMEINDE;UJAHR;UMONAT;USTUNDE;UWOCHENTAG;UKATEGORIE;UART;UTYP1;ULICHTVERH;IstRad;IstPKW;IstFuss;IstKrad;IstGkfz;IstSonstige;LINREFX;LINREFY;XGCSWGS84;YGCSWGS84;STRZUSTAND
119018;5;3;82;60;2019;8;17;6;3;0;3;0;1;1;0;0;0;0;378906,787605672140000;5631980,696393003700000;7,280617023000048;50,826865296000051;0
119019;5;3;70;16;2019;8;20;7;2;9;1;2;1;0;0;0;0;0;298623,483870130960000;5661937,130615783900000;6,125345074000052;51,073564788000056;0
119020;5;5;15;0;2019;8;12;6;3;3;6;0;1;0;0;0;1;0;405639,030469243410000;5756984,517125584200000;7,626816660000031;51,955546042000037;0
119023;5;3;78;28;2019;8;7;6;3;5;2;0;1;1;0;0;0;0;372217,607992960140000;5639940,021418787500000;7,182908684000040;50,896967438000047;0
119024;5;9;74;24;2019;8;14;7;3;1;1;0;1;1;0;0;0;0;440625,731080139060000;5724246,272851951400000;8,141489089000061;51,666058376000080;0
119028;5;3;74;36;2019;8;11;7;3;0;7;0;1;0;0;0;0;1;387130,951349430720000;5673139,891592992500000;7,384533700000077;51,198504370000080;1
119029;5;3;66;24;2019;8;16;6;3;4;2;0;1;0;0;1;0;0;327602,481010979040000;5602172,879583139000000;6,566656709000029;50,546045766000077;0
119030;5;3;66;12;2019;8;16;6;3;0;1;0;1;0;0;0;0;0;326553,412885583940000;5587966,269429436000000;6,558453052000061;50,418087606000029;0
119032;5;3;82;20;2019;8;15;7;3;5;2;0;1;0;0;1;0;0;379138,612959759310000;5622053,415800519300000;7,287171157000046;50,737679329000059;0
119033;5;3;62;28;2019;8;13;6;3;5;3;0;1;1;0;0;0;0;352663,639000001360000;5640148,133000005000000;6,904948850000039;50,894180221000056;0
119034;5;3;62;36;2019;8;18;6;3;5;2;0;1;1;0;0;0;0;345852,056989745240000;5652673,905698956900000;6,802863195000043;51,004958782000074;0
119035;5;1;16;0;2019;8;17;7;3;0;5;0;1;1;0;0;0;0;320772,952576958570000;5670290,468763832000000;6,437019649000035;51,155950336000046;0
119036;5;3;62;8;2019;8;7;6;3;1;5;0;1;1;0;0;0;0;336961,803547818210000;5650247,249143831400000;6,677344189000053;50,980704363000029;0
119040;5;5;70;20;2019;8;22;6;3;0;1;2;1;0;0;0;0;0;436173,433999999430000;5746846,445000000300000;8,072967734000031;51,868749030000060;0
119041;5;3;15;0;2019;8;18;6;3;0;3;0;1;1;0;0;0;0;357847,743588927200000;5645064,954590618600000;6,976698322000061;50,939667052000061;0
119045;5;3;15;0;2019;8;1;6;3;0;1;2;1;0;0;0;0;0;354810,268411552530000;5645560,743508558700000;6,933297054000036;50,943365768000035;0
119046;5;3;15;0;2019;8;18;6;3;0;7;0;1;0;0;0;0;0;356922,837567619980000;5638584,603677796200000;6,966083393000076;50,881199638000055;0
119052;5;3;15;0;2019;8;15;6;2;0;1;0;1;0;0;0;0;0;355286,061268752440000;5644186,078473828700000;6,940610999000057;50,931131575000052;0
119053;5;5;15;0;2019;8;11;7;3;0;3;0;1;1;0;0;0;0;403051,202345618980000;5758116,424258122200000;7,588850119000028;51,965274821000037;0
119055;5;3;14;0;2019;8;15;6;3;3;6;0;1;0;0;0;0;0;366997,713761787860000;5624934,459805617100000;7,114166638000029;50,760920698000064;0
119058;5;7;74;20;2019;8;12;7;3;5;3;0;1;1;0;0;0;0;470118,565000002270000;5731253,309000004100000;8,567315110000038;51,731402543000058;0
119059;5;3;14;0;2019;8;9;6;3;5;2;0;1;1;0;0;0;0;364398,074000000020000;5622945,214000001500000;7,078060917000073;50,742440043000045;0
119062;5;3;70;20;2019;8;16;7;2;8;1;0;1;0;0;0;0;0;304551,508243833670000;5660369,872701220200000;6,210705596000025;51,061537381000051;0
119063;5;5;15;0;2019;8;16;6;3;0;7;0;1;0;0;0;0;1;406052,327818785790000;5756765,237549718500000;7,632889250000062;51,953645032000054;0
119064;5;1;70;40;2019;8;17;6;3;0;3;0;1;1;0;0;0;0;316693,174999999810000;5720331,774000002100000;6,352924222000070;51,604149276000044;0
119066;5;1;70;20;2019;8;19;6;3;5;2;0;1;1;0;0;0;0;328986,587719765490000;5708723,762911798400000;6,535910087000048;51,503738200000043;0
119076;5;1;58;28;2019;8;8;6;3;5;3;0;1;1;0;0;0;0;350552,877078916880000;5685813,275264279900000;6,856053251000049;51,303989524000031;0
119082;5;1;54;60;2019;8;14;6;3;5;3;0;1;0;0;0;0;0;312628,761000001800000;5697892,375000001900000;6,306218574000070;51,401267123000082;0
119086;5;1;54;36;2019;8;12;6;3;3;7;0;1;0;0;0;0;0;302112,364384075630000;5740744,122516857500000;6,131064264000031;51,782522575000030;0
119088;5;1;66;12;2019;8;14;6;3;0;2;0;1;1;0;0;0;0;323819,356000000610000;5693272,769999999600000;6,469219576000057;51,363354577000052;0
119092;5;9;54;12;2019;8;18;7;3;5;3;0;1;1;0;0;0;0;384432,165449993680000;5686264,015323374400000;7,341684037000050;51,315928949000067;0
119093;5;1;62;24;2019;8;9;6;2;7;1;0;1;0;0;0;0;0;339995,682207700800000;5671557,894569441700000;6,711095323000052;51,173036428000046;0
119098;5;5;70;20;2019;8;11;7;3;5;3;0;1;1;0;0;0;0;428187,978938384910000;5742843,098387740600000;7,957836311000051;51,831789270000058;0
119102;5;1;19;0;2019;8;10;6;3;3;6;0;1;1;0;0;0;0;350882,525613600390000;5710451,412740491300000;6,850416105000022;51,525463339000055;0
119108;5;1;16;0;2019;8;5;6;2;5;3;1;1;1;0;0;0;0;321065,458000000570000;5671644,508999999600000;6,440524580000044;51,168205582000041;0
119111;5;1;14;0;2019;8;13;6;3;4;2;0;1;1;0;0;0;0;335290,264393647200000;5692300,827941805100000;6,634289626000054;51,358064468000066;0
119112;5;3;15;0;2019;8;23;7;3;8;1;2;1;0;0;0;0;0;355286,954210459250000;5645336,978888191300000;6,940166636000072;50,941474692000043;0
119121;5;9;13;0;2019;8;15;7;3;4;6;0;1;0;0;0;0;1;394288,876813264560000;5706988,650447085500000;7,476886555000021;51,504133316000036;0
119124;5;5;58;12;2019;8;8;6;3;4;6;0;1;0;0;0;0;0;372588,416000000200000;5756169,403999997300000;7,146388119000051;51,941631804000053;0
119129;5;1;13;0;2019;8;19;6;3;5;2;0;1;1;0;0;0;0;366831,170312929900000;5698782,010161172600000;7,084573624000029;51,424579893000043;0
119130;5;1;17;0;2019;9;19;2;3;4;2;0;1;1;0;0;0;0;349126,082000001330000;5699608,370000002900000;6,829746405000037;51,427568910000048;0
119131;5;9;78;40;2019;8;11;7;2;5;3;0;1;1;0;0;0;0;406119,386951369230000;5724824,426786301700000;7,642518999000060;51,666549723000060;0
119133;5;1;12;0;2019;9;8;2;3;0;1;0;1;0;0;0;0;0;345327,115342448470000;5707203,327964015300000;6,771821599000020;51,494785487000058;0
119140;5;9;11;0;2019;8;13;7;3;3;2;0;1;1;0;0;0;0;375920,279000000100000;5707168,298000000400000;7,212292124000044;51,502013714000043;0
119141;5;1;11;0;2019;9;7;2;3;2;6;0;1;1;0;0;0;0;343521,591311202380000;5677973,262536220300000;6,758695539000030;51,231656126000075;0
119142;5;1;12;0;2019;8;11;6;3;2;6;0;1;1;0;0;0;0;343317,136188612320000;5706460,166258117200000;6,743220220000069;51,487554914000043;0
119147;5;1;11;0;2019;8;12;6;3;5;2;0;1;1;0;0;0;0;346155,317008700220000;5679688,451275749100000;6,795652472000029;51,247783975000061;0
119151;5;7;58;4;2019;9;17;2;3;5;3;0;1;1;0;0;0;0;472174,242606095040000;5784140,227229759100000;8,592793595000046;52,207003059000044;0
119152;5;9;74;32;2019;8;20;7;2;0;1;1;1;0;0;0;0;0;439008,428676635960000;5704009,781274143600000;8,121621066000046;51,483947939000075;0
119158;5;1;11;0;2019;8;8;6;3;5;3;0;1;1;0;0;0;0;346622,903165450320000;5676161,308391587800000;6,803856850000045;51,216216675000055;0
119159;5;7;54;8;2019;9;10;2;3;3;2;0;1;1;0;0;0;0;458586,234922332690000;5750183,399195943000000;8,398071370000025;51,900864787000046;0
119166;5;7;74;32;2019;8;23;6;2;0;1;2;1;0;0;0;0;0;479942,163327291610000;5736813,435307655500000;8,709238032000030;51,781832455000028;0
119169;5;7;66;40;2019;9;7;2;3;5;2;0;1;1;0;0;0;0;486439,151182597500000;5759549,706927752100000;8,802525050000043;51,986451351000028;0
119172;5;7;11;0;2019;9;18;2;3;1;5;0;1;1;0;0;0;0;463198,267433690840000;5757877,430717904100000;8,464278410000077;51,970362974000068;0
119175;5;7;70;20;2019;8;17;6;3;5;3;0;1;1;0;0;0;0;472687,382978121750000;5794749,999454272900000;8,599444461000076;52,302414279000061;0
119176;5;7;11;0;2019;9;8;2;3;5;3;0;1;1;0;0;0;0;470662,359000000170000;5765652,013000002100000;8,572263429000032;52,040706043000057;0
119178;5;7;11;0;2019;9;16;2;3;5;2;0;1;1;0;0;0;0;466423,397437177600000;5764483,984206635500000;8,510577239000043;52,029964258000064;0
119181;5;5;66;92;2019;8;16;7;3;3;6;0;1;1;0;0;0;0;422317,456058014180000;5790211,934505367700000;7,861892471000033;52,256808409000030;0
119184;5;7;58;12;2019;8;9;6;3;5;3;0;1;1;0;0;0;0;477645,418620851820000;5774154,405353805100000;8,673515666000071;52,117473997000047;0
119188;5;7;54;8;2019;8;9;6;2;5;3;0;1;1;0;0;0;0;458209,045221939680000;5748017,964417010500000;8,392851853000025;51,881368020000082;0
119191;5;7;54;8;2019;8;7;6;2;3;6;0;1;0;0;0;0;0;458274,567594658580000;5751455,342293262500000;8,393387676000032;51,912277062000044;0
119193;5;7;54;8;2019;8;17;6;3;4;2;0;1;1;0;0;0;0;461109,199000000950000;5750647,933000000200000;8,434686993000071;51,905223080000042;0
119210;5;9;14;0;2019;9;13;2;3;5;3;0;1;1;0;0;0;0;392087,615617137400000;5693608,577414955900000;7,449262278000049;51,383450360000040;0
119213;5;3;16;0;2019;8;13;7;3;2;6;0;1;1;0;0;0;0;357033,678000001240000;5658676,193000000000000;6,959759325000050;51,061787370000047;0
119214;5;9;13;0;2019;9;18;2;3;0;7;0;1;0;0;0;0;0;391259,523275299000000;5707915,967557976000000;7,432970182000076;51,511893598000029;0
119215;5;7;11;0;2019;8;21;6;3;5;3;2;1;1;0;0;0;0;468678,424335082060000;5762071,034007556700000;8,543666826000049;52,008402226000044;0
119216;5;9;78;24;2019;9;12;2;3;5;3;0;1;1;0;0;0;0;393219,299770048820000;5717917,998004637700000;7,458163425000066;51,602169520000075;0
119220;5;7;11;0;2019;8;15;6;3;5;2;0;1;1;0;0;0;0;469343,912621427330000;5762657,381339129100000;8,553309708000029;52,013711038000054;0
119224;5;9;78;40;2019;8;11;6;2;5;3;0;1;1;0;0;0;0;405012,566963295450000;5725186,024092255200000;7,626421379000021;51,669614052000043;0
119230;5;1;58;28;2019;8;13;7;3;0;1;0;1;0;0;0;0;0;348614,400045215150000;5684121,683164224000000;6,828982813000039;51,288277353000069;0
119237;5;3;82;48;2019;8;12;7;2;0;7;0;1;0;0;0;0;0;357344,253815509380000;5608300,502000700700000;6,983797742000036;50,609131852000075;0
119260;5;5;15;0;2019;9;19;1;2;5;3;0;1;1;0;0;0;0;407557,664637021720000;5758174,007412081600000;7,654408942000032;51,966560074000029;0
119272;5;3;58;48;2019;9;11;1;2;5;3;0;1;1;0;0;0;0;321577,140515070410000;5640144,995858319100000;6,463338210000075;50,885386895000067;1
119274;5;3;58;24;2019;9;17;1;3;5;3;0;1;1;0;0;0;0;312962,720000001600000;5646188,686000000700000;6,337906436000026;50,936952745000042;0
119280;5;3;82;44;2019;9;5;1;2;0;7;2;1;0;0;0;0;0;360683,846951266750000;5632868,573169060100000;7,021688982000057;50,830746735000048;0
119283;5;9;62;32;2019;8;3;6;3;0;1;2;1;0;0;0;0;0;404092,273120410740000;5674784,988823305800000;7,626775679000048;51,216392451000047;0
119285;5;5;66;8;2019;8;9;7;3;5;2;0;1;1;0;0;0;0;398602,290475802500000;5781225,401476735200000;7,517251391000059;52,172181270000067;0
119287;5;3;15;0;2019;9;21;1;3;6;4;2;1;0;1;0;0;0;353203,803000001240000;5646839,043999999800000;6,909930672000030;50,954446549000068;0
119289;5;3;15;0;2019;9;4;1;2;5;3;2;1;1;0;0;0;0;354346,897598201410000;5645489,434119300900000;6,926734328000066;50,942608058000076;0
119290;5;3;62;24;2019;8;14;7;3;3;6;0;1;1;0;0;0;0;342635,898610290140000;5642054,237401286100000;6,761650346000067;50,908663069000056;0
119292;5;9;13;0;2019;8;16;6;2;0;7;0;1;0;0;0;0;0;386671,676000000910000;5706063,302000002900000;7,367479503000027;51,494340088000058;0
119301;5;1;58;26;2019;9;15;1;2;5;3;0;1;1;0;0;0;0;352106,213143841360000;5664853,456205144500000;6,886961825000071;51,116049682000039;0
119304;5;9;13;0;2019;8;21;6;3;0;7;2;1;1;0;0;0;0;393972,923598114400000;5709535,274603292300000;7,471569877000036;51,526964466000038;0
119305;5;1;58;20;2019;9;17;1;3;4;6;0;1;0;0;0;0;0;357664,611339535560000;5664789,816374912900000;6,966348134000043;51,116885428000046;0
119306;5;9;16;0;2019;8;18;6;3;0;3;0;1;1;0;0;0;0;378063,043092031030000;5712169,958391839600000;7,241417483000021;51,547432262000029;0
119307;5;1;58;16;2019;9;16;1;3;5;3;0;1;1;0;0;0;0;355026,202186737210000;5670753,952081428800000;6,926276332000043;51,169820033000065;0
119309;5;1;66;24;2019;9;15;1;2;5;3;0;1;0;0;1;0;0;310675,900000000370000;5677541,467000003900000;6,288977146000036;51,217828805000067;0
119314;5;1;62;24;2019;9;16;1;2;0;1;0;1;0;0;0;0;0;338619,869518703780000;5675579,521461049100000;6,689623907000055;51,208783740000058;0
119316;5;1;62;20;2019;9;18;1;3;5;2;0;1;1;0;0;0;0;329600,968999999580000;5675549,987999999900000;6,560642260000066;51,205899117000058;0
119321;5;7;74;16;2019;8;13;7;2;8;1;0;1;0;0;0;0;0;476073,468000000340000;5717519,966000000000000;8,654481255000064;51,608207733000029;0
119329;5;3;70;32;2019;8;16;7;3;0;1;0;1;0;0;0;0;0;289249,501187329180000;5661253,241810984900000;5,992122743000039;51,064058405000026;0
119333;5;9;13;0;2019;8;11;7;3;1;5;0;1;1;0;0;0;0;398913,218000002210000;5709007,172000002100000;7,542912705000049;51,523123501000043;0
119337;5;5;62;32;2019;8;12;7;3;5;3;0;1;0;0;1;0;0;375684,853229297330000;5714990,481619099200000;7,206139654000026;51,572262029000058;0
119342;5;3;82;24;2019;8;10;7;3;5;3;0;1;1;0;0;0;0;373467,530219215900000;5617917,713470354700000;7,208260896000070;50,699297517000048;0
119343;5;7;11;0;2019;9;14;1;2;0;1;0;1;1;0;0;0;0;473047,379133441490000;5760116,235347470300000;8,607471406000059;51,991056489000073;0
119357;5;1;16;0;2019;8;13;7;3;0;7;0;1;0;1;0;0;0;324147,962402044800000;5670852,899749945800000;6,484957739000038;51,162050064000027;0
119364;5;1;54;8;2019;8;14;7;3;5;3;0;1;1;0;0;0;0;308940,956138852050000;5746511,137085206800000;6,226757458000066;51,836687394000080;0
119382;5;5;70;20;2019;8;15;5;3;0;7;0;1;0;1;0;0;0;433140,486615957690000;5743142,118689706500000;8,029639693000036;51,835092238000072;0
119385;5;9;54;8;2019;8;18;7;3;3;6;0;1;0;0;0;0;1;385689,903920046990000;5679305,932258730800000;7,361950585000045;51,253641174000052;0
119386;5;5;54;36;2019;8;16;7;3;5;2;0;1;1;0;0;0;0;369472,677988779730000;5766213,070654703300000;7,097264147000033;52,031162286000040;0
119387;5;9;54;24;2019;9;13;5;3;5;2;0;1;1;0;0;0;0;380718,376090784560000;5683374,279816711300000;7,289384946000041;51,289189464000060;0
119391;5;9;54;36;2019;9;15;5;3;0;6;0;1;0;0;0;0;1;383362,016456991430000;5701604,161183826600000;7,321296897000025;51,453588629000080;1
119392;5;9;11;0;2019;9;8;5;2;5;2;0;1;1;0;0;0;0;374384,869611619970000;5703882,714687708800000;7,191351149000070;51,472146161000069;0
119402;5;5;70;4;2019;9;13;4;3;5;2;0;1;0;0;0;1;0;424819,508999999610000;5735419,221000000800000;7,910570818000053;51,764608049000060;0
119403;5;5;66;28;2019;9;14;4;3;5;7;0;1;1;0;0;0;0;412484,301937854850000;5791852,585188448400000;7,717440842000030;52,270078701000045;0
119407;5;5;66;12;2019;9;7;4;3;4;6;0;1;0;0;0;0;0;404901,107155104170000;5772900,675658272600000;7,611657733000072;52,098479286000043;0
119411;5;5;54;20;2019;9;16;4;2;5;3;0;1;1;0;0;0;0;368116,911143861710000;5785150,010227270400000;7,070176101000072;52,201003143000037;0
119419;5;5;13;0;2019;9;8;4;3;1;5;0;1;1;0;0;0;0;368763,005221677940000;5709050,140351014200000;7,108530365000036;51,517308948000050;0
119425;5;3;34;4;2019;9;13;4;3;5;2;0;1;1;0;0;0;0;300312,916506649930000;5639670,735948508600000;6,161656203000064;50,874170538000044;0
119427;5;3;34;12;2019;9;21;4;3;0;3;2;1;1;0;0;0;0;309623,880000001750000;5636451,276999998800000;6,295515024000054;50,848392865000051;1
119436;5;3;74;24;2019;9;10;4;2;0;1;0;1;0;0;0;0;0;400978,000326358710000;5661721,181654753200000;7,585794820000047;51,098423613000080;0
119437;5;3;62;28;2019;9;12;4;2;0;1;0;1;0;0;0;0;0;346249,470636266280000;5637744,364479757800000;6,814823041000068;50,870907806000048;0
119438;5;3;62;20;2019;9;9;4;3;1;5;0;1;1;0;0;0;0;342460,864022105930000;5629906,429056502900000;6,764389837000067;50,799456844000076;0
119439;5;3;62;36;2019;9;9;4;3;2;6;0;1;1;0;0;0;0;346692,433226875960000;5651277,282998247100000;6,815421769000068;50,992633350000062;0
119442;5;3;15;0;2019;9;7;4;3;2;6;0;1;1;0;0;0;0;363416,870711398310000;5641677,740345396100000;7,057184695000046;50,910570765000045;0
119444;5;3;15;0;2019;9;5;4;3;8;6;2;1;1;0;0;0;0;357889,889657211490000;5639249,298397760800000;6,979562921000024;50,887411956000051;0
119445;5;3;15;0;2019;9;12;4;3;0;1;0;1;0;0;0;0;0;347784,551589353940000;5645208,533647671300000;6,833511350000038;50,938388762000045;0
119449;5;3;14;0;2019;9;16;4;3;5;3;0;1;1;0;0;0;0;369880,065009827730000;5623828,000941481400000;7,155403591000038;50,751629121000065;0
119450;5;3;14;0;2019;9;7;4;3;5;3;0;1;1;0;0;0;0;367542,537553960460000;5625134,785706020900000;7,121815131000062;50,762845856000069;0
119451;5;3;14;0;2019;9;18;4;3;4;2;0;1;1;0;0;0;0;364969,646990964190000;5621971,772927695900000;7,086513892000028;50,733824068000047;0
119452;5;3;14;0;2019;9;16;4;3;5;2;0;1;1;0;0;0;0;364400,576000000350000;5622942,911000000300000;7,078097205000063;50,742419929000050;0
119453;5;3;14;0;2019;9;10;4;3;0;1;0;1;0;0;0;0;0;365216,904446044010000;5622054,674051549300000;7,089985332000026;50,734626605000074;0
119455;5;1;70;24;2019;9;9;4;3;5;3;0;1;1;0;0;0;0;335002,326048186050000;5703248,932448679600000;6,625065161000066;51,456340401000034;0
119457;5;1;58;4;2019;9;11;4;3;5;2;0;1;1;0;0;0;0;354626,826830758710000;5676173,861750431400000;6,918373288000055;51,218423412000050;0
119458;5;1;58;24;2019;9;20;4;3;0;7;0;1;0;0;0;0;0;361136,281488894480000;5681416,350063271800000;7,009488545000068;51,267156437000040;1
119459;5;1;54;36;2019;9;14;4;3;5;2;0;1;1;0;0;0;0;301643,665000000040000;5740301,221999999100000;6,124531418000061;51,778379430000030;0
119463;5;1;16;0;2019;9;14;4;3;5;3;0;1;1;0;0;0;0;323588,006000000050000;5671114,011000003700000;6,476829482000028;51,164223381000056;0
119464;5;1;14;0;2019;9;16;4;3;1;3;0;1;1;0;0;0;0;335553,356591604650000;5692095,966586321600000;6,638159646000077;51,356300143000055;0
119470;5;1;12;0;2019;9;14;4;3;1;3;0;1;1;0;0;0;0;344613,109000002030000;5704698,158000001700000;6,762646509000035;51,472081031000073;0
119476;5;7;74;12;2019;9;7;4;3;5;3;0;1;1;0;0;0;0;481184,820000000300000;5723050,769000001300000;8,727995065000073;51,658131536000042;0
119482;5;7;54;24;2019;9;9;4;3;5;3;0;1;1;0;0;0;0;453100,460000000890000;5737840,618000000700000;8,320018185000038;51,789461487000040;0
119487;5;9;74;44;2019;9;7;4;3;0;1;0;1;0;0;0;0;0;454118,295110092500000;5699492,728673707700000;8,339796215000035;51,444762124000079;0
119498;5;3;15;0;2019;9;10;6;3;5;3;0;1;1;0;0;0;0;347495,247000000440000;5645730,454000001800000;6,829178340000055;50,943002370000045;0
119500;5;3;15;0;2019;9;18;6;3;0;7;0;1;0;0;0;0;0;351673,717009812590000;5644984,300437398300000;6,888916578000021;50,937387189000049;0
119506;5;9;13;0;2019;9;16;4;3;0;7;0;1;0;0;0;0;0;396882,430163376030000;5708645,630464149600000;7,513756781000041;51,519506575000037;0
119508;5;9;54;36;2019;9;16;4;3;3;6;0;1;0;0;0;0;0;384104,311138054360000;5696894,027279038000000;7,333516811000038;51,411406284000066;0
119510;5;9;16;0;2019;9;15;4;3;5;2;0;1;1;0;0;0;0;377402,693879371510000;5710760,924868635800000;7,232389567000041;51,534625659000028;0
119528;5;1;66;4;2019;9;22;6;2;0;5;2;1;1;0;0;0;0;305538,748623740860000;5684057,127092551400000;6,211969050000050;51,274622815000043;0
119535;5;1;62;16;2019;9;20;6;3;0;1;2;1;0;0;0;0;0;332917,039690405130000;5677109,270667769000000;6,607342510000024;51,220887789000074;0
119537;5;1;16;0;2019;9;14;6;3;5;3;0;1;1;0;0;0;0;323257,751936696470000;5671321,766516504800000;6,472008789000029;51,165987817000030;0
119543;5;5;66;60;2019;9;7;3;3;5;3;0;1;1;0;0;0;0;390793,545998243620000;5785593,268268181000000;7,401702283000077;52,209945930000060;0
119545;5;5;58;24;2019;9;15;3;3;0;1;0;1;0;0;0;0;0;389737,465313611550000;5736030,492867101000000;7,402187491000063;51,764292943000044;0
119549;5;5;54;8;2019;9;16;3;3;5;3;0;1;0;0;1;0;0;335701,109967524190000;5743087,022095495800000;6,616416354000023;51,814440763000050;0
119554;5;5;62;16;2019;9;13;3;3;5;3;0;1;1;0;0;0;0;374258,473443820140000;5733957,458101440200000;7,178746186000069;51,742401091000033;0
119555;5;1;12;0;2019;9;15;6;3;5;3;0;1;1;0;0;0;0;340793,802000000140000;5698753,521000001600000;6,710374499000068;51,417609029000062;0
119557;5;3;70;28;2019;9;9;3;3;4;2;0;1;1;0;0;0;0;296029,881224732850000;5645196,572076326200000;6,097773977000031;50,922303376000059;0
119559;5;3;58;48;2019;9;10;3;3;5;3;0;1;1;0;0;0;0;320068,043990120290000;5636342,598599564300000;6,443776009000032;50,850759161000042;0
119561;5;7;74;32;2019;9;16;6;3;5;3;0;1;0;0;0;0;0;479992,481565790250000;5736683,640420597000000;8,709974927000076;51,780667247000054;0
119564;5;3;58;44;2019;9;14;3;3;0;1;0;1;0;0;0;0;0;320053,136581161060000;5613283,306683125000000;6,454828716000066;50,643590495000069;0
119566;5;3;34;2;2019;9;21;3;3;6;6;2;1;0;1;0;0;0;293923,176000000910000;5629752,640999998900000;6,076530858000069;50,782853308000028;0
119568;5;7;70;16;2019;9;13;6;2;3;3;0;1;0;0;0;0;1;475002,081191333010000;5792732,708952607600000;8,633539782000071;52,284388419000038;0
119570;5;7;70;4;2019;9;14;6;3;5;3;0;1;1;0;0;0;0;485144,567231727760000;5788881,929947147100000;8,782392866000066;52,250135822000061;0
119571;5;3;78;20;2019;9;12;3;3;0;2;0;1;1;0;0;0;0;367998,238934644500000;5655205,397951578700000;7,117403268000032;51,033219172000031;0
119577;5;7;58;4;2019;9;16;6;3;3;2;0;1;0;0;0;1;0;470281,427965031010000;5782956,586052257600000;8,565198557000031;52,196262838000052;0
119587;5;3;16;0;2019;9;13;3;3;5;3;0;1;1;0;0;0;0;358951,231594973240000;5655551,798440085700000;6,988323253000033;51,034183130000031;0
119590;5;3;15;0;2019;9;15;3;3;0;1;0;1;0;0;0;0;0;354338,559000001290000;5645501,800000002600000;6,926610772000061;50,942717080000079;0
119597;5;9;70;24;2019;9;7;6;2;0;6;0;1;0;0;1;0;0;429414,577969565990000;5645270,292309770400000;7,995041283000035;50,954719118000071;0
119600;5;3;14;0;2019;9;18;3;3;5;3;0;1;1;0;0;0;0;368919,690462949690000;5621306,444527458400000;7,142693818000055;50,728748861000042;0
119602;5;3;14;0;2019;9;9;3;2;5;2;0;1;1;0;0;0;0;371797,547213045880000;5622560,491013098500000;7,183012513000051;50,740662954000072;0
119609;5;9;62;28;2019;9;20;6;3;5;2;1;1;1;0;0;0;0;402100,393730009910000;5664500,696380343300000;7,601065072000040;51,123603223000032;0
119621;5;1;66;36;2019;9;9;3;2;5;2;0;1;1;0;0;0;0;328650,366999999620000;5682328,550000000700000;6,543804782000052;51,266512529000067;0
119622;5;9;11;0;2019;9;11;6;3;5;2;0;1;1;0;0;0;0;374345,726000000720000;5707373,208000000600000;7,189545490000057;51,503507428000034;0
119623;5;1;66;32;2019;9;11;3;3;5;3;0;1;1;0;0;0;0;315747,340996507560000;5681408,877240326300000;6,359524614000065;51,254227115000049;0
119635;5;1;17;0;2019;9;8;3;2;0;7;0;1;1;0;0;0;0;354040,204149945640000;5699992,314646404200000;6,900223769000036;51,432305924000048;0
119656;5;5;66;16;2019;9;18;5;3;5;3;0;1;1;0;0;0;0;404625,212999999520000;5794345,617000002400000;7,601594774000034;52,291178736000063;1
119657;5;7;54;48;2019;9;13;3;3;5;2;0;1;1;0;0;0;0;440883,264000000430000;5765499,006000001000000;8,138156759000026;52,036954901000058;0
119668;5;9;78;20;2019;9;9;3;3;1;5;0;1;0;0;0;0;1;404833,673669762910000;5714969,489477822600000;7,626611140000023;51,577747895000073;0
119673;5;5;54;16;2019;9;17;5;2;5;3;0;1;1;0;0;0;0;366127,065467664970000;5758918,585035739500000;7,051373316000024;51,964818426000079;0
119678;5;5;62;28;2019;9;17;5;2;5;3;0;1;1;0;0;0;0;379833,778983096590000;5722592,672888085200000;7,263372813000046;51,641485824000029;1
119680;5;5;62;12;2019;9;5;5;3;5;3;2;1;1;0;0;0;0;363097,847545208410000;5731891,695699904100000;7,018006968000066;51,721222882000063;0
119683;5;9;13;0;2019;9;16;3;3;3;2;0;1;1;0;0;0;0;383709,206398347390000;5708696,237414449500000;7,323955616000035;51,517402955000080;0
119684;5;9;13;0;2019;9;20;3;3;0;1;2;1;0;0;0;0;0;403045,789000000800000;5709729,455000001900000;7,602262208000070;51,530340711000065;0
119691;5;9;54;36;2019;9;10;3;3;3;6;0;1;0;0;0;0;1;384344,637157054620000;5698436,697353351900000;7,336467556000059;51,425320968000051;0
119693;5;3;58;8;2019;9;15;5;3;5;2;0;1;0;0;0;1;0;322921,103714467960000;5630967,287564113700000;6,486862042000041;50,803347211000073;0
119696;5;3;34;16;2019;9;16;5;3;5;3;0;1;1;0;0;0;0;297148,562392485330000;5639389,795468831400000;6,116894374000026;50,870545571000036;1
119703;5;5;70;8;2019;9;15;2;3;5;2;0;1;1;0;0;0;0;434180,227438762780000;5734213,187995763500000;8,046422309000036;51,754944438000052;0
119705;5;5;70;36;2019;9;9;2;2;5;3;0;1;1;0;0;0;0;434583,767000000920000;5759759,288000002500000;8,047427929000037;51,984649139000055;0
119708;5;3;34;2;2019;9;10;5;3;4;6;0;1;0;0;0;0;0;292710,814000001180000;5633676,283000001700000;6,057141686000023;50,817659259000038;0