OBJECTID;ULAND;UREGBEZ;UKREIS;UGEMEINDE;UJAHR;UMONAT;USTUNDE;UWOCHENTAG;UKATEGORIE;UART;UTYP1;ULICHTVERH;IstRad;IstPKW;IstFuss;IstKrad;IstGkfz;IstSonstige;LINREFX;LINREFY;XGCSWGS84;YGCSWGS84;STRZUSTAND
119709;5;5;54;64;2019;9;18;2;3;0;7;0;1;0;0;0;0;0;356893,927152359860000;5750410,460409117900000;6,920607512000061;51,886071865000076;0
119713;5;5;15;0;2019;9;13;2;3;5;3;0;1;1;0;0;0;0;407013,488624458200000;5757123,621062733200000;7,646774672000049;51,957027907000054;0
119714;5;3;82;60;2019;9;16;5;3;5;3;0;1;1;0;0;0;0;372402,314173209480000;5630333,413457715900000;7,188882073000059;50,810661963000030;0
119718;5;3;78;28;2019;9;6;5;3;5;3;0;1;1;0;0;0;0;372539,694000000130000;5639031,039000002700000;7,187803537000036;50,888868537000064;1
119724;5;3;74;44;2019;9;16;5;2;5;3;0;1;0;0;0;0;1;399827,695955760780000;5635264,925676420300000;7,576663386000064;50,860388910000040;0
119733;5;3;62;20;2019;9;8;5;3;5;3;0;1;1;0;0;0;0;345446,609000000170000;5632944,960999999200000;6,805446788000040;50,827565660000062;0
119734;5;3;34;2;2019;9;11;2;3;0;1;0;1;0;0;0;0;0;295676,701353169980000;5630937,845297129800000;6,100713889000076;50,794118454000056;0
119742;5;3;78;24;2019;9;16;2;3;5;3;0;1;1;0;0;0;0;374995,152047952640000;5645991,097363749500000;7,220310839000035;50,951964138000051;0
119745;5;3;78;4;2019;9;8;2;3;5;3;0;1;1;0;0;0;0;367665,501455275340000;5649739,698477553200000;7,114653754000074;50,984019081000042;0
119750;5;3;66;16;2019;9;9;2;3;0;1;0;1;0;0;0;0;0;342808,355155148540000;5615002,489189501900000;6,775671921000026;50,665622732000031;0
119752;5;3;62;12;2019;9;20;2;2;0;7;2;1;0;0;0;0;0;351321,537097215650000;5631407,631979009100000;6,889428285000065;50,815288832000078;0
119755;5;3;62;36;2019;9;14;2;3;5;3;0;1;1;0;0;0;0;342778,690999999640000;5654325,486000001400000;6,758377053000061;51,018967537000037;0
119759;5;3;16;0;2019;9;13;2;3;6;4;0;1;0;1;0;0;0;363229,036987393160000;5654700,792236676400000;7,049617225000077;51,027568963000078;0
119762;5;1;19;0;2019;9;14;5;3;0;1;0;1;0;0;0;0;0;350366,330979983320000;5705510,165992889600000;6,845076713000026;51,480927969000049;1
119764;5;3;15;0;2019;9;19;2;3;5;3;1;1;1;0;0;0;0;351198,743000001650000;5645042,487000001600000;6,882137583000031;50,937787717000049;0
119765;5;1;19;0;2019;9;8;5;3;5;3;0;1;1;0;0;0;0;350982,735004540530000;5703659,206962704700000;6,854727618000027;51,464458976000060;0
119770;5;1;16;0;2019;9;8;5;3;3;2;0;1;1;0;0;0;0;320298,349805042150000;5671542,829332893700000;6,429614499000024;51,167051700000059;0
119771;5;3;14;0;2019;9;13;2;3;5;3;0;1;1;0;0;0;0;361370,177552312610000;5623033,780354118000000;7,035138665000034;50,742521043000067;0
119782;5;1;70;24;2019;9;16;2;3;0;2;0;1;0;0;0;0;0;335594,136662008240000;5705763,416634932200000;6,632406187000072;51,479102935000071;0
119793;5;1;58;8;2019;9;7;2;3;5;7;0;1;1;0;0;0;0;362562,637739528900000;5674907,411838911500000;7,032419080000068;51,209007530000065;0
119796;5;1;54;8;2019;9;15;2;3;0;2;0;1;1;0;0;0;0;310258,359371097760000;5748017,323195144500000;6,245029561000024;51,850663205000046;0
119797;5;7;58;16;2019;9;18;5;3;5;3;0;1;1;0;0;0;0;477657,401259202510000;5778809,647221490700000;8,673384683000052;52,159327899000061;0
119800;5;7;54;32;2019;9;16;5;3;5;3;0;1;0;0;0;0;1;461879,903496319430000;5744537,846489302800000;8,446564199000022;51,850342240000032;1
119803;5;7;54;48;2019;9;16;5;3;5;3;0;1;1;0;0;0;0;445822,372035608630000;5764728,747844755600000;8,210276654000040;52,030534861000035;0
119806;5;1;62;24;2019;9;16;2;3;5;3;0;1;0;0;0;0;0;338566,267694920300000;5670876,269222773600000;6,690970904000039;51,166510366000068;0
119809;5;9;78;28;2019;9;15;5;3;0;1;0;1;0;0;0;0;0;400689,810000000520000;5697324,248999999800000;7,571795645000066;51,418421266000053;1
119815;5;9;74;16;2019;9;10;5;2;5;2;0;1;1;0;0;0;0;453951,424849293190000;5718480,691592374800000;8,334912190000068;51,615470822000077;0
119816;5;1;16;0;2019;9;6;2;3;2;3;1;1;0;0;0;0;0;320637,818080705590000;5671404,710885034900000;6,434533784000053;51,165917492000062;0
119817;5;9;74;20;2019;9;9;5;2;1;5;0;1;1;0;0;0;0;466467,478020802140000;5721277,247396627400000;8,515407701000072;51,641500066000049;0
119818;5;1;16;0;2019;9;18;2;3;5;3;0;1;1;0;0;0;0;321911,992482342760000;5673922,705384338300000;6,451491682000039;51,188935541000035;0
119822;5;1;14;0;2019;9;6;2;3;3;6;1;1;1;0;0;0;0;329709,498826188970000;5690607,852453919100000;6,555020793000040;51,341209934000062;0
119830;5;3;58;8;2019;9;9;2;3;0;5;0;1;1;0;0;0;0;321750,544783238320000;5630560,964215958500000;6,470463692000067;50,799337895000065;0
119831;5;3;34;32;2019;9;7;2;3;5;2;0;1;1;0;0;0;0;303312,627756462430000;5628425,495666688300000;6,210269765000021;50,774193380000042;0
119833;5;3;82;56;2019;9;16;2;3;8;1;0;1;0;0;0;0;0;372721,090024254280000;5627223,487857842800000;7,194482065000045;50,782779018000042;0
119834;5;3;78;32;2019;9;16;2;2;6;4;0;1;0;1;0;0;0;376707,722327191380000;5663362,686206676100000;7,238770689000035;51,108472612000071;0
119835;5;3;78;4;2019;9;20;2;3;0;2;0;1;1;0;0;0;0;366720,008000000380000;5651425,339000001500000;7,100572867000039;50,998950779000040;0
119837;5;3;78;20;2019;9;8;2;2;5;3;0;1;1;0;0;0;0;368417,145584855230000;5653382,989382080700000;7,124035678000041;51,016936095000062;0
119841;5;3;62;28;2019;9;8;2;3;0;1;1;1;0;0;0;0;0;346250,748983816240000;5637279,168092794700000;6,815036718000044;50,866727818000072;1
119852;5;3;14;0;2019;9;18;2;3;2;2;0;1;1;0;0;0;0;367409,105000001380000;5622740,486999999700000;7,120786340000052;50,741295327000046;0
119853;5;3;14;0;2019;9;12;2;3;0;7;0;1;0;1;0;0;0;364929,456345444550000;5621970,820396939300000;7,085945047000053;50,733806162000064;0
119854;5;1;70;28;2019;9;16;2;1;5;3;0;1;1;0;0;0;0;327448,739067240620000;5700882,045734051600000;6,517601910000053;51,432826188000035;0
119856;5;1;70;44;2019;9;10;2;2;5;3;0;1;1;0;0;0;0;338393,627000001260000;5718704,144999999600000;6,666744831000074;51,596172037000031;0
119858;5;1;58;8;2019;9;17;2;3;5;2;0;1;1;0;0;0;0;361304,105919403020000;5673415,875388823400000;7,014989645000071;51,195299174000070;0
119862;5;1;62;22;2019;9;12;2;2;1;3;0;1;1;0;0;0;0;334339,123571888540000;5682856,960824048100000;6,625028439000062;51,272941713000080;0
119867;5;1;13;0;2019;9;13;2;3;0;1;0;1;0;0;0;0;0;359474,600161725660000;5703070,347702488300000;6,977127291000045;51,461339609000049;0
119880;5;7;54;28;2019;9;14;2;3;3;2;0;1;1;0;0;0;0;452728,418735343030000;5740951,298816338200000;8,314200251000045;51,817397108000080;0
119886;5;7;11;0;2019;9;13;2;3;5;3;0;1;1;0;0;0;0;466972,562912593600000;5757535,492740601300000;8,519251390000022;51,967525827000031;0
119890;5;9;70;12;2019;9;9;2;3;0;1;0;1;0;0;0;0;0;450547,088999999690000;5651237,262000002000000;8,295073439000021;51,010574382000073;1
119904;5;7;74;32;2019;9;8;4;3;5;3;0;1;1;0;0;0;0;480042,724077721130000;5736557,183420980300000;8,710710494000068;51,779532044000064;0
119906;5;9;78;24;2019;9;14;2;3;0;1;0;1;0;0;0;0;0;398014,656000001360000;5719419,224999997800000;7,526942958000063;51,616552269000067;0
119908;5;9;54;36;2019;9;14;2;3;5;3;0;1;1;0;0;0;0;381378,111842482350000;5698606,349042583300000;7,293761727000060;51,426232623000033;0
119916;5;7;70;20;2019;9;13;4;2;0;1;0;1;0;0;0;0;0;470999,583690493370000;5794881,577689133600000;8,574681280000050;52,303510669000048;0
119926;5;7;58;4;2019;9;17;4;3;1;5;1;1;1;0;0;0;0;472065,332436026070000;5788363,301008073600000;8,590850999000054;52,244964598000081;1
119936;5;7;54;8;2019;9;9;4;3;5;2;0;1;1;0;0;0;0;463989,712000000290000;5753919,488000001800000;8,476213694000023;51,934830321000049;0
119939;5;5;66;8;2019;9;18;1;3;9;1;0;1;0;0;0;0;0;400113,116129663770000;5781002,988322354900000;7,539401985000040;52,170457827000064;0
119943;5;7;66;64;2019;9;7;4;2;0;7;0;1;1;0;0;0;0;489218,124593585730000;5739834,995113495700000;8,843609296000068;51,809255661000066;0
119944;5;5;15;0;2019;9;14;1;3;3;3;0;1;1;0;0;0;0;405155,011605947280000;5756902,549562010900000;7,619797829000049;51,954726942000036;0
119945;5;7;11;0;2019;9;15;4;3;5;3;0;1;1;0;0;0;0;466910,293999999760000;5768813,506999999300000;8,517254840000021;52,068918372000041;0
119948;5;3;58;28;2019;9;1;1;2;9;7;2;1;0;0;0;0;0;319919,393590730610000;5625234,874535765500000;6,447113062000028;50,750922723000031;0
119952;5;3;82;60;2019;9;17;1;3;5;3;0;1;1;0;0;0;0;373557,279000000100000;5630831,192999998100000;7,205095459000063;50,815389461000052;1
119956;5;9;78;4;2019;9;7;4;3;0;1;0;1;0;0;0;0;0;401943,798027975480000;5718089,692633530100000;7,584047636000037;51,605299569000067;0
119957;5;3;78;4;2019;9;17;1;3;0;1;0;1;0;0;0;0;0;369655,262012721040000;5650319,835831312500000;7,142777346000059;50,989687181000079;1
119966;5;9;74;12;2019;9;5;4;2;4;2;2;1;1;0;0;0;0;427755,934753265230000;5706057,235747426700000;7,959174025000039;51,501029545000051;0
119969;5;9;74;52;2019;9;13;4;3;5;2;0;1;1;0;0;0;0;421289,849561666140000;5714732,228512503200000;7,864095438000049;51,578153359000055;0
119971;5;9;74;24;2019;9;10;4;3;4;2;0;1;1;0;0;0;0;437696,539731606840000;5720227,969793388600000;8,099856307000039;51,629615089000026;0
119973;5;9;66;24;2019;9;12;4;3;3;1;0;1;1;0;0;0;0;418860,255446767430000;5653712,726461051000000;7,842918828000052;51,029232907000051;0
119979;5;1;58;4;2019;9;13;1;3;7;7;0;1;0;0;0;0;0;358027,162313432430000;5674988,903381854300000;6,967499160000045;51,208630451000033;0
119986;5;9;13;0;2019;9;7;4;3;5;2;0;1;1;0;0;0;0;395721,249162290250000;5705837,555738339200000;7,497857110000041;51,494052665000027;0
119994;5;1;12;0;2019;9;12;1;3;5;3;0;1;1;0;0;0;0;343389,643000000160000;5695188,306000001700000;6,749249048000024;51,386298848000081;1
119996;5;9;54;36;2019;9;18;4;3;0;1;0;1;0;0;0;0;0;383443,902646974660000;5701486,654249573100000;7,322513613000069;51,452549347000058;1
119999;5;9;11;0;2019;9;13;4;3;5;3;0;1;0;0;0;0;0;378385,440895663570000;5706281,201622206700000;7,248097262000044;51,494576735000066;0
120007;5;7;54;36;2019;9;21;1;3;8;1;2;1;0;0;0;0;0;477317,989863435740000;5749489,681285660700000;8,670366951000062;51,895705089000046;1
120014;5;7;11;0;2019;9;17;1;3;3;2;0;1;1;0;0;0;0;467197,917162800210000;5764047,709361918300000;8,521908274000055;52,026088236000078;0
120019;5;5;70;4;2019;9;9;3;3;5;2;0;1;1;0;0;0;0;424564,573477015830000;5736093,899004004900000;7,906730784000047;51,770638897000026;0
120024;5;5;66;56;2019;9;10;3;3;3;2;0;1;1;0;0;0;0;416752,590000000780000;5797167,967000003900000;7,778664020000065;52,318518598000026;0
120027;5;5;58;36;2019;9;14;3;3;5;3;0;1;1;0;0;0;0;387426,296251124700000;5729083,657740088200000;7,370957646000022;51,701396794000061;0
120034;5;5;54;4;2019;9;15;3;3;5;2;0;1;0;0;1;0;0;361624,456364862620000;5770471,168051445900000;6,981208712000068;52,067520132000027;0
120036;5;5;54;8;2019;9;7;3;3;5;3;0;1;1;0;0;0;0;333494,911417510360000;5745507,341147868000000;6,583276329000057;51,835530244000040;0
120039;5;5;62;8;2019;9;6;3;3;0;7;1;1;0;0;0;0;0;385074,804607895200000;5723344,720499575100000;7,338833329000067;51,649340479000045;0
120057;5;3;34;20;2019;9;7;3;2;9;1;0;1;0;0;0;0;0;306246,726269860750000;5606374,056216688800000;6,263385491000065;50,577099533000080;1
120061;5;3;34;2;2019;9;7;3;3;5;3;1;1;1;0;0;0;0;301091,425067231990000;5626102,601657865600000;6,180061033000072;50,752571875000058;0
120062;5;5;66;76;2019;9;19;7;3;4;2;0;1;1;0;0;0;0;394993,851135209200000;5785998,867224663500000;7,463025834000064;52,214407594000079;0
120063;5;3;82;68;2019;9;8;3;3;5;3;0;1;0;0;0;0;0;368166,929082659070000;5631900,256941260800000;7,128235791000066;50,823796272000038;0
120064;5;5;54;12;2019;9;18;7;3;9;7;0;1;0;0;0;0;0;355479,496755476110000;5745816,928315024800000;6,901991910000049;51,844433549000030;0
120073;5;3;78;4;2019;9;14;3;3;5;3;0;1;0;0;0;0;0;366996,694310089570000;5649770,238857938000000;7,105119759000047;50,984139441000082;0
120081;5;3;34;2;2019;9;8;7;2;0;1;0;1;0;0;0;0;0;293617,577147684060000;5628399,431683311200000;6,072960922000050;50,770591329000069;1
120084;5;3;15;0;2019;9;17;3;3;5;3;0;1;0;0;0;1;0;364825,811082901430000;5643100,905492518100000;7,076686553000059;50,923693222000054;0
120086;5;3;15;0;2019;9;11;3;3;3;2;0;1;1;0;0;0;0;364980,518000000160000;5643074,083000002400000;7,078896394000026;50,923488380000038;0
120093;5;3;15;0;2019;9;17;3;3;4;6;0;1;0;0;0;0;0;356385,629437603990000;5647207,637165898500000;6,955056558000024;50,958560714000043;0
120095;5;3;15;0;2019;9;16;3;3;5;2;0;1;1;0;0;0;0;352089,229999999520000;5644973,730000000400000;6,894830466000030;50,937398923000046;0
120096;5;3;66;16;2019;9;19;7;3;5;3;1;1;1;0;0;0;0;341010,833641093220000;5613788,233782334300000;6,750778518000061;50,654223283000078;0
120098;5;3;15;0;2019;9;14;3;3;1;3;0;1;0;0;0;0;0;350606,143983882850000;5645068,714756809200000;6,873698668000031;50,937870193000037;0
120099;5;3;62;24;2019;9;14;7;3;4;6;0;1;0;0;0;0;0;346851,501096264460000;5644129,354608070100000;6,820694921000040;50,928444118000073;0
120116;5;1;54;36;2019;9;13;3;3;5;3;0;1;0;0;0;0;0;302079,239610347900000;5741093,630627235400000;6,130385387000047;51,785649447000026;0
120120;5;1;62;4;2019;9;14;3;3;5;3;0;1;1;0;0;0;0;344270,965794842690000;5664764,194650501000000;6,775142101000029;51,113171946000080;0
120122;5;1;62;24;2019;9;17;3;1;5;2;0;1;0;0;0;1;0;336970,124346216210000;5674316,558452162900000;6,666600163000055;51,196967865000033;0
120125;5;1;62;24;2019;9;19;3;3;5;5;0;1;1;0;0;0;0;338144,443879009220000;5671051,549007549900000;6,684863833000065;51,167966037000042;0
120127;5;1;62;22;2019;9;19;3;3;4;6;0;1;0;0;0;0;0;338329,889000000430000;5680919,044999998100000;6,683066681000071;51,256676228000060;0
120129;5;1;62;22;2019;9;16;3;3;0;3;0;1;1;0;0;0;0;334399,816729764450000;5682312,826611086700000;6,626149801000054;51,268070657000067;0
120131;5;1;16;0;2019;9;9;3;2;3;5;0;1;1;0;0;0;0;313781,154599872420000;5676259,847415452800000;6,334056042000043;51,207337876000054;0
120135;5;1;16;0;2019;9;18;7;3;5;3;0;1;1;0;0;0;0;321865,295936240810000;5670009,175728853800000;6,452762996000047;51,153764446000082;0
120140;5;1;13;0;2019;9;12;7;3;6;4;0;1;0;1;0;0;0;359456,028745822610000;5703074,914088344200000;6,976858319000030;51,461376032000032;0
120145;5;1;12;0;2019;9;18;7;3;9;1;1;1;0;0;0;0;0;343586,818767458200000;5696982,009578689900000;6,751290060000031;51,402469578000080;0
120146;5;1;11;0;2019;9;17;3;3;3;3;0;1;1;0;0;0;0;346078,135000001640000;5677094,488000001800000;6,795662091000054;51,224455171000045;0
120159;5;1;11;0;2019;9;12;7;3;5;3;0;1;1;0;0;0;0;347925,885593268090000;5675081,975335067100000;6,822956792000070;51,206866649000062;0
120168;5;7;54;8;2019;9;9;3;3;3;3;0;1;1;0;0;0;0;458965,414056708100000;5749821,767676223100000;8,403625279000039;51,897641549000070;0
120172;5;7;66;44;2019;9;15;3;3;5;3;0;1;0;0;0;1;0;491962,929999999700000;5766658,512000002000000;8,882795924000050;52,050473381000074;0
120173;5;7;58;16;2019;9;9;7;2;5;2;0;1;1;0;0;0;0;475772,813796267840000;5778050,848229631800000;8,645889523000051;52,152426386000059;1
120176;5;7;66;20;2019;9;17;3;3;5;3;0;1;0;0;0;0;0;493161,204271696510000;5752191,313438866300000;8,900558732000036;51,920415355000046;0
120177;5;7;66;44;2019;9;8;7;3;5;7;0;1;1;0;0;0;0;493531,752766302790000;5764528,822628917200000;8,905714224000064;52,031346124000038;1
120186;5;9;70;16;2019;9;13;3;2;4;3;0;1;1;0;0;0;0;421197,871669232850000;5639248,116195570700000;7,879380566000066;50,899509347000048;0
120193;5;9;58;12;2019;9;16;3;3;5;3;0;1;1;0;0;0;0;471440,703187672420000;5694792,553677700500000;8,589422763000073;51,403638558000068;0
120200;5;9;62;32;2019;9;13;7;2;9;1;0;1;0;0;0;0;0;406924,046999522480000;5676295,051340406800000;7,666917451000074;51,230436163000036;0
120205;5;9;14;0;2019;9;15;3;3;5;3;0;1;1;0;0;0;0;392700,098030929450000;5692059,794578626800000;7,458528167000054;51,369645000000048;0
120207;5;9;14;0;2019;9;17;3;3;2;6;0;1;1;0;0;0;0;401339,441009758970000;5691127,683053739400000;7,582857204000050;51,362832908000030;0
120213;5;9;78;24;2019;9;15;3;3;5;3;0;1;1;0;0;0;0;398136,081869611520000;5719600,985161252300000;7,528643347000070;51,618208022000033;0
120250;5;5;58;20;2019;9;16;6;3;3;2;0;1;1;0;0;0;0;391757,705000001010000;5759505,594999998800000;7,424091940000039;51,975675952000074;0
120255;5;5;54;20;2019;9;17;6;3;5;3;0;1;1;0;0;0;0;361599,204256022350000;5784217,687303688400000;6,975247382000021;52,191028457000073;0
120260;5;5;54;4;2019;9;6;6;3;5;2;2;1;1;0;0;0;0;363986,274044769820000;5772082,405701220000000;7,015000987000065;52,082582799000079;0
120261;5;5;58;24;2019;9;16;2;3;0;1;0;1;0;0;0;0;0;392469,410143654790000;5736014,780018789700000;7,441764929000044;51,764683046000073;0
120265;5;5;62;16;2019;9;21;6;3;4;6;2;1;0;0;0;0;0;368999,495264676400000;5731097,686327310300000;7,103694724000036;51,715497215000028;0
120266;5;5;62;12;2019;9;15;6;3;0;3;0;1;0;0;0;0;0;357427,497000000440000;5727178,842000003900000;6,937897601000032;51,677462288000072;0
120271;5;5;54;4;2019;9;8;2;3;8;1;0;1;0;0;0;0;0;364433,403432081450000;5772550,615966228800000;7,021336104000056;52,086899556000049;0
120272;5;3;58;24;2019;9;6;6;2;5;3;2;1;1;0;0;0;0;314068,034000000920000;5644271,814000001200000;6,354597879000039;50,920090853000033;0
120274;5;3;58;8;2019;9;6;6;3;5;3;2;1;1;0;0;0;0;319869,328988285740000;5634181,746499691200000;6,442018232000066;50,831284716000027;0
120275;5;5;54;32;2019;9;9;2;3;5;3;0;1;1;0;0;0;0;325995,741792185230000;5747875,672411015300000;6,473350491000076;51,854518006000035;0
120276;5;3;58;8;2019;9;12;6;2;0;1;0;1;0;0;0;0;0;322282,658849174160000;5630389,435648443200000;6,478090091000070;50,797960284000055;0
120277;5;5;54;8;2019;9;12;2;3;5;3;0;1;1;0;0;0;0;334741,536338564010000;5746725,284804679500000;6,600771328000064;51,846841635000033;0
120281;5;5;15;0;2019;9;13;2;3;5;2;0;1;1;0;0;0;0;406085,022460951470000;5756734,628707464800000;7,633373236000068;51,953375427000026;0
120282;5;3;82;28;2019;9;7;6;3;5;3;0;1;1;0;0;0;0;373590,070582988670000;5631602,924010066300000;7,205294763000040;50,822333220000075;0
120291;5;1;11;0;2019;9;7;6;3;0;7;0;1;0;0;0;0;0;345542,065093597400000;5677377,711679877700000;6,787869028000046;51,226855263000061;0
120295;5;7;58;36;2019;9;14;6;3;5;3;0;1;1;0;0;0;0;485310,262000000100000;5776072,832000002300000;8,785375302000034;52,134978796000041;0
120304;5;3;82;36;2019;9;12;1;2;1;3;0;1;1;0;0;0;0;386664,066277891400000;5638175,245814241500000;7,388795363000043;50,884119871000053;0
120310;5;3;78;4;2019;9;0;1;3;0;1;2;1;0;0;0;0;0;364777,229000002150000;5653885,412999998800000;7,071985420000033;51,020607144000053;0
120312;5;3;74;44;2019;9;18;1;3;0;7;0;1;0;0;0;0;0;405557,700721913950000;5639101,765390215400000;7,657064528000035;50,895847288000027;0
120321;5;3;74;8;2019;9;13;1;3;0;1;0;1;0;0;0;0;0;388316,356573652480000;5649664,440314013500000;7,408753376000050;50,987719578000053;0
120327;5;3;62;24;2019;9;13;1;3;0;1;0;1;0;0;0;0;0;347194,948391325770000;5643053,683554407200000;6,826029153000036;50,918869068000049;0
120328;5;3;62;36;2019;9;21;1;3;8;1;2;1;0;0;0;0;0;344025,051383494400000;5648978,197648784100000;6,778429479000067;50,971257652000077;0
120330;5;3;62;4;2019;9;17;1;3;5;3;0;1;1;0;0;0;0;329143,212052861230000;5652638,078572617800000;6,564940600000057;50,999917747000040;0
120334;5;3;15;0;2019;9;10;1;3;3;2;0;1;1;0;0;0;0;357532,736314145850000;5644043,196779716800000;6,972617164000042;50,930406807000054;0
120336;5;3;15;0;2019;9;19;1;3;4;6;0;1;0;0;0;0;0;356713,951201955790000;5644637,944319240700000;6,960739474000036;50,935548932000074;0
120341;5;1;70;44;2019;9;16;1;3;5;3;0;1;0;0;0;0;0;337936,721623606980000;5722429,211128726600000;6,658431747000066;51,629506940000056;0
120349;5;9;11;0;2019;9;8;6;3;5;3;0;1;1;0;0;0;0;375982,196522222830000;5708452,426379229900000;7,212732125000059;51,513568200000066;1
120351;5;1;62;22;2019;9;13;1;2;4;2;0;1;1;0;0;0;0;339448,265841836110000;5679121,404314043000000;6,699886798000023;51,240840680000076;0
120356;5;1;24;0;2019;9;13;1;3;5;3;0;1;1;0;0;0;0;368196,562512016860000;5681342,089005556000000;7,110659350000049;51,268165545000045;0
120368;5;7;74;32;2019;9;15;1;3;5;3;0;1;1;0;0;0;0;480321,414379947820000;5733059,930680686600000;8,714948278000065;51,748097380000047;0
120372;5;7;70;24;2019;9;8;1;3;5;6;0;1;1;0;0;0;0;493315,679935825060000;5792460,290504694000000;8,902014741000073;52,282467142000030;0
120374;5;7;70;24;2019;9;18;1;3;5;2;0;1;1;0;0;0;0;494907,926534984260000;5793243,031329488400000;8,925343587000043;52,289521442000080;0
120381;5;7;66;48;2019;9;16;1;3;4;2;0;1;1;0;0;0;0;478489,972620164980000;5760222,971650825800000;8,686727305000034;51,992253611000081;0
120384;5;5;66;28;2019;9;20;5;2;5;2;2;1;1;0;0;0;0;412584,758672845550000;5793569,864137757600000;7,718467447000023;52,285530069000060;0
120386;5;5;66;28;2019;9;16;5;3;4;2;0;1;1;0;0;0;0;412037,287000002340000;5792378,343000002200000;7,710754433000034;52,274733023000067;0
120387;5;7;11;0;2019;9;13;1;2;4;2;0;1;1;0;0;0;0;473445,580059187490000;5768695,741853451400000;8,612604532000034;52,068211507000058;0
120398;5;9;70;40;2019;9;13;1;3;5;2;0;1;1;0;0;0;0;430161,682545069610000;5635546,362046938400000;8,007537666000076;50,867379521000032;0
120409;5;5;15;0;2019;9;16;5;3;3;2;0;1;1;0;0;0;0;406932,422000000250000;5751278,943000001800000;7,647176159000026;51,904479144000049;0
120410;5;9;54;8;2019;9;14;1;3;5;3;0;1;1;0;0;0;0;385155,251000000160000;5678689,813000002900000;7,354490176000070;51,247995813000045;0
120413;5;5;62;14;2019;9;10;5;3;0;1;0;1;0;0;0;0;0;358939,052799283530000;5714681,553299007900000;6,964777099000060;51,565545184000030;1
120419;5;9;78;24;2019;9;16;1;3;8;1;0;1;0;0;0;0;0;399506,258000000380000;5716764,644000001300000;7,549240677000057;51,592959377000057;0
120431;5;3;34;24;2019;9;22;5;3;3;3;2;1;0;0;1;0;0;303109,807498814540000;5612691,138373764200000;6,215785154000059;50,632793850000041;0
120441;5;5;70;40;2019;9;14;7;2;3;6;0;1;0;0;0;0;0;421257,792257058430000;5743407,578246744300000;7,857154960000059;51,835929629000077;0
120442;5;3;82;44;2019;9;7;5;3;5;2;0;1;1;0;0;0;0;360800,807563841340000;5632908,747518222800000;7,023333529000070;50,831135937000056;1
120443;5;3;82;52;2019;9;20;5;3;6;6;2;1;0;1;0;0;0;392584,761636983600000;5633080,434876700900000;7,474427869000067;50,839451169000029;0
120448;5;5;66;84;2019;9;22;7;2;0;7;2;1;0;0;0;0;0;390706,951457617800000;5774097,657993085700000;7,404135540000027;52,106615218000059;0
120451;5;5;58;24;2019;9;12;7;3;5;2;0;1;1;0;0;0;0;393206,031606628560000;5736374,963186180200000;7,452324431000022;51,768061368000076;0
120452;5;5;54;4;2019;9;14;7;2;4;6;0;1;0;0;0;0;0;362697,011443941850000;5771282,330139175100000;6,996519743000022;52,075075606000041;0
120460;5;3;66;16;2019;9;20;5;3;5;3;1;1;1;0;0;0;0;345535,486817450260000;5613910,512147240300000;6,814687469000035;50,656539568000028;0
120463;5;3;70;40;2019;9;11;7;2;3;2;0;1;1;0;0;0;0;306957,605025106110000;5666529,782286806000000;6,241709204000074;51,117679293000037;0
120467;5;3;58;20;2019;9;11;7;3;5;3;0;1;1;0;0;0;0;315005,556000000800000;5635056,990000002100000;6,372584058000030;50,837613481000062;0
120468;5;3;62;8;2019;9;11;5;3;5;3;0;1;1;0;0;0;0;338655,163328847850000;5644480,614602863800000;6,704003046000025;50,929366205000065;1
120477;5;3;15;0;2019;9;15;5;3;0;1;0;1;0;0;0;0;0;361072,942859445700000;5649363,148200947800000;7,020933188000072;50,979081860000065;0
120485;5;3;15;0;2019;9;19;5;3;1;3;1;1;0;0;0;0;0;355188,007000000220000;5644776,491000000400000;6,938981978000072;50,936412873000052;0
120488;5;3;14;0;2019;9;8;5;3;5;2;0;1;1;0;0;0;0;368419,345000000670000;5618285,116000002300000;7,136685666000062;50,701479507000045;1
120493;5;3;74;12;2019;9;16;7;3;1;3;0;1;1;0;0;0;0;399805,593505518510000;5651819,064181072600000;7,571797656000058;51,009203699000068;0
120496;5;3;66;16;2019;9;8;7;3;3;3;0;1;1;0;0;0;0;342255,863927235830000;5614036,687190283100000;6,768271831000050;50,656794430000048;0
120498;5;3;14;0;2019;9;12;5;3;5;3;0;1;1;0;0;0;0;364461,600371903740000;5621611,280399233100000;7,079451320000032;50,730465680000066;1
120500;5;1;70;8;2019;9;7;5;3;5;2;0;1;1;0;0;0;0;342817,834611801430000;5715940,185866560800000;6,731803783000032;51,572590950000063;1
120505;5;1;58;36;2019;9;15;5;3;5;3;0;1;1;0;0;0;0;363376,397723971870000;5682429,426409913200000;7,041191491000063;51,276802160000045;0
120508;5;1;58;12;2019;9;18;5;3;0;1;0;1;0;0;0;0;0;357148,373999999840000;5686164,546000000100000;6,950464164000039;51,308839616000057;0
120510;5;1;54;36;2019;9;7;5;3;5;2;0;1;1;0;0;0;0;301920,240425372500000;5740914,863324260300000;6,128185231000032;51,783987863000050;1