OBJECTID;ULAND;UREGBEZ;UKREIS;UGEMEINDE;UJAHR;UMONAT;USTUNDE;UWOCHENTAG;UKATEGORIE;UART;UTYP1;ULICHTVERH;IstRad;IstPKW;IstFuss;IstKrad;IstGkfz;IstSonstige;LINREFX;LINREFY;XGCSWGS84;YGCSWGS84;STRZUSTAND
120511;5;3;15;0;2019;9;20;7;3;5;3;2;1;1;0;0;0;0;359789,539989271200000;5647484,602756667900000;7,003386707000061;50,961888145000046;0
120512;5;1;66;12;2019;9;15;5;3;5;3;0;1;0;0;1;0;0;324463,726397956720000;5698972,220860930200000;6,475648626000066;51,414753218000044;0
120514;5;1;66;32;2019;9;7;5;3;5;2;0;1;1;0;0;0;0;317394,886467019100000;5681890,678910937200000;6,382862723000073;51,259084934000043;0
120518;5;3;15;0;2019;9;4;7;3;5;3;2;1;1;0;0;0;0;354338,559000001290000;5645501,800000002600000;6,926610772000061;50,942717080000079;0
120523;5;3;15;0;2019;9;1;7;3;0;1;2;1;0;0;0;0;0;355295,724485872310000;5645383,809829125200000;6,940272783000069;50,941897752000045;0
120527;5;1;17;0;2019;9;15;5;3;5;3;0;1;1;0;0;0;0;351547,121329057960000;5701770,014733631200000;6,863639434000049;51,447631886000067;0
120529;5;1;17;0;2019;9;6;5;3;5;7;2;1;1;0;0;0;0;353125,490759391340000;5700164,380992231900000;6,887002942000038;51,433615700000075;1
120530;5;1;58;16;2019;9;18;7;2;5;3;0;1;1;0;0;0;0;357562,552000001070000;5671569,370000002900000;6,962208693000036;51,177785117000042;0
120531;5;1;58;36;2019;9;14;7;2;3;6;0;1;1;0;0;0;0;364524,867828490210000;5683837,094395879700000;7,057113354000023;51,289726956000038;0
120541;5;1;11;0;2019;9;10;5;3;3;2;0;1;0;0;0;1;0;347013,675548482690000;5677893,819897905000000;6,808708334000073;51,231889116000048;0
120542;5;1;19;0;2019;9;16;7;3;3;6;0;1;1;0;0;0;0;347253,294040599840000;5709462,584492709500000;6,798569052000062;51,515608764000035;0
120553;5;1;12;0;2019;9;14;7;3;5;2;0;1;1;0;0;0;0;343512,231053435240000;5701452,039771348200000;6,748244792000037;51,442611795000062;0
120555;5;1;12;0;2019;9;19;7;3;5;2;1;1;1;0;0;0;0;343445,756784883330000;5709154,971474558100000;6,743875509000077;51,511802699000043;0
120566;5;7;70;24;2019;9;17;7;3;3;2;0;1;1;0;0;0;0;491780,154000000100000;5790471,342000002000000;8,879554036000059;52,264564642000039;0
120567;5;7;54;8;2019;9;15;5;3;0;7;0;1;0;0;0;0;0;455180,143000001090000;5750518,363000003600000;8,348525268000060;51,903612699000064;0
120578;5;7;11;0;2019;9;9;5;3;0;3;0;1;1;0;0;0;0;473040,283999999990000;5760321,688000001000000;8,607351922000021;51,992903320000039;1
120580;5;9;78;16;2019;9;15;5;3;5;3;0;1;1;0;0;0;0;404525,989000000060000;5708306,501000002000000;7,623980445000029;51,517801889000054;0
120583;5;9;74;8;2019;9;2;7;3;0;1;2;1;0;0;0;0;0;441713,748591842130000;5714831,729073464900000;8,158785978000026;51,581530233000080;0
120585;5;9;66;4;2019;9;17;7;2;5;2;0;1;1;0;0;0;0;426377,486834747720000;5663187,121712179900000;7,948167483000077;51,115428138000027;0
120604;5;9;15;0;2019;9;17;7;3;6;6;0;1;0;1;0;0;0;417978,971736607140000;5726612,733160892500000;7,813541959000077;51,684482266000032;0
120608;5;9;78;24;2019;9;0;7;3;1;1;2;1;1;0;0;0;0;391748,740182730370000;5717749,045658985200000;7,436990199000036;51,600370189000046;0
120609;5;9;13;0;2019;9;14;7;3;0;2;0;1;1;0;0;0;0;393034,049777790900000;5705527,630524594300000;7,459256607000043;51,490764858000034;0
120613;5;9;13;0;2019;9;15;5;3;5;3;0;1;1;0;0;0;0;393122,658183293420000;5711323,539218040200000;7,458774784000070;51,542877846000067;0
120616;5;9;16;0;2019;9;14;7;3;5;2;0;1;1;0;0;0;0;376096,077708853410000;5709236,257683191400000;7,214096887000039;51,520637738000062;0
120618;5;9;13;0;2019;9;13;5;3;5;3;0;1;1;0;0;0;0;394156,044000000690000;5707108,083000000600000;7,474937551000039;51,505181977000063;0
120653;5;5;70;8;2019;9;7;6;3;2;6;0;1;1;0;0;0;0;433000,435987855310000;5734472,193953348300000;8,029282530000046;51,757133021000072;0
120657;5;5;70;16;2019;9;9;6;3;5;3;0;1;1;0;0;0;0;412444,086107444020000;5739360,497952019800000;7,730290280000077;51,798238085000037;0
120658;5;5;66;56;2019;9;13;6;3;5;3;0;1;1;0;0;0;0;416914,472940525040000;5797053,149784330300000;7,781066806000069;52,317511098000068;0
120659;5;5;66;60;2019;9;10;4;3;5;2;0;1;1;0;0;0;0;388787,852000000890000;5788257,722000002900000;7,371484655000074;52,233490221000068;0
120660;5;5;66;68;2019;9;16;6;3;5;3;0;1;1;0;0;0;0;380759,443255406800000;5783808,547168709300000;7,255546505000041;52,191827847000070;0
120666;5;5;66;64;2019;9;7;4;3;5;3;0;1;0;0;0;0;1;395500,939367989080000;5773215,549244798700000;7,474379040000031;52,099613685000065;0
120670;5;5;58;20;2019;9;16;4;3;5;3;0;1;1;0;0;0;0;391284,728238963520000;5760042,773003540900000;7,417038479000041;51,980411542000070;1
120671;5;5;15;0;2019;9;6;6;3;3;2;1;1;0;0;0;0;1;405480,663034508940000;5756994,632340842900000;7,624509960000069;51,955610067000066;0
120672;5;5;54;20;2019;9;16;4;3;0;3;0;1;1;0;0;0;0;367044,579029355200000;5783787,008539883400000;7,055029399000034;52,188498348000053;0
120679;5;5;13;0;2019;9;13;6;3;5;3;0;1;1;0;0;0;0;366332,392791452820000;5709633,936898386100000;7,073298529000056;51,521985396000048;0
120695;5;5;13;0;2019;9;13;4;3;0;7;0;1;1;0;0;0;0;366877,527786899360000;5705476,480826214000000;7,082720505000054;51,484752421000053;0
120698;5;3;82;68;2019;9;7;6;2;5;2;0;1;0;0;0;1;0;371282,784000000920000;5630154,659000000000000;7,173062773000027;50,808807583000032;0
120699;5;3;58;12;2019;9;12;4;3;3;6;0;1;1;0;0;0;0;321925,417391903700000;5610536,268738297700000;6,482602137000072;50,619485205000046;0
120701;5;3;34;36;2019;9;15;4;3;5;7;0;1;1;0;0;0;0;299698,569141331130000;5633381,772603426100000;6,156373992000056;50,817472778000081;0
120716;5;3;62;24;2019;9;9;6;2;5;3;0;1;1;0;0;0;0;345423,758109209130000;5642107,237407214900000;6,801250968000034;50,909892575000072;1
120717;5;3;62;36;2019;9;7;4;3;0;6;0;1;1;0;0;0;0;345770,500069231730000;5651577,228239409600000;6,802167493000070;50,995082316000037;0
120719;5;3;15;0;2019;9;16;4;3;5;3;0;1;1;0;0;0;0;363648,823000000790000;5641225,202999999700000;7,060651128000075;50,906558433000043;1
120726;5;3;15;0;2019;9;10;4;3;3;6;0;1;1;0;0;0;0;349456,476309722290000;5651896,095678063100000;6,854522069000041;50,998923743000034;0
120728;5;3;15;0;2019;9;5;4;2;4;6;2;1;0;0;0;0;0;347661,787246774880000;5658333,208245303500000;6,826259430000050;51,056295235000050;0
120729;5;3;15;0;2019;9;12;6;2;0;7;0;1;0;0;0;0;0;354299,717654512260000;5644202,564355894900000;6,926577785000063;50,931031421000057;0
120730;5;3;82;12;2019;9;17;6;2;5;3;0;1;1;0;0;0;0;361746,483972967600000;5625947,862303767400000;7,039374567000039;50,768801400000029;0
120731;5;3;15;0;2019;9;11;4;3;3;2;0;1;0;0;0;1;0;351564,906333968040000;5647980,607035776600000;6,886147494000056;50,964285364000034;0
120733;5;3;15;0;2019;9;8;4;3;5;2;0;1;1;0;0;0;0;353365,747136871330000;5645862,002352317800000;6,912628253000037;50,945707490000075;0
120738;5;3;14;0;2019;9;16;6;3;5;2;0;1;1;0;0;0;0;365355,850403806190000;5623203,871148381400000;7,091533259000073;50,744987713000057;0
120740;5;3;14;0;2019;9;8;4;3;5;2;0;1;1;0;0;0;0;370519,921000001020000;5615620,315000005100000;7,167349284000068;50,677998815000080;0
120746;5;1;70;48;2019;9;9;6;3;5;3;0;1;1;0;0;0;0;334991,654000000100000;5727033,433000000200000;6,613747343000057;51,670013963000031;1
120752;5;1;58;12;2019;9;13;6;3;0;1;0;1;0;0;0;0;0;356540,532408038150000;5685345,194460904200000;6,942078758000037;51,301323845000070;1
120754;5;1;54;44;2019;9;7;6;3;5;3;2;1;1;0;0;0;0;324404,344019662590000;5738664,268561933200000;6,454934943000069;51,771279594000077;1
120755;5;1;16;0;2019;9;8;4;3;6;6;0;1;0;1;0;0;0;320671,947731817140000;5674726,306761739800000;6,433363911000072;51,195766739000078;0
120759;5;1;66;36;2019;9;18;6;3;5;7;0;1;1;0;0;0;0;329471,134960476310000;5683808,061041118600000;6,554852665000055;51,280050424000081;0
120762;5;1;62;4;2019;9;10;6;3;5;2;0;1;1;0;0;0;0;348890,707344591620000;5662800,571484800400000;6,841914313000075;51,096763667000062;0
120767;5;1;19;0;2019;9;8;6;2;5;3;0;1;1;0;0;0;0;349924,870398472990000;5705264,968404989700000;6,838828131000071;51,478607828000065;0
120771;5;1;13;0;2019;9;15;4;3;5;2;0;1;1;0;0;0;0;361226,156177207830000;5705286,075101448200000;7,001454334000073;51,481682939000052;1
120776;5;1;13;0;2019;9;16;6;2;0;1;0;1;0;0;0;0;0;354812,417134113610000;5704956,545478951200000;6,909287261000031;51,477111960000059;0
120778;5;1;13;0;2019;9;15;6;3;5;2;0;1;1;0;0;0;0;366025,619935061780000;5698457,124103104700000;7,073116887000026;51,421470375000069;0
120780;5;1;13;0;2019;9;18;6;3;8;1;0;1;0;0;0;0;0;360232,960401897320000;5696181,637037525000000;6,990754875000050;51,399623399000063;0
120785;5;1;12;0;2019;9;12;4;3;5;3;0;1;1;0;0;0;0;345870,952941540630000;5704315,557523734900000;6,780909893000057;51,468987383000069;1
120788;5;1;11;0;2019;9;13;6;3;1;3;0;1;0;0;0;0;1;344864,385084098200000;5678327,066992312700000;6,777760137000030;51,235201792000055;0
120793;5;9;16;0;2019;9;15;4;3;2;6;0;1;1;0;0;0;0;372632,862000001590000;5711924,352000001800000;7,163234356000032;51,544025467000040;0
120794;5;9;16;0;2019;9;7;4;3;4;6;0;1;0;0;0;0;0;376952,436999999920000;5710890,894000001300000;7,225855673000069;51,535695779000037;0
120795;5;9;11;0;2019;9;19;4;3;5;2;1;1;0;0;0;0;1;380117,668995955960000;5708674,663617171300000;7,272224759000039;51,516458264000050;0
120798;5;9;11;0;2019;9;17;4;3;4;6;0;1;0;0;0;0;0;374172,303098609670000;5704292,096328558400000;7,188146394000057;51,475778151000043;0
120812;5;5;66;28;2019;9;17;3;3;5;3;0;1;1;0;0;0;0;412008,752446892670000;5792322,267056141000000;7,710350955000024;52,274224432000040;0
120819;5;5;62;24;2019;9;15;3;3;5;3;0;1;0;0;0;0;0;370875,368659396660000;5725031,690683562300000;7,133077890000038;51,661419182000031;0
120822;5;5;62;14;2019;9;10;3;3;3;5;0;1;1;0;0;0;0;360386,145184359510000;5715295,291524272400000;6,985397902000045;51,571420388000035;0
120824;5;3;70;8;2019;9;9;3;3;5;3;0;1;0;0;0;0;1;289503,511076243590000;5653228,716335296600000;6,000401635000060;50,992090506000068;0
120829;5;3;34;32;2019;9;6;3;3;5;3;1;1;1;0;0;0;0;304391,598106599410000;5628058,004366457500000;6,225749636000046;50,771257298000080;0
120830;5;3;34;2;2019;9;15;3;3;4;2;0;1;1;0;0;0;0;294544,065564355810000;5627330,828106271100000;6,086679351000043;50,761322790000065;0
120831;5;3;82;20;2019;9;7;3;3;4;2;0;1;0;0;0;0;0;379884,929859813300000;5625389,364462846900000;7,296654597000043;50,767820707000055;0
120832;5;3;78;16;2019;9;8;3;3;2;6;0;1;0;0;0;0;0;360627,611360093580000;5662692,136915598100000;7,009465287000069;51,098762158000056;0
120833;5;3;78;8;2019;9;15;3;3;5;3;0;1;1;0;0;0;0;365202,920547679070000;5660956,546347292100000;7,075418057000036;51,084257840000078;0
120835;5;3;62;8;2019;9;20;3;3;0;7;2;1;0;0;0;0;0;338451,728495630440000;5652890,075384235000000;6,697375980000061;51,004870750000066;0
120839;5;3;15;0;2019;9;17;3;2;5;2;0;1;1;0;0;0;0;353355,396052465770000;5644869,418853368600000;6,912880568000048;50,936784888000034;0
120840;5;3;15;0;2019;9;18;3;3;1;5;0;1;1;0;0;0;0;356532,787638750860000;5643037,476939061700000;6,958792728000049;50,921120656000028;0
120842;5;3;14;0;2019;9;13;3;3;5;3;0;1;0;0;0;0;0;365027,702902089800000;5622340,859608944500000;7,087200942000038;50,737154874000055;0
120845;5;1;54;40;2019;9;7;3;2;5;2;0;1;1;0;0;0;0;297965,532917831090000;5741972,286319555700000;6,070313240000075;51,792069385000048;0
120848;5;5;54;4;2019;9;10;1;3;5;2;0;1;1;0;0;0;0;361877,787802215670000;5770587,605974577400000;6,984855032000041;52,068629588000078;0
120850;5;5;54;20;2019;9;16;1;3;7;1;0;1;0;0;0;0;0;363163,337707386350000;5786746,962297441400000;6,997093005000068;52,214144704000034;0
120853;5;1;19;0;2019;9;7;3;3;5;2;0;1;1;0;0;0;0;351490,978000001980000;5709807,699999997400000;6,859451890000059;51,519839644000058;1
120856;5;1;22;0;2019;9;13;3;3;5;3;0;1;1;0;0;0;0;365147,458816901780000;5669830,655419027400000;7,071307081000043;51,163998353000068;0
120858;5;1;20;0;2019;9;7;3;3;5;3;0;1;1;0;0;0;0;375154,466841734010000;5671056,552336921900000;7,213926476000040;51,177288184000076;0
120863;5;1;13;0;2019;9;18;3;3;5;1;0;1;1;0;0;0;0;361400,774972053240000;5702571,819619117300000;7,005031905000067;51,457334596000067;0
120864;5;1;11;0;2019;9;17;3;2;5;2;0;1;0;0;0;0;1;344847,144946616140000;5681328,405811507300000;6,776212447000034;51,262165156000037;0
120869;5;7;70;24;2019;9;17;3;3;4;2;0;1;1;0;0;0;0;491174,511245138010000;5793893,394762698600000;8,870589948000031;52,295321243000046;0
120870;5;7;58;28;2019;9;17;3;3;5;2;0;1;0;0;0;0;1;462874,956564695570000;5783738,251010078900000;8,456756287000076;52,202841191000061;0
120878;5;3;34;2;2019;9;10;1;3;5;3;0;1;1;0;0;0;0;291925,588726501910000;5628322,280157109700000;6,049041590000059;50,769294110000033;0
120879;5;5;58;32;2019;9;6;1;1;0;1;2;1;0;0;0;0;0;389275,694596654740000;5752684,677746560400000;7,390168104000054;51,913884059000054;0
120882;5;7;54;28;2019;9;8;3;3;3;2;0;1;1;0;0;0;0;451538,507851089350000;5745096,853720450800000;8,296358120000036;51,854565930000035;0
120883;5;7;54;8;2019;9;7;3;3;5;2;0;1;1;0;0;0;0;457449,849591135980000;5749423,362837694600000;8,381649408000044;51,893945982000048;0
120884;5;7;66;8;2019;9;13;3;3;3;2;0;1;0;0;0;0;0;482165,820378636940000;5768664,928428586600000;8,739821674000041;52,068283934000078;0
120885;5;7;11;0;2019;9;7;3;3;5;3;0;1;1;0;0;0;0;464544,512454893440000;5763682,790849477100000;8,483274237000046;52,022644150000076;0
120886;5;9;78;28;2019;9;7;3;3;0;5;1;1;1;0;0;0;0;401702,600841520350000;5700698,251898899700000;7,585419483000067;51,448927010000034;1
120887;5;9;74;28;2019;9;14;3;3;2;6;0;1;1;0;0;0;0;452175,661081252620000;5725842,960122454900000;8,308259746000033;51,681515750000074;0
120891;5;9;58;8;2019;9;19;3;2;0;7;1;1;0;0;0;0;0;458345,140000000600000;5690230,425999999000000;8,401701321000076;51,361807890000080;1
120893;5;9;54;32;2019;9;16;3;3;2;1;0;1;1;0;0;0;0;387821,124760040080000;5693859,039591459600000;7,387897812000063;51,384874383000067;0
120894;5;9;15;0;2019;9;8;3;3;0;1;0;1;0;0;0;0;0;417866,361196931450000;5726202,294017784300000;7,812009968000041;51,680776158000072;0
120900;5;9;13;0;2019;9;13;3;3;5;2;0;1;0;0;0;1;0;394142,139009803530000;5708193,282119190300000;7,474411448000069;51,514933709000047;0
120913;5;5;58;24;2019;9;18;2;2;5;2;0;1;1;0;0;0;0;391788,701238239180000;5736325,443403992800000;7,431807919000050;51,767344129000037;0
120922;5;5;62;32;2019;9;12;2;3;0;1;0;1;0;0;0;0;0;377943,406026148240000;5718519,705037577100000;7,237486408000052;51,604473843000051;1
120923;5;5;13;0;2019;9;16;2;3;3;6;0;1;1;0;0;0;0;368801,948000001720000;5708922,115000003900000;7,109138961000042;51,516167456000062;1
120925;5;3;70;36;2019;9;7;2;3;5;3;0;1;1;0;0;0;0;302992,900000001300000;5664768,294999998100000;6,186093528000072;51,100509327000054;0
120933;5;3;62;20;2019;9;10;2;3;5;3;0;1;1;0;0;0;0;342281,321933701630000;5628827,013586521100000;6,762307485000065;50,789708432000054;0
120934;5;3;62;20;2019;9;10;2;3;5;2;0;1;1;0;0;0;0;342165,920056521890000;5630009,190402774100000;6,760163586000033;50,800299996000035;0
120937;5;3;15;0;2019;9;18;2;3;4;3;0;1;1;0;0;0;0;349343,782049663360000;5644118,736446976700000;6,856137737000040;50,929004989000077;1
120942;5;3;82;12;2019;9;16;2;3;5;3;0;1;1;0;0;0;0;353703,196000001390000;5627709,765999998900000;6,924686385000030;50,782662974000061;0
120946;5;3;14;0;2019;9;18;2;3;8;7;1;1;1;0;0;0;0;365431,580860953780000;5622960,493680868300000;7,092694939000069;50,742817816000070;1
120947;5;1;70;8;2019;9;17;2;3;5;3;0;1;0;0;0;0;0;345190,162805043160000;5714860,366086458800000;6,766484812000044;51,563545383000076;0
120960;5;1;14;0;2019;9;15;2;3;3;2;0;1;1;0;0;0;0;335603,579281176440000;5691589,975851010500000;6,639114098000050;51,351768698000058;1
120962;5;1;14;0;2019;9;15;2;3;3;2;0;1;1;0;0;0;0;328555,591004727410000;5691015,050142448400000;6,538273617000073;51,344521247000046;1
120963;5;1;22;0;2019;9;16;2;3;0;7;0;1;1;0;0;0;0;365414,595045811500000;5671263,677976148200000;7,074588993000020;51,176940062000028;1
120967;5;1;20;0;2019;9;18;2;2;0;1;0;1;0;0;0;0;0;376992,703405709010000;5674763,006897695400000;7,238941545000046;51,211000051000042;1
120973;5;1;13;0;2019;9;9;2;3;0;7;0;1;0;0;0;0;0;356487,918000001460000;5706046,890000002500000;6,932954551000023;51,487337212000057;1
120980;5;1;11;0;2019;9;15;2;3;5;7;0;1;1;0;0;0;0;342707,775000001300000;5677944,500000000000000;6,747061181000049;51,231173971000032;0
120988;5;7;54;8;2019;9;15;4;3;5;3;0;1;1;0;0;0;0;458082,186781051570000;5750841,114771999400000;8,390665718000037;51,906740348000028;0
120991;5;7;54;28;2019;9;20;2;3;0;1;2;1;0;0;0;0;0;452533,826352961360000;5744162,745223000600000;8,310936883000068;51,846253336000075;0
120994;5;9;78;4;2019;9;16;4;3;5;2;0;1;1;0;0;0;0;405473,623253561560000;5718968,337614283000000;7,634766258000070;51,613801336000051;0
120998;5;7;11;0;2019;9;6;2;3;0;1;2;1;0;0;0;0;0;469080,319000001070000;5766524,201999997700000;8,549119472000029;52,048461576000079;1
120999;5;9;78;32;2019;9;11;2;3;5;3;0;1;1;0;0;0;0;393933,998999999840000;5727698,203000001600000;7,465513703000056;51,690211811000040;1
121004;5;9;74;28;2019;9;6;2;3;5;3;2;1;1;0;0;0;0;453958,821238768290000;5722795,120585983600000;8,334451482000077;51,654262084000038;1
121005;5;9;74;52;2019;9;15;2;3;5;3;0;1;1;0;0;0;0;422937,221838874740000;5711251,886968726300000;7,888627662000033;51,547092959000054;1
121006;5;9;74;56;2019;9;19;2;3;5;3;0;1;1;0;0;0;0;420664,446861070580000;5705225,002644972900000;7,857214416000034;51,492596857000080;0
121012;5;9;74;12;2019;9;13;4;3;0;7;0;1;0;0;0;0;0;430350,335569805470000;5703761,100267149500000;7,996998608000070;51,480712140000037;0
121022;5;9;14;0;2019;9;14;4;3;3;6;2;1;1;0;0;0;0;392682,859548889100000;5690661,179339679000000;7,458702752000022;51,357070036000039;0
121028;5;9;78;24;2019;9;15;4;3;6;3;0;1;0;1;0;0;0;398061,697342851200000;5719567,129859101000000;7,527579143000025;51,617890244000080;0
121040;5;7;54;8;2019;9;16;4;3;5;3;0;1;1;0;0;0;0;458228,282151111400000;5750636,668127082300000;8,392814076000036;51,904913226000076;0
121045;5;5;70;8;2019;9;14;1;3;4;6;0;1;0;0;1;0;0;434743,993513893340000;5736098,710447453000000;8,054234628000074;51,771961437000073;0
121049;5;9;13;0;2019;9;14;4;2;5;3;0;1;1;0;0;0;0;395528,823431033640000;5706846,748564466800000;7,494787391000045;51,503088394000031;0
121052;5;5;58;12;2019;9;17;1;3;5;3;1;1;1;0;0;0;0;372373,367248686960000;5754066,599032746600000;7,144041307000066;51,922685999000066;0
121054;5;9;13;0;2019;9;7;4;3;3;6;0;1;1;0;0;0;0;393275,137241057120000;5707630,650881994500000;7,462091661000045;51,509713387000033;0
121061;5;1;12;0;2019;9;16;6;3;5;3;0;1;1;0;0;0;0;345380,406500558370000;5697349,765150295600000;6,776894726000023;51,406265639000026;0
121074;5;7;58;8;2019;9;18;6;3;5;3;0;1;1;0;0;0;0;471270,947534229610000;5777402,423774045000000;8,580145747000074;52,146380853000039;0
121075;5;7;54;36;2019;9;15;6;3;5;3;0;1;1;0;0;0;0;474387,271000000650000;5749193,205000001900000;8,627798348000056;51,892912494000029;0
121080;5;7;66;20;2019;9;18;6;2;5;3;0;1;1;0;0;0;0;488209,356212850660000;5755385,768062902600000;8,828445889000022;51,949053909000042;0
121082;5;7;11;0;2019;9;12;6;3;5;2;0;1;1;0;0;0;0;475275,648628335450000;5767275,085250679400000;8,639405201000045;52,055523554000047;0
121094;5;9;74;40;2019;9;16;6;3;5;2;0;1;0;0;0;0;1;436937,356993655670000;5713624,210702091500000;8,090076718000034;51,570159817000047;0
121096;5;9;70;40;2019;9;16;6;3;5;3;0;1;1;0;0;0;0;428042,654663995840000;5632482,101614058000000;7,978031838000049;50,839567945000056;0
121099;5;1;14;0;2019;9;14;6;3;0;2;0;1;0;0;0;0;1;327938,545500874520000;5689172,938285591100000;6,530312344000038;51,327785979000055;0
121101;5;9;66;24;2019;9;6;6;3;4;5;1;1;0;0;1;0;0;418422,698783147150000;5651913,795131718700000;7,837085220000063;51,012997471000062;0
121112;5;9;15;0;2019;9;11;6;3;0;6;0;1;0;0;0;0;0;417517,214025052260000;5726298,551917890100000;7,806938298000034;51,681590294000046;0
121115;5;9;14;0;2019;9;12;6;3;4;2;0;1;1;0;0;0;0;394122,775846945120000;5693296,111732116000000;7,478590186000076;51,381024991000061;0
121119;5;9;13;0;2019;9;9;6;2;4;6;0;1;0;0;0;0;0;392326,333382884970000;5706329,189995752600000;7,448822055000051;51,497835294000026;0
121120;5;9;11;0;2019;9;12;6;2;2;6;0;1;1;0;0;0;0;371259,740000000220000;5701371,118999997200000;7,147293928000067;51,448871802000042;0
121135;5;1;16;0;2019;9;12;4;3;5;2;0;1;1;0;0;0;0;322240,854869048110000;5677724,190869795200000;6,454309730000034;51,223187810000070;0
121143;5;1;62;24;2019;9;11;6;3;0;7;0;1;1;0;0;0;0;335680,991183885370000;5671326,625744402400000;6,649533144000031;51,169735142000036;0
121149;5;5;70;36;2019;9;15;5;3;5;3;0;1;0;0;1;0;0;433886,240084730090000;5760188,089262846900000;8,037189624000064;51,988421358000039;0
121151;5;5;66;28;2019;9;7;5;3;0;3;0;1;1;0;0;0;0;412326,535137695260000;5791138,870718276100000;7,715314829000022;52,263638498000034;0
121155;5;5;58;12;2019;9;9;5;3;5;3;0;1;1;0;0;0;0;374081,714666945860000;5755561,590540174400000;7,168323419000046;51,936509667000053;0
121158;5;5;15;0;2019;9;16;5;3;5;3;0;1;1;0;0;0;0;401648,180000000630000;5755592,414000000800000;7,569157521000022;51,942342003000078;0
121159;5;5;15;0;2019;9;15;5;2;5;3;0;1;1;0;0;0;0;412213,127830516550000;5752201,739815989500000;7,723679800000070;51,913631192000082;0
121164;5;3;58;8;2019;9;18;5;3;0;7;0;1;0;1;0;0;0;322207,941880584690000;5630321,737400153700000;6,477063680000072;50,797329161000050;0
121165;5;3;34;16;2019;9;7;5;3;4;6;0;1;0;0;0;0;0;297041,503303249370000;5636465,070208732000000;6,116996231000030;50,844240101000025;0
121168;5;3;34;2;2019;9;17;5;3;6;5;0;1;0;1;0;0;0;293198,068918744100000;5631132,008364232300000;6,065482503000055;50,794983327000068;0
121169;5;3;34;2;2019;9;11;5;3;5;2;0;1;1;0;0;0;0;293036,605455175040000;5631411,570165319400000;6,063037059000067;50,797436445000073;0
121172;5;3;82;60;2019;9;16;5;3;5;3;0;1;1;0;0;0;0;377065,394411005080000;5628747,387023568200000;7,255567399000029;50,797414214000071;0
121174;5;3;78;12;2019;9;14;5;2;7;1;0;1;0;0;0;0;0;376236,387000001040000;5657851,252000000300000;7,233928917000071;51,058833760000027;0
121183;5;3;15;0;2019;9;20;5;3;5;3;2;1;1;0;0;0;0;353513,765394332820000;5646167,785513488600000;6,914610833000040;50,948493077000080;0
121185;5;3;15;0;2019;9;12;5;3;5;3;0;1;1;0;0;0;0;356334,684130904260000;5641119,075017128100000;6,956731407000063;50,903830859000038;0
121193;5;1;58;8;2019;9;18;5;2;5;3;0;1;1;0;0;0;0;359636,796457097870000;5672374,529719045400000;6,991549800000030;51,185533811000028;0
121195;5;1;58;12;2019;9;15;5;3;5;2;0;1;1;0;0;0;0;356796,504000000660000;5688016,654000001000000;6,944675351000058;51,325394638000034;0
121203;5;1;22;0;2019;9;15;5;3;1;3;0;1;1;0;0;0;0;365144,744274409490000;5669107,663563385600000;7,071539308000070;51,157500075000030;0
121207;5;1;16;0;2019;9;8;6;3;0;7;0;1;0;0;0;0;0;321410,376815180290000;5674240,421078661500000;6,444163036000020;51,191633157000069;0
121208;5;1;13;0;2019;9;16;5;3;7;7;0;1;0;0;0;0;0;366838,765550700020000;5700937,232505478000000;7,083872392000046;51,443950226000027;0
121212;5;1;12;0;2019;9;13;5;3;3;2;0;1;1;0;0;0;0;343424,946818031370000;5710881,033065471800000;6,742808988000036;51,527305107000075;0
121213;5;1;12;0;2019;9;18;5;3;3;6;0;1;0;0;0;0;0;342847,943880829960000;5702473,223155293600000;6,738240650000023;51,451603011000032;0
121220;5;1;24;0;2019;9;14;6;3;5;3;0;1;1;0;0;0;0;376549,530416198070000;5683346,552246108700000;7,229639323000072;51,288051825000082;0
121223;5;7;54;28;2019;9;7;5;3;5;3;0;1;1;0;0;0;0;450262,912000001410000;5745499,529000001000000;8,277780577000044;51,858073942000033;0
121225;5;7;54;12;2019;9;16;5;2;3;3;0;1;1;0;0;0;0;456197,446200993840000;5764033,242678316300000;8,361587216000032;52,025198546000070;0
121228;5;7;66;56;2019;9;10;5;3;5;3;0;1;1;0;0;0;0;477767,138225329110000;5756723,272343443700000;8,676426854000056;51,960759868000082;0
121232;5;9;78;40;2019;9;15;5;2;5;3;0;1;0;0;1;0;0;405197,818685279230000;5724001,991466404900000;7,629420638000056;51,659002194000038;0
121234;5;9;78;36;2019;9;16;5;3;4;2;0;1;1;0;0;0;0;408272,621000001210000;5710101,566999999800000;7,677495540000052;51,534559120000040;0
121235;5;9;78;36;2019;9;6;5;3;5;2;1;1;1;0;0;0;0;408272,621000001210000;5710101,566999999800000;7,677495540000052;51,534559120000040;0
121236;5;9;74;28;2019;9;8;5;3;0;3;0;1;1;0;0;0;0;453595,174455820580000;5725354,138398965800000;8,328855289000046;51,677239938000071;0
121237;5;9;74;40;2019;9;14;5;2;5;2;0;1;1;0;0;0;0;437998,303998458200000;5712749,474716318800000;8,105537307000077;51,562413156000048;0
121241;5;9;62;24;2019;9;15;5;3;5;3;0;1;1;0;0;0;0;409023,890999999830000;5694575,069000000100000;7,692320227000039;51,395106318000046;0