OBJECTID;ULAND;UREGBEZ;UKREIS;UGEMEINDE;UJAHR;UMONAT;USTUNDE;UWOCHENTAG;UKATEGORIE;UART;UTYP1;ULICHTVERH;IstRad;IstPKW;IstFuss;IstKrad;IstGkfz;IstSonstige;LINREFX;LINREFY;XGCSWGS84;YGCSWGS84;STRZUSTAND
121244;5;1;16;0;2019;9;6;4;3;5;3;1;1;1;0;0;0;0;320991,905000001190000;5672443,109999999400000;6,439076012000044;51,175356598000064;0
121247;5;9;11;0;2019;9;15;5;3;5;3;0;1;1;0;0;0;0;373006,340670587490000;5703875,333399649700000;7,171516088000033;51,471772094000073;0
121248;5;1;16;0;2019;9;15;6;3;5;3;0;1;1;0;0;0;0;320713,921900997870000;5671473,189995780600000;6,435587013000031;51,166556512000057;0
121249;5;9;11;0;2019;9;11;5;2;2;6;0;1;1;0;0;0;0;375954,462325825360000;5706090,870431991300000;7,213163151000060;51,492337994000081;0
121261;5;1;14;0;2019;9;17;6;3;5;3;0;1;1;0;0;0;0;329598,013184184210000;5690513,410057816700000;6,553466879000041;51,340328079000074;0
121274;5;5;70;44;2019;9;16;4;3;5;2;0;1;1;0;0;0;0;416593,444494671190000;5759479,536920582900000;7,785582884000064;51,979724711000074;0
121278;5;5;66;84;2019;9;16;4;3;6;3;0;1;0;1;0;0;0;390449,551066850310000;5776185,560957737300000;7,399706689000027;52,125328849000027;0
121279;5;5;66;12;2019;9;14;4;3;0;7;0;1;0;0;0;0;0;402304,040470350530000;5774546,539824856400000;7,573283787000037;52,112819832000071;0
121281;5;5;58;40;2019;9;12;4;3;5;3;0;1;1;0;0;0;0;371917,659000000920000;5763400,996000001200000;7,133936817000063;52,006462572000032;0
121284;5;5;15;0;2019;9;8;4;3;2;2;0;1;1;0;0;0;0;412168,580867362210000;5759474,894518055000000;7,721174032000022;51,979001121000067;0
121285;5;1;12;0;2019;9;19;4;3;5;2;0;1;1;0;0;0;0;345537,741926536900000;5700836,191061755600000;6,777635521000036;51,437634336000031;0
121287;5;5;62;24;2019;9;11;4;2;5;2;0;1;1;0;0;0;0;369735,291526290590000;5725125,329059122100000;7,116568972000039;51,661997576000033;0
121289;5;5;13;0;2019;9;7;4;3;5;3;0;1;0;0;0;0;0;362782,927871270110000;5711215,838228819900000;7,021552201000077;51,535349708000069;0
121294;5;3;34;2;2019;9;13;4;3;5;3;0;1;0;0;0;0;1;292899,898203953170000;5627418,546202518000000;6,063348612000027;50,761526226000058;0
121297;5;3;82;68;2019;9;19;4;3;5;3;0;1;1;0;0;0;0;369814,992999999780000;5630778,390000000600000;7,152020043000050;50,814085744000067;0
121298;5;3;82;60;2019;9;17;4;3;5;6;0;1;1;0;0;0;0;375833,099000001330000;5630375,859999999400000;7,237539234000053;50,811789095000051;0
121300;5;3;78;16;2019;9;19;4;3;5;3;1;1;1;0;0;0;0;360862,858775543980000;5662664,274956081100000;7,012833694000051;51,098568900000032;0
121302;5;1;11;0;2019;9;21;4;2;3;6;2;1;1;0;0;0;0;352837,358233079310000;5678892,093935577200000;6,891651631000059;51,242391164000026;0
121303;5;3;78;24;2019;9;16;4;3;4;2;0;1;1;0;0;0;0;377829,821515205320000;5647943,996429834500000;7,259992085000022;50,970125451000058;0
121306;5;3;78;4;2019;9;14;4;3;4;2;0;1;1;0;0;0;0;368113,431921648790000;5649951,322279773700000;7,120954854000047;50,986023879000072;0
121308;5;3;66;40;2019;9;16;4;3;4;1;0;1;1;0;0;0;0;347674,685724938290000;5625049,810415672100000;6,840333113000042;50,757207079000068;0
121314;5;7;58;8;2019;9;16;4;3;5;3;0;1;1;0;0;0;0;470721,041176117030000;5778354,124831212700000;8,572027472000059;52,154908219000049;0
121316;5;3;15;0;2019;9;15;4;3;3;2;0;1;0;0;0;1;0;349279,302000001070000;5656797,311999999000000;6,849961930000063;51,042920363000064;0
121317;5;1;62;22;2019;9;9;6;3;3;2;0;1;1;0;0;0;0;339117,409524218180000;5679776,452808767600000;6,694856631000050;51,246632983000040;0
121319;5;3;15;0;2019;9;15;4;3;0;2;0;1;1;0;0;0;0;353243,364000000990000;5644877,435000000500000;6,911283975000060;50,936828427000080;0
121322;5;3;15;0;2019;9;15;4;3;0;7;0;1;0;0;0;0;0;350058,813029846180000;5644991,181102868200000;6,865946258000065;50,937031395000076;0
121324;5;1;13;0;2019;9;13;4;3;5;3;0;1;1;0;0;0;0;363511,197999999860000;5700634,447000002500000;7,036136877000047;51,440437123000038;0
121328;5;3;82;48;2019;9;9;4;3;5;3;0;1;1;0;0;0;0;353596,889376624490000;5610161,045197958100000;6,930137256000023;50,624924638000039;0
121331;5;1;58;24;2019;9;8;4;3;0;1;0;1;0;0;0;0;0;357427,052000000140000;5680124,914999997200000;6,956869977000054;51,254635348000079;0
121334;5;7;58;16;2019;9;10;4;3;5;2;0;1;1;0;0;0;0;475991,248920721000000;5777013,785031348500000;8,649155448000045;52,143112145000032;0
121336;5;1;54;12;2019;9;17;4;3;3;6;0;1;0;0;0;0;0;314682,848000002090000;5710953,284000001800000;6,328870839000047;51,519255362000081;0
121337;5;1;54;36;2019;9;5;4;3;5;2;2;1;1;0;0;0;0;302078,890612812710000;5741349,726165788200000;6,130234285000029;51,787949061000063;0
121341;5;3;15;0;2019;9;6;1;3;0;1;2;1;0;0;0;0;0;353375,600216888820000;5641159,362523870500000;6,914659383000071;50,903449019000050;0
121346;5;9;16;0;2019;9;15;7;3;5;2;0;1;1;0;0;0;0;376279,061531693670000;5711834,391782628400000;7,215820109000049;51,544028103000073;0
121347;5;5;15;0;2019;9;9;7;3;1;6;0;1;1;0;0;0;0;405533,772901560180000;5756615,143943382400000;7,625386927000022;51,952208083000073;0
121353;5;9;78;16;2019;9;15;7;3;5;3;0;1;1;0;0;0;0;404485,253000001420000;5702509,381000001000000;7,624962390000064;51,465683846000047;0
121357;5;3;62;8;2019;9;12;7;3;5;3;0;1;1;0;0;0;0;336494,631553021260000;5645076,886512344700000;6,673017337000033;50,934115487000042;0
121360;5;5;62;32;2019;9;16;7;3;4;2;0;1;1;0;0;0;0;374412,962918214500000;5718578,109581727500000;7,186512529000027;51,604222467000056;0
121362;5;5;15;0;2019;9;16;1;3;0;1;0;1;0;0;0;0;0;406087,202000000510000;5758927,321000002300000;7,632805339000072;51,973084709000034;0
121369;5;3;15;0;2019;9;8;6;3;5;7;0;1;1;0;0;0;0;356161,942284033630000;5648776,778675708900000;6,951253196000039;50,972606484000039;0
121372;5;3;34;12;2019;9;15;6;3;5;2;0;1;1;0;0;0;0;308693,991999999620000;5631779,086000001100000;6,284758218000036;50,806117473000029;0
121374;5;7;70;4;2019;9;18;1;3;8;1;0;1;0;0;0;0;0;487722,244650026780000;5787379,695732021700000;8,820205882000039;52,236693480000042;0
121376;5;3;82;56;2019;9;7;6;3;0;6;0;1;0;0;0;0;0;370938,977978735230000;5627123,679487228400000;7,169250596000040;50,781487977000040;0
121377;5;1;13;0;2019;9;13;7;3;5;7;0;1;1;0;0;0;0;357622,169181319880000;5705405,365632234100000;6,949538865000022;51,481859189000033;0
121378;5;1;17;0;2019;9;13;1;3;1;5;0;1;1;0;0;0;0;354964,938280869280000;5702233,519060120000000;6,912599169000032;51,452682496000079;0
121379;5;9;70;40;2019;9;12;7;3;1;3;0;1;1;0;0;0;0;432508,673000000420000;5636801,278999999200000;8,040653705000068;50,878941831000077;0
121387;5;7;54;20;2019;9;21;1;3;0;1;2;1;0;0;0;0;0;449048,779202695940000;5748831,078997304700000;8,259660330000031;51,887916378000057;0
121389;5;5;54;20;2019;9;14;7;3;7;1;0;1;0;0;0;0;0;366583,422734959050000;5787837,186377134200000;7,046691709000072;52,224779520000027;0
121391;5;5;70;52;2019;9;15;1;3;8;1;0;1;0;0;0;0;0;431206,339000000620000;5757468,022000003600000;7,998714008000036;51,963643525000066;0
121396;5;5;15;0;2019;9;14;6;3;5;3;0;1;1;0;0;0;0;409137,742160194550000;5758959,005473578300000;7,677194101000055;51,973876636000057;0
121405;5;5;54;60;2019;9;14;1;3;0;7;0;1;0;0;0;0;0;349973,352088616230000;5755948,256850037700000;6,817714069000033;51,934007389000044;0
121411;5;7;11;0;2019;9;13;7;3;0;1;0;1;0;0;0;0;0;466842,196840549820000;5764293,720782073200000;8,516699992000042;52,028278874000080;0
121418;5;1;24;0;2019;9;9;7;2;0;6;0;1;1;0;0;0;0;369595,348763804880000;5680944,118206795300000;7,130843929000037;51,264910639000050;0
121422;5;9;78;24;2019;9;15;2;3;5;3;0;1;1;0;0;0;0;397756,227653404700000;5720843,176417201800000;7,522795960000053;51,629304641000033;1
121430;5;3;78;16;2019;9;11;6;3;2;6;0;1;1;0;0;0;0;360778,116632073190000;5663281,725267171900000;7,011386037000023;51,104097308000064;0
121431;5;1;12;0;2019;9;10;7;3;5;3;0;1;1;0;0;0;0;345535,341366865670000;5693900,140232706400000;6,780621386000064;51,375312495000060;0
121432;5;1;13;0;2019;9;10;1;3;1;2;0;1;1;0;0;0;0;358505,575000000190000;5697068,379000000700000;6,965585599000065;51,407163620000063;0
121437;5;1;54;8;2019;9;14;7;2;0;6;0;1;0;0;0;0;0;313852,854294004850000;5745251,996095005400000;6,298644676000038;51,827037311000026;0
121438;5;3;15;0;2019;9;18;1;3;5;3;1;1;1;0;0;0;0;363026,725000000560000;5638035,487999999900000;7,053004356000031;50,877743704000068;0
121445;5;7;58;16;2019;9;11;1;2;5;3;0;1;1;0;0;0;0;474922,879824575970000;5779530,284046221500000;8,633357676000060;52,165689352000072;0
121465;5;1;54;16;2019;9;16;1;3;0;7;0;1;0;0;0;0;0;297614,973000000230000;5730814,063999999300000;6,071726940000076;51,691746567000052;0
121470;5;3;74;12;2019;9;11;7;2;8;1;0;1;1;0;0;0;0;395364,479000002150000;5649623,063000001000000;7,509147964000022;50,988672050000048;0
121473;5;3;82;40;2019;9;13;7;3;5;3;0;1;1;0;0;0;0;380724,541018592190000;5635387,444044701800000;7,305305645000033;50,857865283000081;0
121474;5;5;54;32;2019;9;14;1;3;0;6;0;1;1;0;0;0;0;322821,976852897550000;5747058,323743274400000;6,427733993000061;51,846178151000061;0
121480;5;9;62;24;2019;9;19;2;3;0;6;2;1;0;0;0;0;0;404890,665426068940000;5700035,140604874100000;7,631462279000061;51,443510614000047;0
121481;5;5;66;84;2019;9;18;6;2;0;3;0;1;0;0;0;0;1;389826,505858992230000;5775789,093694303200000;7,390737609000041;52,121641876000069;0
121485;5;1;12;0;2019;9;12;7;2;5;2;0;1;1;0;0;0;0;342128,188483159990000;5710703,520841548200000;6,724210230000040;51,525349210000059;0
121488;5;5;66;28;2019;9;23;7;2;0;7;2;1;0;0;0;0;0;412326,044190333220000;5791136,829198723700000;7,715308167000046;52,263620070000059;0
121493;5;5;54;12;2019;9;7;6;3;0;3;0;1;1;0;0;0;0;352239,432543398810000;5745893,289467664400000;6,854958376000070;51,844271637000077;0
121498;5;7;54;20;2019;9;20;1;3;0;1;2;1;0;0;0;0;0;448305,827859077600000;5748747,635076258300000;8,248878479000041;51,887097782000069;0
121499;5;9;15;0;2019;9;11;7;3;4;2;0;1;1;0;0;0;0;420504,598397130150000;5726530,835752489000000;7,850086481000062;51,684109297000077;0
121503;5;5;62;14;2019;9;15;6;3;5;2;0;1;0;0;0;0;1;361005,415103779170000;5715025,684656854700000;6,994434598000055;51,569150678000028;0
121504;5;1;62;24;2019;9;10;7;2;5;2;0;1;1;0;0;0;0;341419,544999999930000;5669745,049000002400000;6,732246173000021;51,157144263000077;0
121505;5;1;70;44;2019;9;12;1;3;5;3;0;1;1;0;0;0;0;338729,687574720940000;5719836,567418852800000;6,671071859000051;51,606442181000034;0
121507;5;5;15;0;2019;9;14;6;3;4;1;0;1;0;0;0;0;0;411139,684609125370000;5758906,990662617600000;7,706344456000068;51,973732806000044;0
121513;5;9;78;20;2019;9;5;2;3;5;3;2;1;1;0;0;0;0;407264,161944285970000;5715988,630367990600000;7,661406999000064;51,587314230000061;1
121514;5;9;11;0;2019;9;16;7;3;0;1;0;1;0;0;0;0;0;370158,966932923530000;5703832,654497630900000;7,130557835000047;51,470742298000062;0
121515;5;5;15;0;2019;9;15;7;3;3;1;0;1;0;0;0;0;0;406423,476972179490000;5758819,885172812300000;7,637728665000054;51,972175750000076;0
121517;5;5;58;20;2019;9;15;1;3;3;6;0;1;0;0;0;0;0;392430,735807700080000;5755276,867150142800000;7,435210677000043;51,937800246000052;0
121519;5;1;14;0;2019;9;2;7;3;0;1;2;1;0;0;0;0;0;328755,206416513770000;5689383,099820783400000;6,541921692000074;51,329920475000051;0
121523;5;7;66;28;2019;9;21;7;3;0;3;2;1;1;0;0;0;0;508355,421592717990000;5768679,698157444600000;9,121896020000065;52,068640848000030;0
121537;5;3;82;36;2019;9;13;1;2;5;6;0;1;1;0;0;0;0;386322,367000000550000;5643271,224000001300000;7,382352560000072;50,929860791000067;0
121543;5;3;62;8;2019;9;20;6;3;3;2;1;1;1;0;0;0;0;336539,660144505090000;5650515,452241869600000;6,671214987000042;50,982994511000072;0
121560;5;5;66;60;2019;9;15;7;3;5;2;0;1;1;0;0;0;0;389092,301136556080000;5788861,403925586500000;7,375742781000042;52,238976908000041;0
121562;5;5;15;0;2019;9;14;6;3;6;6;0;1;0;1;0;0;0;405127,542204055000000;5756709,086873214700000;7,619451629000025;51,952983333000077;0
121563;5;1;66;16;2019;9;12;7;3;0;3;0;1;1;0;0;0;0;308774,831618206580000;5686149,908299092200000;6,257187716000033;51,294514736000053;0
121566;5;7;54;8;2019;9;9;7;3;5;3;0;1;0;0;0;0;0;458209,045221939680000;5748017,964417010500000;8,392851853000025;51,881368020000082;0
121570;5;5;62;24;2019;9;14;7;3;0;1;0;1;0;0;0;0;0;367241,961582511660000;5725277,319884451100000;7,080483043000072;51,662779973000056;0
121573;5;3;34;32;2019;9;16;6;3;0;1;0;1;1;0;0;0;0;303655,916472247800000;5628062,018931726000000;6,215326687000072;50,771044846000052;0
121574;5;3;15;0;2019;9;18;6;3;0;1;0;1;0;0;0;0;0;349682,085788347760000;5649302,198912659700000;6,858808074000024;50,975673367000070;0
121580;5;1;58;20;2019;9;13;1;3;0;2;0;1;0;0;0;0;0;356100,195996652360000;5667145,152977263600000;6,943071172000032;51,137660941000036;1
121590;5;1;24;0;2019;9;4;7;2;5;3;2;1;1;0;0;0;0;371850,062000000850000;5680195,059000002200000;7,163412298000026;51,258689883000045;0
121597;5;1;62;24;2019;9;22;1;2;0;1;2;1;0;0;0;0;0;335770,486981309020000;5677788,976394467100000;6,647855723000021;51,227822599000035;0
121599;5;9;74;28;2019;9;17;7;2;1;5;0;1;1;0;0;0;0;456876,940805424940000;5727198,118451299100000;8,376087887000040;51,694080570000040;0
121605;5;3;15;0;2019;9;17;7;3;1;5;0;1;1;0;0;0;0;354144,776133750570000;5645975,520100601000000;6,923664636000069;50,946925259000068;0
121607;5;3;16;0;2019;9;17;6;3;2;6;0;1;0;0;0;0;0;356840,871999999510000;5657436,763000002100000;6,957499986000073;51,050600950000046;0
121608;5;1;12;0;2019;9;10;7;2;5;2;0;1;1;0;0;0;0;340062,661000000310000;5702601,960999999200000;6,698130658000025;51,451979825000080;0
121609;5;1;13;0;2019;9;13;1;3;5;2;0;1;1;0;0;0;0;361373,233889503400000;5696553,039491554700000;7,006991262000042;51,403240783000058;0
121611;5;5;70;20;2019;9;10;7;3;4;2;0;1;1;0;0;0;0;432986,423999999650000;5742931,934000000400000;8,027444773000070;51,833184229000040;0
121613;5;5;15;0;2019;9;15;6;3;0;3;0;1;1;0;0;0;0;406135,535832151770000;5750909,941352373000000;7,635696709000058;51,901028659000076;0
121617;5;5;54;48;2019;9;8;6;3;4;2;0;1;1;0;0;0;0;341487,337000001220000;5746867,392000002800000;6,698554876000060;51,850074274000065;0
121618;5;1;70;24;2019;9;12;7;3;4;2;0;1;1;0;0;0;0;332536,700729693290000;5698345,856835665200000;6,591927393000049;51,411567876000049;0
121624;5;1;66;36;2019;9;17;6;3;5;2;0;1;0;0;0;0;0;321342,635844226000000;5683558,408006893500000;6,438548210000022;51,275316971000052;0
121625;5;5;66;12;2019;9;13;7;3;1;5;0;1;1;0;0;0;0;400815,638102973810000;5776193,420393109300000;7,551075178000076;52,127356866000071;0
121628;5;5;62;14;2019;9;20;6;3;5;3;2;1;1;0;0;0;0;361948,054156539960000;5712871,443074127700000;7,008873023000035;51,550023812000063;0
121637;5;3;66;16;2019;9;16;4;2;5;3;0;1;1;0;0;0;0;340641,456412876020000;5613640,953096885200000;6,745620620000068;50,652798873000052;0
121638;5;3;62;28;2019;9;16;4;2;5;3;0;1;0;0;0;0;1;347751,347631721760000;5636150,126003423700000;6,836815446000060;50,856979041000045;0
121640;5;3;15;0;2019;9;16;4;3;0;3;0;1;1;0;0;0;0;366408,075000001120000;5641469,776999998800000;7,099783667000054;50,909401718000026;1
121641;5;3;15;0;2019;9;12;4;3;5;3;0;1;1;0;0;0;0;352554,825284441930000;5647205,843702038800000;6,900548627000035;50,957577137000044;0
121643;5;3;15;0;2019;9;9;4;2;0;7;0;1;0;0;0;0;0;352687,333243758420000;5644915,138699656400000;6,903360671000030;50,937025485000049;1
121646;5;3;14;0;2019;9;17;4;3;0;7;0;1;0;0;0;0;0;371444,876238813620000;5614480,203771922700000;7,180830216000061;50,667956016000062;0
121647;5;3;14;0;2019;9;12;4;3;5;3;0;1;1;0;0;0;0;370736,868914624680000;5623073,352086721000000;7,167807959000072;50,745037557000046;0
121648;5;1;70;48;2019;9;18;4;3;5;3;0;1;1;0;0;0;0;336739,841009449210000;5725823,838824961300000;6,639570414000048;51,659657852000066;0
121651;5;1;58;28;2019;9;7;4;3;5;3;0;1;1;0;0;0;0;350361,035613371060000;5689386,286604829100000;6,851803358000041;51,336045076000062;1
121652;5;1;58;28;2019;9;18;4;3;5;3;1;1;1;0;0;0;0;350362,872931060380000;5684731,934288824000000;6,853782894000062;51,294222978000050;0
121653;5;1;58;32;2019;9;15;4;3;8;6;0;1;1;0;0;0;0;364487,451502983460000;5688393,035314360600000;7,054846108000049;51,330661560000067;0
121661;5;1;19;0;2019;9;16;4;3;5;5;0;1;1;0;0;0;0;349852,851942745970000;5705064,746763661500000;6,837876917000074;51,476789655000061;0
121662;5;1;16;0;2019;9;17;4;3;5;2;0;1;1;0;0;0;0;316534,741582796910000;5673534,747187100400000;6,374824584000066;51,183750025000052;0
121666;5;1;24;0;2019;9;13;4;3;0;7;0;1;0;1;0;0;0;374788,327381361280000;5683441,610982425500000;7,204362404000051;51,288521690000039;0
121672;5;3;70;24;2019;9;14;4;2;0;3;0;1;1;0;0;0;0;280437,417648425330000;5660082,603528825600000;5,867262086000039;51,050245558000029;0
121673;5;1;13;0;2019;9;13;4;3;5;3;0;1;1;0;0;0;0;359237,798914474440000;5704640,289995739200000;6,973095566000040;51,475388502000044;0
121674;5;1;13;0;2019;9;18;4;3;0;7;0;1;0;0;0;0;1;356435,516348423440000;5706072,037582814700000;6,932190097000046;51,487549885000078;0
121685;5;7;70;32;2019;9;9;4;3;5;3;0;1;1;0;0;0;0;498491,396710372530000;5788676,700979882900000;8,977902327000038;52,248489167000059;1
121686;5;7;70;24;2019;9;17;4;3;3;2;0;1;1;0;0;0;0;495861,375227816400000;5793178,595445869500000;8,939323165000076;52,288950140000054;1
121688;5;7;58;24;2019;9;15;4;3;5;2;0;1;1;0;0;0;0;483675,562632609160000;5784316,048253748600000;8,761095055000055;52,209044512000048;0
121690;5;7;58;16;2019;9;11;4;3;4;6;0;1;0;0;0;0;0;476399,429482132200000;5776339,512424603100000;8,655166971000028;52,137067635000051;0
121691;5;7;54;28;2019;9;16;4;3;3;2;0;1;1;0;0;0;0;451433,746732007710000;5744148,901376489500000;8,294970339000031;51,846034251000049;1
121692;5;7;54;20;2019;9;16;4;3;5;3;0;1;1;0;0;0;0;450111,900999999610000;5752086,256000004700000;8,274635302000036;51,917277843000079;0
121696;5;7;66;44;2019;9;6;4;3;5;3;2;1;1;0;0;0;0;492907,378789428620000;5764708,120839595800000;8,896609202000036;52,032950541000048;1
121706;5;9;74;20;2019;9;15;4;3;5;3;0;1;0;0;0;0;0;465075,357990363610000;5721080,628312328800000;8,495310050000057;51,639647494000030;0
121714;5;9;58;44;2019;9;15;4;2;0;1;0;1;0;0;0;0;0;429331,127373364750000;5690482,748876264300000;7,984971818000076;51,361207570000033;1
121715;5;5;12;0;2019;9;12;4;3;5;2;0;1;1;0;0;0;0;355931,018562044950000;5711776,235644219400000;6,922597648000021;51,538678360000063;0
121718;5;9;54;28;2019;9;16;4;2;8;1;0;1;0;0;0;0;0;379104,495432004330000;5693458,449767751600000;7,262828696000042;51,379484200000036;0
121724;5;9;15;0;2019;9;18;4;3;5;3;0;1;1;0;0;0;0;422817,143470825630000;5726693,868265278600000;7,883494808000023;51,685897560000058;0
121729;5;9;13;0;2019;9;8;4;3;0;2;0;1;1;0;0;0;0;392514,524648517370000;5707160,660344572700000;7,451278766000030;51,505344730000047;1
121730;5;3;58;8;2019;9;16;4;3;0;4;0;1;0;1;0;0;0;322920,760000000710000;5630969,361999999700000;6,486856169000021;50,803365743000029;0
121743;5;5;66;28;2019;9;12;3;3;0;1;0;1;0;0;0;0;0;412705,283864008260000;5791934,007123114500000;7,720657427000049;52,270845673000053;0
121745;5;5;66;24;2019;9;17;3;2;9;1;0;1;1;0;0;0;0;386928,854422695930000;5770287,750260477900000;7,350256808000040;52,071615811000072;0
121749;5;5;58;12;2019;9;14;3;3;5;3;0;1;1;0;0;0;0;374017,458000000570000;5757057,076000003100000;7,166841294000051;51,949934216000031;0
121750;5;5;54;4;2019;9;8;3;3;4;2;0;1;1;0;0;0;0;361610,028000000860000;5770463,915000001000000;6,981001295000056;52,067451357000039;0
121753;5;5;12;0;2019;9;14;3;2;5;3;0;1;0;0;1;0;0;357549,428000001240000;5712204,049000000600000;6,945744923000063;51,542933380000079;0
121754;5;5;12;0;2019;9;9;3;3;5;2;0;1;1;0;0;0;0;356356,226296971550000;5710217,317275991700000;6,929360495000026;51,524778595000043;0
121755;5;5;62;32;2019;9;16;3;3;0;3;0;1;1;0;0;0;0;376201,089502768590000;5715614,329407231900000;7,213365137000039;51,577982292000058;0
121758;5;3;70;12;2019;9;7;3;3;4;2;0;1;1;0;0;0;0;298432,114000000990000;5648542,884999999800000;6,130057590000035;50,953201757000045;0
121765;5;3;62;28;2019;9;16;3;3;0;7;0;1;0;0;0;0;0;352052,496040392670000;5636800,937843615200000;6,897619491000057;50,863944009000079;0
121767;5;3;62;28;2019;9;9;3;3;4;2;0;1;1;0;0;0;0;351525,012215482070000;5638721,474925912900000;6,889349515000049;50,881067877000078;0
121768;5;3;15;0;2019;9;18;3;3;1;5;0;1;1;0;0;0;0;356307,301005505030000;5647901,852694099800000;6,953667841000026;50,964779977000035;0
121772;5;3;15;0;2019;9;10;3;3;6;7;0;1;0;1;0;0;0;352943,249040028080000;5643818,707253195300000;6,907442787000036;50,927237611000066;0
121775;5;3;14;0;2019;9;9;3;3;5;3;0;1;1;0;0;0;0;367072,194001486520000;5622490,645145723600000;7,116104173000053;50,738972711000031;0
121782;5;1;58;20;2019;9;21;3;3;0;7;2;1;0;0;0;0;0;356258,513818548990000;5666640,911633342500000;6,945533818000058;51,133169340000052;1
121784;5;1;54;24;2019;9;16;3;3;5;2;0;1;1;0;0;0;0;312732,726000000720000;5735279,910000002000000;6,287788651000028;51,737101817000053;1
121787;5;3;34;2;2019;9;19;4;2;3;6;2;1;0;0;0;0;0;293553,658000000750000;5628326,780000004900000;6,072096411000075;50,769916096000031;0
121792;5;1;16;0;2019;9;17;3;3;3;6;0;1;1;0;0;0;0;320946,932932350780000;5669265,288891110600000;6,440014868000048;51,146795319000034;0
121812;5;7;54;28;2019;9;17;3;3;3;2;0;1;1;0;0;0;0;452223,760579004880000;5742725,519276119800000;8,306634556000063;51,833305440000061;0
121813;5;7;54;8;2019;9;15;3;3;6;4;0;1;0;1;0;0;0;456083,239963672120000;5750025,843926403700000;8,361714018000043;51,899256605000062;0
121815;5;7;66;8;2019;9;7;3;3;5;3;1;1;1;0;0;0;0;478279,203999999910000;5769722,763000002100000;8,683054330000061;52,077655822000054;0
121817;5;7;11;0;2019;9;14;3;2;1;5;0;1;1;0;0;0;0;466870,098456649110000;5769099,899059942000000;8,516640649000067;52,071490785000037;0
121819;5;9;78;36;2019;9;15;3;3;5;2;0;1;1;0;0;0;0;409423,307397659870000;5709474,436238307500000;7,694242528000075;51,529107432000046;0
121823;5;9;62;24;2019;9;12;3;3;0;1;0;1;0;0;0;0;0;406682,193031773900000;5691529,755538169300000;7,659470805000069;51,367350286000033;0
121827;5;9;13;0;2019;9;18;3;2;5;7;1;1;1;0;0;0;0;392976,978919992220000;5704112,461595973000000;7,458863816000076;51,478033819000075;0
121843;5;5;58;44;2019;9;16;2;3;5;2;0;1;1;0;0;0;0;395495,784784158690000;5746276,728193286800000;7,482508428000074;51,857491488000051;0
121846;5;5;15;0;2019;9;8;2;3;6;4;0;1;0;1;0;0;0;405100,269596889620000;5756651,406241416900000;7,619070822000026;51,952460223000060;1
121848;5;5;15;0;2019;9;7;2;3;5;2;0;1;1;0;0;0;0;405972,397000000810000;5756367,039000000800000;7,631835419000026;51,950052329000073;1
121852;5;5;12;0;2019;9;15;2;3;5;3;0;1;1;0;0;0;0;356456,233326227400000;5709604,587864514400000;6,931050712000058;51,519298143000071;0
121855;5;5;62;32;2019;9;8;2;3;5;3;1;1;1;0;0;0;0;377211,455000001940000;5714975,114000001900000;7,228162391000069;51,572458470000072;1
121858;5;3;34;2;2019;9;10;2;3;6;4;0;1;0;1;0;0;0;297370,785326590760000;5630923,802221046800000;6,124727728000039;50,794586961000050;0
121860;5;3;34;2;2019;9;6;2;3;3;6;2;1;1;0;0;0;0;295737,984398512170000;5629471,860562104700000;6,102396976000023;50,780973578000044;1
121862;5;3;34;2;2019;9;15;2;3;5;7;0;1;1;0;0;0;0;295122,308675503360000;5626666,255507620100000;6,095237272000077;50,755558473000065;0
121868;5;7;54;28;2019;9;17;5;3;0;3;0;1;0;0;0;0;1;451634,000000000930000;5742979,480000004200000;8,298040686000036;51,835537922000071;1
121870;5;7;54;8;2019;9;11;5;3;0;7;0;1;0;0;0;0;0;457449,746616252700000;5749423,544793482900000;8,381647889000021;51,893947610000055;0
121874;5;7;66;36;2019;9;18;5;3;0;3;1;1;1;0;0;0;0;496448,242999999780000;5772916,953999999900000;8,948139742000024;52,106788893000044;1
121875;5;7;66;44;2019;9;6;5;3;5;2;1;1;1;0;0;0;0;493647,289199179970000;5766698,248071365100000;8,907358048000049;52,050852511000073;1
121879;5;7;66;20;2019;9;15;5;3;5;3;0;1;1;0;0;0;0;492412,358361109160000;5753106,242234991900000;8,889649796000072;51,928631831000075;1
121884;5;3;16;0;2019;9;17;2;3;3;2;0;1;0;0;1;0;0;361749,040599858390000;5656509,097987663000000;7,027835492000065;51,043466366000075;0
121885;5;3;15;0;2019;9;13;2;3;5;2;0;1;1;0;0;0;0;359509,017308403740000;5646712,482280187300000;6,999692699000036;50,954880704000061;0
121889;5;3;15;0;2019;9;14;2;3;8;1;0;1;0;0;0;0;0;354320,033849482420000;5644138,628936644600000;6,926892249000048;50,930461983000043;0
121919;5;9;11;0;2019;9;16;5;3;5;3;0;1;1;0;0;0;0;376253,949821135960000;5703319,590797016400000;7,218445881000037;51,467497008000066;1
121922;5;5;13;0;2019;9;20;4;2;5;2;2;1;1;0;0;0;0;367527,623010134320000;5709434,473933309300000;7,090591377000067;51,520474485000079;1