OBJECTID;ULAND;UREGBEZ;UKREIS;UGEMEINDE;UJAHR;UMONAT;USTUNDE;UWOCHENTAG;UKATEGORIE;UART;UTYP1;ULICHTVERH;IstRad;IstPKW;IstFuss;IstKrad;IstGkfz;IstSonstige;LINREFX;LINREFY;XGCSWGS84;YGCSWGS84;STRZUSTAND
121925;5;1;62;22;2019;9;9;2;3;5;2;0;1;1;0;0;0;0;334746,745449051260000;5683437,249834146400000;6,630598570000075;51,278273598000055;1
121939;5;1;12;0;2019;9;17;2;3;5;2;0;1;1;0;0;0;0;346346,730735172520000;5695758,108356181500000;6,791466490000062;51,392226910000034;0
121946;5;1;11;0;2019;9;20;2;3;5;3;2;1;1;0;0;0;0;345118,181573112500000;5680391,321865979600000;6,780499740000039;51,253818833000082;0
121952;5;5;70;36;2019;9;17;4;3;2;6;0;1;0;0;0;0;0;432590,637885805220000;5759138,666085537500000;8,018531053000061;51,978831667000065;0
121961;5;5;66;8;2019;9;14;4;3;5;3;0;1;0;0;0;1;0;400933,136786574500000;5779515,121828742300000;7,551822825000045;52,157232953000062;0
121964;5;5;58;40;2019;9;17;4;2;0;6;0;1;0;0;0;0;0;371455,483259381730000;5763637,964010648400000;7,127118228000029;52,008485170000029;0
121965;5;7;58;12;2019;9;23;2;2;0;1;2;1;0;0;0;0;0;476559,142148385760000;5772518,302437070800000;8,657763747000047;52,102719411000066;0
121968;5;7;54;8;2019;9;9;2;3;5;3;0;1;0;0;0;1;0;456774,505303292540000;5752276,964439299000000;8,371477741000035;51,919549487000040;1
121974;5;5;54;8;2019;9;7;4;3;5;3;0;1;1;0;0;0;0;333674,620506828650000;5745545,818476365900000;6,585863706000055;51,835929435000025;0
121975;5;7;66;44;2019;9;16;2;3;5;3;0;1;1;0;0;0;0;493315,892220738340000;5765502,767962994100000;8,902548655000032;52,040100200000040;0
121978;5;5;15;0;2019;9;7;4;3;5;3;0;1;1;0;0;0;0;406354,127123095100000;5750967,606537634500000;7,638857257000041;51,901583768000080;0
121981;5;7;11;0;2019;9;7;2;3;5;3;1;1;1;0;0;0;0;469454,273983926510000;5764586,542596092400000;8,554745544000070;52,031061542000032;1
121982;5;5;15;0;2019;9;5;4;3;5;3;2;1;1;0;0;0;0;404907,914081332270000;5755229,724111625900000;7,616665904000058;51,939648694000027;1
121984;5;5;15;0;2019;9;13;4;3;5;2;0;1;1;0;0;0;0;407650,826999999580000;5758328,674000000600000;7,655723010000031;51,967965785000047;0
121986;5;1;14;0;2019;9;19;7;3;3;7;1;1;0;0;0;0;0;328822,562168340200000;5686756,052946506100000;6,544148845000052;51,306340054000032;1
121989;5;1;24;0;2019;9;17;7;3;1;3;1;1;1;0;0;0;0;369252,432407180780000;5679327,664398280900000;7,126522329000068;51,250304545000063;1
121994;5;7;74;32;2019;9;13;7;3;5;3;0;1;1;0;0;0;0;478128,740693786180000;5731543,922904979400000;8,683282389000055;51,734385307000082;0
122003;5;7;66;20;2019;9;21;7;2;5;3;2;1;1;0;0;0;0;490211,342577909120000;5754050,429975971600000;8,857612744000051;51,937086698000030;0
122006;5;9;74;40;2019;9;17;7;3;5;2;0;1;1;0;0;0;0;437785,235000001270000;5711707,694000003900000;8,102648240000065;51,553023523000036;1
122013;5;9;62;24;2019;9;12;7;3;5;3;0;1;1;0;0;0;0;409679,389666913080000;5692113,089627396300000;7,702365842000063;51,373078855000074;0
122036;5;5;66;76;2019;9;7;6;3;5;3;0;1;1;0;0;0;0;395922,053447085430000;5793960,406682193300000;7,474153215000058;52,286137161000056;1
122041;5;5;54;36;2019;9;19;6;3;5;3;2;1;1;0;0;0;0;369825,466172242540000;5765893,437756095100000;7,102525407000030;52,028372985000033;1
122042;5;5;54;4;2019;9;18;6;3;5;3;0;1;1;0;0;0;0;362595,690000001340000;5771706,660000000100000;6,994871387000046;52,078863218000038;1
122044;5;5;15;0;2019;9;8;6;3;0;3;0;1;1;0;0;0;0;405501,584000000730000;5756467,506000001000000;7,624959277000073;51,950875580000059;1
122054;5;3;34;2;2019;9;12;6;2;1;6;0;1;1;0;0;0;0;295400,349997042680000;5628772,712102690700000;6,098002904000055;50,774575307000077;0
122055;5;3;34;2;2019;9;19;6;3;8;1;2;1;0;0;0;0;0;293566,770000000480000;5628319,472000001000000;6,072286212000051;50,769855127000028;0
122062;5;3;15;0;2019;9;22;6;3;0;7;2;1;1;0;0;0;1;353720,897324421440000;5646294,404293606100000;6,917506630000048;50,949683553000057;0
122063;5;3;15;0;2019;9;9;6;3;0;1;0;1;0;0;0;0;0;354533,049301759340000;5643503,666074650400000;6,930174815000044;50,924809498000059;0
122065;5;1;70;20;2019;9;8;6;3;5;3;0;1;1;0;0;0;0;327951,520000001420000;5708715,477000003700000;6,521015063000050;51,503349650000075;0
122068;5;1;70;48;2019;9;19;6;3;5;3;1;1;1;0;0;0;0;334995,249852929260000;5727031,289598632600000;6,613800308000066;51,669995764000078;1
122070;5;1;54;16;2019;9;15;6;2;0;7;0;1;0;0;0;0;0;303447,541332842780000;5728478,613222032800000;6,157318424000039;51,672845427000027;0
122075;5;1;14;0;2019;9;13;6;3;0;6;0;1;1;0;0;0;0;332893,500426639800000;5689404,101259768000000;6,601257070000031;51,331340176000026;0
122083;5;1;11;0;2019;9;18;6;3;5;3;1;1;1;0;0;0;0;347463,520866258070000;5672365,104021573400000;6,817497067000033;51,182330463000028;0
122088;5;7;74;32;2019;9;7;6;3;3;6;1;1;1;0;0;0;0;478781,830167234880000;5730729,100877514100000;8,692789297000047;51,727084149000063;1
122089;5;7;74;32;2019;9;16;6;3;0;1;0;1;0;0;0;0;0;480506,782503079620000;5733860,807336859400000;8,717588464000073;51,755304728000056;0
122091;5;7;62;20;2019;9;7;6;3;3;2;0;1;1;0;0;0;0;525687,414507977660000;5735956,178621972000000;9,372304236000048;51,773894634000044;1
122094;5;7;54;44;2019;9;14;6;3;5;2;0;1;1;0;0;0;0;465989,314684315580000;5747890,175680913000000;8,505892850000066;51,880747996000082;0
122098;5;9;78;20;2019;9;20;6;2;3;6;2;1;0;0;1;0;0;411648,082087032500000;5715142,531644076100000;7,724882226000034;51,580412826000043;0
122104;5;9;74;28;2019;9;15;6;3;5;3;0;1;1;0;0;0;0;455212,241000000390000;5725746,111000001400000;8,352190708000023;51,680895402000033;0
122124;5;9;78;24;2019;9;13;6;3;5;3;0;1;1;0;0;0;0;394832,010999999940000;5717071,894000001300000;7,481694621000031;51,594867863000047;0
122130;5;9;54;24;2019;9;16;2;2;0;1;0;1;0;0;0;0;0;381051,437822963110000;5683325,848144909400000;7,294175235000068;51,288823822000040;1
122131;5;9;13;0;2019;9;14;6;3;4;2;0;1;1;0;0;0;0;393692,682062760930000;5707161,810518246100000;7,468247523000059;51,505577930000072;0
122137;5;9;14;0;2019;9;9;2;3;2;7;0;1;1;0;0;0;0;396302,989794630560000;5690728,024752399000000;7,510656665000056;51,358343243000036;1
122140;5;9;11;0;2019;9;16;6;3;1;5;0;1;1;0;0;0;0;376058,244885679330000;5704341,950051916800000;7,215271213000051;51,476642536000043;0
122143;5;9;16;0;2019;9;4;2;3;5;3;2;1;1;0;0;0;0;371842,394738614560000;5710316,536971759100000;7,152426670000068;51,529397097000071;1
122185;5;5;70;16;2019;9;16;5;3;1;3;0;1;0;0;0;0;1;411846,857424445450000;5739990,674351237700000;7,721471526000073;51,803808930000059;1
122198;5;5;66;72;2019;9;17;5;3;4;2;0;1;1;0;0;0;0;412582,439443198030000;5802951,419965127500000;7,715994085000034;52,369853008000064;1
122200;5;5;66;64;2019;9;5;5;3;5;3;2;1;1;0;0;0;0;396055,595183225350000;5771530,354083953400000;7,482987470000069;52,084572208000054;1
122206;5;5;62;20;2019;9;17;1;3;5;3;0;1;1;0;0;0;0;371183,819878476670000;5717598,904596369700000;7,140269151000041;51,594693134000067;1
122210;5;5;54;12;2019;9;14;5;3;1;3;0;1;1;0;0;0;0;352225,495753373950000;5745901,523367468300000;6,854752690000055;51,844341930000041;1
122215;5;3;15;0;2019;9;0;1;3;3;6;2;1;1;0;0;0;0;353659,113118953070000;5646361,558804055700000;6,916600674000051;50,950271363000070;0
122216;5;3;15;0;2019;9;2;1;3;0;7;2;1;0;0;0;0;0;352732,663999999870000;5647102,149000000200000;6,903120991000037;50,956690756000057;1
122217;5;5;54;68;2019;9;8;5;3;5;2;0;1;1;0;0;0;0;349254,756153718570000;5767322,233275264500000;6,802271398000073;52,036001321000072;0
122218;5;5;15;0;2019;9;17;5;3;5;3;0;1;1;0;0;0;0;398716,142055030910000;5753195,056609127700000;7,527222347000077;51,920268303000057;1
122220;5;5;15;0;2019;9;14;5;2;5;7;0;1;1;0;0;0;0;404063,097500315870000;5756227,049369163800000;7,604101728000046;51,948468005000052;1
122223;5;5;15;0;2019;9;9;5;2;5;2;0;1;1;0;0;0;0;405555,251000001100000;5750683,701000001300000;7,627326967000045;51,898897032000036;0
122236;5;1;11;0;2019;9;20;1;3;4;6;2;1;0;0;0;0;0;344549,715842172500000;5677950,537695413500000;6,773419683000043;51,231732911000051;1
122243;5;7;54;24;2019;9;13;1;3;5;3;0;1;1;0;0;0;0;453676,961000000130000;5733304,416999999400000;8,328981104000036;51,748725924000041;1
122250;5;3;58;8;2019;9;13;5;3;5;6;0;1;1;0;0;0;0;323093,400250180620000;5629662,193918556000000;6,489933355000062;50,791674649000072;1
122252;5;7;11;0;2019;9;14;1;3;0;3;0;1;1;0;0;0;0;467312,532072939910000;5765196,030219521400000;8,523468991000073;52,036419095000042;0
122260;5;3;34;2;2019;9;8;5;3;5;2;0;1;1;0;0;0;0;294057,625999999230000;5628166,255000000800000;6,079323809000073;50,768653498000049;1
122264;5;9;14;0;2019;9;11;1;3;2;6;0;1;1;0;0;0;0;390516,860210596580000;5688589,287568841100000;7,428244335000045;51,338033385000074;1
122273;5;3;78;4;2019;9;16;5;3;5;3;0;1;1;0;0;0;0;367337,964606910940000;5650910,091732414400000;7,109562711000024;50,994462746000067;1
122302;5;5;58;16;2019;9;10;7;3;5;3;0;1;1;0;0;0;0;380437,907554010860000;5744724,177513893700000;7,264493429000027;51,840515863000064;0
122303;5;3;15;0;2019;9;19;5;3;0;7;2;1;1;0;0;0;0;352999,960587359960000;5644469,163573442000000;6,907986887000050;50,933097461000045;1
122306;5;5;54;20;2019;9;13;7;2;5;3;0;1;1;0;0;0;0;366005,826612330970000;5783049,679834462700000;7,040134752000029;52,181621758000063;0
122308;5;3;14;0;2019;9;15;5;2;2;6;0;1;1;0;0;0;0;363082,512043491940000;5620559,457537144400000;7,060312340000053;50,720688731000052;1
122309;5;5;54;64;2019;9;14;7;3;1;3;0;1;1;0;0;0;0;356773,862762084230000;5748439,509888187100000;6,919681966000042;51,868331623000074;1
122311;5;3;14;0;2019;9;16;5;3;5;3;0;1;1;0;0;0;0;364884,144649369640000;5620247,219972215600000;7,085934838000071;50,718304074000059;1
122326;5;1;58;16;2019;9;14;5;3;5;2;0;1;1;0;0;0;0;355926,098000002090000;5670078,890000000600000;6,939410054000064;51,163981040000067;1
122327;5;3;34;12;2019;9;11;7;2;3;2;0;1;1;0;0;0;0;305516,757000000220000;5633658,498000001500000;6,238722606000067;50,821941303000074;0
122332;5;3;62;28;2019;9;14;7;3;5;2;0;1;1;0;0;0;0;348064,715545263140000;5639755,739130379600000;6,839766520000069;50,889462586000036;0
122342;5;3;14;0;2019;9;1;7;3;0;1;2;1;0;0;0;0;0;370386,130777555520000;5615740,691142298300000;7,165414467000062;50,679051020000031;0
122343;5;1;17;0;2019;9;15;5;3;2;6;0;1;1;0;0;0;0;354813,129969862290000;5698647,915711209200000;6,911886025000058;51,420423915000072;1
122349;5;1;70;44;2019;9;18;7;2;0;1;0;1;0;0;0;0;0;339871,016542105940000;5722659,159835694400000;6,686249525000051;51,632126638000045;0
122356;5;1;62;4;2019;9;20;7;2;5;2;2;1;1;0;0;0;0;347561,026934113350000;5664461,530630949900000;6,822237429000040;51,111336845000039;1
122364;5;1;11;0;2019;10;8;4;3;4;6;0;1;0;0;0;0;0;351149,988321434710000;5672456,078561237100000;6,870166070000039;51,184119706000047;1
122365;5;1;11;0;2019;10;20;4;3;1;3;2;1;1;0;0;0;0;349806,256601836530000;5678593,764546105600000;6,848383720000072;51,238920471000029;0
122370;5;7;74;32;2019;10;10;4;3;5;3;0;1;1;0;0;0;0;484767,974170639180000;5730863,548384180300000;8,779453940000053;51,728487614000073;1
122375;5;7;62;20;2019;10;16;4;3;6;7;1;1;0;1;0;0;0;525866,529387146230000;5735960,645281201200000;9,374900537000031;51,773926545000052;1
122376;5;7;58;32;2019;10;7;4;3;2;3;0;1;1;0;0;0;0;465445,501933718100000;5776882,132591212200000;8,495067272000028;52,141369477000069;1
122378;5;7;54;36;2019;10;12;4;3;6;4;0;1;0;1;0;0;0;476544,939023037440000;5751226,359974214800000;8,659014365000076;51,911287473000073;1
122380;5;7;54;8;2019;10;6;4;3;4;1;2;1;0;0;0;0;0;460846,680321416820000;5755100,008992321800000;8,430364773000065;51,945231654000054;0
122386;5;9;78;12;2019;10;17;4;2;5;3;0;1;0;0;0;0;1;417031,791649188850000;5704252,039184283500000;7,805128639000031;51,483328678000078;1
122389;5;9;74;28;2019;10;13;4;3;5;3;0;1;1;0;0;0;0;457041,490410821510000;5727023,563406106100000;8,378489965000028;51,692523781000034;0
122390;5;9;74;28;2019;10;14;4;3;3;2;0;1;1;0;0;0;0;454291,715233633290000;5723615,359279966000000;8,339156029000037;51,661663926000074;0
122396;5;9;58;12;2019;10;14;4;3;0;7;0;1;0;0;0;0;0;471376,612000000660000;5691424,462999999500000;8,588772948000042;51,373350575000075;1
122401;5;9;15;0;2019;10;14;4;3;6;7;0;1;0;1;0;0;0;418629,588876655330000;5725502,956290006600000;7,823209834000068;51,674600532000056;0
122402;5;9;15;0;2019;10;12;4;3;1;5;0;1;1;0;0;0;0;417400,661352592520000;5723854,969676859700000;7,805830662000062;51,659606557000075;0
122403;5;9;15;0;2019;10;16;4;3;3;6;0;1;0;0;0;0;1;418212,174118673430000;5725890,415930593400000;7,817083755000056;51,678022991000034;0
122442;5;3;82;56;2019;10;12;3;3;5;3;0;1;1;0;0;0;0;370910,867999999780000;5627213,804000001400000;7,168820421000021;50,782291781000026;1
122443;5;3;82;36;2019;10;10;3;3;5;3;0;1;1;0;0;0;0;387764,853629721330000;5640525,950985489400000;7,403715474000023;50,905465664000076;1
122445;5;3;82;60;2019;10;18;3;3;5;2;0;1;1;0;0;0;0;373807,366000001320000;5629517,035000000100000;7,209095534000028;50,803631835000033;1
122452;5;3;74;28;2019;10;10;3;2;0;1;0;1;0;0;0;0;0;409675,492000000550000;5635383,996000001200000;7,716520629000058;50,863081738000062;1
122465;5;3;15;0;2019;10;5;3;3;5;3;2;1;1;0;0;0;0;350739,257046549580000;5652191,548735767600000;6,872668674000067;51,001912950000076;1
122472;5;3;15;0;2019;10;16;3;3;5;3;0;1;1;0;0;0;0;354365,051535964940000;5643975,711447659900000;6,927597516000049;50,929009257000075;0
122473;5;3;15;0;2019;10;17;3;3;0;1;0;1;0;0;0;0;0;355286,210273937320000;5644185,469386467700000;6,940613359000054;50,931126139000071;1
122476;5;3;14;0;2019;10;8;3;3;3;2;0;1;1;0;0;0;0;365523,327636306170000;5622216,554865207500000;7,094266034000043;50,736152607000065;0
122483;5;1;62;22;2019;10;7;3;3;0;3;0;1;1;0;0;0;0;339566,474041922020000;5679290,750384189200000;6,701502953000045;51,242395488000057;1
122488;5;1;16;0;2019;10;17;3;3;5;3;0;1;1;0;0;0;0;320714,404242053630000;5671473,106678126400000;6,435593947000029;51,166555914000071;1
122489;5;1;16;0;2019;10;15;3;3;1;3;0;1;1;0;0;0;0;322310,144999999550000;5677705,078000003500000;6,455310459000032;51,223037684000076;1
122490;5;1;16;0;2019;10;9;3;3;5;3;0;1;1;0;0;0;0;321090,128427463580000;5673111,154516555400000;6,440147174000060;51,181388541000047;1
122492;5;1;16;0;2019;10;14;3;3;5;2;0;1;1;0;0;0;0;320975,269392582590000;5675152,053274909000000;6,437488250000058;51,199686407000058;1
122493;5;1;14;0;2019;10;18;3;3;5;2;0;1;1;0;0;0;0;329218,827395413070000;5689512,050222260900000;6,548508231000028;51,331218342000057;1
122495;5;1;24;0;2019;10;16;3;3;5;3;0;1;0;0;0;0;1;374696,042999999600000;5676412,620999999300000;7,205501585000036;51,225327063000066;1
122502;5;1;17;0;2019;10;9;3;3;5;3;0;1;1;0;0;0;0;350612,401270180940000;5697413,908713541900000;6,852035021000063;51,408244261000050;1
122507;5;5;66;8;2019;10;1;5;3;0;1;2;1;0;0;0;0;0;400244,416010656390000;5781247,166601894400000;7,541249454000024;52,172676197000044;1
122518;5;3;58;8;2019;10;17;5;3;4;2;0;1;1;0;0;0;0;321433,586802781560000;5626353,607719408300000;6,468013772000063;50,761441245000071;1
122519;5;1;12;0;2019;10;6;3;3;0;3;1;1;1;0;0;0;0;343055,521068839360000;5702786,111721616200000;6,741086830000029;51,454471825000041;1
122525;5;1;11;0;2019;10;8;3;3;3;6;0;1;0;0;0;0;1;345260,575303410180000;5674767,629004208400000;6,784966946000054;51,203326284000070;0
122528;5;3;82;64;2019;10;12;5;2;3;6;0;1;0;0;0;0;0;356132,492475876580000;5615655,964534109500000;6,963827160000051;50,674940621000076;0
122533;5;1;11;0;2019;10;14;3;3;0;7;0;1;1;0;0;0;0;350144,595450866040000;5678434,018279111000000;6,853293814000040;51,237573987000076;1
122535;5;1;11;0;2019;10;15;3;3;4;2;0;1;1;0;0;0;0;350726,585520672610000;5678545,355862151800000;6,861578285000064;51,238727011000037;1
122542;5;7;74;32;2019;10;7;3;3;5;2;1;1;1;0;0;0;0;478482,908828293900000;5731482,045112226200000;8,688414839000075;51,733842658000071;1
122545;5;7;70;4;2019;10;6;3;3;5;3;2;1;1;0;0;0;0;485151,417000000370000;5785557,390000000600000;8,782639251000035;52,220246620000069;1
122548;5;7;58;12;2019;10;12;3;3;5;2;0;1;1;0;0;0;0;477479,270289077420000;5774053,595582721800000;8,671095816000047;52,116560910000032;0
122550;5;7;58;12;2019;10;7;3;3;5;2;2;1;1;0;0;0;0;476328,649999999440000;5774429,635999998100000;8,654265739000039;52,119893677000050;1
122554;5;1;13;0;2019;10;13;5;3;5;3;0;1;1;0;0;0;0;359368,183293221520000;5698597,338237859300000;6,977373435000061;51,421117796000033;0
122560;5;7;11;0;2019;10;8;3;3;5;2;1;1;1;0;0;0;0;467494,444478759540000;5763413,465032452700000;8,526290256000038;52,020403446000046;1
122563;5;1;11;0;2019;10;21;5;3;3;2;2;1;1;0;0;0;0;346591,527999999930000;5676160,578000001600000;6,803408268000055;51,216201683000065;0
122572;5;7;54;28;2019;10;17;5;3;3;6;0;1;0;0;0;0;0;454574,540283524430000;5746359,865219725300000;8,340270790000034;51,866176514000074;1
122596;5;9;62;28;2019;10;15;3;2;0;7;0;1;0;0;0;0;0;401332,177284330130000;5665446,073961088400000;7,589832380000075;51,131969958000070;1
122601;5;9;13;0;2019;10;17;5;3;5;3;0;1;1;0;0;0;0;396372,796296850780000;5705154,369051046700000;7,507439840000075;51,488031520000050;0
122605;5;9;78;24;2019;10;7;3;3;1;2;1;1;1;0;0;0;0;397675,725532718000000;5719645,478548096500000;7,521983188000036;51,618524449000063;1
122609;5;9;13;0;2019;10;11;3;3;5;2;0;1;1;0;0;0;0;392656,050000001680000;5709215,058000000200000;7,452691508000044;51,523837429000082;1
122611;5;9;13;0;2019;10;4;3;3;5;2;2;1;1;0;0;0;0;393220,303000001240000;5709275,846000002700000;7,460803337000073;51,524490789000026;1
122613;5;9;13;0;2019;10;8;3;3;5;2;1;1;1;0;0;0;0;394622,628311033360000;5706676,789980143300000;7,481786686000021;51,501392470000042;1
122628;5;5;15;0;2019;10;20;4;3;0;4;1;1;0;1;0;0;0;404655,391259823930000;5759997,136798581100000;7,611670160000074;51,982456792000050;0
122630;5;5;15;0;2019;10;23;4;3;4;6;2;1;0;0;0;0;0;406468,779000001030000;5756256,810000000500000;7,639085898000076;51,949145229000067;0
122633;5;5;15;0;2019;10;10;4;3;6;4;0;1;0;1;0;0;0;405580,505585814830000;5756829,620103130100000;7,626007809000043;51,954143825000074;0
122635;5;5;15;0;2019;10;14;4;3;5;3;0;1;1;0;0;0;0;403051,202345618980000;5758116,424258122200000;7,588850119000028;51,965274821000037;1
122640;5;5;62;20;2019;10;7;4;3;5;3;0;1;1;0;0;0;0;370569,398072091860000;5718484,465033469700000;7,131077010000070;51,602510646000042;1
122646;5;5;13;0;2019;10;13;4;2;5;3;0;1;1;0;0;0;0;367667,549875248220000;5716211,714588366400000;7,090057397000066;51,581412013000033;0
122649;5;5;66;64;2019;9;11;2;3;5;3;0;1;1;0;0;0;0;396060,386291126720000;5771535,710095737100000;7,483055735000050;52,084621246000040;0
122650;5;5;13;0;2019;10;12;4;3;5;3;0;1;1;0;0;0;0;368606,828000001610000;5709626,829000003600000;7,106065736000062;51,522455218000061;0
122678;5;3;34;2;2019;9;10;2;3;3;2;0;1;1;0;0;0;0;296456,302193044680000;5628457,649694494900000;6,113134289000072;50,772117069000046;0
122682;5;3;34;2;2019;9;6;2;3;7;1;2;1;0;0;0;0;0;301016,338396590200000;5617544,632764641200000;6,183611673000030;50,675678028000050;1
122684;5;3;34;2;2019;9;7;2;3;5;2;0;1;1;0;0;0;0;294506,659235425290000;5626093,333025042000000;6,086840271000028;50,750195304000044;0
122693;5;3;78;4;2019;9;18;2;2;5;2;0;1;1;0;0;0;0;364928,204017204230000;5652644,471373232100000;7,074598798000068;51,009489801000029;0
122696;5;3;62;8;2019;10;11;4;3;5;2;0;1;1;0;0;0;0;333386,705271280370000;5646332,298422977300000;6,628251870000042;50,944505803000027;0
122700;5;3;15;0;2019;10;8;4;3;5;3;0;1;1;0;0;0;0;354788,280362800700000;5646138,725846845700000;6,932753830000024;50,948554399000045;1
122707;5;3;15;0;2019;10;8;4;3;5;2;0;1;1;0;0;0;0;355189,622662342150000;5644667,087463561400000;6,939048433000039;50,935430094000026;1
122709;5;3;15;0;2019;10;15;4;3;1;2;0;1;1;0;0;0;0;355289,717713126910000;5645353,798754805700000;6,940199263000068;50,941626542000051;0
122712;5;3;15;0;2019;9;17;2;3;3;5;0;1;1;0;0;0;0;356235,859598674810000;5646966,454480122800000;6,953020690000074;50,956355902000041;0
122716;5;3;15;0;2019;9;3;2;3;3;2;2;1;1;0;0;0;0;351738,756000000980000;5643568,261000001800000;6,890417554000067;50,924678670000048;0
122717;5;1;70;8;2019;10;7;4;3;5;3;1;1;1;0;0;0;0;342555,400999999610000;5713696,134000003300000;6,729025006000029;51,552355910000074;1
122718;5;3;14;0;2019;9;15;2;3;5;3;0;1;1;0;0;0;0;368313,355999854390000;5618495,894547846200000;7,135110436000048;50,703350033000049;1
122720;5;3;14;0;2019;9;11;2;3;8;1;0;1;0;0;0;0;0;370791,897000000810000;5615376,662000000500000;7,171281849000025;50,675869208000051;0
122725;5;3;14;0;2019;9;20;2;3;2;6;2;1;0;0;0;0;0;365288,854723064230000;5621657,483166236400000;7,091149484000027;50,731073378000076;0
122731;5;1;54;24;2019;10;3;4;3;0;7;2;1;0;0;0;0;0;312573,720629293470000;5735145,521513836500000;6,285560913000040;51,735841698000058;1
122732;5;1;70;44;2019;9;6;2;3;5;2;2;1;0;0;0;0;1;336120,961281502620000;5721894,796820394700000;6,632470809000040;51,624179946000027;1
122733;5;1;58;20;2019;9;11;2;3;0;2;0;1;0;0;0;0;0;357009,050755060280000;5664377,489815276100000;6,957151475000046;51,113016798000046;1
122743;5;1;54;8;2019;9;12;2;3;5;2;0;1;0;0;0;1;0;310341,441479465920000;5746278,217240089600000;6,247187890000021;51,835072853000042;1
122748;5;1;16;0;2019;9;5;2;3;5;3;2;1;1;0;0;0;0;320747,573105943390000;5672258,089964164400000;6,435676558000068;51,173617990000082;1
122752;5;1;16;0;2019;10;13;4;3;1;3;0;1;1;0;0;0;0;321941,244281962510000;5669807,767555587000000;6,453947505000031;51,151978754000027;1
122754;5;1;16;0;2019;10;18;4;3;5;3;0;1;1;0;0;0;0;321214,900208811280000;5668322,617649551500000;6,444309957000030;51,138410750000048;0
122763;5;1;14;0;2019;10;17;4;3;3;6;0;1;0;0;0;0;0;333060,848911277950000;5688424,776890173600000;6,604115809000064;51,322590953000031;1
122778;5;1;12;0;2019;10;11;4;3;1;5;0;1;1;0;0;0;0;343922,531329169870000;5698774,302210375700000;6,755323722000071;51,418665730000043;0
122781;5;7;70;24;2019;9;16;2;3;5;3;0;1;1;0;0;0;0;492941,248735810630000;5793187,336238324600000;8,896510745000057;52,288998970000080;0
122783;5;7;58;4;2019;9;11;2;3;5;3;0;1;1;0;0;0;0;472194,440902669910000;5784417,996072933100000;8,593066357000055;52,209501334000038;0
122798;5;5;15;0;2019;10;21;1;3;5;7;2;1;1;0;0;0;0;407019,326315358280000;5757998,351210190000000;7,646622808000075;51,964891402000035;1
122841;5;5;15;0;2019;10;10;3;3;0;2;0;1;1;0;0;0;0;403013,915000000040000;5758689,755000000800000;7,588145603000044;51,970421572000078;1
122842;5;5;15;0;2019;10;8;3;3;3;6;0;1;0;0;0;0;0;405158,728000001050000;5756934,426000002800000;7,619843095000022;51,955014095000081;1
122854;5;5;62;32;2019;10;6;3;2;5;3;2;1;1;0;0;0;0;380435,132000002080000;5718166,324000002800000;7,273569977000022;51,601832401000081;1
122856;5;5;13;0;2019;10;20;3;2;5;3;2;1;1;0;0;0;0;369278,527041045020000;5707504,627121096500000;7,116529072000049;51,503539189000037;0
122859;5;5;13;0;2019;10;8;3;3;4;6;0;1;1;0;0;0;0;368722,122033808380000;5709185,798184184400000;7,107890944000076;51,518518578000055;1
122889;5;3;66;16;2019;10;5;7;3;0;1;2;1;0;0;0;0;0;344208,820945475250000;5615005,281742772100000;6,795472218000043;50,666024226000047;1
122892;5;3;62;20;2019;10;13;7;3;5;3;0;1;1;0;0;0;0;339758,732000000770000;5626551,213000001400000;6,727538938000066;50,768566851000060;0
122899;5;3;15;0;2019;10;20;7;2;5;3;2;1;1;0;0;0;0;362248,478000001050000;5651270,979000004000000;7,036945210000056;50,996510415000046;0
122903;5;3;15;0;2019;10;14;3;3;1;5;0;1;1;0;0;0;0;353598,961420096460000;5646426,685520358400000;6,915718736000031;50,950841358000048;1
122908;5;3;15;0;2019;10;9;3;3;5;3;0;1;0;0;1;0;0;351718,339323384690000;5642119,816797852500000;6,890716055000041;50,911656942000036;1
122910;5;3;14;0;2019;10;20;3;3;5;3;2;1;1;0;0;0;0;365225,169911660250000;5623061,507023448100000;7,089734155000031;50,743677840000032;1
122913;5;1;70;52;2019;10;13;7;3;5;3;0;1;1;0;0;0;0;325475,764216645620000;5723709,043270668000000;6,477933014000030;51,637276773000053;0
122914;5;1;58;8;2019;10;8;3;3;0;2;1;1;1;0;0;0;0;360032,628674274310000;5673193,165960455300000;6,996890997000037;51,192987718000040;1
122916;5;1;70;40;2019;10;16;7;3;5;2;0;1;1;0;0;0;0;318886,657999999820000;5718090,440999999600000;6,385720671000058;51,584726781000029;0
122917;5;1;54;28;2019;10;7;3;3;0;1;2;1;0;0;0;0;0;314711,791647287090000;5703713,374789623500000;6,333086559000037;51,454236095000056;1
122919;5;1;54;8;2019;10;7;3;2;5;3;0;1;1;0;0;0;0;312666,398000000980000;5746739,081000002100000;6,280642848000070;51,839996436000035;1
122920;5;1;70;48;2019;10;11;7;2;5;2;0;1;1;0;0;0;0;334674,350002909080000;5726169,091059174400000;6,609571900000049;51,662155754000082;0