OBJECTID;ULAND;UREGBEZ;UKREIS;UGEMEINDE;UJAHR;UMONAT;USTUNDE;UWOCHENTAG;UKATEGORIE;UART;UTYP1;ULICHTVERH;IstRad;IstPKW;IstFuss;IstKrad;IstGkfz;IstSonstige;LINREFX;LINREFY;XGCSWGS84;YGCSWGS84;STRZUSTAND
122921;5;1;54;36;2019;10;16;3;3;5;3;0;1;1;0;0;0;0;303743,596238341180000;5740402,021181177300000;6,154875354000069;51,780024826000044;0
122930;5;1;19;0;2019;10;14;3;3;5;2;0;1;0;0;0;0;1;351449,826920344490000;5703002,687847826600000;6,861722711000027;51,458682600000031;0
122934;5;1;14;0;2019;10;16;3;3;5;2;0;1;1;0;0;0;0;331330,645987068300000;5689391,790078427600000;6,578850191000072;51,330768197000054;1
122938;5;1;13;0;2019;10;9;3;3;3;6;0;1;1;0;0;0;0;359279,313873952250000;5701354,536950329300000;6,975000577000060;51,445872515000076;1
122945;5;1;12;0;2019;10;10;3;2;3;7;0;1;1;0;0;0;0;345313,026000000540000;5698897,401000000500000;6,775251555000068;51,420152897000037;1
122948;5;1;11;0;2019;10;8;3;3;5;2;0;1;0;0;0;0;1;345059,095197167250000;5677762,787484003200000;6,780791046000047;51,230184424000072;1
122956;5;7;58;4;2019;10;12;7;3;5;2;0;1;1;0;0;0;0;472068,685377733780000;5781695,650372503300000;8,591450444000031;52,185019924000073;0
122959;5;7;58;12;2019;10;10;7;3;5;3;0;1;1;0;0;0;0;478971,059195905920000;5776133,516337001700000;8,692753729000060;52,135319475000074;0
122960;5;7;54;4;2019;10;14;7;3;4;3;0;1;0;0;0;0;0;452655,124896168710000;5773222,710714869200000;8,308688007000058;52,107522687000028;0
122962;5;7;66;24;2019;10;14;7;3;5;3;0;1;1;0;0;0;0;499795,185863484630000;5764931,094202356400000;8,997014240000056;52,035000595000042;0
122964;5;7;66;40;2019;10;16;7;3;5;3;0;1;1;0;0;0;0;484766,435900588520000;5757028,937017599100000;8,778278824000040;51,963743930000078;0
122966;5;7;66;20;2019;10;18;7;2;5;3;1;1;1;0;0;0;0;494095,760762795810000;5751869,133490273700000;8,914153398000053;51,917529307000052;0
122969;5;7;62;36;2019;10;19;3;3;4;6;2;1;0;0;1;0;0;504637,905849875880000;5707654,051702350400000;9,066845594000029;51,519986482000036;1
122977;5;7;54;32;2019;10;9;3;3;0;7;0;1;0;0;0;0;0;457297,105411342350000;5732307,934528358300000;8,381540129000030;51,740054384000075;1
122978;5;7;54;12;2019;10;7;3;2;5;3;2;1;0;0;0;0;1;457863,121701547880000;5766183,758483422900000;8,385597564000022;52,044661552000036;1
122980;5;7;54;8;2019;10;13;3;3;4;2;0;1;1;0;0;0;0;457454,702622553330000;5751701,614149069400000;8,381438642000035;51,914429157000029;1
122984;5;9;54;28;2019;10;8;7;3;0;1;0;1;0;0;0;0;0;378196,940131830050000;5692252,548393579200000;7,250207706000026;51,368451882000045;0
122989;5;9;13;0;2019;10;18;7;3;0;2;1;1;1;0;0;0;0;399188,187722070140000;5709059,013909421900000;7,546859971000060;51,523638649000077;0
122991;5;9;11;0;2019;10;12;7;3;0;2;0;1;1;0;0;0;0;376621,267000000920000;5704693,070000000300000;7,223251740000023;51,479921277000074;0
122998;5;9;74;28;2019;10;21;3;3;5;1;2;1;1;0;0;0;0;454290,702018068170000;5723614,679662831100000;8,339141470000072;51,661657734000073;0
123008;5;9;70;4;2019;10;11;3;3;5;3;0;1;1;0;0;0;0;457354,068647157400000;5655169,257687378700000;8,391634545000045;51,046475752000049;1
123009;5;9;70;24;2019;10;16;3;3;5;3;0;1;1;0;0;0;0;428124,332444838250000;5650638,269251180800000;7,975613020000026;51,002823623000040;1
123026;5;9;54;8;2019;10;9;3;3;0;3;0;1;1;0;0;0;0;384629,857634742740000;5684653,007643323400000;7,345040590000053;51,301488905000042;1
123027;5;5;54;12;2019;10;18;6;3;5;3;2;1;1;0;0;0;0;352209,733337931330000;5746035,182317813900000;6,854466921000039;51,845538668000074;1
123030;5;5;15;0;2019;10;16;6;3;5;3;0;1;1;0;0;0;0;403161,410000001080000;5759052,005000000800000;7,590189830000043;51,973703293000028;1
123039;5;9;13;0;2019;10;7;3;3;5;2;2;1;1;0;0;0;0;396510,375209509400000;5703695,396745484300000;7,509848240000054;51,474942435000060;1
123042;5;9;78;24;2019;10;15;3;3;1;3;0;1;1;0;0;0;0;396938,229153928350000;5720705,674990760200000;7,511022381000032;51,627919462000079;1
123044;5;9;13;0;2019;10;21;3;3;5;2;2;1;1;0;0;0;0;392828,598698749210000;5708104,130127979400000;7,455515599000023;51,513884705000066;0
123050;5;3;82;56;2019;10;18;6;3;0;3;0;1;1;0;0;0;0;372079,872928674330000;5626190,870852995700000;7,185750179000024;50,773356403000037;0
123061;5;3;15;0;2019;10;7;6;3;1;5;1;1;1;0;0;0;0;366847,959159161900000;5637833,392759593200000;7,107362463000072;50,876820440000074;1
123080;5;5;70;16;2019;10;16;2;2;5;3;0;1;1;0;0;0;0;410240,102454658600000;5740167,121222216600000;7,698128706000034;51,805139362000034;0
123085;5;5;70;12;2019;10;16;2;3;5;3;0;1;1;0;0;0;0;439388,964000001550000;5753687,337000003100000;8,118461807000074;51,930607654000028;0
123091;5;5;58;12;2019;10;9;2;3;0;1;0;1;0;0;0;0;0;373859,890619392510000;5755950,416818961500000;7,164955833000022;51,939953595000077;0
123095;5;5;15;0;2019;10;7;2;3;5;3;1;1;1;0;0;0;0;405473,398097587750000;5754929,448529129800000;7,624972137000043;51,937046034000048;1
123097;5;5;15;0;2019;10;10;2;3;0;7;0;1;0;1;0;0;0;404206,634865609930000;5759090,732811207000000;7,605390872000044;51,974232542000038;0
123106;5;3;70;40;2019;10;8;2;3;0;1;0;1;0;0;0;0;0;311501,815424213190000;5665496,496820000900000;6,307101403000047;51,109910712000044;0
123110;5;3;82;68;2019;10;14;2;3;5;2;0;1;1;0;0;0;0;371979,281140580770000;5630537,399325290700000;7,182809614000064;50,812402100000043;0
123127;5;3;62;32;2019;10;17;2;3;0;3;1;1;1;0;0;0;0;338811,947473932990000;5643745,031597871300000;6,706557410000073;50,922800526000060;1
123137;5;3;15;0;2019;10;13;2;3;1;7;0;1;1;0;0;0;0;353710,827625423670000;5646305,311069171900000;6,917358992000061;50,949779013000068;0
123139;5;3;15;0;2019;10;8;2;3;5;2;0;1;1;0;0;0;0;355482,608754744750000;5643804,307372970500000;6,943557440000063;50,927749949000031;0
123141;5;1;11;0;2019;10;6;6;3;5;7;1;1;0;0;0;0;1;349771,356002409940000;5677643,091021409300000;6,848282802000028;51,230368730000066;0
123146;5;3;14;0;2019;10;12;2;3;5;2;0;1;0;0;1;0;0;366204,920922725460000;5622322,189939493300000;7,103881216000048;50,737259473000051;0
123148;5;7;70;4;2019;10;14;6;3;2;2;0;1;1;0;0;0;0;487586,747999999670000;5785442,202999999700000;8,818292819000021;52,219271289000062;1
123150;5;1;70;40;2019;10;9;2;3;5;3;0;1;1;0;0;0;0;318723,987999999900000;5719924,566000003400000;6,382427866000057;51,601148956000031;0
123158;5;7;54;8;2019;10;15;6;3;5;3;0;1;1;0;0;0;0;456965,031812736760000;5748738,797969918700000;8,374689779000050;51,887754112000039;1
123161;5;1;62;24;2019;10;7;2;3;0;3;0;1;1;0;0;0;0;338325,797399587000000;5671961,606464337600000;6,687046359000021;51,176194102000068;0
123162;5;7;54;8;2019;10;8;6;3;0;7;0;1;0;0;0;0;0;458761,054597152400000;5750662,008196167600000;8,400554863000025;51,905180743000074;1
123166;5;1;16;0;2019;10;14;2;3;5;3;0;1;1;0;0;0;0;321334,770506139840000;5675960,852045485700000;6,442225922000034;51,207064549000052;0
123179;5;9;74;28;2019;10;6;6;2;5;3;2;1;1;0;0;0;0;454584,814500598240000;5726389,855817411100000;8,343032497000024;51,686632824000071;1
123190;5;7;58;12;2019;10;15;2;3;0;3;0;1;1;0;0;0;0;477593,412685075770000;5774691,250599421600000;8,672720794000043;52,122298467000064;0
123191;5;7;54;32;2019;10;5;2;3;2;1;2;1;1;0;0;0;0;459875,962999999520000;5736821,116000002300000;8,418366062000075;51,780822374000081;1
123195;5;9;15;0;2019;10;14;6;3;5;3;0;1;1;0;0;0;0;417701,980999999680000;5727307,419000001600000;7,809372304000021;51,690686612000036;1
123197;5;7;54;8;2019;10;5;2;3;5;3;2;1;1;0;0;0;0;461107,828295095820000;5750649,904769841600000;8,434666847000074;51,905240712000079;0
123200;5;9;13;0;2019;10;10;6;3;2;6;0;1;1;0;0;0;0;398976,848929067140000;5710223,760376563300000;7,543480606000060;51,534070528000029;1
123204;5;7;11;0;2019;10;15;2;3;0;7;0;1;1;0;0;0;0;469608,375974476340000;5762611,037068620300000;8,557167195000034;52,013308919000053;0
123206;5;9;78;4;2019;10;7;2;3;5;2;0;1;1;0;0;0;0;406494,433000001130000;5720230,701000001300000;7,649168338000038;51,625319266000076;0
123214;5;9;70;24;2019;10;16;2;3;4;2;0;1;1;0;0;0;0;429397,778765511700000;5645324,135551899700000;7,994791699000075;50,955201174000081;0
123228;5;9;16;0;2019;10;7;2;3;0;1;0;1;0;0;0;0;0;372819,650979262780000;5710701,579491363800000;7,166368352000063;51,533078463000038;0
123247;5;7;54;28;2019;10;5;6;3;5;2;2;1;0;0;0;0;1;454391,582000001330000;5746058,240000000200000;8,337653647000025;51,863449805000073;1
123248;5;7;66;56;2019;10;7;6;3;4;6;2;1;0;0;0;0;0;478503,542353183030000;5757431,527011649700000;8,687099837000062;51,967156662000036;1
123251;5;7;11;0;2019;10;17;6;2;0;7;0;1;0;0;0;0;0;468600,647518607790000;5762128,852338245100000;8,542528411000035;52,008917657000040;1
123252;5;9;70;40;2019;10;16;6;3;5;2;0;1;1;0;0;0;0;431630,721970693210000;5638557,169909201600000;8,027847533000056;50,894626493000032;0
123253;5;9;58;24;2019;10;17;6;2;0;7;0;1;0;0;0;0;0;490201,442224506290000;5700514,691072821600000;8,858972893000043;51,455725397000037;0
123261;5;9;16;0;2019;10;7;6;3;5;2;2;1;1;0;0;0;0;372514,875072691590000;5710326,744336459800000;7,162112351000076;51,529641063000042;0
123273;5;5;70;16;2019;10;16;5;3;5;3;0;1;1;0;0;0;0;412188,700000002050000;5737636,653000000900000;7,727024105000055;51,782702298000061;0
123274;5;5;70;36;2019;10;16;5;3;0;3;0;1;1;0;0;0;0;433255,899016991260000;5759909,075251163900000;8,028065732000073;51,985837721000053;0
123276;5;1;12;0;2019;10;17;1;3;5;3;0;1;1;0;0;0;0;345251,403498840520000;5707245,606551734700000;6,770713262000072;51,495144639000046;0
123277;5;5;58;36;2019;10;18;5;3;5;3;0;1;1;0;0;0;0;387650,084196781740000;5729327,460394868600000;7,374116093000055;51,703632889000062;0
123278;5;5;58;12;2019;10;17;5;3;5;2;0;1;1;0;0;0;0;373460,722000001000000;5756402,162000004200000;7,158985862000066;51,943922527000041;1
123279;5;1;12;0;2019;10;19;1;3;0;3;1;1;1;0;0;0;0;344542,047443486750000;5708961,794436520000000;6,759746440000072;51,510369722000064;0
123281;5;1;11;0;2019;10;12;1;3;6;4;0;1;0;1;0;0;0;346406,533119999800000;5677727,081060003500000;6,800090297000054;51,230227801000069;0
123288;5;5;15;0;2019;10;22;5;3;0;7;2;1;0;0;0;0;0;405027,289840376940000;5757609,910747701300000;7,617744228000049;51,961063193000030;1
123293;5;7;74;32;2019;10;18;1;3;0;1;0;1;0;0;0;0;0;485782,483002937400000;5735103,522726789100000;8,793969653000033;51,766637095000078;0
123294;5;5;62;36;2019;10;5;5;3;5;3;2;1;1;0;0;0;0;386629,702999999750000;5719790,137000003800000;7,362449537000032;51,617708130000040;1
123296;5;5;62;32;2019;10;16;5;2;6;6;0;1;0;1;0;0;0;376128,736470639710000;5715074,764695635100000;7,212511784000071;51,573117203000038;0
123297;5;7;62;20;2019;10;13;1;3;0;1;0;1;0;0;0;0;0;526410,093263180000000;5735885,405309302700000;9,382772853000063;51,773224669000058;1
123303;5;3;70;28;2019;10;17;5;3;5;3;0;1;1;0;0;0;0;297175,187523532660000;5644440,851627118900000;6,114468180000074;50,915919774000031;0
123311;5;7;66;20;2019;10;11;1;2;4;2;0;1;1;0;0;0;0;492832,763220792640000;5750346,337145449600000;8,895821351000052;51,903822897000055;0
123313;5;9;78;16;2019;10;17;1;3;5;2;0;1;1;0;0;0;0;404210,256443144750000;5708239,882180817400000;7,619449475000067;51,517149591000077;0
123322;5;9;66;28;2019;10;15;1;2;4;2;0;1;1;0;0;0;0;423410,902447198520000;5646608,211024306700000;7,909298342000056;50,965981582000040;0
123329;5;9;62;8;2019;10;11;1;2;0;1;0;1;0;0;0;0;0;417562,528529565780000;5685678,142732774800000;7,817085951000024;51,316427763000036;1
123334;5;3;66;44;2019;10;20;5;3;5;3;2;1;1;0;0;0;0;334048,640000001530000;5617951,223000004900000;6,650503196000045;50,689687802000037;0
123336;5;3;62;28;2019;10;15;5;3;5;3;0;1;1;0;0;0;0;350629,353784034030000;5639334,684833370100000;6,876375965000023;50,886347651000051;0
123353;5;3;15;0;2019;10;7;5;3;8;2;0;1;1;0;0;0;0;351673,717009812590000;5644984,300437398300000;6,888916578000021;50,937387189000049;1
123354;5;3;15;0;2019;10;22;5;3;0;1;2;1;0;0;0;0;0;353991,571999999690000;5644828,877999998600000;6,921944806000056;50,936581983000053;0
123359;5;3;14;0;2019;10;9;5;3;5;2;0;1;1;0;0;0;0;363460,948071749880000;5621079,805753387500000;7,065477692000059;50,725454559000070;0
123365;5;5;66;28;2019;10;11;7;3;4;2;0;1;1;0;0;0;0;417319,710761512630000;5791744,477667259100000;7,788313488000028;52,269855319000044;0
123371;5;5;66;84;2019;10;11;7;3;5;3;0;1;1;0;0;0;0;390185,745000001040000;5775374,748999999800000;7,396116350000057;52,117989535000049;0
123372;5;1;54;16;2019;10;13;5;3;2;6;0;1;0;0;0;0;0;303049,524000001140000;5728755,809999998700000;6,151413387000048;51,675195374000054;1
123377;5;1;54;36;2019;10;16;5;3;5;3;0;1;1;0;0;0;0;303710,594999999740000;5740624,482000000800000;6,154271792000031;51,782010996000054;0
123378;5;5;54;12;2019;10;10;7;3;4;2;0;1;1;0;0;0;0;347069,714192360640000;5746167,132625393600000;6,779848219000030;51,845340021000027;0
123386;5;5;15;0;2019;10;17;7;2;0;1;0;1;0;0;0;0;0;407642,406629575420000;5754827,033774096500000;7,656541561000040;51,936489696000081;0
123387;5;1;16;0;2019;10;10;5;3;5;3;0;1;1;0;0;0;0;321523,797910128720000;5671505,117464974500000;6,447142855000038;51,167096576000063;0
123402;5;3;58;8;2019;10;14;7;3;1;5;0;1;1;0;0;0;0;322936,400999999610000;5630839,629000004400000;6,487140477000025;50,802204982000035;0
123407;5;3;34;2;2019;10;21;7;3;5;2;2;1;1;0;0;0;0;295263,368999999950000;5628776,888000002100000;6,096060333000025;50,774564483000063;0
123409;5;7;74;32;2019;10;16;5;3;5;3;0;1;1;0;0;0;0;479159,759000000540000;5727844,514000000400000;8,698433662000070;51,701162217000046;0
123416;5;7;62;4;2019;10;17;5;2;3;6;0;1;1;0;0;0;0;501173,818106515330000;5730191,003061628000000;9,016993633000027;51,722646217000033;0
123418;5;7;62;20;2019;10;6;5;3;5;2;2;1;1;0;0;0;0;525617,939845136370000;5736970,272903777700000;9,371372162000057;51,783015652000074;1
123421;5;7;58;12;2019;10;9;5;1;5;3;0;1;0;0;0;1;0;476383,293653799220000;5774081,219327589500000;8,655088006000028;52,116763534000029;1
123422;5;7;58;12;2019;10;7;5;3;5;2;1;1;0;0;0;1;0;475298,619445111600000;5772224,900345059100000;8,639381790000073;52,100026689000060;1
123423;5;7;66;8;2019;10;15;5;3;5;3;0;1;1;0;0;0;0;477935,846000000830000;5770068,949000002800000;8,678021808000040;52,080754698000078;0
123424;5;7;66;20;2019;10;18;5;3;5;3;0;1;1;0;0;0;0;492824,815914543350000;5757509,881249675500000;8,895556394000039;51,968230519000031;0
123426;5;3;74;8;2019;10;11;7;3;5;3;0;1;1;0;0;0;0;388315,759810422550000;5649665,304607734100000;7,408744611000032;50,987727232000054;0
123427;5;7;66;20;2019;10;7;5;2;3;2;1;1;1;0;0;0;0;490188,689159150240000;5753493,470402840500000;8,857299111000032;51,932078658000080;1
123430;5;7;11;0;2019;10;18;5;3;0;3;1;1;0;0;0;0;0;469337,552000001070000;5763595,751000000200000;8,553132977000075;52,022147247000078;1
123432;5;7;11;0;2019;10;18;5;3;5;3;0;1;1;0;0;0;0;471199,294999999930000;5762330,927999999400000;8,580371159000038;52,010875395000028;1
123433;5;3;62;20;2019;10;14;7;3;4;6;0;1;1;0;0;0;0;341330,445249076930000;5634126,551257066400000;6,746536257000059;50,837069724000060;0
123435;5;7;11;0;2019;10;8;5;3;5;3;0;1;1;0;0;0;0;467265,211000001060000;5766108,980000000400000;8,522691734000034;52,044624255000031;1
123437;5;9;78;36;2019;10;12;5;3;3;2;0;1;1;0;0;0;0;408934,610240667130000;5710901,158184373800000;7,686830376000046;51,541854069000067;0
123442;5;3;15;0;2019;10;5;7;3;0;7;2;1;0;1;0;0;0;346891,711931611410000;5647100,245407503100000;6,820018028000050;50,955151452000052;0
123446;5;3;15;0;2019;10;17;7;3;5;2;0;1;1;0;0;0;0;355269,842870887370000;5645231,708257988100000;6,939965066000070;50,940524354000047;0
123448;5;3;14;0;2019;10;16;7;3;5;2;0;1;1;0;0;0;0;370099,035274543800000;5623979,142768599100000;7,158452709000073;50,753036664000035;0
123453;5;3;14;0;2019;10;7;7;3;5;3;1;1;1;0;0;0;0;362191,192552426830000;5622716,882173964800000;7,046886559000029;50,739868302000048;0
123456;5;9;15;0;2019;10;16;5;3;3;3;0;1;1;0;0;0;0;414078,050752265380000;5727234,319388276000000;7,756974944000035;51,689486528000032;0
123468;5;9;13;0;2019;10;17;5;3;4;2;0;1;0;0;0;0;1;396102,173000001350000;5713085,691000003400000;7,501204332000043;51,559273474000065;1
123486;5;5;66;84;2019;10;9;4;3;5;2;0;1;1;0;0;0;0;390599,669000000690000;5776199,973000004900000;7,401894026000036;52,125488106000034;0
123488;5;5;66;52;2019;10;7;4;3;5;7;1;1;1;0;0;0;0;377497,606238910930000;5778538,179076841100000;7,209754125000075;52,143751756000029;0
123490;5;5;58;4;2019;10;7;4;2;0;1;1;1;0;0;0;0;0;407633,469342386350000;5733381,665778333300000;7,662138331000051;51,743721369000070;1
123491;5;5;58;24;2019;10;16;4;3;5;3;0;1;1;0;0;0;0;392198,613098279570000;5735893,500595614300000;7,437879987000031;51,763540917000057;1
123492;5;1;13;0;2019;10;10;7;3;3;5;0;1;1;0;0;0;0;361714,926923141810000;5709158,082465531300000;7,006971130000068;51,516597621000074;0
123495;5;5;15;0;2019;10;7;4;3;3;6;0;1;0;0;0;0;0;406954,083782397210000;5756982,815236713700000;7,645948553000039;51,955752335000057;0
123499;5;3;70;36;2019;10;18;4;3;0;3;0;1;1;0;0;0;0;301496,875111581760000;5664986,613798338900000;6,164633273000050;51,101954197000055;0
123502;5;1;11;0;2019;10;17;7;3;5;2;0;1;1;0;0;0;0;345653,803062780760000;5674334,496024664500000;6,790777613000046;51,199540748000061;0
123512;5;7;62;36;2019;10;16;7;2;0;1;0;1;0;0;0;0;0;510117,828418439250000;5703732,061946898700000;9,145714365000060;51,484649558000058;0
123518;5;7;66;20;2019;10;14;7;2;8;1;0;1;0;0;0;0;0;488938,308000000190000;5752246,180000001600000;8,839153071000055;51,920840776000034;0
123524;5;3;15;0;2019;10;9;4;3;0;1;0;1;0;0;0;0;0;354040,083853520450000;5644420,274619234700000;6,922798415000045;50,932922274000077;0
123528;5;3;14;0;2019;10;9;4;3;0;1;0;1;0;0;0;0;0;363574,156466043550000;5619864,094475889600000;7,067530273000045;50,714554567000050;1
123531;5;3;14;0;2019;10;6;4;3;0;3;2;1;1;0;0;0;0;364415,437899746000000;5617821,314287049700000;7,080190023000057;50,696391119000054;1
123533;5;1;70;52;2019;10;12;4;3;5;2;0;1;1;0;0;0;0;325672,972867798990000;5721318,156470611700000;6,481969889000027;51,615860972000064;1
123539;5;9;13;0;2019;10;15;7;3;2;6;0;1;1;0;0;0;0;393260,072161207910000;5707603,181748783200000;7,461882973000058;51,509463636000078;0
123540;5;1;62;8;2019;10;15;4;3;5;3;0;1;1;0;0;0;0;330624,020465672020000;5664692,024737516400000;6,580384556000070;51,108653108000055;1
123541;5;9;11;0;2019;10;11;7;1;5;2;0;1;1;0;0;0;0;380472,346328360030000;5709121,551873387800000;7,277182397000047;51,520549889000051;0
123551;5;1;16;0;2019;10;16;4;3;3;2;0;1;1;0;0;0;0;322733,783791243100000;5671726,847088860300000;6,464322521000042;51,169464706000042;0
123562;5;1;17;0;2019;10;17;4;3;5;2;0;1;1;0;0;0;0;351313,880365885790000;5699452,670675620400000;6,861258508000049;51,426748083000064;0
123572;5;1;12;0;2019;10;8;4;3;5;3;0;1;1;0;0;0;0;344004,835012839180000;5700937,085278607900000;6,755554086000075;51,438120851000065;0
123575;5;5;70;44;2019;10;20;6;2;5;3;2;1;1;0;0;0;0;416505,594560136090000;5760724,791622065000000;7,784000943000024;51,990905054000052;1
123576;5;5;70;52;2019;10;15;6;3;0;2;0;1;1;0;0;0;0;429921,661000001240000;5756342,021999999900000;7,980248508000045;51,953360779000036;1
123578;5;5;66;76;2019;10;15;6;3;5;2;0;1;1;0;0;0;0;396998,220408603550000;5787605,925865093200000;7,491863348000038;52,229229388000078;1
123582;5;1;11;0;2019;10;15;4;3;5;2;0;1;1;0;0;0;0;346211,224387899970000;5675794,918126931400000;6,798123962000034;51,212813738000079;1
123583;5;5;66;76;2019;10;14;6;3;5;3;0;1;1;0;0;0;0;396781,225253264420000;5787811,771014131600000;7,488624497000046;52,231038786000056;1
123585;5;5;66;76;2019;10;7;6;3;0;7;1;1;1;0;0;0;0;397108,008619481700000;5796114,094626897900000;7,490875587000062;52,305716503000042;1
123588;5;7;74;32;2019;10;7;4;3;7;2;1;1;1;0;0;0;0;481035,704000001770000;5731442,322000000600000;8,725383087000068;51,733577687000036;1
123589;5;7;70;40;2019;10;22;4;3;0;1;2;1;0;0;0;0;0;474761,608892491090000;5809669,702248798700000;8,628740644000061;52,436644685000033;1
123601;5;7;54;12;2019;10;13;4;3;5;3;0;1;1;0;0;0;0;458564,326119181700000;5765071,713352624300000;8,395956059000071;52,034716686000081;1
123603;5;7;66;44;2019;10;13;4;3;5;3;0;1;1;0;0;0;0;493315,821590024050000;5765506,360088843900000;8,902547555000069;52,040132495000080;1
123604;5;7;66;20;2019;10;16;4;3;4;2;0;1;1;0;0;0;0;489637,262000001970000;5754198,895000003300000;8,849257640000076;51,938411155000040;1
123605;5;5;54;8;2019;10;16;6;3;5;2;0;1;1;0;0;0;0;334566,000000000930000;5746916,616999996800000;6,598133764000068;51,848508444000061;1
123607;5;5;54;8;2019;10;7;6;3;5;2;1;1;1;0;0;0;0;334474,303000001240000;5745639,015000002500000;6,597415106000028;51,837004201000070;1
123608;5;5;15;0;2019;10;15;6;3;3;2;0;1;1;0;0;0;0;409878,451000001280000;5761082,108000002800000;7,687416745000064;51,993081018000055;1
123613;5;9;74;52;2019;10;17;4;2;5;3;1;1;1;0;0;0;0;422056,465000000780000;5712019,716000003700000;7,875758162000068;51,553874701000041;1
123625;5;5;62;20;2019;10;12;6;3;5;2;0;1;1;0;0;0;0;368324,540414885620000;5718236,774658555200000;7,098774258000049;51,599764365000055;1
123631;5;3;70;16;2019;10;8;6;3;5;3;0;1;1;0;0;0;0;299374,212122965600000;5662384,173220964100000;6,135799317000021;51,077842636000071;0
123635;5;3;34;2;2019;10;8;6;3;3;6;0;1;1;0;0;0;0;293915,270250610080000;5629746,983212497100000;6,076422032000039;50,782799685000043;0
123636;5;9;13;0;2019;10;12;4;3;0;1;0;1;0;0;0;0;0;389824,159228526060000;5706690,495353316900000;7,412676886000043;51,500600647000056;0
123638;5;3;34;2;2019;10;6;6;3;1;3;2;1;1;0;0;0;0;291852,269999999550000;5628818,480000004200000;6,047722503000045;50,773724137000045;0
123648;5;9;11;0;2019;10;11;4;3;5;2;0;1;1;0;0;0;0;383556,278396850450000;5704089,964173546100000;7,323272673000076;51,475970840000059;0
123650;5;3;62;32;2019;10;7;6;3;4;6;1;1;0;0;0;0;0;337716,893293668520000;5639686,106896286800000;6,692794322000054;50,886022736000029;0
123656;5;3;15;0;2019;10;12;6;3;0;7;0;1;0;0;0;0;0;359764,478929144330000;5649519,302549812900000;7,002245459000051;50,980168047000063;0
123658;5;3;15;0;2019;10;14;6;2;1;5;0;1;0;0;0;0;1;354018,483786648140000;5646064,244590714600000;6,921832488000064;50,947690629000078;0
123661;5;3;15;0;2019;10;16;6;3;0;4;0;1;0;1;0;0;0;353046,702911873350000;5644956,859400875900000;6,908454954000035;50,937492102000078;0
123665;5;3;15;0;2019;10;16;6;3;5;2;0;1;1;0;0;0;0;353454,196000001390000;5643032,668000001500000;6,915024085000027;50,920303768000053;0
123666;5;3;15;0;2019;10;14;6;3;0;4;0;1;0;1;0;0;0;354741,600999999790000;5644805,463000003200000;6,932621428000061;50,936560968000038;0
123688;5;5;70;32;2019;10;9;3;3;5;3;0;1;1;0;0;0;0;420450,485854291360000;5766635,223222168200000;7,840067242000032;52,044613505000029;1
123689;5;1;62;4;2019;10;7;6;3;0;7;0;1;0;0;0;0;0;346860,990000002090000;5662763,076000003100000;6,812965029000054;51,095888285000058;0
123691;5;5;66;28;2019;10;7;3;3;5;3;1;1;1;0;0;0;0;410935,149000001140000;5793704,032999999800000;7,694254985000043;52,286471136000046;1
123692;5;1;19;0;2019;10;11;6;3;5;3;0;1;1;0;0;0;0;348080,119935748170000;5711482,517743282000000;6,809605090000048;51,533981041000061;1
123693;5;5;66;76;2019;10;8;3;3;0;1;0;1;0;0;0;0;0;395285,278825140560000;5791517,554097050800000;7,465579834000039;52,264061529000060;1
123695;5;1;14;0;2019;10;6;6;3;5;3;2;1;1;0;0;0;0;329557,580803230400000;5686840,016433140300000;6,554643579000071;51,307314937000058;0
123696;5;5;66;84;2019;10;11;3;3;0;2;0;1;1;0;0;0;0;386786,710479287430000;5779104,260889684800000;7,345252351000056;52,150821119000057;0
123697;5;5;66;84;2019;10;16;3;3;5;2;0;1;1;0;0;0;0;386051,493523280140000;5778560,930654609600000;7,334693398000070;52,145787035000069;0
123701;5;1;24;0;2019;10;16;6;3;4;6;0;1;0;0;0;0;0;370957,343236594460000;5676269,280565010400000;7,152040097000054;51,223205810000081;0
123702;5;5;66;4;2019;10;7;3;3;5;2;2;1;1;0;0;0;0;394737,086000000130000;5767374,412000000500000;7,465033387000062;52,046970999000052;1
123703;5;5;58;44;2019;10;9;3;2;5;2;0;1;1;0;0;0;0;394965,979671369310000;5745942,814523639200000;7,474919621000026;51,854390809000051;0
123707;5;5;54;4;2019;10;7;3;3;5;2;0;1;1;0;0;0;0;363475,462999999520000;5772338,508000001300000;7,007448507000049;52,084758246000035;1
123708;5;1;13;0;2019;10;9;6;3;1;5;0;1;1;0;0;0;0;359193,015354284090000;5701302,853861248100000;6,973780121000061;51,445386632000066;1
123710;5;5;54;8;2019;10;7;3;3;5;2;1;1;1;0;0;0;0;336742,371999999510000;5744131,065000003200000;6,631016491000025;51,824125053000046;1
123712;5;5;54;8;2019;10;7;3;3;5;2;2;1;1;0;0;0;0;334506,365126718770000;5745937,660925990000000;6,597737191000022;51,839696527000058;1