OBJECTID;ULAND;UREGBEZ;UKREIS;UGEMEINDE;UJAHR;UMONAT;USTUNDE;UWOCHENTAG;UKATEGORIE;UART;UTYP1;ULICHTVERH;IstRad;IstPKW;IstFuss;IstKrad;IstGkfz;IstSonstige;LINREFX;LINREFY;XGCSWGS84;YGCSWGS84;STRZUSTAND
123719;5;9;13;0;2019;10;13;6;3;5;2;0;1;1;0;0;0;0;391063,771972681400000;5704633,787846738500000;7,431163760000061;51,482354487000066;1
123754;5;5;70;52;2019;10;14;3;3;0;1;0;1;0;0;0;1;0;431578,670880487190000;5755901,853617088900000;8,004444298000067;51,949610145000065;0
123758;5;5;66;84;2019;10;8;3;3;5;3;0;1;1;0;0;0;0;386153,262981798500000;5778979,700335977600000;7,336039717000062;52,149571478000041;0
123762;5;5;58;44;2019;10;18;3;3;4;2;2;1;1;0;0;0;0;395668,208275179380000;5752299,881753925200000;7,483189800000048;51,911659770000028;1
123763;5;5;66;76;2019;10;7;5;3;1;5;1;1;1;0;0;0;0;395114,986205509860000;5792977,283301072200000;7,462631588000022;52,277148112000077;1
123764;5;5;58;16;2019;10;18;3;3;0;3;2;1;1;0;0;0;0;381755,479584936050000;5744190,272286176700000;7,283791854000072;51,835998121000046;1
123766;5;5;58;16;2019;10;9;3;3;4;6;0;1;0;0;0;0;0;382397,594211325980000;5742434,480021236500000;7,293703592000043;51,820353991000047;0
123767;5;5;54;20;2019;10;13;3;3;0;1;0;1;0;0;0;0;0;363420,402071930470000;5786710,664252137800000;7,000867873000061;52,213882338000076;0
123768;5;5;66;8;2019;10;15;5;2;5;2;0;1;0;0;0;1;0;399889,612000000660000;5782140,687000000800000;7,535799179000037;52,180642679000073;0
123769;5;5;62;16;2019;10;17;3;2;5;3;0;1;0;0;0;0;1;375827,035000000150000;5735424,998999999800000;7,200929215000031;51,755939521000073;0
123771;5;5;62;24;2019;10;15;3;3;5;3;0;1;1;0;0;0;0;367780,580044805070000;5724274,391701405900000;7,088645450000058;51,653894166000043;1
123772;5;5;62;32;2019;10;9;3;3;6;7;0;1;0;1;0;0;0;374983,010796481740000;5719527,081043850600000;7,194401258000028;51,612877800000035;0
123774;5;5;13;0;2019;10;10;3;3;5;7;0;1;1;0;0;0;0;367116,879000000660000;5714442,885999999900000;7,082783469000049;51,565386740000065;0
123779;5;3;34;36;2019;10;15;3;2;5;3;0;1;1;0;0;0;0;297571,624983063900000;5633900,681673420600000;6,125932378000073;50,821393914000055;1
123786;5;5;15;0;2019;10;3;5;2;0;1;2;1;0;0;0;0;0;403211,292106604200000;5755255,444422813100000;7,591985361000070;51,939587336000045;1
123787;5;3;34;2;2019;10;16;3;3;5;3;0;1;1;0;0;0;0;295294,892000000920000;5629228,013000000300000;6,096255746000054;50,778627291000078;1
123790;5;3;82;56;2019;10;23;3;3;5;3;2;1;1;0;0;0;0;375810,436558324840000;5627178,123192057000000;7,238299000000041;50,783041199000081;1
123792;5;3;82;28;2019;10;14;3;3;3;7;0;1;0;0;0;0;0;374385,796141684990000;5635984,763562552600000;7,215083723000021;50,861892041000033;0
123802;5;5;62;20;2019;10;18;5;2;6;7;0;1;0;1;0;0;0;371382,401452211660000;5720848,533279126500000;7,141942240000049;51,623942368000030;1
123804;5;5;62;32;2019;10;23;5;3;5;3;2;1;1;0;0;0;0;374658,724481536080000;5719758,016959620600000;7,189637571000048;51,614881128000036;0
123811;5;3;15;0;2019;10;8;3;3;5;2;0;1;1;0;0;0;0;361990,254888025110000;5648037,553768057400000;7,034495501000038;50,967389012000069;0
123812;5;5;13;0;2019;10;11;5;2;5;3;0;1;1;0;0;0;0;369498,531113713050000;5715425,080256234900000;7,116760611000075;51,574769667000055;1
123815;5;3;14;0;2019;10;19;3;3;2;6;2;1;1;0;0;0;0;366137,971190650950000;5622334,280085530100000;7,102928580000025;50,737352711000028;1
123819;5;1;70;28;2019;10;16;3;2;7;7;0;1;0;0;0;0;1;328797,523171045820000;5701418,201078005100000;6,536727567000071;51,438051861000076;0
123820;5;3;82;68;2019;10;11;5;3;6;4;0;1;0;1;0;0;0;368666,103278151710000;5631632,320496421300000;7,135414992000051;50,821501504000082;0
123822;5;3;82;44;2019;10;6;5;3;5;3;1;1;1;0;0;0;0;360618,246000000280000;5632844,794000003500000;7,020767072000069;50,830517230000055;1
123828;5;3;62;24;2019;10;14;5;3;5;2;0;1;1;0;0;0;0;345680,269236161370000;5643495,033837448800000;6,804309772000067;50,922431977000031;1
123830;5;1;54;8;2019;10;14;3;3;5;3;0;1;1;0;0;0;0;310748,331967802720000;5746086,432184727900000;6,253191271000048;51,833488453000029;0
123833;5;1;66;24;2019;10;19;3;3;4;3;2;1;1;0;0;0;0;309804,549000000580000;5676424,752000000300000;6,277107011000055;51,207508905000054;1
123837;5;3;15;0;2019;10;17;5;3;0;3;0;1;1;0;0;0;0;358171,355999998750000;5644790,580000001900000;6,981408153000075;50,937280934000057;1
123839;5;1;19;0;2019;10;12;3;3;0;1;0;1;0;0;0;0;0;350775,565999999640000;5706789,286000000300000;6,850425165000047;51,492529503000071;0
123842;5;3;15;0;2019;10;7;5;3;0;2;0;1;1;0;0;0;0;356429,679794300350000;5647045,854802170800000;6,955747191000057;50,957117779000043;1
123847;5;1;13;0;2019;10;19;3;3;5;2;2;1;1;0;0;0;0;358577,192000001670000;5703118,594000000500000;6,964198482000029;51,461549651000041;1
123859;5;1;58;20;2019;10;9;5;3;6;6;0;1;0;1;0;0;0;358040,937842663380000;5661218,719643332100000;6,973125748000030;51,084886380000057;1
123862;5;1;58;16;2019;10;21;5;2;5;2;2;1;0;0;0;1;0;354230,866000001320000;5670129,481000000600000;6,915160916000048;51,164006206000067;1
123865;5;7;62;40;2019;10;13;3;2;0;1;0;1;0;0;0;0;0;501894,403419692070000;5719259,344390923200000;9,027366410000070;51,624352679000026;0
123868;5;7;54;36;2019;10;11;3;3;5;3;0;1;1;0;0;0;0;474132,198737334460000;5749584,753332123200000;8,624062372000026;51,896421095000051;0
123873;5;7;54;28;2019;10;11;3;3;5;2;0;1;1;0;0;0;0;451434,613087702540000;5744147,168442839800000;8,294983158000036;51,846018747000073;0
123874;5;7;66;12;2019;10;10;3;3;5;2;0;1;1;0;0;0;0;508067,296000776810000;5760168,333275083500000;9,117491875000042;51,992120349000061;0
123876;5;1;66;24;2019;10;6;5;3;5;3;2;1;1;0;0;0;0;309233,976999999960000;5676851,876000000200000;6,268721377000077;51,211155056000052;1
123880;5;7;66;20;2019;10;13;3;3;5;3;0;1;1;0;0;0;0;492859,947930598630000;5758413,283515024900000;8,896048989000065;51,976353449000044;0
123881;5;1;66;32;2019;10;12;5;3;5;3;0;1;1;0;0;0;0;320124,123709226030000;5680783,663136821200000;6,422492419000037;51,250008160000050;0
123884;5;7;11;0;2019;10;12;3;3;5;2;0;1;1;0;0;0;0;467281,001000000160000;5765851,483000000900000;8,522946609000030;52,042310140000041;0
123888;5;1;62;24;2019;10;7;5;3;3;6;1;1;1;0;0;0;0;337784,270169998520000;5674541,016976967500000;6,678141091000043;51,199216287000070;1
123906;5;9;78;24;2019;10;14;3;3;5;2;0;1;1;0;0;0;0;398126,469752224160000;5719596,648018093800000;7,528505816000063;51,618167298000060;0
123908;5;9;13;0;2019;10;19;3;2;5;1;2;1;1;0;0;0;0;396305,794050786640000;5705175,322840793100000;7,506468993000055;51,488207584000065;1
123910;5;9;13;0;2019;10;21;3;3;5;7;2;1;1;0;0;0;0;393700,048999999650000;5707627,916999999400000;7,468213118000051;51,509768914000063;1
123917;5;9;11;0;2019;10;3;3;3;1;5;2;1;1;0;0;0;0;369894,139000000430000;5705779,899000000200000;7,126029775000063;51,488181251000071;0
123945;5;7;70;4;2019;10;11;5;2;5;3;0;1;1;0;0;0;0;486460,343318808820000;5784893,001412507100000;8,801826404000053;52,214307117000033;0
123950;5;5;54;48;2019;10;14;2;3;5;2;0;1;0;0;0;0;1;341274,510003038680000;5743483,732415784200000;6,697019557000033;51,819615215000056;0
123951;5;7;54;8;2019;10;14;5;3;5;3;0;1;1;0;0;0;0;458658,770323344510000;5752379,438098965200000;8,398862010000073;51,920613882000055;0
123954;5;5;15;0;2019;10;15;2;3;6;7;0;1;0;1;0;0;0;406274,032805736180000;5757400,590482574000000;7,635941147000040;51,959393294000051;0
123963;5;5;62;16;2019;10;15;2;2;9;1;0;1;1;0;0;0;0;378668,941992461680000;5733705,704338276800000;7,242682699000056;51,741110870000057;0
123965;5;9;58;8;2019;10;11;5;2;5;3;0;1;0;0;0;0;1;457805,561137681830000;5690112,298661375400000;8,393965702000060;51,360705925000048;0
123980;5;9;11;0;2019;10;20;5;3;5;2;2;1;1;0;0;0;0;374323,413019853640000;5706523,257311884300000;7,189526952000051;51,495863761000066;1
123987;5;3;82;68;2019;10;15;2;3;5;3;0;1;0;0;1;0;0;371887,807000000030000;5630575,729000000300000;7,181498500000032;50,812726391000069;0
123988;5;3;82;44;2019;10;17;2;3;5;7;0;1;1;0;0;0;0;362732,644175263120000;5628592,815702930100000;7,052363442000058;50,792807479000032;0
124002;5;3;15;0;2019;10;14;2;3;0;7;0;1;0;0;0;0;0;359532,423000001350000;5641812,598000003000000;7,001914200000044;50,910850534000076;0
124014;5;5;66;76;2019;10;15;4;3;8;1;0;1;1;0;0;0;0;393511,546131870710000;5789059,098867934200000;7,440374356000064;52,241626254000039;1
124018;5;3;15;0;2019;10;17;2;3;3;6;0;1;0;0;0;0;0;353042,292975887660000;5643874,210518756900000;6,908828765000067;50,927761637000060;0
124021;5;3;15;0;2019;10;14;2;3;4;6;0;1;0;0;0;0;0;355242,382999119350000;5641287,637604933200000;6,941140080000025;50,905072870000026;0
124022;5;5;54;8;2019;10;19;4;3;0;1;2;1;0;1;0;0;0;336044,006887518800000;5747520,153008192800000;6,619286011000042;51,854366260000063;1
124023;5;3;15;0;2019;10;14;2;3;0;1;0;1;0;0;0;0;0;353018,625738583510000;5644688,604594135700000;6,908163827000067;50,935074248000035;0
124026;5;3;14;0;2019;10;6;2;3;5;2;2;1;1;0;0;0;0;364426,888000001200000;5622999,377000004100000;7,078449133000049;50,742933580000056;1
124028;5;3;14;0;2019;10;15;2;2;0;1;0;1;0;0;0;0;0;364974,365446305830000;5622332,669175332400000;7,086448505000021;50,737068860000079;0
124029;5;5;15;0;2019;10;17;4;3;6;1;1;1;0;1;0;0;0;405235,024948409760000;5759114,177136380200000;7,620351514000049;51,974619587000063;1
124032;5;5;15;0;2019;10;10;4;3;6;4;0;1;0;1;0;0;0;406609,351181931790000;5757157,998848687900000;7,640885731000026;51,957269184000040;0
124034;5;5;15;0;2019;10;21;4;3;4;6;2;1;0;0;0;0;0;409048,106337529610000;5758599,460422186200000;7,675984797000069;51,970630167000081;1
124036;5;5;15;0;2019;10;19;4;3;1;7;2;1;1;0;0;0;0;405719,610148339530000;5753810,636484479500000;7,628859128000045;51,927031378000038;1
124040;5;1;54;28;2019;10;15;2;3;5;2;0;1;0;0;0;0;1;315271,574290990830000;5706954,027703931600000;6,339440746000037;51,483526795000046;0
124041;5;5;13;0;2019;10;11;4;3;5;3;0;1;1;0;0;0;0;368975,659876937980000;5706971,187780590700000;7,112365952000062;51,498675121000076;0
124045;5;1;62;8;2019;10;15;2;3;5;3;0;1;0;0;1;0;0;329300,365960484370000;5660442,779012646500000;6,563501681000048;51,070084315000031;0
124046;5;3;34;16;2019;10;10;4;3;5;2;0;1;1;0;0;0;0;294290,154000000100000;5634765,838999999700000;6,078921135000030;50,828007707000040;0
124049;5;3;34;4;2019;10;14;4;3;5;2;0;1;1;0;0;0;0;300314,448840188790000;5639669,988569296900000;6,161678363000021;50,874164355000062;1
124056;5;1;19;0;2019;10;7;2;3;0;3;1;1;1;0;0;0;0;353016,431000000800000;5709506,057000001900000;6,881548696000039;51,517528217000063;0
124061;5;3;82;68;2019;10;18;4;3;5;2;2;1;1;0;0;0;0;369009,853204931130000;5629526,115857195100000;7,141044368000053;50,802648695000073;1
124071;5;1;13;0;2019;10;17;2;3;1;3;1;1;1;0;0;0;0;357700,583065911200000;5696256,270144648800000;6,954345028000034;51,399664486000063;0
124076;5;1;11;0;2019;10;7;2;2;0;7;0;1;0;0;0;0;0;342297,313925380820000;5677875,878837687900000;6,741217132000031;51,230444125000076;0
124082;5;3;15;0;2019;10;7;4;3;1;5;1;1;1;0;0;0;0;353777,682302022350000;5641752,462671374900000;6,920136308000053;50,908881012000052;1
124083;5;3;15;0;2019;10;17;4;3;5;2;0;1;1;0;0;0;0;354624,405324578290000;5642954,164090378200000;6,931692849000058;50,919894286000044;1
124084;5;7;54;36;2019;10;16;2;3;5;3;0;1;1;0;0;0;0;475888,246637841690000;5750811,576776880800000;8,649496707000026;51,907530144000077;0
124086;5;7;54;28;2019;10;14;2;3;5;3;0;1;1;0;0;0;0;453682,400242468340000;5744886,968253716800000;8,327512358000035;51,852860993000036;0
124096;5;9;70;24;2019;10;17;2;3;5;3;0;1;1;0;0;0;0;429820,955407441590000;5643628,729829141900000;8,001142522000066;50,940009114000077;0
124098;5;9;66;4;2019;10;15;2;3;0;6;0;1;0;0;0;0;1;429863,451000000350000;5666905,707000002300000;7,997238605000064;51,149298955000063;0
124099;5;9;58;16;2019;10;14;2;2;5;3;0;1;1;0;0;0;0;444176,700045250360000;5678091,509419877100000;8,200115009000058;51,251449268000044;0
124100;5;9;54;12;2019;10;18;2;2;0;1;0;1;0;0;0;0;0;384252,553557285110000;5686689,708438515700000;7,338969683000073;51,319718663000060;0
124102;5;9;15;0;2019;10;16;2;3;5;2;0;1;1;0;0;0;0;418210,155276302250000;5725904,827214060400000;7,817051187000061;51,678152248000060;0
124103;5;1;70;16;2019;10;15;4;3;5;3;0;1;1;0;0;0;0;344861,145204319620000;5722121,284028196700000;6,758531271000038;51,628692168000043;1
124139;5;1;19;0;2019;10;9;4;3;5;3;0;1;1;0;0;0;0;350279,069000000130000;5703798,202000001400000;6,844546370000046;51,465522200000066;0
124145;5;1;16;0;2019;10;7;4;3;5;3;0;1;1;0;0;0;0;315060,276188340040000;5675308,324954887900000;6,352837457000021;51,199206307000054;1
124148;5;1;22;0;2019;10;14;4;3;3;2;0;1;1;0;0;0;0;365357,639999999660000;5669275,425000002600000;7,074519141000053;51,159057914000073;1
124151;5;5;15;0;2019;10;23;1;3;5;3;2;1;1;0;0;0;0;404073,369518542660000;5754981,207168038900000;7,604598714000076;51,937271678000059;1
124167;5;9;78;20;2019;10;19;6;3;5;2;2;1;1;0;0;0;0;407196,149000001140000;5715880,914000000800000;7,660454036000033;51,586334755000053;0
124176;5;9;78;36;2019;10;18;6;3;0;5;1;1;1;0;0;0;0;406302,503318510020000;5710491,086693672500000;7,648995564000074;51,537737017000040;0
124178;5;3;78;20;2019;10;9;1;3;5;2;0;1;1;0;0;0;0;367786,602333334270000;5655100,315998995700000;7,114425013000073;51,032226090000051;1
124179;5;1;12;0;2019;10;13;4;3;5;3;0;1;1;0;0;0;0;340063,672740914860000;5702602,800580244500000;6,698144827000022;51,451987654000050;1
124180;5;3;78;32;2019;10;19;1;3;5;3;2;1;1;0;0;0;0;373379,950167161410000;5660889,363367445800000;7,192125904000022;51,085517221000032;1
124188;5;3;62;28;2019;10;15;1;2;9;1;0;1;0;0;0;0;0;351236,980216871950000;5638056,374937523200000;6,885528587000067;50,875016834000064;0
124191;5;3;62;24;2019;10;11;1;3;5;3;0;1;1;0;0;0;0;347546,276651456020000;5642536,482373977100000;6,831239836000066;50,914314330000082;0
124192;5;7;58;4;2019;10;19;4;3;1;5;2;1;1;0;0;0;0;472257,361611759290000;5783386,629752954500000;8,594071677000045;52,200232091000032;1
124194;5;7;54;28;2019;10;15;4;3;0;7;0;1;0;0;0;0;1;451634,000000000930000;5742979,480000004200000;8,298040686000036;51,835537922000071;1
124196;5;7;54;28;2019;10;15;4;2;0;7;0;1;0;0;0;0;1;451384,423000001350000;5742863,056000001700000;8,294435108000073;51,834469538000064;1
124197;5;3;15;0;2019;10;16;1;3;0;7;0;1;0;0;0;0;0;352134,288779332300000;5647533,148386439300000;6,894431998000073;50,960410702000047;0
124205;5;3;14;0;2019;10;14;1;3;0;1;0;1;0;0;0;0;0;371031,678077666090000;5619184,997878346600000;7,173344326000063;50,710153253000044;0
124208;5;7;11;0;2019;10;12;4;3;5;2;0;1;0;0;0;0;1;468687,272054861300000;5765283,924910290200000;8,543501750000075;52,037288665000062;0
124210;5;1;70;24;2019;10;17;1;2;6;7;1;1;0;1;0;0;0;338573,265497778540000;5702397,985637217800000;6,676806720000059;51,449724591000063;0
124215;5;1;58;32;2019;10;18;1;3;0;3;1;1;1;0;0;0;0;364464,839999999850000;5688887,282000001500000;7,054333682000049;51,335097866000069;0
124221;5;1;66;16;2019;10;8;1;3;5;3;0;1;1;0;0;0;0;305147,611416341740000;5688258,913445513700000;6,204075482000064;51,312226888000055;1
124223;5;9;70;40;2019;10;17;4;2;0;7;0;1;0;0;0;0;0;431459,454028368000000;5637902,113091472500000;8,025535542000057;50,888716335000026;1
124224;5;1;16;0;2019;10;15;1;3;5;3;0;1;1;0;0;0;0;321906,157408065160000;5671722,532407620900000;6,452498515000059;51,169168858000035;0
124234;5;1;12;0;2019;10;16;1;3;0;1;2;1;0;0;0;0;0;343579,660292853600000;5695659,737177927000000;6,751769980000063;51,390587044000029;0
124239;5;9;78;20;2019;10;15;2;3;5;3;0;1;1;0;0;0;0;406173,514000001360000;5716313,446000000500000;7,645581943000025;51,590053462000071;0
124257;5;9;11;0;2019;10;7;2;2;5;2;1;1;1;0;0;0;0;376784,799000000580000;5704049,565999999600000;7,225829967000038;51,474173465000035;1
124279;5;5;54;12;2019;10;12;1;3;0;2;0;1;1;0;0;0;0;347483,453482966870000;5744477,905925760000000;6,786594445000048;51,830276348000041;1
124294;5;3;15;0;2019;10;13;1;3;0;1;0;1;0;0;0;0;0;353560,496317130510000;5644182,368444232300000;6,916073655000048;50,930662726000037;1
124299;5;3;14;0;2019;10;3;1;3;2;6;2;1;1;0;0;0;0;364995,104708292520000;5622352,457091065100000;7,086734994000040;50,737251533000062;1
124300;5;1;70;8;2019;10;22;1;3;6;6;2;1;0;1;0;0;0;342271,472320945930000;5714489,201502481500000;6,724577408000073;51,559401961000049;1
124310;5;1;11;0;2019;10;18;1;3;0;2;1;1;1;0;0;0;0;350894,405999999490000;5676819,855000002300000;6,864698663000070;51,223265732000073;1
124320;5;7;54;16;2019;10;11;1;2;5;3;0;1;1;0;0;0;0;445623,173999999650000;5759223,532000001500000;8,208247199000027;51,981022983000059;1
124339;5;7;70;24;2019;10;22;6;3;5;3;2;1;1;0;0;0;0;495036,683687339540000;5793235,513629075100000;8,927231443000039;52,289455033000081;0
124340;5;1;12;0;2019;10;9;6;3;0;7;0;1;1;0;0;0;0;345322,085149619730000;5707395,921811593700000;6,771664779000048;51,496514553000054;1
124367;5;5;54;24;2019;10;11;7;3;5;3;0;1;1;0;0;0;0;369556,547579619100000;5775955,916479541000000;7,094761527000060;52,118730043000028;1
124369;5;5;15;0;2019;10;5;7;2;0;1;2;1;0;0;0;0;0;406617,478367908860000;5757653,656010737600000;7,640869225000074;51,961725758000057;1
124370;5;5;62;24;2019;10;16;7;2;4;7;0;1;1;0;0;0;0;368711,701313857920000;5724740,773925207600000;7,101922557000023;51,658303564000050;1
124383;5;3;15;0;2019;10;11;7;3;0;1;0;1;0;0;0;0;0;353038,572079713460000;5644915,911233352500000;6,908355828000026;50,937122045000081;0
124385;5;3;15;0;2019;10;14;7;3;5;3;0;1;1;0;0;0;0;355869,230239202270000;5646001,869072113200000;6,948185899000066;50,947595785000033;1
124392;5;1;54;12;2019;10;11;7;2;0;2;0;1;1;0;0;0;0;313770,890999999830000;5711088,289000002700000;6,315670193000074;51,520168067000043;1
124403;5;1;11;0;2019;10;11;7;2;3;6;0;1;1;0;0;0;0;345110,260027914310000;5682526,799677696100000;6,779461476000051;51,273004669000045;1
124404;5;7;70;36;2019;10;12;7;3;0;1;0;1;0;0;0;0;0;465338,016834657640000;5795237,978597864500000;8,491615568000043;52,306386612000040;1
124416;5;9;14;0;2019;10;11;7;3;4;2;0;1;1;0;0;0;0;393409,842694786380000;5690482,598728103600000;7,469193238000059;51,355601688000036;1
124422;5;7;54;32;2019;10;12;6;3;3;2;0;1;1;0;0;0;0;461784,849344301970000;5742505,216004803800000;8,445408848000056;51,832060805000026;0
124423;5;1;62;16;2019;10;23;6;3;0;1;2;1;0;0;0;0;0;334330,481697654350000;5676687,705239925500000;6,627759343000037;51,217512155000065;1
124426;5;7;58;24;2019;10;11;6;3;5;3;0;1;1;0;0;0;0;480334,301406515760000;5783017,285888543400000;8,712272386000052;52,197258831000056;0
124438;5;5;70;20;2019;10;16;6;3;0;1;0;1;0;0;0;0;0;425988,690000001340000;5743393,932000000000000;7,925807524000049;51,836453970000036;0
124439;5;7;58;24;2019;10;15;2;3;2;2;0;1;1;0;0;0;0;480157,132243141530000;5782972,920233108100000;8,709682870000052;52,196853611000051;0
124440;5;5;70;28;2019;10;6;6;3;4;6;2;1;0;0;0;0;0;441113,006000000980000;5743121,530000001200000;8,145336897000050;51,835804710000048;1
124449;5;5;54;20;2019;10;13;6;3;5;3;0;1;1;0;0;0;0;366419,027960534210000;5782574,784088589300000;7,046361674000025;52,177454815000033;1
124457;5;7;54;8;2019;10;12;2;3;3;2;0;1;1;0;0;0;0;457384,555280474010000;5750378,119528196800000;8,380582559000061;51,902524818000074;1
124458;5;5;15;0;2019;10;11;6;2;6;2;0;1;0;1;0;0;0;406598,911134973170000;5751221,035294141600000;7,642345431000024;51,903902822000077;0
124464;5;7;66;28;2019;10;14;2;3;5;3;0;1;1;0;0;0;0;508405,831000000240000;5768698,880000000800000;9,122631906000038;52,068812545000071;0
124467;5;7;11;0;2019;10;16;2;3;4;6;0;1;0;0;0;0;0;469354,282181064600000;5764010,886623738300000;8,553339613000048;52,025880509000046;0
124471;5;7;11;0;2019;10;17;2;2;8;1;0;1;0;0;0;0;0;474143,940000001340000;5764493,963000001400000;8,623110432000033;52,030467669000075;0
124473;5;7;11;0;2019;10;14;2;3;4;2;0;1;1;0;0;0;0;474971,804000000470000;5762527,406999999700000;8,635321296000029;52,012824849000026;0
124475;5;3;34;2;2019;10;14;6;3;4;2;0;1;1;0;0;0;0;293975,732291275640000;5628150,913013819600000;6,078172594000023;50,768486636000034;1
124477;5;7;11;0;2019;10;12;2;3;5;2;0;1;1;0;0;0;0;470239,054999999700000;5765050,020999999700000;8,566144335000047;52,035271186000045;1
124487;5;3;15;0;2019;10;14;6;3;1;5;0;1;1;0;0;0;0;354543,017814893280000;5645717,276787882700000;6,929433018000054;50,944705125000041;1
124489;5;3;82;48;2019;10;19;6;3;5;3;2;1;1;0;0;0;0;352737,189123782330000;5610355,007243409800000;6,917914238000037;50,626451312000029;0
124492;5;1;70;36;2019;10;8;6;2;3;2;1;1;0;0;0;0;1;354000,000000000930000;5728949,675000000700000;6,887619058000041;51,692493380000030;1
124497;5;1;58;32;2019;10;12;6;3;5;3;0;1;1;0;0;0;0;364132,221003188750000;5689850,211664859200000;7,049194330000034;51,343672097000081;1
124498;5;1;62;12;2019;10;16;6;3;5;2;0;1;1;0;0;0;0;328801,123516576360000;5665538,309642387600000;6,553967309000029;51,115714708000041;0
124499;5;1;62;22;2019;10;16;6;3;4;2;0;1;1;0;0;0;0;339448,265841836110000;5679121,404314043000000;6,699886798000023;51,240840680000076;0
124505;5;3;15;0;2019;10;0;5;2;0;1;2;1;0;0;0;0;0;354897,080828881820000;5646298,720443464800000;6,934237888000041;50,950019625000039;0
124507;5;7;54;28;2019;10;6;5;3;0;6;2;1;0;0;0;0;1;451682,010108248330000;5743640,529573082900000;8,298645085000032;51,841485265000074;0
124508;5;7;54;8;2019;10;17;5;3;8;1;0;1;0;0;0;0;0;455848,532650183890000;5750469,217774374400000;8,358246215000065;51,903224229000045;0
124509;5;7;54;4;2019;10;14;5;3;5;3;0;1;1;0;0;0;0;451536,011364969420000;5772038,736404364900000;8,292516913000043;52,096781686000043;0
124512;5;7;66;44;2019;10;19;5;3;5;2;2;1;1;0;0;0;0;494140,647745882160000;5763068,571423683300000;8,914614904000075;52,018223904000081;0
124528;5;9;14;0;2019;10;11;5;3;1;3;0;1;1;0;0;0;0;393620,367503650490000;5695503,902855189500000;7,470711958000038;51,400776208000082;0
124532;5;9;11;0;2019;10;9;5;3;5;3;0;1;1;0;0;0;0;374373,099236948420000;5707808,330499274700000;7,189784682000038;51,507424059000073;0
124546;5;5;70;40;2019;10;16;4;3;5;2;0;1;1;0;0;0;0;411159,529000001960000;5749515,484000003000000;7,709058271000060;51,889317838000068;0
124547;5;3;78;4;2019;10;7;5;2;5;7;1;1;1;0;0;0;0;365557,194127626720000;5653678,365372741600000;7,083176288000061;51,018929227000058;0
124558;5;3;58;44;2019;10;14;4;2;0;1;0;1;0;0;0;0;0;317246,065827225330000;5614814,411211440300000;6,414412809000055;50,656472223000037;0
124559;5;3;34;2;2019;10;9;4;3;5;3;0;1;1;0;0;0;0;296954,305062692610000;5628082,252499891400000;6,120395121000058;50,768919953000079;0
124560;5;3;34;2;2019;10;18;4;2;5;2;1;1;1;0;0;0;0;294684,329596125520000;5627614,331973878700000;6,088507385000071;50,763918645000047;0
124561;5;3;74;12;2019;10;16;4;3;5;3;0;1;1;0;0;0;0;396786,912317724900000;5653435,341825300800000;7,528323461000070;51,023199453000075;0
124566;5;3;15;0;2019;10;0;4;3;3;6;2;1;1;0;0;0;0;356516,312121395020000;5646579,253238663100000;6,957163808000075;50,952946079000071;0
124567;5;3;15;0;2019;10;10;4;3;0;2;0;1;0;0;0;0;1;354852,023484160190000;5644410,743858303900000;6,934349129000054;50,933041528000047;0
124568;5;3;82;4;2019;10;7;4;3;5;3;1;1;1;0;0;0;0;359770,682463618930000;5622499,587498772900000;7,012686076000023;50,737335916000063;0
124574;5;1;66;36;2019;10;10;4;3;4;2;0;1;1;0;0;0;0;328453,612903822210000;5680364,757996087900000;6,541928803000076;51,248811003000071;0
124579;5;5;13;0;2019;10;19;5;3;5;2;2;1;1;0;0;0;0;363104,041000000200000;5711100,058000000200000;7,026224189000061;51,534387227000082;0
124583;5;1;11;0;2019;10;9;4;3;0;7;0;1;1;0;0;0;0;346623,577527346090000;5676161,918915536300000;6,803866237000023;51,216222342000037;0
124587;5;1;11;0;2019;10;7;4;3;1;7;2;1;1;0;0;0;0;344458,779987948020000;5678728,534072667400000;6,771780420000027;51,238698690000035;0
124588;5;7;74;32;2019;10;17;4;2;2;2;0;1;1;0;0;0;0;478950,334259005260000;5730088,397302359300000;8,695267705000049;51,721329772000047;0
124589;5;7;74;32;2019;10;11;4;2;5;3;0;1;1;0;0;0;0;480416,453812165190000;5733462,049022363500000;8,716302293000069;51,751716250000072;0
124590;5;7;58;4;2019;10;14;4;3;7;7;0;1;0;0;0;0;0;467927,094999999740000;5781951,377999998600000;8,530849528000033;52,187093711000045;0
124592;5;3;34;32;2019;10;14;5;3;5;3;0;1;1;0;0;0;0;304250,563708519560000;5630201,991301309300000;6,222610483000040;50,790467597000031;0
124596;5;7;11;0;2019;10;14;4;3;3;3;0;1;1;0;0;0;0;467348,437000000850000;5763096,266000002600000;8,524192798000058;52,017543056000079;0
124605;5;9;58;44;2019;10;6;4;3;3;3;2;1;1;0;0;0;0;429448,674361447800000;5690321,988297686000000;7,986691775000054;51,359776859000078;0