OBJECTID;ULAND;UREGBEZ;UKREIS;UGEMEINDE;UJAHR;UMONAT;USTUNDE;UWOCHENTAG;UKATEGORIE;UART;UTYP1;ULICHTVERH;IstRad;IstPKW;IstFuss;IstKrad;IstGkfz;IstSonstige;LINREFX;LINREFY;XGCSWGS84;YGCSWGS84;STRZUSTAND
124623;5;5;54;8;2019;10;17;3;3;4;3;0;1;1;0;0;0;0;334284,349956596270000;5745598,005027087400000;6,594680223000069;51,836579471000050;0
124624;5;5;54;8;2019;10;11;3;3;5;3;0;1;1;0;0;0;0;334708,936959537680000;5745717,198412181800000;6,600780214000054;51,837776033000068;0
124627;5;5;15;0;2019;10;8;3;3;5;2;0;1;0;0;0;1;0;405972,652820154090000;5752312,597434286000000;7,632947175000027;51,913609026000074;0
124628;5;5;15;0;2019;10;2;3;3;7;2;2;1;0;0;0;0;0;405610,230889315720000;5756973,465075174300000;7,626400722000028;51,955441814000039;0
124630;5;5;62;12;2019;10;14;3;3;5;3;0;1;1;0;0;0;0;359320,546000001020000;5725833,866999998700000;6,965800714000068;51,665853944000048;0
124631;5;5;62;32;2019;10;6;3;3;8;1;2;1;0;0;0;0;0;376199,937076397240000;5715605,565690757700000;7,213351603000035;51,577903277000075;0
124633;5;3;34;2;2019;10;17;3;3;0;1;0;1;0;0;0;0;0;294933,527750035750000;5627938,832200035500000;6,091855480000049;50,766921181000043;0
124638;5;3;62;8;2019;10;11;3;3;0;3;0;1;1;0;0;0;0;336504,203518181110000;5645085,809766188300000;6,673149441000021;50,934198378000076;0
124639;5;1;11;0;2019;10;16;5;3;5;3;0;1;1;0;0;0;0;343419,047764149490000;5675520,416673027000000;6,758299217000058;51,209588525000072;0
124640;5;3;15;0;2019;10;12;3;3;5;3;0;1;1;0;0;0;0;354364,728751009330000;5643976,612370818900000;6,927592566000044;50,929017272000067;0
124643;5;3;14;0;2019;10;14;3;2;6;6;0;1;0;1;0;0;0;367080,261761771520000;5624783,831945663300000;7,115390804000072;50,759585769000068;0
124646;5;3;34;2;2019;10;15;5;3;4;6;0;1;0;0;0;0;0;296628,044248531570000;5630244,653003353600000;6,114578468000048;50,788227146000054;0
124649;5;5;13;0;2019;10;18;5;3;5;3;1;1;1;0;0;0;0;366595,138000001200000;5709453,484000004800000;7,077151795000020;51,520425854000052;0
124650;5;1;70;48;2019;10;8;3;3;5;2;0;1;1;0;0;0;0;334555,354767682030000;5725551,495955057400000;6,608145254000021;51,656572487000062;0
124653;5;1;54;16;2019;10;9;3;3;5;2;0;1;1;0;0;0;0;303804,131567280740000;5728461,138400740900000;6,162478680000049;51,672813124000072;1
124659;5;1;16;0;2019;10;18;3;3;5;3;0;1;1;0;0;0;0;321250,550379176620000;5671050,825939640400000;6,443464352000035;51,162930228000050;0
124662;5;1;14;0;2019;10;13;3;3;3;7;0;1;0;0;0;1;0;329768,895681813360000;5690655,500386156100000;6,555849982000041;51,341655781000043;0
124663;5;1;22;0;2019;10;13;3;2;4;2;0;1;1;0;0;0;0;365886,610000001270000;5668977,769999999600000;7,082190184000069;51,156507064000039;0
124664;5;1;24;0;2019;10;16;3;3;3;2;0;1;1;0;0;0;0;371271,061667930330000;5680529,670345615600000;7,154998506000027;51,261566738000056;0
124671;5;7;74;32;2019;10;12;3;3;5;2;0;1;1;0;0;0;0;482681,459488474760000;5728063,729557938900000;8,749382560000072;51,703253000000075;0
124672;5;7;70;4;2019;10;13;3;3;5;3;0;1;1;0;0;0;0;487314,861753337090000;5784680,016414530600000;8,814341499000022;52,212412596000036;0
124674;5;7;70;24;2019;10;8;3;3;5;3;0;1;1;0;0;0;0;495650,770999999720000;5794156,618000000700000;8,936222848000057;52,297741428000052;0
124678;5;7;54;8;2019;10;6;3;3;5;3;2;1;1;0;0;0;0;458794,433139538390000;5751333,336544783800000;8,400959727000043;51,911218863000045;0
124680;5;7;66;8;2019;10;15;3;2;0;1;0;1;0;0;0;0;0;483482,080198069100000;5766600,742432571900000;8,759123907000060;52,049766097000031;0
124681;5;7;66;20;2019;10;4;3;2;8;1;2;1;0;0;0;0;0;491465,489000001920000;5750960,452000001400000;8,875932308000074;51,909325184000068;1
124695;5;9;62;16;2019;10;16;3;3;5;3;0;1;1;0;0;0;0;414288,958999999800000;5692879,953999999900000;7,768389535000040;51,380687443000056;0
124697;5;9;13;0;2019;10;15;3;2;5;2;0;1;1;0;0;0;0;395441,370343460700000;5704546,301100090100000;7,494209387000069;51,482394352000028;0
124711;5;3;16;0;2019;10;17;5;3;3;1;0;1;1;0;0;0;0;361160,692209145990000;5656803,491342024900000;7,019335130000059;51,045970209000075;0
124713;5;5;54;8;2019;10;19;2;3;5;2;2;1;1;0;0;0;0;334642,134999999780000;5745677,240000000200000;6,599830590000067;51,837397300000077;0
124714;5;9;11;0;2019;10;14;2;3;5;3;0;1;1;0;0;0;0;357519,185449783690000;5777547,942227687700000;6,918399156000021;52,130063351000047;0
124718;5;1;70;48;2019;10;13;5;3;5;3;0;1;1;0;0;0;0;334687,501252694060000;5726117,771648347400000;6,609786146000033;51,661698587000046;0
124721;5;5;15;0;2019;10;14;2;3;5;3;0;1;1;0;0;0;0;405092,451772007160000;5759105,851800264800000;7,618278797000073;51,974520425000037;0
124728;5;5;13;0;2019;10;20;2;3;0;2;2;1;1;0;0;0;0;366830,503000000490000;5710719,913000002500000;7,080063444000075;51,531862331000070;0
124739;5;3;78;28;2019;10;21;2;3;5;3;2;1;1;0;0;0;0;372162,487566924650000;5640184,056751454200000;7,182039853000049;50,899148659000048;0
124744;5;1;58;36;2019;10;20;5;3;5;3;2;1;1;0;0;0;0;362875,847503990870000;5683199,501769146000000;7,033723946000066;51,283602400000063;0
124745;5;3;62;12;2019;10;17;2;3;0;7;0;1;0;0;0;0;0;350017,322748271750000;5634293,713870775000000;6,869747278000034;50,840888480000046;1
124747;5;3;62;28;2019;10;11;2;2;0;7;0;1;0;0;0;0;0;351322,370000001040000;5638194,355000000400000;6,886685306000061;50,876278775000060;0
124750;5;5;13;0;2019;10;17;5;3;5;2;0;1;1;0;0;0;0;364722,029979733750000;5715451,332611966900000;7,047864119000053;51,573879649000048;0
124755;5;1;62;24;2019;10;16;5;3;3;6;0;1;0;0;0;0;0;341052,769299736250000;5674431,162094976800000;6,724933126000053;51,199147862000075;0
124757;5;3;62;8;2019;10;7;2;3;0;3;1;1;1;0;0;0;0;336513,715276580300000;5645069,639822011800000;6,673291945000074;50,934055784000066;1
124759;5;1;62;24;2019;10;8;5;3;4;6;0;1;0;0;0;0;0;340546,997039847080000;5671871,768105365300000;6,718836093000050;51,176010594000047;0
124761;5;1;14;0;2019;10;16;5;3;0;6;0;1;0;0;0;0;0;325954,395238925700000;5697209,818813126500000;6,497928296000055;51,399380574000077;0
124762;5;7;62;4;2019;10;6;5;3;3;2;1;1;1;0;0;0;0;501070,810905836520000;5729812,040938556200000;9,015501209000036;51,719239028000061;0
124766;5;3;14;0;2019;10;6;2;3;0;1;2;1;0;0;0;0;0;367398,703213502650000;5622734,711244544000000;7,120641078000062;50,741241039000045;1
124767;5;3;14;0;2019;10;20;2;3;5;3;2;1;1;0;0;0;0;365656,309091611770000;5622310,639044944200000;7,096115173000044;50,737029005000068;0
124768;5;1;58;20;2019;10;14;2;3;6;6;0;1;0;1;0;0;0;355698,358855099420000;5664087,462702300400000;6,938555131000044;51,110081941000033;0
124770;5;3;34;2;2019;10;18;5;3;8;1;2;1;0;0;0;0;0;295186,377000001260000;5632665,955000001900000;6,092802152000047;50,809465968000040;0
124773;5;7;58;4;2019;10;11;5;3;2;6;0;1;1;0;0;0;0;470725,088856547140000;5780819,679085848900000;8,571873953000022;52,177074883000046;0
124774;5;1;54;28;2019;10;12;2;2;5;2;0;1;1;0;0;0;0;320328,303480012340000;5702186,088813860000000;6,414612388000023;51,442327107000040;0
124791;5;3;15;0;2019;10;8;5;3;0;3;0;1;0;0;1;0;0;355890,406000000420000;5644647,446000002300000;6,949022950000028;50,935429119000048;0
124792;5;7;66;8;2019;10;15;2;3;3;1;0;1;0;0;0;0;1;482077,836306692100000;5770686,373742751800000;8,738431910000031;52,086455395000030;0
124795;5;7;11;0;2019;10;8;2;2;0;3;0;1;0;0;0;0;0;469063,603910259900000;5761817,808748511600000;8,549301301000071;52,006147166000062;0
124798;5;9;70;40;2019;10;13;2;3;5;3;0;1;1;0;0;0;0;429680,585000000890000;5634420,258000001300000;8,000918389000049;50,857196004000059;0
124801;5;5;62;12;2019;10;12;2;3;5;3;0;1;1;0;0;0;0;359099,414978004990000;5726750,779227921700000;6,962235570000075;51,674037707000082;0
124802;5;9;58;44;2019;10;13;2;3;8;1;0;1;0;0;0;0;0;432920,569101484490000;5681298,270177006700000;8,038248045000046;51,279067621000081;0
124825;5;3;74;44;2019;10;15;2;3;3;2;0;1;1;0;0;0;0;403328,640999999830000;5637400,699999997400000;7,625827817000072;50,880185712000070;0
124829;5;3;34;36;2019;10;16;2;3;6;6;0;1;0;1;0;0;0;300849,158910775560000;5635098,922739258000000;6,171754891000035;50,833292644000039;0
124833;5;5;15;0;2019;10;7;1;3;0;3;0;1;1;0;0;0;0;404125,007018477660000;5748865,765519291200000;7,607051562000038;51,882312332000026;1
124836;5;3;58;28;2019;10;12;1;3;0;1;0;1;0;0;0;0;0;322617,351044060660000;5624386,791240299100000;6,485729059000050;50,744133987000055;1
124839;5;3;78;32;2019;10;15;1;3;5;3;0;1;1;0;0;0;0;374644,528034971100000;5660837,322937471800000;7,210190052000030;51,085327230000075;0
124840;5;3;62;24;2019;10;1;1;3;4;6;2;1;0;0;0;0;0;343730,704152944500000;5646050,851880099600000;6,775497340000072;50,944873392000034;0
124845;5;3;15;0;2019;10;2;1;2;0;1;2;1;0;0;0;0;0;355249,978642598730000;5645128,043153194700000;6,939723709000020;50,939587752000079;0
124846;5;5;15;0;2019;10;18;2;3;5;3;2;1;1;0;0;0;0;405447,854729336690000;5755196,332186412100000;7,624527316000069;51,939440567000076;0
124851;5;1;62;28;2019;10;13;1;2;5;3;0;1;1;0;0;0;0;337796,272000000810000;5663221,912999998800000;6,683412472000043;51,097518702000059;0
124856;5;1;12;0;2019;10;0;1;3;1;5;2;1;1;0;0;0;0;339742,788474438710000;5692734,032062020200000;6,697989409000059;51,363230067000075;0
124859;5;7;74;32;2019;10;17;1;3;5;3;1;1;1;0;0;0;0;479639,590822026130000;5737370,754890123400000;8,704819248000035;51,786832482000079;0
124868;5;1;70;24;2019;10;13;2;3;5;2;0;1;1;0;0;0;0;335541,005334824320000;5703727,053187916100000;6,632589314000029;51,460792621000053;0
124870;5;9;15;0;2019;10;1;1;2;5;3;2;1;1;0;0;0;0;417094,462993337770000;5728772,984560268000000;7,800236864000055;51,703771850000066;0
124881;5;5;54;32;2019;10;12;7;3;5;2;0;1;1;0;0;0;0;322514,159107163550000;5747312,424083732100000;6,423139563000063;51,848362746000078;0
124886;5;3;70;20;2019;10;15;7;3;5;2;0;1;1;0;0;0;0;304114,778510170060000;5660099,229883130600000;6,204627350000067;51,058957733000057;0
124890;5;3;58;16;2019;10;11;7;3;5;3;0;1;1;0;0;0;0;313684,386480668560000;5620413,686341010000000;6,361257554000076;50,705644765000045;0
124891;5;1;12;0;2019;10;7;2;3;8;2;0;1;1;0;0;0;0;343940,735999999570000;5693954,177999997500000;6,757704801000045;51,375361983000062;0
124892;5;3;58;8;2019;10;21;7;2;5;3;2;1;0;0;1;0;0;322241,214400229980000;5631001,870604896900000;6,477206147000061;50,803449742000055;0
124902;5;3;78;4;2019;10;0;7;3;0;1;2;1;0;0;0;0;0;371850,908000000750000;5651740,076999999600000;7,173543756000072;51,002945252000075;1
124904;5;1;12;0;2019;10;18;2;3;3;6;2;1;1;0;0;0;0;346191,967224071730000;5696000,294684955900000;6,789138842000057;51,394361073000027;0
124908;5;3;15;0;2019;10;19;7;3;0;6;2;1;0;1;0;0;0;353292,949382221330000;5646758,344806909600000;6,911231550000025;50,953744038000082;0
124914;5;1;58;20;2019;10;11;7;3;5;3;0;1;1;0;0;0;0;356029,946999999690000;5667842,525000004100000;6,941788946000031;51,143910199000061;0
124921;5;1;22;0;2019;10;14;7;3;0;7;0;1;0;0;0;0;0;366213,581589186560000;5671189,398120218900000;7,086040279000031;51,176460003000045;0
124930;5;1;13;0;2019;10;10;7;3;0;2;0;1;0;0;0;0;0;366998,758529919200000;5695161,725920749800000;7,088340320000043;51,392084272000034;0
124931;5;1;13;0;2019;10;9;7;3;5;3;0;1;1;0;0;0;0;361203,014153146180000;5700341,251075804200000;7,003062121000028;51,437241496000070;0
124938;5;7;62;20;2019;10;15;7;3;5;3;0;1;1;0;0;0;0;526135,141359542500000;5736536,875033622600000;9,378836996000075;51,779095009000059;0
124939;5;5;13;0;2019;10;8;2;3;5;3;0;1;1;0;0;0;0;369055,960322078320000;5708137,158069076000000;7,113089278000075;51,509172119000027;0
124953;5;1;12;0;2019;10;16;2;3;5;3;0;1;1;0;0;0;0;341514,407127639280000;5703069,895570013700000;6,718797123000059;51,456592250000028;0
124954;5;9;15;0;2019;10;18;7;3;5;3;0;1;0;0;0;0;0;418205,832842766310000;5725581,148837722800000;7,817064505000076;51,675241899000071;0
124970;5;5;15;0;2019;10;12;2;3;3;7;0;1;1;0;0;0;0;404643,797761144120000;5756657,297323111400000;7,612428957000077;51,952435097000034;0
124974;5;5;70;48;2019;10;12;6;3;5;3;0;1;1;0;0;0;0;452304,347000001000000;5729542,644999999600000;8,309614938000038;51,714789710000048;0
124978;5;3;15;0;2019;10;9;2;3;2;6;0;1;1;0;0;0;0;358660,497000000440000;5639684,623999999800000;6,990343334000045;50,891513341000064;0
124982;5;5;15;0;2019;10;9;6;3;0;7;0;1;1;0;0;0;0;403694,536981939340000;5759591,298144228800000;7,597797417000038;51,978643265000073;0
124989;5;3;34;4;2019;10;18;6;3;0;1;1;1;0;0;0;0;0;302688,799485785890000;5638037,737747628200000;6,196264064000047;50,860318948000042;0
124996;5;3;66;16;2019;10;16;6;2;5;3;0;1;1;0;0;0;0;345021,825000000190000;5614957,279000001000000;6,806987752000055;50,665809819000060;0
124997;5;3;66;4;2019;10;15;6;3;0;1;0;1;0;0;0;0;0;342508,449661422520000;5596774,818463183900000;6,779152912000029;50,501741281000079;0
124998;5;3;15;0;2019;10;13;6;3;5;3;0;1;1;0;0;0;0;365957,964723295530000;5635842,475807543800000;7,095448949000058;50,858720867000045;0
124999;5;3;15;0;2019;10;16;6;2;5;3;0;1;1;0;0;0;0;358314,823178943250000;5642998,791507732100000;6,984145128000023;50,921213332000036;0
125004;5;3;15;0;2019;10;16;6;2;0;7;0;1;0;0;0;0;0;355348,329961943440000;5651494,834380690000000;6,938590608000027;50,996829073000072;0
125005;5;3;15;0;2019;10;11;6;3;5;2;0;1;1;0;0;0;0;352479,772124935870000;5644928,611503822700000;6,900403205000032;50,937093501000049;0
125006;5;3;15;0;2019;10;12;6;3;0;7;0;1;1;0;0;0;0;354193,585360518660000;5644489,707270380100000;6,924953634000076;50,933585070000049;0
125008;5;3;14;0;2019;10;17;6;3;5;2;0;1;1;0;0;0;0;371373,311478869060000;5614441,729188984300000;7,179831431000025;50,667594381000072;0
125016;5;1;11;0;2019;10;15;2;3;5;3;0;1;1;0;0;0;0;346980,010000000710000;5676674,475999999800000;6,808747102000041;51,220923594000055;0
125026;5;1;66;12;2019;10;10;6;2;5;2;0;1;1;0;0;0;0;320364,259267720390000;5693252,071752321000000;6,419652171000053;51,362086591000036;0
125028;5;1;62;4;2019;10;11;6;3;5;3;0;1;1;0;0;0;0;340014,110000001270000;5664905,746000003100000;6,714313944000026;51,113271312000052;0
125030;5;1;19;0;2019;10;14;6;3;5;3;0;1;1;0;0;0;0;351152,282949726100000;5712823,654143100600000;6,853298886000061;51,546849940000072;0
125040;5;7;70;4;2019;10;7;6;3;5;3;1;1;1;0;0;0;0;487684,313000001010000;5785735,484999999400000;8,819710306000047;52,221910254000079;1
125042;5;7;58;16;2019;10;16;6;3;5;3;0;1;1;0;0;0;0;474658,257789984350000;5779476,837129006200000;8,629492824000067;52,165196749000074;0
125044;5;7;54;48;2019;10;18;6;2;0;1;2;1;0;0;0;0;0;446112,446678049860000;5768101,243142081400000;8,213972763000072;52,060881998000070;0
125046;5;7;54;48;2019;10;18;6;3;5;2;1;1;1;0;0;0;0;442077,063110402790000;5766145,726789239800000;8,155449125000075;52,042894869000065;0
125048;5;7;54;4;2019;10;18;6;3;0;7;2;1;0;0;0;0;0;450567,076472059820000;5771450,616321433300000;8,278458793000027;52,091408704000060;0
125052;5;9;78;40;2019;10;16;6;3;5;2;0;1;1;0;0;0;0;408704,814238583670000;5724958,490218268700000;7,679857502000061;51,668180881000069;0
125053;5;1;70;48;2019;10;15;2;3;5;3;0;1;1;0;0;0;0;335742,009000001480000;5725788,479000002100000;6,625173596000025;51,659049477000053;0
125054;5;9;78;28;2019;10;12;6;3;5;3;0;1;1;0;0;0;0;401495,658047304490000;5700519,969799891100000;7,582492018000039;51,447288460000038;0
125065;5;9;11;0;2019;10;9;6;3;0;1;0;1;0;0;0;0;0;376709,002042653040000;5701559,897851361000000;7,225607364000041;51,451781142000073;0
125078;5;7;58;4;2019;10;13;2;3;5;3;0;1;1;0;0;0;0;469469,635624491610000;5782505,689581485500000;8,553362539000034;52,192164745000071;0
125085;5;5;70;44;2019;10;13;5;3;0;7;0;1;0;1;0;0;0;416842,772462487220000;5759939,189392961600000;7,789100854000026;51,983893889000058;0
125087;5;3;62;28;2019;10;18;2;3;5;3;2;1;1;0;0;0;0;352663,639000001360000;5640148,133000005000000;6,904948850000039;50,894180221000056;0
125089;5;5;66;76;2019;10;16;5;2;2;2;0;1;1;0;0;0;0;398255,124944304120000;5792508,164098966900000;7,508783028000039;52,273522054000068;0
125093;5;5;62;28;2019;10;13;5;2;1;5;0;1;1;0;0;0;0;379761,700653054750000;5722579,381720887500000;7,262336229000027;51,641350966000061;0
125095;5;5;15;0;2019;10;16;2;3;5;2;0;1;1;0;0;0;0;406259,276255899110000;5757409,923976937300000;7,635723904000031;51,959474700000044;0
125097;5;5;12;0;2019;10;6;5;3;5;2;2;1;1;0;0;0;0;355342,923537134190000;5714596,710305403900000;6,912963765000029;51,563871846000040;0
125101;5;1;14;0;2019;10;12;3;3;4;2;0;1;1;0;0;0;0;334051,863122706300000;5690482,548805540400000;6,617366898000057;51,341368363000072;0
125109;5;1;11;0;2019;10;7;4;3;5;3;1;1;1;0;0;0;0;347497,872999999670000;5681038,129000000700000;6,814298863000033;51,260272136000026;0
125113;5;5;54;4;2019;10;10;3;3;5;3;0;1;1;0;0;0;0;362595,690000001340000;5771706,660000000100000;6,994871387000046;52,078863218000038;0
125116;5;3;16;0;2019;10;16;4;3;5;3;0;1;1;0;0;0;0;363167,417999999600000;5655751,155999999500000;7,048342476000073;51,036994159000074;0
125117;5;3;14;0;2019;10;16;3;3;0;1;1;1;1;0;0;0;0;369129,384110528980000;5617242,300335323400000;7,147104373000047;50,692266644000028;0
125125;5;5;66;8;2019;10;22;4;3;0;7;2;1;0;0;0;0;0;399645,257453440690000;5781949,538399023900000;7,532283117000077;52,178880288000073;0
125141;5;1;66;32;2019;10;13;5;3;5;3;0;1;1;0;0;0;0;318964,985745321030000;5679628,342056291200000;6,406485038000028;51,239263291000043;0
125148;5;1;11;0;2019;10;13;3;3;1;2;0;1;0;0;0;0;1;344866,318019261580000;5681267,157722178800000;6,776513595000040;51,261620041000072;0
125150;5;5;62;32;2019;10;16;4;3;5;3;0;1;1;0;0;0;0;376196,079368258830000;5715576,229447484000000;7,213306300000056;51,577638778000050;0
125155;5;1;16;0;2019;10;18;5;2;5;2;2;1;1;0;0;0;0;320941,815817789170000;5669328,701473828400000;6,439910250000025;51,147363372000029;0
125161;5;3;15;0;2019;10;11;3;2;0;1;0;1;0;0;0;0;0;352519,951999999580000;5647227,084000000700000;6,900043821000054;50,957759090000081;0
125164;5;7;58;4;2019;10;5;3;3;5;3;2;1;1;0;0;0;0;471022,381135359410000;5783909,374104637700000;8,575957325000047;52,204868233000070;1
125172;5;7;11;0;2019;10;15;3;3;5;3;0;1;1;0;0;0;0;468757,337395119480000;5764604,078582063300000;8,544585282000071;52,031180376000066;0
125173;5;5;66;12;2019;10;12;3;3;5;2;0;1;1;0;0;0;0;401158,569048573260000;5775559,254123119600000;7,556267365000053;52,121718472000055;0
125181;5;9;78;16;2019;10;10;3;3;6;7;0;1;0;1;0;0;0;404043,224042057060000;5706953,561046781000000;7,617393030000073;51,505558386000075;0
125183;5;5;54;20;2019;10;14;4;3;0;1;0;1;0;0;0;0;0;365681,083965668450000;5782367,175643675000000;7,035658209000076;52,175410214000067;0
125189;5;1;54;36;2019;10;6;3;3;3;2;1;1;0;0;0;0;1;302098,468291353430000;5741521,770958218700000;6,130419651000068;51,789500947000079;0
125191;5;7;54;44;2019;10;13;5;3;5;2;0;1;1;0;0;0;0;469211,225571828890000;5750589,870004449000000;8,552458082000044;51,905207767000036;0
125194;5;9;16;0;2019;10;10;5;3;0;2;0;1;1;0;0;0;0;372413,900999999610000;5710145,386000001800000;7,160723163000057;51,527988380000068;0
125200;5;9;78;20;2019;10;12;5;3;5;3;0;1;1;0;0;0;0;406556,564000001180000;5716479,677000002900000;7,651065486000050;51,591611391000072;0
125209;5;3;82;44;2019;10;18;3;3;5;2;2;1;1;0;0;0;0;363603,192806790580000;5627265,962391359700000;7,065200253000057;50,781087637000041;0
125211;5;1;16;0;2019;10;8;5;2;4;2;0;1;1;0;0;0;0;318621,797004472460000;5667761,122652815700000;6,407565194000028;51,132551319000072;1
125230;5;9;62;24;2019;10;11;3;3;5;3;0;1;1;0;0;0;0;409471,718144362790000;5692113,449793944100000;7,699382963000062;51,373049018000074;0
125232;5;5;70;8;2019;10;16;4;2;5;2;0;1;1;0;0;0;0;433884,724554330110000;5734730,296318411800000;8,042043422000063;51,759558475000063;0
125234;5;3;74;12;2019;10;15;4;3;5;3;0;1;1;0;0;0;0;398419,855622200300000;5649611,547967894000000;7,552669258000037;50,989115877000074;0
125236;5;9;15;0;2019;10;12;3;3;5;3;0;1;1;0;0;0;0;416887,335323415700000;5723391,568922255200000;7,798521247000053;51,655365132000043;0
125237;5;9;15;0;2019;10;9;4;3;5;3;0;1;1;0;0;0;0;415545,398054941560000;5724558,225512201000000;7,778844968000044;51,665652688000080;0
125241;5;9;78;16;2019;10;7;4;3;5;3;0;1;1;0;0;0;0;404762,966361988340000;5706651,741832628800000;7,627841832000058;51,502967050000052;0
125242;5;9;15;0;2019;10;19;5;3;4;2;2;1;1;0;0;0;0;417350,295562164860000;5725221,828109916300000;7,804779350000047;51,671886546000053;0
125244;5;5;62;36;2019;10;12;3;3;5;3;0;1;1;0;0;0;0;388412,903588427230000;5718313,870912673000000;7,388665464000042;51,604795804000048;0
125245;5;5;66;84;2019;10;13;4;2;5;3;0;1;0;0;0;0;0;390051,751701611090000;5775794,235921001100000;7,394024628000068;52,121732935000068;0
125246;5;1;54;4;2019;10;22;5;3;4;6;2;1;1;0;0;0;0;305618,126630354670000;5741361,666499417300000;6,181477314000063;51,789296963000027;0
125248;5;3;15;0;2019;10;15;4;3;6;7;0;1;0;1;0;0;0;351673,717009812590000;5644984,300437398300000;6,888916578000021;50,937387189000049;0
125249;5;7;54;16;2019;10;10;5;3;5;2;0;1;1;0;0;0;0;447085,252000001260000;5756578,964999999900000;8,229941281000038;51,957388997000066;0
125251;5;9;16;0;2019;10;7;4;3;5;2;0;1;1;0;0;0;0;374389,804365125480000;5709723,101659825100000;7,189342878000048;51,524636224000062;0
125258;5;5;13;0;2019;10;14;3;1;5;2;0;1;0;0;0;1;0;365995,325479310010000;5716469,184882963100000;7,065838777000067;51,583330656000044;0
125259;5;5;54;20;2019;10;8;4;3;5;2;0;1;1;0;0;0;0;365876,274635487240000;5782612,412876782900000;7,038413988000059;52,177661253000053;0
125261;5;1;19;0;2019;10;11;3;3;2;5;0;1;1;0;0;0;0;352256,651233504530000;5709345,797174759200000;6,870673399000054;51,515890008000042;0
125262;5;1;70;24;2019;10;17;4;3;5;3;2;1;1;0;0;0;0;334642,680000000630000;5701277,458000002400000;6,620814483000061;51,438523657000076;0
125263;5;7;11;0;2019;10;8;5;2;5;2;0;1;1;0;0;0;0;468661,339000000620000;5764848,462000001200000;8,543163600000071;52,033372119000035;0
125267;5;9;13;0;2019;10;6;3;3;4;2;1;1;1;0;0;0;0;392978,389447219670000;5704148,603404393400000;7,458873169000071;51,478358947000061;0
125272;5;1;24;0;2019;10;10;4;3;2;1;0;1;1;0;0;0;0;371132,807000000960000;5680235,392000000900000;7,153124103000039;51,258890697000027;0
125283;5;3;34;2;2019;10;6;4;3;4;2;2;1;1;0;0;0;0;301025,619582341050000;5620927,491878178000000;6,181921595000063;50,706066376000081;0
125303;5;5;58;20;2019;10;11;4;3;0;7;0;1;0;0;0;0;0;390750,797440102320000;5759180,705698087800000;7,409541785000045;51,972558960000072;0
125305;5;1;62;22;2019;10;15;3;3;5;2;0;1;1;0;0;0;0;339128,123775449580000;5679761,215852642400000;6,695016860000067;51,246499103000076;0
125307;5;7;66;52;2019;10;10;5;2;5;3;0;1;1;0;0;0;0;517947,022604406810000;5757691,755808489400000;9,261249204000023;51,969622297000058;0
125312;5;7;58;8;2019;10;11;5;3;0;1;0;1;1;0;0;0;0;469474,109779151160000;5776508,913544192900000;8,553967361000048;52,138251385000046;0
125318;5;5;54;40;2019;10;13;4;3;5;2;0;1;1;0;0;0;0;351260,262764086950000;5739635,800794560500000;6,843441357000074;51,787789010000040;0
125320;5;1;16;0;2019;10;5;3;3;5;2;2;1;1;0;0;0;0;320428,639911593870000;5669619,950976314000000;6,432435720000058;51,149818985000081;0
125321;5;1;54;12;2019;10;18;4;3;5;3;2;1;1;0;0;0;0;313635,163238896990000;5711113,085849385700000;6,313702996000075;51,520346027000073;0
125331;5;3;34;2;2019;10;12;3;3;5;2;0;1;1;0;0;0;0;296696,891622909340000;5628276,506565807400000;6,116642063000029;50,770574500000066;0
125333;5;1;16;0;2019;10;15;5;3;0;5;0;1;1;0;0;0;0;320221,090888555160000;5675473,796613812400000;6,426543649000053;51,202339867000035;0
125336;5;9;74;28;2019;10;7;5;3;5;2;0;1;1;0;0;0;0;456929,891957294200000;5726999,410851674200000;8,376878479000027;51,692298076000043;0
125343;5;5;54;8;2019;10;15;5;3;0;7;0;1;0;0;0;0;0;333844,053361989560000;5745558,432591760500000;6,588314536000041;51,836093178000056;0
125350;5;5;54;16;2019;10;16;5;3;5;3;1;1;0;0;0;0;1;363031,752916764470000;5759009,886926755300000;7,006311321000055;51,964884872000027;0
125359;5;7;54;8;2019;10;15;4;3;5;3;0;1;1;0;0;0;0;457403,872811949810000;5756313,938010595700000;8,380128508000041;51,955892516000063;0
125360;5;5;62;24;2019;10;12;5;3;6;7;0;1;0;1;0;0;0;369276,146132734600000;5724886,981010736900000;7,110023449000039;51,659749028000078;0
125361;5;9;58;36;2019;10;21;5;2;4;6;2;1;1;0;0;0;0;464661,145656486970000;5690888,291286572800000;8,492350053000052;51,368151251000029;0
125364;5;5;58;12;2019;10;8;3;3;5;2;0;1;1;0;0;0;0;373644,656844696030000;5756444,976755149700000;7,161644698000032;51,944349083000077;0
125365;5;5;13;0;2019;10;14;5;2;5;2;0;1;1;0;0;0;0;365042,583999999800000;5716332,833000002400000;7,052148283000065;51,581877999000028;0