OBJECTID;ULAND;UREGBEZ;UKREIS;UGEMEINDE;UJAHR;UMONAT;USTUNDE;UWOCHENTAG;UKATEGORIE;UART;UTYP1;ULICHTVERH;IstRad;IstPKW;IstFuss;IstKrad;IstGkfz;IstSonstige;LINREFX;LINREFY;XGCSWGS84;YGCSWGS84;STRZUSTAND
125368;5;3;14;0;2019;10;14;3;3;0;3;0;1;0;0;0;0;1;365943,741781945340000;5623209,078193541600000;7,099859326000058;50,745170552000047;0
125380;5;3;82;68;2019;10;7;5;3;5;3;0;1;1;0;0;0;0;370965,856677064670000;5630764,243341816600000;7,168352607000031;50,814216137000074;0
125383;5;9;78;20;2019;10;20;4;3;9;6;2;1;0;0;0;0;0;411231,808578991330000;5715529,379727546100000;7,718778264000036;51,583824927000080;0
125386;5;5;66;8;2019;10;7;2;3;5;2;1;1;1;0;0;0;0;398265,137049245650000;5781110,434672778500000;7,512357433000034;52,171085931000050;0
125391;5;5;66;44;2019;10;6;4;2;3;2;1;1;1;0;0;0;0;424165,864222005010000;5774525,116292441300000;7,892476799000065;52,116057732000058;0
125392;5;3;62;32;2019;10;20;5;3;5;3;2;1;1;0;0;0;0;338866,051238923330000;5642920,679003266600000;6,707690713000034;50,915408483000078;0
125395;5;3;62;32;2019;10;11;5;3;3;6;0;1;1;0;0;0;0;341965,098065668720000;5636554,551752891400000;6,754494659000045;50,859060964000037;0
125396;5;3;15;0;2019;10;13;4;3;0;7;0;1;1;0;0;0;0;356786,696000000460000;5644708,120000001000000;6,961746504000075;50,936197663000030;0
125398;5;3;15;0;2019;10;8;5;3;0;1;0;1;0;0;0;0;0;359329,384072544980000;5647725,024137545400000;6,996745355000030;50,963936662000037;1
125401;5;3;15;0;2019;10;17;5;3;0;1;1;1;0;0;0;0;0;348279,993695857930000;5657868,129135889900000;6,835268919000043;51,052279704000057;0
125405;5;5;54;20;2019;10;15;2;3;2;2;0;1;1;0;0;0;0;364627,200000001120000;5787188,016000000800000;7,018329479000045;52,218469264000078;0
125407;5;3;70;36;2019;10;11;3;3;0;3;0;1;1;0;0;0;0;299706,310712150300000;5667195,611159900200000;6,137865102000035;51,121170776000042;0
125413;5;3;15;0;2019;10;5;5;3;5;3;1;1;1;0;0;0;0;353656,528985133390000;5648665,807591036000000;6,915637225000069;50,970978087000049;1
125414;5;5;54;20;2019;10;15;4;1;5;3;0;1;1;0;0;0;0;363452,590000000780000;5785143,254000002500000;7,001970764000021;52,199806871000078;0
125416;5;1;66;4;2019;10;12;5;2;5;3;0;1;0;0;1;0;0;304599,830501207150000;5686265,276899894700000;6,197317082000041;51,294133712000075;0
125420;5;3;14;0;2019;10;9;5;3;5;3;0;1;1;0;0;0;0;367783,632857321760000;5619341,962057335300000;7,127309975000060;50,710834399000078;0
125421;5;3;14;0;2019;10;7;5;3;2;6;0;1;0;0;0;1;0;369212,725159926340000;5622838,015144420800000;7,146300094000026;50,742580970000063;0
125424;5;3;82;8;2019;10;15;5;3;2;6;0;1;1;0;0;0;0;374628,264999999660000;5611387,631000002800000;7,226901837000071;50,640851997000027;0
125432;5;5;62;4;2019;10;11;4;3;5;3;0;1;1;0;0;0;0;382779,661958461630000;5713982,642107935600000;7,308804074000022;51,564723700000059;0
125433;5;1;70;48;2019;10;6;5;3;4;6;2;1;0;0;0;0;0;336744,852310657500000;5723511,941189384100000;6,640721816000053;51,638889531000075;0
125434;5;1;58;4;2019;10;9;5;3;5;2;0;1;1;0;0;0;0;357821,803204099650000;5675797,129781099000000;6,964240831000041;51,215842486000042;0
125436;5;5;54;8;2019;10;6;2;2;5;3;1;1;1;0;0;0;0;332004,632002831440000;5743943,669268272800000;6,562425642000051;51,821037437000030;0
125443;5;5;70;4;2019;10;8;3;3;5;3;0;1;1;0;0;0;0;422755,187401864680000;5735270,329073267100000;7,880696223000030;51,762988572000040;0
125454;5;3;15;0;2019;11;12;2;3;3;2;0;1;1;0;0;0;0;361816,883225454020000;5644842,900091042700000;7,033240564000039;50,938636245000055;1
125462;5;3;15;0;2019;11;7;2;3;5;2;0;1;0;0;0;0;0;359431,174012111500000;5638517,219687661200000;7,001743239000064;50,881209716000058;1
125463;5;3;15;0;2019;11;12;2;3;5;3;0;1;1;0;0;0;0;356039,613889640200000;5644640,331969806900000;6,951147844000047;50,935402452000062;1
125467;5;1;58;20;2019;11;21;2;3;5;2;2;1;1;0;0;0;0;356187,084279601460000;5665657,859772529500000;6,944905861000052;51,124317201000054;1
125469;5;1;58;28;2019;11;9;2;3;5;3;0;1;1;0;0;0;0;351580,757000001150000;5689645,580000001900000;6,869192393000049;51,338694727000075;1
125474;5;1;66;32;2019;11;16;2;3;5;2;0;1;1;0;0;0;0;316358,969000000510000;5685426,769999999600000;6,366215767000028;51,290515434000042;0
125484;5;1;17;0;2019;11;13;2;3;0;7;0;1;0;0;0;0;1;351839,657434614380000;5699376,564881978600000;6,868847621000043;51,426201921000029;1
125488;5;1;12;0;2019;11;11;2;3;3;2;0;1;1;0;0;0;0;344057,770000000480000;5694620,162000004200000;6,759092681000027;51,381378026000050;0
125492;5;7;74;32;2019;11;18;2;3;0;1;2;1;0;0;0;0;0;479060,048000000420000;5726035,830000000100000;8,697099400000070;51,684896076000030;1
125493;5;7;74;32;2019;11;17;2;2;5;2;2;1;1;0;0;0;0;480935,601850842130000;5730863,755465032500000;8,723965242000077;51,728372244000070;1
125499;5;7;11;0;2019;11;18;2;1;2;6;2;1;1;0;0;0;0;463287,412794563920000;5766820,632248945500000;8,464617314000066;52,050773171000060;0
125504;5;9;74;48;2019;11;14;2;3;4;7;0;1;1;0;0;0;0;433650,650664160960000;5714861,603377610400000;8,042426424000041;51,580907193000030;0
125514;5;9;15;0;2019;11;11;2;2;5;3;0;1;1;0;0;0;0;416567,849000001330000;5726021,122999999700000;7,793275894000033;51,678956111000048;0
125515;5;9;15;0;2019;11;8;2;3;5;3;0;1;1;0;0;0;0;418241,050999999980000;5726153,969999998800000;7,817439593000074;51,680396424000037;0
125516;5;9;15;0;2019;11;8;2;3;5;7;0;1;1;0;0;0;0;418211,986040020360000;5725243,517528966100000;7,817232544000035;51,672207644000082;1
125524;5;9;13;0;2019;11;16;2;3;5;2;2;1;1;0;0;0;0;394990,841004835440000;5706309,398692075200000;7,487199038000028;51,498158672000045;1
125550;5;5;58;24;2019;11;14;1;2;0;6;0;1;0;0;0;0;0;394392,312058493490000;5734718,729316499100000;7,470012895000025;51,753399981000030;0
125556;5;3;70;4;2019;11;3;1;3;0;1;2;1;0;0;0;0;0;312800,665255049240000;5661204,635682206600000;6,327859315000069;51,071784445000048;1
125561;5;3;62;32;2019;11;13;1;3;8;1;0;1;0;0;0;0;0;343522,637082836590000;5635244,027006467800000;6,777167815000041;50,847708203000082;0
125568;5;1;62;24;2019;11;14;1;3;4;6;0;1;0;0;0;0;0;338454,043350460010000;5672566,400538621500000;6,688607622000063;51,181664361000060;0
125575;5;1;11;0;2019;11;18;1;3;5;2;2;1;1;0;0;0;0;339313,043780206700000;5677752,400715522500000;6,698565301000031;51,228502285000047;1
125578;5;9;78;36;2019;11;20;1;3;0;7;0;1;0;0;0;0;0;406264,556487375870000;5710360,630801318200000;7,648483319000036;51,536558027000069;1
125579;5;9;78;36;2019;11;15;1;3;0;1;0;1;0;0;0;0;0;408382,931008357550000;5713434,692619582600000;7,678217383000060;51,564539360000026;0
125584;5;9;15;0;2019;11;9;1;3;0;1;0;1;0;0;0;0;0;417165,004607260230000;5728378,790887052200000;7,801351113000067;51,700238685000045;1
125596;5;5;66;28;2019;11;13;7;3;5;3;0;1;1;0;0;0;0;411308,478000001050000;5792452,125000003700000;7,700056042000028;52,275279102000070;1
125599;5;5;58;44;2019;11;12;7;3;3;3;0;1;1;0;0;0;0;394220,615524251010000;5745920,421014385300000;7,464108067000041;51,854048768000041;0
125600;5;5;58;12;2019;11;18;7;3;4;6;2;1;0;0;0;0;0;375879,594550853600000;5755214,234800923600000;7,194587564000074;51,933792021000045;0
125603;5;5;15;0;2019;11;16;7;3;5;2;0;1;0;0;0;0;1;405019,897000000810000;5757700,724000001300000;7,617611551000039;51,961878196000043;0
125607;5;3;70;24;2019;11;15;7;2;5;3;0;1;1;0;0;0;0;286653,600000000560000;5653751,954000001800000;5,959543549000046;50,995739968000066;0
125616;5;3;74;8;2019;11;16;7;3;0;7;0;1;0;0;0;0;0;384245,058991194700000;5648502,822685789300000;7,351141568000060;50,976473694000049;0
125627;5;1;62;22;2019;11;19;7;2;3;1;2;1;1;0;0;0;0;339329,270184112710000;5679404,604082789300000;6,698056437000048;51,243351692000033;0
125628;5;1;19;0;2019;11;12;7;3;5;3;0;1;1;0;0;0;0;352992,541320930240000;5711447,998519590100000;6,880394231000025;51,534971377000033;1
125631;5;1;16;0;2019;11;13;7;3;5;3;0;1;1;0;0;0;0;321234,345267186870000;5672694,346289418600000;6,442415757000049;51,177689356000030;1
125664;5;7;11;0;2019;11;12;7;2;5;2;0;1;1;0;0;0;0;470585,861749762670000;5755265,042926022800000;8,572039426000060;51,947315690000039;0
125667;5;7;54;36;2019;11;8;3;3;0;3;0;1;1;0;0;0;0;471992,929386085830000;5751515,142927389600000;8,592816210000024;51,913673576000065;1
125668;5;9;78;20;2019;11;10;7;3;0;6;0;1;0;0;0;0;1;410725,326455832460000;5715465,782871466100000;7,711486191000063;51,583173223000074;1
125672;5;7;66;20;2019;11;6;3;3;5;3;2;1;0;0;0;0;1;485718,933000000190000;5755417,368999999000000;8,792209102000072;51,949279662000038;1
125676;5;9;70;16;2019;11;21;7;3;1;6;2;1;1;0;0;0;0;420506,150517120960000;5639554,005500501000000;7,869479259000059;50,902164745000050;1
125678;5;7;11;0;2019;11;13;3;3;0;3;0;1;0;0;0;0;0;467556,297557113690000;5763036,251786686500000;8,527227372000027;52,017015684000057;0
125686;5;9;62;44;2019;11;0;7;3;8;1;2;1;0;0;0;0;0;405242,474545452740000;5689277,786735303700000;7,639395125000021;51,346868007000069;1
125689;5;9;13;0;2019;11;11;7;3;3;6;0;1;1;0;0;0;0;396195,789684815330000;5708251,111653009400000;7,503979992000041;51,515834616000063;0
125695;5;9;74;28;2019;11;13;3;3;5;3;0;1;1;0;0;0;0;453891,731999999840000;5723534,724999999600000;8,333384185000057;51,660906276000048;1
125709;5;9;58;44;2019;11;17;3;3;5;3;2;1;1;0;0;0;0;430849,216335628180000;5685697,821571452500000;8,007702198000061;51,318374942000048;1
125725;5;9;15;0;2019;11;8;3;3;0;7;0;1;1;0;0;0;0;421439,085473279470000;5723812,213007394200000;7,864212594000037;51,659801237000067;1
125727;5;5;62;20;2019;11;13;6;3;5;3;0;1;1;0;0;0;0;368518,902999999930000;5718711,982000002600000;7,101400797000053;51,604080283000030;1
125728;5;5;62;20;2019;11;13;6;3;5;3;0;1;0;0;0;0;1;372086,337035921400000;5719969,844139721200000;7,152426655000056;51,616206156000032;1
125735;5;3;58;8;2019;11;12;6;3;5;3;0;1;1;0;0;0;0;323094,301149245350000;5629685,234295330900000;6,489935032000062;50,791881923000062;0
125740;5;9;16;0;2019;11;16;3;3;0;2;0;1;1;0;0;0;0;372974,995000000110000;5710754,482000002600000;7,168587719000072;51,533588875000078;0
125758;5;1;14;0;2019;11;17;6;3;0;7;2;1;0;0;0;0;0;336082,909304930830000;5692251,312438122900000;6,645686780000062;51,357848843000056;1
125766;5;7;74;32;2019;11;17;6;2;5;2;2;1;1;0;0;0;0;478409,587270557880000;5733194,228691957900000;8,687246829000060;51,749234460000082;1
125769;5;7;74;20;2019;11;15;6;2;5;3;0;1;1;0;0;0;0;471552,481000000610000;5732784,730000000400000;8,587952486000063;51,745246352000038;1
125775;5;5;66;40;2019;11;7;2;3;0;7;1;1;0;0;0;0;0;425676,530572167600000;5780304,058307675600000;7,913271272000031;52,168210492000071;1
125777;5;5;66;84;2019;11;16;2;2;3;2;1;1;1;0;0;0;0;390689,491666736080000;5774140,634077373900000;7,403866911000023;52,106998007000072;0
125790;5;5;54;16;2019;11;17;2;3;5;3;2;1;1;0;0;0;0;362179,175999999980000;5757705,470000000700000;6,994432832000030;51,952953326000056;1
125795;5;5;15;0;2019;11;10;2;3;5;3;0;1;1;0;0;0;0;407027,621319204570000;5760009,587302869200000;7,646198694000077;51,982970760000057;1
125798;5;5;62;12;2019;11;7;2;3;6;7;0;1;0;1;0;0;0;362791,512104732920000;5731703,407251400900000;7,013649052000062;51,719456062000063;1
125800;5;5;62;20;2019;11;18;2;2;3;2;2;1;1;0;0;0;0;371427,074427831920000;5715581,964312190200000;7,144517764000057;51,576622716000031;1
125804;5;5;62;32;2019;11;10;2;3;5;3;0;1;1;0;0;0;0;375322,815330053680000;5720132,283234052400000;7,199091067000040;51,618392172000028;0
125812;5;5;66;84;2019;10;12;5;3;5;2;0;1;1;0;0;0;0;389809,737769447270000;5776451,299222739400000;7,390278318000071;52,127589918000069;0
125816;5;5;66;28;2019;10;14;5;2;5;2;0;1;1;0;0;0;0;411998,440073603760000;5792302,001237951200000;7,710205141000074;52,274040627000034;0
125819;5;5;58;16;2019;10;9;5;3;5;3;0;1;0;0;0;0;1;381633,528084615250000;5743953,577405773100000;7,282103671000073;51,833845072000031;0
125822;5;5;58;32;2019;10;15;5;3;5;3;0;1;1;0;0;0;0;391529,288298741910000;5750944,353407694000000;7,423467633000030;51,898686035000026;0
125826;5;3;34;2;2019;11;16;5;3;5;2;1;1;1;0;0;0;0;294511,693679022600000;5629637,409863142300000;6,084932603000027;50,782027224000046;1
125832;5;3;62;28;2019;11;7;5;3;5;2;0;1;1;0;0;0;0;350247,514521445150000;5639132,173728842300000;6,871034284000075;50,884428941000067;0
125835;5;3;15;0;2019;11;12;5;3;1;5;0;1;1;0;0;0;0;365121,180333392690000;5638300,044189456900000;7,082660266000062;50,880614096000045;1
125840;5;3;15;0;2019;11;18;5;3;5;3;2;1;0;0;0;0;0;354517,345659150740000;5643547,724875856200000;6,929933948000041;50,925201484000070;0
125842;5;3;15;0;2019;11;21;5;3;0;5;2;1;1;0;0;0;0;355295,847477768550000;5645384,424321988600000;6,940274288000069;50,941903305000039;1
125845;5;3;14;0;2019;11;6;5;3;1;7;2;1;1;0;0;0;0;369233,570820766500000;5622838,237842388500000;7,146595304000073;50,742587667000066;1
125848;5;1;70;24;2019;11;11;5;3;2;6;0;1;0;0;0;0;0;336709,730620631950000;5702483,607658097500000;6,649972020000064;51,449959566000075;0
125849;5;1;70;12;2019;11;12;5;3;5;3;0;1;1;0;0;0;0;335351,161000000310000;5738259,194000000100000;6,613635613000042;51,770967174000077;1
125859;5;1;19;0;2019;11;20;5;3;5;2;2;1;1;0;0;0;0;351656,348000001160000;5705359,027000000700000;6,863704200000029;51,479909694000071;1
125865;5;1;12;0;2019;11;12;5;3;6;7;0;1;0;1;0;0;0;344035,525779576970000;5694124,300537906600000;6,758990972000049;51,376916585000060;1
125868;5;7;74;36;2019;11;14;5;2;5;2;0;1;1;0;0;0;0;471387,386915115640000;5725806,522515794300000;8,586134321000031;51,682495742000071;1
125872;5;7;58;12;2019;11;16;5;3;5;3;1;1;1;0;0;0;0;477630,147902674970000;5773629,730660578200000;8,673327126000061;52,112756220000051;1
125874;5;7;54;32;2019;11;8;5;3;0;7;0;1;0;0;0;0;0;461284,885211213490000;5742173,000901470000000;8,438190740000039;51,829039498000043;1
125878;5;7;54;8;2019;11;7;5;3;5;3;1;1;1;0;0;0;0;455836,271216753870000;5750759,484702767800000;8,358030802000030;51,905832914000030;0
125885;5;9;66;24;2019;11;16;5;3;5;3;2;1;1;0;0;0;0;418806,379375644960000;5653953,190946832300000;7,842096830000060;51,031387222000035;1
125892;5;9;62;16;2019;11;7;5;3;0;3;0;1;1;0;0;0;0;414229,705363213080000;5693197,461281219500000;7,767461635000075;51,383532828000057;0
125894;5;9;14;0;2019;11;7;5;2;1;7;0;1;1;0;0;0;0;399341,533801764250000;5691331,556540356900000;7,554111618000036;51,364314981000064;1
125897;5;9;78;24;2019;11;15;5;3;3;2;0;1;1;0;0;0;0;399550,285000000150000;5720244,451000005000000;7,548878957000056;51,624246086000028;1
125902;5;9;11;0;2019;11;16;5;3;1;4;0;1;1;1;0;0;0;377545,380751736460000;5706956,558450654100000;7,235767645000067;51,500465147000057;1
125915;5;5;70;44;2019;11;15;4;3;0;2;0;1;1;0;0;0;0;417066,600124421530000;5760126,774795452100000;7,792313994000040;51,985613551000029;1
125921;5;5;66;84;2019;11;15;4;3;5;2;0;1;1;0;0;0;0;389711,932000000960000;5775485,594000004200000;7,389163146000044;52,118891413000028;0
125922;5;5;58;12;2019;11;17;4;3;0;1;2;1;0;0;0;0;0;374604,842790593390000;5756956,375348839900000;7,175420311000039;51,949161999000069;0
125926;5;5;54;4;2019;11;9;4;3;5;3;0;1;1;0;0;0;0;362295,391010961500000;5770849,458971884100000;6,990837989000056;52,071086398000034;1
125928;5;5;54;12;2019;11;17;4;3;0;2;2;1;1;0;0;0;0;352214,524524978360000;5746438,665222374700000;6,854363980000073;51,849165184000071;0
125930;5;5;15;0;2019;11;21;4;3;6;7;2;1;0;1;0;0;0;406101,223000000230000;5757382,790000001000000;7,633431765000069;51,959204138000075;0
125933;5;5;62;24;2019;11;12;4;3;5;3;0;1;1;0;0;0;0;370129,465661457740000;5725305,884677404500000;7,122197737000022;51,663711393000028;1
125951;5;3;74;12;2019;11;18;4;2;3;2;2;1;1;0;0;0;0;391624,517724513080000;5655626,246509255800000;7,454087562000041;51,041943855000056;1
125956;5;3;16;0;2019;11;7;4;3;5;2;1;1;1;0;0;0;0;362958,321000001390000;5654975,806000003600000;7,045655182000076;51,029976095000052;1
125957;5;5;15;0;2019;11;17;6;3;5;2;2;1;1;0;0;0;0;404785,940540856680000;5758300,387199968100000;7,614041241000052;51,967228180000063;1
125958;5;3;15;0;2019;11;6;4;3;5;2;1;1;1;0;0;0;0;365763,939000001180000;5649582,299000000600000;7,087636698000040;50,982164209000075;1
125959;5;5;15;0;2019;11;13;6;2;5;3;0;1;1;0;0;0;0;405736,759180402380000;5753740,858998397400000;7,629127565000033;51,926407087000030;0
125962;5;5;15;0;2019;11;10;6;3;5;2;0;1;0;0;0;0;0;406160,816490875560000;5757437,455821653800000;7,634283866000033;51,959705561000078;1
125969;5;3;15;0;2019;11;20;4;2;5;2;2;1;1;0;0;0;0;354467,255000000820000;5645760,332000002300000;6,928338091000057;50,945072929000048;1
125971;5;3;14;0;2019;11;18;4;3;0;5;2;1;1;0;0;0;0;366000,000000000000000;5622471,851000001700000;7,100924398000075;50,738557374000038;1
125975;5;3;14;0;2019;11;9;4;3;5;3;0;1;1;0;0;0;0;364663,623412841930000;5622401,439970661000000;7,082022118000054;50,737614633000078;1
125979;5;1;58;26;2019;11;11;4;3;5;3;0;1;1;0;0;0;0;353046,649000001140000;5664167,498999999800000;6,900668086000053;51,110127424000041;1
125982;5;3;70;4;2019;11;8;6;3;5;3;0;1;1;0;0;0;0;310347,694184536110000;5662043,342468863400000;6,292446504000054;51,078512766000074;0
125983;5;1;58;20;2019;11;15;4;3;5;3;0;1;1;0;0;0;0;356160,231999999840000;5666814,135999998100000;6,944060911000065;51,134701343000074;0
125984;5;1;58;16;2019;11;15;4;3;5;2;0;1;1;0;0;0;0;356599,146162008870000;5671019,836558030900000;6,948654333000036;51,172605945000043;1
125993;5;3;58;8;2019;11;13;6;3;5;2;0;1;0;0;0;1;0;319690,889829540630000;5629674,996613998000000;6,441700917000048;50,790741368000056;0
125999;5;1;24;0;2019;11;18;4;3;5;2;2;1;1;0;0;0;0;373399,533574959260000;5680934,187514621800000;7,185344974000032;51,265679049000028;1
126006;5;3;82;60;2019;11;18;6;3;5;3;2;1;1;0;0;0;0;374570,293999998830000;5627678,202999999700000;7,220545204000075;50,787269209000044;0
126025;5;7;70;24;2019;11;18;4;3;5;2;2;1;0;0;0;0;1;494662,251286156480000;5793232,439112307500000;8,921741839000049;52,289423881000062;1
126026;5;7;70;24;2019;11;10;4;3;0;1;0;1;0;0;0;0;0;496543,187373961320000;5794280,592891223700000;8,949307975000068;52,298862365000048;1
126036;5;7;11;0;2019;11;11;4;3;5;2;0;1;1;0;0;0;0;464411,031861345280000;5763625,652942990900000;8,481334929000070;52,022121901000048;1
126038;5;1;70;20;2019;11;10;6;3;5;3;0;1;1;0;0;0;0;325539,921130875130000;5706152,891523508400000;6,487569366000059;51,479590540000061;0
126039;5;9;78;4;2019;11;13;4;3;5;3;0;1;1;0;0;0;0;405105,673999999650000;5719457,547000000300000;7,629321162000053;51,618136920000040;1
126041;5;1;70;24;2019;11;13;6;3;5;3;0;1;1;0;0;0;0;333160,519000000320000;5702253,403999999200000;6,599048989000039;51,446856929000035;0
126043;5;1;70;24;2019;11;18;6;3;5;3;2;1;1;0;0;0;0;333163,205066844820000;5702252,899932166600000;6,599087845000042;51,446853191000059;0
126047;5;1;70;44;2019;11;16;6;3;4;6;0;1;0;0;0;0;0;338730,121193367990000;5721759,173087591300000;6,670193449000067;51,623715213000082;1
126056;5;9;15;0;2019;11;15;4;3;3;2;0;1;1;0;0;0;0;415119,650150204080000;5728025,546852896000000;7,771847397000045;51,696757611000066;1
126057;5;1;58;16;2019;11;16;6;3;0;7;0;1;0;0;0;0;0;355911,390332432460000;5670194,150264734400000;6,939153671000042;51,165013113000043;0
126059;5;1;58;12;2019;11;16;6;3;5;3;0;1;1;0;0;0;0;355966,992771581750000;5688794,338910911200000;6,932463728000073;51,332173566000051;1
126062;5;9;15;0;2019;11;8;4;3;5;2;0;1;1;0;0;0;0;421757,277000000700000;5727304,384000001500000;7,868029388000025;51,691239204000055;1
126063;5;1;54;28;2019;11;12;6;3;4;2;0;1;1;0;0;0;0;320331,527491372080000;5702186,200920680500000;6,414658672000030;51,442329136000069;0
126069;5;1;62;24;2019;11;13;6;3;1;7;0;1;1;0;0;0;0;336968,006236636080000;5674326,377880254800000;6,666565415000036;51,197055485000078;0
126076;5;1;62;16;2019;11;13;6;2;5;3;0;1;1;0;0;0;0;332081,089509764690000;5674837,362655624700000;6,596446250000042;51,200231143000053;0
126077;5;9;11;0;2019;11;10;4;3;0;1;0;1;0;0;0;0;0;376613,724222234450000;5704683,467284007000000;7,223146529000076;51,479833328000041;1
126079;5;1;16;0;2019;11;14;6;3;5;3;0;1;1;0;0;0;0;319912,405383211560000;5668801,312956996300000;6,425471842000036;51,142302821000044;0
126081;5;1;16;0;2019;11;7;6;3;5;2;0;1;1;0;0;0;0;321655,708088693210000;5669341,208090454300000;6,450100098000064;51,147698583000079;0
126096;5;1;12;0;2019;11;8;6;2;5;3;0;1;1;0;0;0;0;342774,086493412960000;5694792,119220489600000;6,740585238000051;51,382568961000061;1
126098;5;5;70;8;2019;11;13;3;3;5;3;0;1;1;0;0;0;0;434063,446000001390000;5734465,997999999700000;8,044682708000039;51,757203484000058;1
126100;5;5;66;40;2019;11;18;3;3;6;7;2;1;0;1;0;0;0;423859,324577443300000;5782669,952185781700000;7,886174992000065;52,189229751000028;1
126106;5;1;12;0;2019;11;14;6;2;5;3;0;1;1;0;0;0;0;346231,209000000730000;5709086,835000002800000;6,784014169000045;51,511955401000080;0
126108;5;1;11;0;2019;11;12;6;3;5;3;0;1;1;0;0;0;0;344514,084964840670000;5679571,174988020200000;6,772206156000038;51,246285165000074;0
126109;5;5;15;0;2019;11;11;3;3;6;4;0;1;0;1;0;0;0;406579,758999999610000;5751215,374000001700000;7,642068659000074;51,903848723000067;1
126110;5;5;15;0;2019;11;13;3;3;5;3;0;1;1;0;0;0;0;403186,337584769350000;5759055,770971091500000;7,590551554000058;51,973741486000051;1
126111;5;5;15;0;2019;11;9;3;3;0;2;0;1;1;0;0;0;0;403124,867191882800000;5758122,015695219900000;7,589920428000028;51,965337921000071;0
126117;5;5;13;0;2019;11;12;3;3;6;7;0;1;0;1;0;0;0;367011,790741268550000;5709273,135948812600000;7,083221712000068;51,518903380000040;1
126119;5;5;13;0;2019;11;8;3;3;5;3;0;1;1;0;0;0;0;369055,431999999100000;5708133,600000001500000;7,113082991000056;51,509140021000064;1
126130;5;7;54;32;2019;11;7;6;3;4;2;1;1;1;0;0;0;0;461531,149670773190000;5742090,427961820700000;8,441773368000042;51,828314116000058;0
126134;5;3;82;40;2019;11;17;3;2;3;6;1;1;1;0;0;0;0;382405,186130223800000;5636248,082008661700000;7,328897147000021;50,865945677000070;1
126141;5;3;62;36;2019;11;7;3;3;4;6;1;1;0;0;0;0;0;345637,853220848370000;5646952,651081124300000;6,802241947000027;50,953490707000071;1
126147;5;9;74;28;2019;11;17;6;3;2;3;2;1;1;0;0;0;0;454336,536220960320000;5725520,821477936600000;8,339554897000028;51,678799329000071;0
126153;5;3;16;0;2019;11;15;3;3;5;3;0;1;1;0;0;0;0;359242,115452445110000;5659191,045748831700000;6,991054205000069;51,066959976000078;1
126158;5;3;15;0;2019;11;16;3;3;6;4;0;1;0;1;0;0;0;360845,324512893330000;5646043,086748797400000;7,018962649000059;50,949188933000073;0
126159;5;9;15;0;2019;11;12;6;3;5;3;0;1;1;0;0;0;0;415882,598252623340000;5724544,271750930700000;7,783722822000073;51,665577835000079;0
126160;5;3;15;0;2019;11;22;3;2;7;1;2;1;0;0;0;0;0;353376,521150456740000;5646668,331343596800000;6,912456827000028;50,952956391000043;0
126161;5;9;15;0;2019;11;20;6;3;8;1;2;1;1;0;0;0;0;416006,748333619910000;5720164,424097269800000;7,786569180000072;51,626223842000059;0
126162;5;3;15;0;2019;11;17;3;3;5;3;2;1;1;0;0;0;0;349350,763707076200000;5643146,743066830600000;6,856638585000042;50,920272171000079;1
126167;5;3;15;0;2019;11;9;3;3;0;1;0;1;0;0;0;0;0;351752,613652857950000;5643568,972832908900000;6,890614299000049;50,924688628000069;1
126168;5;9;13;0;2019;11;8;6;3;5;3;0;1;1;0;0;0;0;396576,030858355570000;5706926,600000539800000;7,509846542000048;51,503998765000063;0
126169;5;3;15;0;2019;11;16;3;3;2;6;1;1;0;0;0;0;0;358277,476151897570000;5640712,330777559400000;6,984502102000022;50,900655585000038;1
126174;5;3;15;0;2019;11;7;3;3;3;2;0;1;1;0;0;0;0;354767,198696674780000;5644684,542961264000000;6,933033685000055;50,935480738000081;1
126177;5;3;14;0;2019;11;8;3;3;3;6;0;1;0;0;0;0;0;370584,167193108240000;5615557,599391773300000;7,168280073000062;50,677449392000028;0
126184;5;3;14;0;2019;11;16;3;3;5;2;0;1;0;0;0;0;0;366744,129000000660000;5620935,324000001000000;7,112019621000059;50,724918255000034;1
126190;5;1;58;4;2019;11;18;3;3;5;2;2;1;1;0;0;0;0;354347,840164781550000;5676293,707748547200000;6,914332575000060;51,219429269000045;1
126191;5;5;66;8;2019;11;7;5;3;5;3;2;1;1;0;0;0;0;400883,988053964450000;5782783,143829723800000;7,550149906000058;52,186596511000062;1
126202;5;5;58;4;2019;11;11;5;2;5;3;0;1;0;0;0;1;0;405405,465386368330000;5737759,986618761000000;7,628685125000061;51,782705282000052;0
126205;5;1;62;24;2019;11;7;3;2;5;3;1;1;1;0;0;0;0;340437,307824974880000;5672092,647317389000000;6,717170137000039;51,177964615000064;1
126212;5;1;16;0;2019;11;7;3;3;5;3;0;1;1;0;0;0;0;321454,809501763430000;5670664,641060350500000;6,446574279000060;51,159524789000045;1
126216;5;5;15;0;2019;11;16;5;3;5;2;1;1;0;0;0;0;1;409097,491939974020000;5756974,709725223500000;7,677133571000070;51,956033987000069;0