OBJECTID;ULAND;UREGBEZ;UKREIS;UGEMEINDE;UJAHR;UMONAT;USTUNDE;UWOCHENTAG;UKATEGORIE;UART;UTYP1;ULICHTVERH;IstRad;IstPKW;IstFuss;IstKrad;IstGkfz;IstSonstige;LINREFX;LINREFY;XGCSWGS84;YGCSWGS84;STRZUSTAND
126222;5;5;62;4;2019;11;18;5;3;5;3;2;1;1;0;0;0;0;382993,255535226320000;5718764,173070402800000;7,310290452000061;51,607742951000034;1
126224;5;1;17;0;2019;11;14;3;3;5;3;0;1;1;0;0;0;0;354283,872589424250000;5702767,722442792700000;6,902583983000056;51,457307860000071;1
126231;5;1;13;0;2019;11;17;3;3;0;3;2;1;1;0;0;0;0;360433,013895642010000;5697686,048640465400000;6,993036935000021;51,413191827000048;0
126241;5;3;34;36;2019;11;13;5;3;5;3;0;1;1;0;0;0;0;299074,688201191840000;5633492,364188341400000;6,147468063000076;50,818249987000058;1
126245;5;1;62;22;2019;11;17;3;3;3;2;2;1;1;0;0;0;0;335586,517640338280000;5682150,572755925400000;6,643220064000047;51,266956444000073;1
126250;5;1;13;0;2019;11;7;3;3;5;2;1;1;1;0;0;0;0;366736,346013237720000;5704342,149840900700000;7,081116357000042;51,474525266000057;1
126257;5;7;70;4;2019;11;14;3;3;5;3;0;1;1;0;0;0;0;486799,443000000900000;5784227,296000000100000;8,806815579000045;52,208330267000065;0
126263;5;7;66;20;2019;11;7;3;3;0;1;1;1;0;0;0;0;0;491898,496293885630000;5753352,194752128800000;8,882170713000051;51,930835959000035;0
126265;5;7;11;0;2019;11;8;3;2;5;2;0;1;1;0;0;0;0;466913,095000001600000;5758501,425000000700000;8,518292693000035;51,976206681000065;0
126266;5;7;11;0;2019;11;17;3;3;5;2;2;1;1;0;0;0;0;470308,082942651580000;5768147,286334224000000;8,566881454000054;52,063121241000033;1
126271;5;9;74;40;2019;11;13;3;2;0;2;0;1;1;0;0;0;0;436937,355837141160000;5713624,311561994300000;8,090076684000053;51,570160723000072;0
126275;5;9;62;40;2019;11;16;3;3;5;3;0;1;1;0;0;0;0;413365,692858798430000;5700727,575923612300000;7,753208204000032;51,451095276000046;1
126301;5;5;54;12;2019;11;15;2;3;5;2;0;1;1;0;0;0;0;352276,885176261890000;5745790,579552112100000;6,855545534000044;51,843358709000029;0
126303;5;5;15;0;2019;11;15;2;3;5;3;0;1;1;0;0;0;0;411345,671000001020000;5752627,903000000900000;7,710961698000062;51,917324482000026;0
126304;5;5;15;0;2019;11;7;2;3;5;3;0;1;1;0;0;0;0;404211,457999999630000;5756332,520000001400000;7,606230315000062;51,949441583000066;0
126305;5;5;62;12;2019;11;16;2;3;5;2;0;1;1;0;0;0;0;358907,514213480060000;5725127,829647479600000;6,960117447000073;51,659406098000034;0
126309;5;3;70;20;2019;11;22;2;3;5;3;2;1;1;0;0;0;0;301632,190609863030000;5662609,011586984600000;6,167869184000040;51,080646927000032;1
126311;5;3;58;24;2019;11;13;2;3;3;6;0;1;1;0;0;0;0;314693,356523041610000;5644506,963046614100000;6,363365288000068;50,922404354000037;0
126314;5;3;82;60;2019;11;17;2;3;5;2;0;1;1;0;0;0;0;373726,739004415460000;5628129,470014486500000;7,208428946000026;50,791142262000051;0
126322;5;3;15;0;2019;11;10;2;2;0;7;2;1;0;0;0;0;1;363800,206535371020000;5641072,456336060500000;7,062859963000051;50,905221358000063;0
126328;5;9;58;4;2019;11;19;5;2;5;3;2;1;1;0;0;0;0;430012,474999999630000;5695268,242000000600000;7,993813429000056;51,404316016000053;0
126334;5;1;58;28;2019;11;18;2;3;5;2;2;1;1;0;0;0;0;351303,317469947040000;5684879,853769222300000;6,867199838000033;51,295798517000037;1
126340;5;9;13;0;2019;11;19;5;3;0;3;2;1;0;0;0;0;1;384517,756403513250000;5706325,705770546600000;7,336379859000033;51,496262680000029;0
126341;5;1;54;52;2019;11;16;2;2;8;1;0;1;0;0;0;0;0;311247,633614719850000;5704785,229315908600000;6,282713511000054;51,462719021000055;0
126343;5;9;13;0;2019;11;8;5;3;1;5;0;1;1;0;0;0;0;395139,844746869060000;5706209,209352202700000;7,489374615000031;51,497285772000055;0
126344;5;1;54;8;2019;11;16;2;3;5;3;2;1;1;0;0;0;0;310195,737246177160000;5749410,261208657200000;6,243356522000056;51,863151570000070;1
126353;5;9;11;0;2019;11;11;5;3;5;3;0;1;1;0;0;0;0;374396,748221996240000;5701756,741416221500000;7,192277373000025;51,453042030000063;0
126354;5;1;62;4;2019;11;17;2;3;5;3;2;1;1;0;0;0;0;349330,458000000570000;5661653,689000003000000;6,848668351000072;51,086573482000063;1
126399;5;7;66;20;2019;11;17;2;3;5;3;2;1;1;0;0;0;0;487058,679741131140000;5755583,989809129400000;8,811696152000025;51,950810535000073;0
126407;5;9;74;28;2019;11;7;2;3;5;3;0;1;1;0;0;0;0;454732,532973544670000;5725759,692927286000000;8,345250945000032;51,680979049000030;0
126414;5;5;15;0;2019;11;19;4;2;8;7;2;1;0;0;0;0;0;410661,119305944070000;5753299,785724846600000;7,700836690000074;51,923254474000032;0
126422;5;3;58;8;2019;11;7;4;3;0;1;1;1;0;0;0;0;0;322053,102792048830000;5630185,941541349500000;6,474934515000030;50,796061643000030;1
126431;5;9;16;0;2019;11;20;2;3;3;2;2;1;1;0;0;0;0;376415,841923791920000;5711256,102001307500000;7,217994657000077;51,538860803000034;1
126437;5;3;15;0;2019;11;16;4;3;5;2;0;1;1;0;0;0;0;361602,548025780360000;5649994,613010956000000;7,028232359000072;50,984884495000074;0
126438;5;9;11;0;2019;11;7;2;3;5;3;0;1;1;0;0;0;0;374918,720185586250000;5706032,893444843600000;7,198272060000022;51,491588750000062;0
126443;5;3;15;0;2019;11;15;4;3;5;2;0;1;1;0;0;0;0;354046,506748180840000;5636322,581838300500000;6,926125831000036;50,860151920000078;0
126446;5;3;14;0;2019;11;18;4;3;9;7;2;1;0;0;0;0;0;372061,585955233310000;5622430,869327627100000;7,186797685000045;50,739556097000047;1
126448;5;3;82;12;2019;11;11;4;3;5;2;0;1;1;0;0;0;0;356357,433176671150000;5629241,960961485300000;6,961713804000056;50,797096624000062;1
126461;5;1;70;8;2019;11;17;4;3;5;2;2;1;1;0;0;0;0;345330,931525571270000;5713030,242732694400000;6,769318968000050;51,547140677000073;1
126464;5;5;66;40;2019;11;18;1;3;2;7;2;1;1;0;0;0;0;422433,010798582810000;5782397,634714303500000;7,865376849000029;52,186583136000081;1
126468;5;5;66;68;2019;11;13;1;2;8;1;0;1;0;0;0;0;0;378825,190169480630000;5786637,607262142000000;7,226251257000058;52,216829089000043;0
126470;5;5;66;8;2019;11;12;1;2;5;3;0;1;1;0;0;0;0;399990,858130431730000;5781500,637065477700000;7,537468198000056;52,174908432000052;0
126473;5;5;58;32;2019;11;12;1;3;5;3;0;1;1;0;0;0;0;386397,093202827500000;5752114,581195056400000;7,348522375000073;51,908180677000075;0
126477;5;5;54;40;2019;11;15;1;3;5;3;0;1;1;0;0;0;0;353016,580000000070000;5734787,716000000000000;6,870937998000045;51,744692648000068;0
126480;5;5;15;0;2019;11;19;1;3;5;2;2;1;1;0;0;0;0;406039,407019293870000;5756774,218522641800000;7,632698831000027;51,953723574000037;0
126481;5;5;62;4;2019;11;12;1;3;3;3;0;1;1;0;0;0;0;385208,972020180900000;5717329,987767737400000;7,342742758000043;51,595308854000052;0
126482;5;5;13;0;2019;11;12;1;3;5;2;0;1;1;0;0;0;0;368784,563825400550000;5708984,454471601200000;7,108865354000045;51,516723651000063;0
126506;5;3;15;0;2019;11;2;1;3;0;7;2;1;0;0;0;0;0;357513,497495510620000;5641223,772705141500000;6,973444867000069;50,905063907000056;0
126510;5;1;70;4;2019;11;12;1;3;0;3;0;1;1;0;0;0;0;323864,149210024630000;5719905,341381155000000;6,456580046000056;51,602607085000045;0
126518;5;7;11;0;2019;11;17;4;3;5;2;2;1;1;0;0;0;0;469341,563029304150000;5762657,993203261900000;8,553275418000055;52,013716409000040;0
126523;5;1;62;16;2019;11;11;1;3;5;3;0;1;1;0;0;0;0;332916,844390769490000;5677108,698297474500000;6,607339983000031;51,220882589000041;0
126525;5;9;74;52;2019;11;14;4;3;1;2;0;1;1;0;0;0;0;428191,852960452440000;5711332,269972585100000;7,964377890000037;51,548508822000031;1
126526;5;1;19;0;2019;11;15;1;3;0;1;0;1;0;0;0;0;0;350533,947080864570000;5710202,702107969700000;6,845500547000029;51,523136447000070;0
126527;5;1;16;0;2019;11;14;1;3;5;3;0;1;1;0;0;0;0;323209,113836586480000;5673046,885844683300000;6,470465496000031;51,181470334000039;0
126529;5;9;70;40;2019;11;12;4;3;6;4;0;1;0;1;0;0;0;431279,830252246000000;5635953,345854032800000;8,023348547000069;50,871172889000036;1
126535;5;7;74;32;2019;11;13;1;3;4;6;0;1;0;0;0;0;0;478966,235444547610000;5738000,144258365000000;8,695019072000036;51,792466506000039;0
126542;5;9;15;0;2019;11;6;4;3;5;3;1;1;0;0;0;0;0;415932,879310265180000;5721518,971217023200000;7,785176991000071;51,638389514000039;1
126543;5;9;15;0;2019;11;19;4;3;1;5;2;1;1;0;0;0;0;415943,664661141110000;5724548,379851175500000;7,784604596000065;51,665623904000029;1
126561;5;9;13;0;2019;11;9;4;3;0;7;0;1;1;0;0;0;0;392489,401562937540000;5706560,514096606500000;7,451099845000044;51,499945575000027;0
126575;5;5;70;16;2019;11;8;7;2;5;3;0;1;1;0;0;0;0;413386,472000000070000;5738990,322000002500000;7,744045378000067;51,795057286000031;0
126581;5;5;58;32;2019;11;15;7;3;5;3;0;1;1;0;0;0;0;391547,321130053140000;5750864,219219785200000;7,423754828000028;51,897969322000051;0
126586;5;5;54;8;2019;11;22;7;3;5;3;2;1;1;0;0;0;0;334706,772178243850000;5745715,374625850500000;6,600749693000068;51,837759009000081;0
126605;5;3;58;60;2019;11;11;7;2;5;3;0;1;1;0;0;0;0;331856,677468088460000;5624961,188063165200000;6,616303392000020;50,752044044000058;0
126608;5;3;34;2;2019;11;9;7;2;0;7;0;1;0;0;0;0;0;296542,052458042280000;5630143,117407957100000;6,113416282000060;50,787285045000033;0
126613;5;3;62;24;2019;11;13;7;3;5;3;0;1;1;0;0;0;0;345693,123362897900000;5642593,349355081100000;6,804873949000069;50,914332861000048;1
126614;5;5;54;4;2019;11;15;3;2;5;2;0;1;1;0;0;0;0;361484,251000001100000;5770411,353000002000000;6,979188871000076;52,066947636000066;0
126616;5;5;54;8;2019;11;13;3;3;5;2;0;1;1;0;0;0;0;334287,213226076220000;5745598,527880238400000;6,594721492000076;51,836585017000061;1
126630;5;1;16;0;2019;11;17;7;3;5;3;2;1;1;0;0;0;0;323223,501347854730000;5673032,879266390600000;6,470678029000055;51,181348956000079;0
126641;5;1;11;0;2019;11;6;7;3;5;2;2;1;1;0;0;0;0;345519,376230212860000;5680379,229063354400000;6,786249584000075;51,253819001000068;1
126645;5;7;74;32;2019;11;18;7;2;0;1;2;1;0;0;0;0;0;478778,258571601470000;5731442,499208848900000;8,692694091000021;51,733498352000026;1
126647;5;7;70;24;2019;11;4;7;2;0;1;2;1;0;0;0;0;0;494346,691999999810000;5794359,657000003400000;8,917096427000047;52,299554975000035;0
126657;5;3;34;2;2019;11;16;3;3;5;3;1;1;1;0;0;0;0;299444,038000000640000;5626199,591000001900000;6,156683668000028;50,752876249000053;0
126667;5;9;13;0;2019;11;12;7;3;4;2;0;1;1;0;0;0;0;393160,148080169220000;5711419,645525107200000;7,459286018000057;51,543748788000073;0
126671;5;3;62;32;2019;11;17;3;2;0;1;2;1;0;0;0;0;0;336528,021351200530000;5640781,216024156700000;6,675416760000076;50,895527416000050;0
126674;5;3;62;32;2019;11;16;3;3;4;6;0;1;0;0;0;0;0;340853,216235490520000;5637731,151475142700000;6,738197376000073;50,869328614000040;0
126685;5;3;15;0;2019;11;20;3;3;5;3;2;1;1;0;0;0;0;352729,581000001170000;5651228,365000000200000;6,901405809000039;50,993770232000031;1
126687;5;3;15;0;2019;11;18;3;3;2;2;2;1;1;0;0;0;0;353029,026454017500000;5644894,558100411700000;6,908228679000047;50,936927720000028;1
126688;5;5;58;16;2019;11;15;6;3;8;1;0;1;0;0;0;0;0;388603,445710561240000;5742607,955170711500000;7,383648905000030;51,823184732000072;0
126689;5;3;15;0;2019;11;15;3;3;5;2;0;1;1;0;0;0;0;354276,330000000070000;5644838,104000002100000;6,925991074000024;50,936736921000033;1
126690;5;3;14;0;2019;11;14;3;3;0;1;0;1;0;0;0;0;0;365658,072661820800000;5622855,058703573400000;7,095941672000038;50,741922621000072;0
126692;5;5;54;24;2019;11;9;6;3;5;2;0;1;1;0;0;0;0;370313,350152974950000;5777663,520508812700000;7,105157769000073;52,134252341000035;0
126693;5;5;54;20;2019;11;14;6;3;0;2;0;1;0;0;0;1;0;366236,210000001830000;5787482,684000000400000;7,041751669000064;52,221509977000039;0
126696;5;1;66;32;2019;11;17;3;2;0;1;2;1;0;0;0;0;0;313618,383904250340000;5681397,379051698400000;6,329056449000063;51,253432027000031;1
126699;5;3;15;0;2019;11;14;7;3;6;4;0;1;0;1;0;0;0;352290,914004418070000;5647404,513986028700000;6,896712903000037;50,959294902000067;0
126701;5;3;15;0;2019;11;7;7;3;8;1;0;1;0;0;0;0;0;353018,624134316110000;5643862,704558389300000;6,908496842000034;50,927652207000051;0
126715;5;1;12;0;2019;11;16;7;3;5;3;1;1;1;0;0;0;0;341685,793706741180000;5698162,517821807400000;6,723455674000036;51,412548797000056;0
126722;5;9;62;12;2019;11;6;3;3;0;1;2;1;0;0;0;0;0;396808,389226037080000;5673623,111316824300000;7,522853822000059;51,204678119000050;1
126724;5;7;54;24;2019;11;19;7;3;5;3;2;1;1;0;0;0;0;453419,315055829470000;5735312,855477413200000;8,324980020000055;51,766761840000072;0
126728;5;7;54;8;2019;11;8;7;3;8;1;0;1;0;0;0;0;0;456222,064702890810000;5752848,905300540800000;8,363372749000064;51,924648372000036;1
126733;5;9;16;0;2019;11;9;3;3;0;7;0;1;0;0;0;0;0;374883,768511153760000;5711818,446775483000000;7,195714931000055;51,543577192000043;1
126752;5;9;15;0;2019;11;9;7;3;1;5;0;1;1;0;0;0;1;415699,882939781060000;5727144,071479698600000;7,780453864000037;51,688921135000044;1
126759;5;9;11;0;2019;11;14;7;2;0;7;0;1;0;0;0;0;0;374727,602382507180000;5706109,666280824700000;7,195493330000033;51,492236417000072;0
126764;5;5;66;28;2019;11;7;2;3;0;1;1;1;0;0;0;0;0;414656,690030083990000;5792260,597002420600000;7,749166035000030;52,274087538000060;1
126770;5;5;66;12;2019;11;14;2;3;5;3;0;1;1;0;0;0;0;405380,275000001300000;5773107,178000003100000;7,618593518000068;52,100417524000079;1
126772;5;5;66;8;2019;11;10;2;2;5;3;0;1;1;0;0;0;0;400061,553399870170000;5781125,540549801700000;7,538612177000061;52,171549962000029;1
126773;5;5;58;40;2019;11;16;2;3;8;1;1;1;0;0;0;0;0;377121,179342616350000;5765500,415884982800000;7,208953835000045;52,026505336000071;1
126775;5;5;54;4;2019;11;17;2;3;5;3;2;1;1;0;0;0;0;363059,678786507810000;5772368,865723643500000;7,001372010000068;52,084928323000042;1
126779;5;5;70;28;2019;11;18;6;3;5;3;2;1;1;0;0;0;0;441548,318344795150000;5741169,584286782900000;8,151983719000043;51,818301985000062;0
126781;5;5;54;60;2019;11;7;2;3;7;7;2;1;1;0;0;0;0;348513,061195812190000;5756270,907615991300000;6,796347513000058;51,936510683000051;1
126789;5;5;15;0;2019;11;9;2;3;4;2;0;1;1;0;0;0;0;406039,870665002610000;5756773,896252367600000;7,632705664000071;51,953720755000063;1
126790;5;5;58;12;2019;11;19;6;3;4;6;2;1;0;0;1;0;0;377620,607475619760000;5755260,870132910100000;7,219881846000021;51,934596671000065;0
126794;5;5;15;0;2019;11;19;6;3;5;2;2;1;0;0;0;0;0;405361,463201602920000;5755808,409505019000000;7,623102488000029;51,944927506000056;0
126795;5;5;15;0;2019;11;8;2;3;5;3;0;1;1;0;0;0;0;403942,273813805540000;5758261,947587255400000;7,601775314000065;51,966737520000038;1
126797;5;5;15;0;2019;11;20;2;3;5;2;2;1;1;0;0;0;0;406960,506181269880000;5758309,681287372500000;7,645682553000029;51,967679950000047;1
126800;5;5;62;24;2019;11;13;6;3;2;2;0;1;1;0;0;0;0;370736,173385949810000;5725468,161303624500000;7,130905076000033;51,665309608000030;0
126801;5;5;15;0;2019;11;15;2;3;0;1;0;1;0;0;0;0;0;403906,735077914780000;5758072,189587898600000;7,601311279000072;51,965025771000057;1
126804;5;5;15;0;2019;11;16;2;3;5;2;2;1;1;0;0;0;0;401690,307000000030000;5753655,597999999300000;7,570323659000053;51,924940847000073;1
126805;5;5;15;0;2019;11;15;2;3;3;6;1;1;0;0;0;0;0;405426,247886611150000;5755348,989144595300000;7,624171112000056;51,940809046000027;1
126811;5;5;62;24;2019;11;8;2;3;3;2;1;1;0;0;0;1;0;370142,949915082190000;5725318,008771900100000;7,122388088000037;51,663823464000075;1
126812;5;3;34;36;2019;11;18;6;3;0;1;2;1;0;0;0;0;0;297832,977671352220000;5634650,599148109600000;6,129224720000025;50,828220572000077;0
126813;5;3;34;32;2019;11;9;6;3;4;3;0;1;0;0;0;0;0;304794,899238214830000;5627148,570370031500000;6,231944837000071;50,763224279000042;0
126816;5;5;13;0;2019;11;18;2;3;8;1;2;1;0;0;0;0;0;366340,139712875710000;5716094,688806802000000;7,070955178000077;51,580047130000082;1
126846;5;3;15;0;2019;11;14;6;3;6;4;0;1;0;1;0;0;0;352421,015441684980000;5647302,864295199500000;6,898605356000076;50,958414761000029;0
126849;5;3;34;2;2019;11;19;2;3;5;3;2;1;1;0;0;0;0;297780,755000000820000;5626923,512000000100000;6,132736830000056;50,758801245000029;1
126862;5;3;14;0;2019;11;17;6;3;1;3;2;1;1;0;0;0;0;364621,705873473550000;5621772,779491899500000;7,081659317000060;50,731954548000033;0
126876;5;1;58;20;2019;11;11;6;3;3;6;0;1;1;0;0;0;0;356812,819579845290000;5664368,567241882900000;6,954353461000039;51,112887619000048;0
126879;5;3;66;40;2019;11;16;2;3;0;3;0;1;1;0;0;0;0;347514,157620534300000;5624465,444309316600000;6,838300888000049;50,751913534000039;1
126886;5;3;62;32;2019;11;17;2;3;5;2;2;1;1;0;0;0;0;338146,400000001300000;5638153,607000004500000;6,699573873000077;50,872373050000078;1
126889;5;1;62;22;2019;11;7;6;3;3;2;1;1;1;0;0;0;0;334744,319222293790000;5683432,171394616400000;6,630566164000072;51,278227268000080;0
126890;5;1;62;16;2019;11;17;6;3;0;3;2;1;1;0;0;0;0;331413,816156160090000;5677944,557995848400000;6,585443647000034;51,227950253000074;0
126894;5;1;16;0;2019;11;14;6;3;5;2;0;1;1;0;0;0;0;322910,599589457740000;5676225,825547911200000;6,464630945000067;51,209935612000038;0
126898;5;3;15;0;2019;11;7;2;3;5;3;2;1;1;0;0;0;0;356576,749172456560000;5643031,698741752700000;6,959420047000037;50,921079657000064;1
126903;5;1;20;0;2019;11;16;6;2;5;2;2;1;1;0;0;0;0;374919,574992765670000;5671088,382767448200000;7,210556727000039;51,177522933000034;0
126910;5;3;14;0;2019;11;7;2;3;5;2;1;1;0;0;0;1;0;366432,232316770590000;5621702,321625972200000;7,107325374000027;50,731740420000051;1
126931;5;7;66;48;2019;11;7;6;3;5;3;2;1;1;0;0;0;0;478489,497762395070000;5760222,684614947100000;8,686720407000053;51,992251012000054;0
126940;5;7;11;0;2019;11;7;6;3;5;3;0;1;1;0;0;0;0;470907,135483467020000;5764286,465153677400000;8,575948280000034;52,028441768000050;0
126965;5;1;11;0;2019;11;17;2;3;5;3;2;1;1;0;0;0;0;343482,845568656920000;5675742,016614399900000;6,759115147000046;51,211597152000081;1
126976;5;9;13;0;2019;11;12;6;3;5;3;0;1;1;0;0;0;0;394073,291000001130000;5709909,756000001000000;7,472903537000036;51,530349324000042;0
126983;5;7;58;12;2019;11;18;2;3;5;3;2;1;1;0;0;0;0;476840,716846907510000;5774377,437275469300000;8,661748193000051;52,119446068000059;1
126988;5;7;54;40;2019;11;13;2;3;2;2;0;1;1;0;0;0;0;455454,592855419030000;5760332,978345723800000;8,351242278000029;51,991872647000037;1
126992;5;7;66;16;2019;11;7;2;3;0;3;1;1;1;0;0;0;0;506796,529599183240000;5754096,794232156100000;9,098864325000022;51,937548153000080;1
127010;5;9;66;20;2019;11;14;2;3;0;2;0;1;1;0;0;0;0;431743,479173573670000;5666438,362320417500000;8,024202261000028;51,145324399000060;1
127025;5;5;66;28;2019;11;7;5;3;5;3;1;1;1;0;0;0;0;409706,979481251910000;5792263,425195420200000;7,676640267000039;52,273322347000033;0
127027;5;5;66;76;2019;11;9;5;3;5;3;0;1;1;0;0;0;0;394800,128376360050000;5792561,666604455600000;7,458147968000048;52,273352688000045;0
127028;5;9;14;0;2019;11;17;2;2;5;3;2;1;1;0;0;0;0;387805,979000000280000;5688851,230000002300000;7,389260312000033;51,339859294000064;1
127029;5;5;66;8;2019;11;12;5;2;0;5;0;1;0;0;0;0;0;399283,350139724090000;5781605,989901306100000;7,527094025000054;52,175726620000034;0
127036;5;5;54;20;2019;11;15;5;3;5;3;0;1;1;0;0;0;0;366263,511945541950000;5782714,189384153100000;7,044033701000046;52,178669759000059;0
127038;5;9;78;24;2019;11;7;2;3;5;3;1;1;1;0;0;0;0;398134,638000001200000;5719600,315000001300000;7,528622693000045;51,618201737000049;1
127045;5;5;15;0;2019;11;17;5;2;6;7;2;1;0;1;0;0;0;406755,566702099520000;5751248,998436259100000;7,644614281000031;51,904180412000073;0
127049;5;5;62;28;2019;11;14;5;3;5;3;0;1;1;0;0;0;0;379641,405688254160000;5722427,835522893800000;7,260650734000024;51,639963233000060;0
127052;5;9;54;36;2019;11;10;2;3;0;1;0;1;0;0;0;0;0;384319,256639349270000;5700683,088687462700000;7,335368778000031;51,445506422000051;1
127054;5;5;62;24;2019;11;9;5;3;0;7;0;1;0;0;0;0;1;370131,481936582360000;5725307,712911246300000;7,122226194000064;51,663728289000062;0
127055;5;9;54;36;2019;11;7;2;3;6;6;2;1;0;1;0;0;0;383133,848738081750000;5699650,742409898000000;7,318659586000024;51,435984373000053;1
127085;5;5;62;12;2019;11;10;1;2;5;3;0;1;1;0;0;0;0;358359,489000000990000;5735533,656999999700000;6,947971954000025;51,752771390000078;0
127089;5;3;78;4;2019;11;6;5;3;6;7;2;1;0;1;0;0;0;366648,382089272140000;5649724,608891269200000;7,100177060000021;50,983648763000076;0
127094;5;3;62;40;2019;11;15;5;3;5;3;0;1;1;0;0;0;0;357294,781923856590000;5632539,522170698300000;6,973723571000051;50,826963923000051;0
127113;5;3;15;0;2019;11;16;5;3;5;3;0;1;1;0;0;0;0;357096,162895385180000;5643102,824648832900000;6,966777246000049;50,921847738000054;0
127120;5;3;14;0;2019;11;6;5;3;5;3;2;1;0;0;0;0;1;368766,415749629030000;5623898,650403242600000;7,139600025000050;50,752013416000068;0
127121;5;1;70;28;2019;11;18;5;3;5;3;2;1;1;0;0;0;0;331754,538999999870000;5702385,291000001100000;6,578772473000072;51,447625855000069;0
127126;5;7;11;0;2019;11;3;1;2;0;1;2;1;0;0;0;0;0;467488,044707140890000;5763322,229932924700000;8,526205661000063;52,019582811000078;1
127159;5;7;74;32;2019;11;9;5;2;0;3;0;1;1;0;0;0;0;477730,016763283870000;5732209,941973764400000;8,677465938000069;51,740357929000027;0
127168;5;7;74;12;2019;11;6;5;3;3;6;2;1;1;0;0;0;0;480428,262816720640000;5722086,534377517200000;8,717111882000040;51,649435897000046;1
127169;5;5;66;40;2019;11;17;7;2;0;1;2;1;0;0;0;0;0;422875,236681282520000;5781725,148004522500000;7,871997192000038;52,180600218000052;0
127173;5;7;70;24;2019;11;18;5;3;5;3;2;1;1;0;0;0;0;493368,803000001240000;5792197,355000000400000;8,902798641000061;52,280103860000054;0
127176;5;3;70;4;2019;11;12;7;3;5;3;0;1;1;0;0;0;0;309380,620052834040000;5662025,441297277800000;6,278666232000035;51,078031557000031;0
127177;5;7;58;12;2019;11;17;5;3;0;3;2;1;1;0;0;0;0;476967,927581893280000;5775982,091003654500000;8,663497476000032;52,133878197000058;0
127179;5;3;58;36;2019;11;13;7;3;3;6;0;1;1;0;0;0;0;310451,704000000840000;5651550,335000000900000;6,299416872000052;50,984294386000045;0
127192;5;3;78;28;2019;11;16;7;2;6;4;0;1;0;1;0;0;0;371716,258817453870000;5642244,691382823500000;7,174973217000058;50,917570840000053;0
127193;5;7;11;0;2019;11;22;5;2;3;6;2;1;1;0;0;0;0;459953,810795685280000;5757427,930603360800000;8,417103932000032;51,966097414000046;0
127198;5;7;11;0;2019;11;16;5;2;5;2;1;1;1;0;0;0;0;469416,533028108070000;5767637,060904342700000;8,553922458000045;52,058485505000078;0
127210;5;3;34;2;2019;11;17;5;2;1;7;2;1;1;0;0;0;0;293767,689270777630000;5629910,084393516200000;6,074239825000063;50,784212051000054;0
127211;5;5;70;28;2019;11;15;7;3;3;2;0;1;0;0;0;0;1;441128,637930125930000;5741758,111639661700000;8,145795669000052;51,823548927000047;0
127212;5;3;34;2;2019;11;9;5;3;5;2;0;1;1;0;0;0;0;293944,148921513930000;5629586,715014593700000;6,076920963000021;50,781370558000049;0
127225;5;5;15;0;2019;11;12;7;3;5;2;0;1;1;0;0;0;0;405947,204163147140000;5756805,757978769000000;7,631348888000048;51,953991479000081;0
127226;5;3;62;28;2019;11;8;5;3;6;4;1;1;0;1;0;0;0;350164,488016844730000;5639079,707761656500000;6,869876313000020;50,883935931000053;0
127227;5;5;15;0;2019;11;16;7;2;0;1;0;1;0;0;0;0;0;405815,810269248670000;5753414,013202751100000;7,630366288000062;51,923482614000079;0
127228;5;5;15;0;2019;11;14;7;3;0;5;0;1;1;0;0;0;0;405919,350097696300000;5756063,127051178400000;7,631146973000057;51,947311655000078;0
127229;5;3;62;28;2019;11;15;5;3;5;3;0;1;1;0;0;0;0;352495,924381134100000;5637766,058240233000000;6,903527074000067;50,872730535000073;0
127232;5;5;15;0;2019;11;17;7;3;5;7;2;1;1;0;0;0;0;402698,888009386140000;5753879,217784311600000;7,584922950000021;51,927128008000068;0
127234;5;5;15;0;2019;11;10;7;3;6;4;0;1;0;1;0;0;0;405587,977140439670000;5756866,682964390100000;7,626106318000041;51,954478231000053;0
127251;5;3;34;2;2019;11;10;7;3;5;2;0;1;1;0;0;0;0;296451,824783002960000;5628461,015310572500000;6,113069010000061;50,772145726000076;1
127253;5;3;82;44;2019;11;14;7;3;5;3;0;1;1;0;0;0;0;361356,337534331720000;5633141,572275277200000;7,031129160000035;50,833361765000063;0
127270;5;1;66;32;2019;11;12;5;2;0;7;0;1;0;0;0;0;0;313662,648445874450000;5681493,415328014600000;6,329640039000026;51,254309121000063;0
127275;5;1;62;24;2019;11;15;5;2;2;6;0;1;1;0;0;0;0;337007,482626162470000;5669871,445420524100000;6,669150138000020;51,157040193000057;0
127285;5;1;16;0;2019;11;11;5;3;5;3;0;1;1;0;0;0;0;321148,229091621000000;5673445,210518181300000;6,440811318000044;51,184407624000073;0
127289;5;1;70;52;2019;11;2;7;2;5;1;2;1;1;0;0;0;0;324186,934838932010000;5726694,055761771300000;6,457827289000022;51,663688758000035;1
127290;5;1;14;0;2019;11;7;5;3;3;2;1;1;1;0;0;0;0;331149,199000000950000;5691826,292000003200000;6,575093618000039;51,352585714000043;0