OBJECTID;ULAND;UREGBEZ;UKREIS;UGEMEINDE;UJAHR;UMONAT;USTUNDE;UWOCHENTAG;UKATEGORIE;UART;UTYP1;ULICHTVERH;IstRad;IstPKW;IstFuss;IstKrad;IstGkfz;IstSonstige;LINREFX;LINREFY;XGCSWGS84;YGCSWGS84;STRZUSTAND
127293;5;1;14;0;2019;11;15;5;3;0;7;0;1;0;0;0;0;0;330784,413000000640000;5688657,050000004500000;6,571365787000048;51,324005094000029;0
127297;5;1;58;20;2019;11;10;7;2;0;7;0;1;0;0;0;0;0;356113,276514803990000;5664493,316953642300000;6,944316539000056;51,113833478000060;0
127305;5;1;66;32;2019;11;13;7;3;5;3;0;1;1;0;0;0;0;316305,068095578810000;5685857,019365746500000;6,365222258000074;51,294362781000075;0
127306;5;1;12;0;2019;11;17;5;3;5;3;2;1;1;0;0;0;0;346659,260325202720000;5701748,388762570900000;6,793363598000042;51,446135233000064;0
127309;5;1;11;0;2019;11;8;1;3;5;3;0;1;1;0;0;0;0;342067,021462759000000;5677969,897707074900000;6,737879957000075;51,231225216000041;0
127311;5;1;11;0;2019;11;19;5;2;5;3;2;1;1;0;0;0;0;345111,107349485160000;5676488,340362189300000;6,782086120000031;51,218747115000042;0
127316;5;7;74;32;2019;11;17;5;2;5;3;2;1;1;0;0;0;0;478966,742191497240000;5737999,708261128500000;8,695026446000043;51,792462605000026;0
127328;5;7;58;16;2019;11;7;5;3;5;3;1;1;1;0;0;0;0;476717,808219237250000;5776123,074623700200000;8,659833604000028;52,135135240000068;0
127337;5;1;11;0;2019;11;0;7;3;5;3;2;1;1;0;0;0;0;340148,103349158540000;5678768,571194393600000;6,710061758000052;51,237867012000038;0
127338;5;9;74;28;2019;11;9;5;3;5;3;0;1;1;0;0;0;0;452669,105160570700000;5725676,126649789500000;8,315419082000062;51,680057592000026;0
127347;5;9;58;4;2019;11;19;5;3;2;6;2;1;1;0;0;0;0;426925,892875763590000;5697154,857208952300000;7,949057698000047;51,420888034000029;0
127353;5;7;54;16;2019;11;11;7;3;5;3;0;1;1;0;0;0;0;450480,991000000390000;5755800,325000001100000;8,279466703000026;51,950701564000042;0
127359;5;9;13;0;2019;11;15;5;3;1;7;0;1;1;0;0;0;0;398502,704487287440000;5705403,538406997900000;7,538034770000024;51,490657584000076;0
127386;5;5;58;16;2019;11;13;4;3;5;3;0;1;1;0;0;0;0;379380,676475243640000;5741495,200036101000000;7,250279873000068;51,811269590000052;0
127393;5;5;54;48;2019;11;12;4;3;5;3;0;1;1;0;0;0;0;340980,142530782150000;5746844,538605509300000;6,691207875000032;51,849724721000030;1
127394;5;5;54;12;2019;11;9;4;3;5;3;0;1;1;0;0;0;0;352830,889357194300000;5746043,713924145300000;6,863474090000068;51,845779396000069;1
127395;5;5;70;8;2019;11;14;6;3;3;2;0;1;1;0;0;0;0;434063,446000001390000;5734465,997999999700000;8,044682708000039;51,757203484000058;0
127396;5;5;70;4;2019;11;12;6;3;5;3;0;1;1;0;0;0;0;423851,530137561260000;5736386,637791100900000;7,896334667000076;51,773173967000048;0
127397;5;5;54;44;2019;11;17;4;3;7;3;2;1;1;0;0;0;0;365417,832599098790000;5743649,972462263000000;7,047016029000076;51,827445355000066;0
127398;5;5;54;8;2019;11;5;4;3;5;3;2;1;1;0;0;0;0;332449,789000000800000;5742793,203000001600000;6,569434900000033;51,810836273000064;1
127404;5;5;15;0;2019;11;16;4;3;5;2;1;1;0;0;0;0;1;405211,724589333870000;5750119,979369552800000;7,622490648000053;51,893771680000043;0
127408;5;5;66;68;2019;11;7;6;3;5;2;2;1;1;0;0;0;0;379602,030862855720000;5784431,825475812000000;7,238401077000049;52,197177393000061;1
127410;5;5;62;32;2019;11;7;4;3;5;2;1;1;1;0;0;0;0;373978,431107893590000;5719181,295135710400000;7,180024454000034;51,609546237000075;1
127415;5;5;13;0;2019;11;13;4;3;5;3;0;1;1;0;0;0;0;367999,149990709500000;5712775,221470596300000;7,096131210000067;51,550607199000069;1
127423;5;5;58;12;2019;11;7;6;3;5;3;1;1;1;0;0;0;0;373492,716724396680000;5756409,242508824900000;7,159448487000020;51,943993432000070;1
127424;5;3;34;2;2019;11;8;4;3;5;3;0;1;1;0;0;0;0;300417,714000001550000;5625900,734000003000000;6,170631586000070;50,750527498000054;0
127425;5;3;34;2;2019;11;7;4;3;5;2;1;1;1;0;0;0;0;294198,910000000150000;5628166,750000001900000;6,081324448000032;50,768708073000028;0
127429;5;3;15;0;2019;11;19;4;3;1;7;2;1;1;0;0;0;0;356504,152909377590000;5646415,174463188300000;6,957055482000044;50,951468500000033;0
127430;5;5;62;4;2019;11;8;6;3;5;2;0;1;1;0;0;0;0;383693,581000000240000;5709699,929000003300000;7,323399197000072;51,526420759000075;1
127439;5;1;70;52;2019;11;8;4;3;0;1;1;1;0;0;0;0;0;324410,169789383190000;5726351,624701269000000;6,461223761000042;51,660682611000027;2
127441;5;1;70;20;2019;11;12;4;3;5;3;0;1;1;0;0;0;0;328305,862319867130000;5707585,525576382900000;6,526665342000058;51,493306654000037;0
127442;5;1;70;48;2019;11;7;4;3;5;2;1;1;1;0;0;0;0;336807,396552994850000;5725826,199566969600000;6,640545143000054;51,659698679000030;1
127444;5;1;58;8;2019;11;14;4;3;0;1;0;1;0;0;0;0;0;361467,164230169730000;5674085,428059019100000;7,017063437000047;51,201355868000064;0
127445;5;1;58;4;2019;11;18;4;3;5;2;2;1;1;0;0;0;0;356498,374185656200000;5674262,388050353200000;6,945918384000038;51,201719631000060;0
127446;5;1;58;28;2019;11;19;4;3;0;1;2;1;0;0;0;0;0;348895,169605290520000;5688991,176598355200000;6,830943312000045;51,332107124000061;0
127450;5;5;62;32;2019;11;10;6;3;3;2;0;1;1;0;0;0;0;375980,188222642060000;5715007,284475376800000;7,210393149000026;51,572478085000057;0
127458;5;3;58;4;2019;11;15;6;3;5;3;0;1;1;0;0;0;0;304706,744043600750000;5642523,479419212800000;6,222506164000038;50,901295369000081;0
127462;5;1;14;0;2019;11;11;4;3;3;2;0;1;1;0;0;0;0;332857,748960802330000;5694922,991517946100000;6,598151459000064;51,380911659000049;0
127463;5;1;14;0;2019;11;13;4;3;5;3;0;1;1;0;0;0;0;329142,249384758990000;5687000,340469516800000;6,548613834000037;51,308630731000051;0
127464;5;1;17;0;2019;11;13;4;3;4;3;0;1;1;0;0;0;0;352827,454197920860000;5702808,239901481200000;6,881618984000056;51,457295192000061;0
127469;5;1;13;0;2019;11;15;4;3;0;1;0;1;0;0;0;0;0;360019,742104778070000;5701802,171403545900000;6,985471315000041;51,450078560000065;0
127474;5;1;12;0;2019;11;14;4;3;5;2;0;1;1;0;0;0;0;345413,693000000900000;5691759,570000000300000;6,779805608000061;51,356045989000052;0
127487;5;3;62;32;2019;11;7;6;3;5;2;1;1;1;0;0;0;0;339023,535797058600000;5642826,089951327100000;6,709970925000050;50,914602506000051;0
127488;5;7;58;12;2019;11;15;4;3;0;5;0;1;1;0;0;0;0;476221,494199520910000;5774490,588833065700000;8,652696437000031;52,120437081000034;0
127489;5;7;54;36;2019;11;9;4;3;5;3;0;1;1;0;0;0;0;475888,053551868540000;5750811,490136135400000;8,649493907000021;51,907529356000055;0
127492;5;3;15;0;2019;11;7;6;2;0;1;0;1;0;0;0;0;0;361163,020018447190000;5649465,037883507100000;7,022176635000051;50,980019285000026;1
127501;5;3;15;0;2019;11;13;6;3;0;7;0;1;0;0;0;0;0;351403,046067988500000;5645024,939337106400000;6,885050430000035;50,937682707000079;0
127505;5;3;15;0;2019;11;14;6;3;4;7;0;1;0;1;0;0;0;352062,762600279410000;5644975,297535277900000;6,894453399000042;50,937406220000071;0
127507;5;7;11;0;2019;11;16;4;3;3;2;1;1;1;0;0;0;0;469298,373832186680000;5765268,049924736800000;8,552411936000055;52,037180115000069;0
127519;5;1;58;16;2019;11;11;6;2;0;3;0;1;0;0;0;0;0;355911,189770852220000;5670192,291872600100000;6,939151549000030;51,164996363000057;0
127533;5;1;19;0;2019;11;5;6;3;5;2;2;1;1;0;0;0;0;347970,596239208240000;5704983,676149059100000;6,810828412000035;51,475558540000065;1
127560;5;1;13;0;2019;11;15;6;3;5;2;0;1;1;0;0;0;0;357597,708772473970000;5703355,311905339400000;6,950013009000031;51,463431234000041;0
127562;5;1;12;0;2019;11;11;6;3;0;6;0;1;0;0;0;0;0;345196,616000000390000;5698224,995000002900000;6,773872301000040;51,414079510000079;1
127565;5;1;11;0;2019;11;22;6;3;5;3;2;1;0;0;0;0;1;344811,795777454040000;5677733,537648780300000;6,777264516000059;51,229854413000055;1
127568;5;5;70;16;2019;11;12;3;2;5;3;0;1;1;0;0;0;0;412374,955000001010000;5737998,728000002000000;7,729632046000063;51,785986218000062;1
127576;5;7;74;24;2019;11;14;6;3;5;2;0;1;1;0;0;0;0;476529,743000000720000;5741168,839000003400000;8,659476968000035;51,820859612000049;0
127578;5;7;54;28;2019;11;19;1;2;5;3;2;1;1;0;0;0;0;451769,827162066470000;5743458,777433414000000;8,299945027000035;51,839858810000067;1
127579;5;7;74;24;2019;11;11;6;3;0;4;0;1;0;1;0;0;0;476467,836620936170000;5741130,630354052400000;8,658581400000060;51,820513471000027;0
127580;5;5;66;84;2019;11;7;3;3;5;2;0;1;1;0;0;0;0;390137,105126488950000;5775419,980230612700000;7,395391645000075;52,118386377000036;1
127581;5;5;66;52;2019;11;7;3;3;5;3;2;1;1;0;0;0;0;377727,358338744380000;5778458,550766095500000;7,213138593000053;52,143087091000041;1
127586;5;5;58;20;2019;11;7;3;3;5;3;1;1;1;0;0;0;0;391273,810214939530000;5760042,587524144000000;7,416879630000040;51,980407738000054;1
127595;5;7;54;28;2019;11;8;6;3;7;7;1;1;0;1;0;0;0;451660,781294952150000;5743682,986158516300000;8,298331032000021;51,841865135000035;0
127598;5;5;15;0;2019;11;12;3;3;2;2;0;1;1;0;0;0;0;404946,843935472890000;5756840,114317033400000;7,616786758000046;51,954130207000048;1
127602;5;7;11;0;2019;11;8;6;3;5;2;0;1;1;0;0;0;0;469337,638626480480000;5763955,929533200300000;8,553101966000043;52,025385490000076;1
127605;5;7;11;0;2019;11;13;6;2;2;6;0;1;1;0;0;0;0;466823,819163934330000;5764300,980252815400000;8,516431429000022;52,028343042000074;0
127606;5;5;12;0;2019;11;6;3;3;5;3;2;1;1;0;0;0;0;356502,383607264610000;5709680,316811237500000;6,931684590000032;51,519990356000051;1
127607;5;5;62;20;2019;11;16;3;2;0;1;2;1;0;0;0;0;0;371734,686846637170000;5716707,610019074800000;7,148543341000050;51,586808865000080;1
127608;5;5;13;0;2019;11;14;3;3;6;7;0;1;0;1;0;0;0;365295,264908181500000;5715115,313587632000000;7,056259918000023;51,570997295000041;1
127627;5;3;78;4;2019;11;15;3;3;0;7;0;1;0;0;0;0;0;367818,471883143300000;5651186,013432974000000;7,116305554000064;50,997053199000050;1
127650;5;3;15;0;2019;11;12;3;3;0;7;0;1;1;0;0;0;0;349542,012922922150000;5644546,224469844300000;6,858780034000063;50,932898272000045;1
127659;5;3;15;0;2019;11;20;3;3;0;3;2;1;1;0;0;0;0;356685,091907696800000;5644674,258136617000000;6,960314742000037;50,935868109000069;1
127662;5;3;14;0;2019;11;12;3;3;5;2;0;1;1;0;0;0;0;368369,152999999930000;5622841,711000001100000;7,134349232000034;50,742423566000070;1
127684;5;1;54;36;2019;11;17;3;3;4;6;2;1;0;0;0;0;0;300776,432072478350000;5742757,141371944900000;6,110566792000043;51,800125228000070;1
127688;5;1;62;20;2019;11;18;3;3;5;3;2;1;1;0;0;0;0;327518,574029300360000;5670953,768692234500000;6,533067630000062;51,163982345000079;1
127692;5;1;19;0;2019;11;16;3;3;5;2;1;1;1;0;0;0;0;351147,937000000850000;5712809,393000001100000;6,853242289000036;51,546720653000079;1
127704;5;5;66;36;2019;11;17;5;3;5;3;2;1;1;0;0;0;0;387280,312442420980000;5769024,373515639500000;7,355799537000053;52,060333299000035;0
127714;5;5;54;44;2019;11;17;5;3;5;2;2;1;0;0;0;1;0;365417,871256568470000;5743649,708183167500000;7,047016692000057;51,827442990000065;1
127716;5;5;54;20;2019;11;14;5;3;0;1;0;1;0;0;0;0;0;362568,031000000420000;5786805,020000001400000;6,988361608000048;52,214518202000079;0
127724;5;5;15;0;2019;11;7;5;3;5;2;0;1;1;0;0;0;0;405362,025467283090000;5755731,569724045700000;7,623131817000058;51,944236931000034;0
127730;5;7;58;12;2019;11;13;3;3;5;2;0;1;0;0;0;1;0;477335,375040632670000;5774771,798589449400000;8,668946499000072;52,123012123000080;1
127734;5;5;62;24;2019;11;15;5;3;5;2;0;1;1;0;0;0;0;365034,177629112270000;5721179,544749336300000;7,050161732000049;51,625430291000043;0
127736;5;7;54;28;2019;11;7;3;3;5;3;0;1;1;0;0;0;0;453940,621000001210000;5743658,996000001200000;8,331424796000022;51,841842180000071;0
127737;5;7;54;32;2019;11;13;3;3;3;3;0;1;1;0;0;0;0;459859,496999999510000;5738634,596000000800000;8,417917546000069;51,797125862000030;1
127739;5;7;54;8;2019;11;19;3;3;5;3;2;1;1;0;0;0;0;459005,849171632900000;5750689,548240870200000;8,404109688000062;51,905446413000050;1
127742;5;7;54;8;2019;11;17;3;3;5;2;2;1;1;0;0;0;0;456802,471329211260000;5751881,006867425500000;8,371934032000070;51,915991784000028;1
127744;5;3;70;20;2019;11;8;5;3;5;3;0;1;1;0;0;0;0;305256,590713414360000;5659163,788906648800000;6,221404222000047;51,050944105000042;0
127749;5;3;34;12;2019;11;16;5;3;3;2;2;1;1;0;0;0;0;307414,212000000290000;5633411,364000000100000;6,265759536000076;50,820355538000058;1
127751;5;7;11;0;2019;11;17;3;3;5;2;2;1;1;0;0;0;0;467330,477279747840000;5763795,864071855300000;8,523864316000072;52,023831817000030;1
127753;5;9;74;40;2019;11;16;3;3;3;6;1;1;1;0;0;0;0;437040,256461367940000;5713083,652739787500000;8,091658099000028;51,565311435000069;1
127759;5;9;78;36;2019;11;18;4;3;8;1;2;1;0;0;0;0;0;407068,340655200180000;5710792,846123760600000;7,659955073000049;51,540576204000047;1
127763;5;7;11;0;2019;11;7;4;3;5;3;2;1;1;0;0;0;0;469401,062592437490000;5767601,212261576200000;8,553700032000052;52,058162350000032;1
127765;5;7;54;28;2019;11;22;4;3;1;6;2;1;1;0;0;0;0;452471,346052622420000;5743537,112182248400000;8,310115920000044;51,840623237000045;1
127778;5;9;15;0;2019;11;9;4;3;3;2;0;1;0;0;0;0;1;416598,515000001530000;5727084,016000000800000;7,793465352000055;51,688515489000054;1
127783;5;9;54;36;2019;11;17;4;3;0;2;2;1;1;0;0;0;0;384902,117000000550000;5700113,441000001500000;7,343937532000041;51,440505156000029;1
127794;5;5;70;20;2019;11;17;3;3;3;6;2;1;1;0;0;0;0;432211,443000000900000;5743628,767000000900000;8,016062862000069;51,839355152000053;0
127798;5;5;15;0;2019;11;20;3;3;2;2;2;1;1;0;0;0;0;407701,160000000150000;5758539,449000001000000;7,656398797000065;51,969868703000031;1
127799;5;5;15;0;2019;11;12;3;3;5;3;0;1;1;0;0;0;0;399935,726475016210000;5761104,471248781300000;7,542646659000070;51,991579578000028;0
127805;5;3;34;2;2019;11;7;3;3;5;2;2;1;1;0;0;0;0;295736,619315945540000;5629470,818787256300000;6,102378217000023;50,780963741000051;0
127807;5;3;34;2;2019;11;8;3;3;5;2;0;1;0;0;0;0;1;294792,874881619590000;5623925,378909096100000;6,092099330000053;50,730825475000074;1
127808;5;3;82;56;2019;11;10;3;2;5;3;0;1;1;0;0;0;0;372970,070491835470000;5623369,853555051600000;7,199342560000048;50,748195557000031;1
127817;5;3;15;0;2019;11;13;3;3;0;6;0;1;0;0;0;0;0;354798,296884538610000;5645570,042138744100000;6,933123057000046;50,943446318000042;0
127820;5;3;82;32;2019;11;7;3;2;5;3;1;1;1;0;0;0;0;359820,634999999780000;5610281,879000000700000;7,018026215000020;50,627540172000067;0
127823;5;1;70;12;2019;11;16;3;1;5;3;0;1;1;0;0;0;0;340606,373277921230000;5733647,872151704500000;6,691848815000071;51,731059814000048;0
127824;5;1;70;48;2019;11;16;3;3;5;3;2;1;1;0;0;0;0;334585,003743506970000;5725818,155571598600000;6,608447327000022;51,658976787000029;1
127829;5;1;58;16;2019;11;19;3;3;0;1;2;1;0;0;0;0;0;355937,774951847270000;5670443,743911493600000;6,939430797000057;51,167262713000071;1
127839;5;1;16;0;2019;11;14;3;3;5;3;0;1;1;0;0;0;0;319812,011228409600000;5668654,740062953900000;6,424111491000076;51,140954543000078;0
127840;5;1;14;0;2019;11;7;3;3;3;2;1;1;1;0;0;0;0;335893,331305073570000;5691643,231920709800000;6,643246863000059;51,352330917000074;0
127848;5;1;11;0;2019;11;16;3;2;5;3;0;1;1;0;0;0;0;350945,834999999960000;5675894,913000000600000;6,865819127000066;51,214967711000043;1
127849;5;1;11;0;2019;11;16;3;3;0;3;0;1;0;0;0;0;1;347253,938499310990000;5681254,368801508100000;6,810713122000038;51,262149861000069;0
127851;5;7;74;32;2019;11;7;3;2;5;2;1;1;1;0;0;0;0;480309,989345001990000;5733008,850863413900000;8,714785677000066;51,747637708000070;1
127852;5;7;70;4;2019;11;13;3;2;0;1;0;1;0;0;0;0;0;486726,396783635020000;5783959,263755528300000;8,805757094000057;52,205918744000030;0
127854;5;7;66;40;2019;11;7;3;3;5;3;0;1;1;0;0;0;0;485551,635285631750000;5760011,988456945900000;8,789581534000035;51,990585308000050;1
127855;5;7;66;20;2019;11;16;3;2;5;3;1;1;1;0;0;0;0;489783,917187339630000;5752335,764675516600000;8,851446283000030;51,921662395000055;1
127861;5;9;74;40;2019;11;16;3;3;0;3;1;1;1;0;0;0;0;437770,241000000390000;5711708,194000000100000;8,102431914000022;51,553026365000051;0
127865;5;9;58;44;2019;11;16;3;2;0;7;2;1;0;0;0;0;0;429320,802517772650000;5690495,386592442200000;7,984821033000060;51,361319905000073;1
127875;5;9;62;32;2019;11;20;3;2;3;6;2;1;1;0;0;0;0;409686,632982441220000;5676991,509938629300000;7,706298076000053;51,237141129000065;1
127898;5;5;70;8;2019;11;17;2;3;5;3;2;1;1;0;0;0;0;433879,011539660390000;5734708,406101614200000;8,041964823000058;51,759361005000073;1
127899;5;5;70;4;2019;11;21;2;3;5;3;2;1;1;0;0;0;0;424569,301000000910000;5735056,568000001800000;7,907024536000051;51,761314260000063;1
127900;5;5;70;4;2019;11;16;2;3;5;3;1;1;1;0;0;0;0;424775,253263144750000;5735776,920156028100000;7,909852179000041;51,767817709000042;0
127905;5;5;58;16;2019;11;11;2;3;0;1;0;1;0;0;0;0;0;381802,160448706710000;5744248,281729731700000;7,284449238000036;51,836529344000041;0
127906;5;5;54;20;2019;11;18;2;3;5;3;2;1;1;0;0;0;0;365182,178768246430000;5784950,475329294800000;7,027339326000060;52,198500371000080;2
127907;5;9;78;8;2019;11;13;4;2;3;3;0;1;1;0;0;0;0;415294,994000000880000;5715423,010000001600000;7,777434560000074;51,583494127000051;0
127908;5;5;54;20;2019;11;14;2;3;1;2;0;1;0;0;0;1;0;364992,546188061130000;5786837,179340196800000;7,023814153000046;52,215406551000058;1
127909;5;5;15;0;2019;11;16;2;2;3;1;1;1;0;0;0;0;0;405034,552117504180000;5757824,911082040500000;7,617790444000036;51,962996942000075;0
127910;5;5;15;0;2019;11;8;2;3;0;2;0;1;1;0;0;0;0;403052,591000000010000;5758116,297000000300000;7,588870361000033;51,965273919000026;0
127911;5;5;15;0;2019;11;12;2;3;5;2;0;1;1;0;0;0;0;405506,735534689390000;5751878,995674211500000;7,626294301000030;51,909632737000038;0
127913;5;5;15;0;2019;11;16;2;2;5;2;1;1;1;0;0;0;0;405775,058133949530000;5757998,032999105800000;7,628517561000024;51,964679036000064;1
127915;5;5;13;0;2019;11;16;2;3;0;7;0;1;0;0;0;0;0;364553,201692535540000;5715520,222825320400000;7,045402796000076;51,574458186000072;0
127918;5;1;66;4;2019;11;16;1;3;0;1;2;1;0;0;0;0;0;303685,275734248570000;5682410,009420070800000;6,186333844000046;51,259194207000064;1
127922;5;3;34;2;2019;11;5;2;2;0;1;2;1;0;0;0;0;0;293226,424593648870000;5631099,595447141700000;6,065902548000054;50,794702341000061;1
127923;5;3;78;8;2019;11;16;2;2;0;1;0;1;0;0;0;0;0;371267,234155897050000;5660982,504236087200000;7,161943959000041;51,085884107000027;1
127924;5;3;78;4;2019;11;17;2;3;6;6;2;1;0;1;0;0;0;367569,556132493540000;5646907,666864257300000;7,114318950000040;50,958543661000078;0
127933;5;3;15;0;2019;11;17;2;3;5;3;2;1;1;0;0;0;0;366408,678784044460000;5641470,872273700300000;7,099791849000042;50,909411702000057;0
127934;5;3;15;0;2019;11;17;2;3;6;6;1;1;0;1;0;0;0;359226,860626346430000;5652987,353142134800000;6,993247375000067;51,011204193000026;0
127935;5;3;15;0;2019;11;10;2;3;0;7;0;1;0;0;0;0;0;354568,885646781880000;5647471,529725762100000;6,929100208000023;50,960476589000052;0
127938;5;3;82;24;2019;11;13;2;3;4;2;0;1;1;0;0;0;0;371670,545916287230000;5617509,733839333100000;7,182970334000061;50,695236643000044;0
127939;5;1;70;16;2019;11;8;2;3;5;3;0;1;1;0;0;0;0;342180,510792079380000;5726492,286701737000000;6,717861869000046;51,667217415000039;0
127941;5;1;70;52;2019;11;7;2;3;5;2;1;1;1;0;0;0;0;324408,771919277500000;5726353,838015437100000;6,461202460000038;51,660702056000048;1
127944;5;1;66;32;2019;11;16;2;3;0;7;1;1;0;0;0;0;0;318535,990213596260000;5681155,729421699400000;6,399571864000052;51,252847314000064;0
127957;5;3;78;20;2019;11;12;1;3;5;2;0;1;1;0;0;0;0;371772,011271246710000;5657561,388695007200000;7,170360443000050;51,055248871000060;0
127959;5;5;62;20;2019;11;13;1;3;5;3;0;1;1;0;0;0;0;371555,667999999600000;5719704,394000003100000;7,144863327000053;51,613699761000078;0
127960;5;1;12;0;2019;11;17;2;2;5;3;2;1;1;0;0;0;0;345431,577767510900000;5700832,347993359000000;6,776110971000037;51,437570850000043;0
127963;5;7;74;32;2019;11;17;2;3;5;3;2;1;1;0;0;0;0;483932,859000000170000;5731652,499000001700000;8,767325905000064;51,735557990000075;0
127965;5;7;70;4;2019;11;7;2;3;5;3;1;1;1;0;0;0;0;485232,465093328620000;5788557,601196566600000;8,783694594000053;52,247222306000026;1
127970;5;7;54;48;2019;11;15;2;3;5;3;0;1;1;0;0;0;0;442127,970510188490000;5766227,340760914600000;8,156177480000054;52,043633888000045;1
127974;5;7;54;8;2019;11;15;2;3;3;6;0;1;1;0;0;0;0;457387,674513433130000;5749533,003751577800000;8,380732369000043;51,894926969000039;0
127976;5;7;66;8;2019;11;14;2;3;5;3;0;1;1;0;0;0;0;483412,059000000360000;5769744,875000001900000;8,757950051000023;52,078032210000060;0
127980;5;9;78;40;2019;11;8;2;3;5;2;0;1;1;0;0;0;0;404951,163075136020000;5723526,764675088200000;7,625984987000038;51,654688768000028;0
127986;5;9;58;4;2019;11;9;2;3;3;2;0;1;1;0;0;0;0;439797,597049831410000;5694196,670336514700000;8,134653949000040;51,395804864000070;0
127989;5;9;15;0;2019;11;17;2;3;2;6;2;1;0;0;0;0;0;422864,637897272590000;5726985,665416281700000;7,884117210000056;51,688527266000051;0
128007;5;7;74;24;2019;11;11;4;3;4;7;0;1;0;0;0;0;1;476297,046757600270000;5741905,839735688600000;8,656050451000056;51,827476211000032;1
128012;5;7;66;20;2019;11;5;4;3;5;3;2;1;1;0;0;0;0;484801,344593328420000;5753889,083460338400000;8,778925764000064;51,935514560000058;1
128020;5;9;54;36;2019;11;7;6;3;5;3;1;1;1;0;0;0;0;385449,382789680730000;5699650,347544407500000;7,351958083000056;51,436453767000046;0
128053;5;5;15;0;2019;11;16;5;3;0;3;0;1;1;0;0;0;0;408662,830188676710000;5753497,877424456200000;7,671733410000059;51,924710804000028;1
128058;5;5;62;20;2019;11;20;5;3;5;2;2;1;1;0;0;0;0;370941,323622379450000;5717668,035955505400000;7,136744773000032;51,595258902000069;1
128060;5;5;62;32;2019;11;20;5;2;5;2;2;1;1;0;0;0;0;380449,459999999960000;5718173,001000002000000;7,273774485000047;51,601895452000065;1
128062;5;5;13;0;2019;11;12;5;2;3;2;0;1;1;0;0;0;0;366211,394531848840000;5714467,634147411200000;7,069717816000036;51,565395048000028;1
128066;5;3;70;12;2019;11;18;5;3;5;3;2;1;0;0;0;0;0;297950,836906630550000;5649460,585217738500000;6,122704977000069;50,961275332000071;1
128070;5;3;70;16;2019;11;11;5;1;3;6;0;1;0;0;0;1;0;297927,603366341440000;5661757,879000732700000;6,115524981000021;51,071710369000073;1
128081;5;3;82;56;2019;11;8;5;3;0;3;0;1;1;0;0;0;0;373731,943775502030000;5626541,862257603600000;7,209048152000037;50,776873285000079;0
128085;5;3;78;4;2019;11;7;5;3;0;3;2;1;1;0;0;0;0;368844,263547597450000;5650391,778306832500000;7,131202381000037;50,990149554000027;1
128087;5;3;62;12;2019;11;20;5;3;5;3;2;1;1;0;0;0;0;352054,908999999990000;5630413,909000001800000;6,900231993000034;50,806546294000043;1
128092;5;3;15;0;2019;11;14;5;3;0;1;0;1;0;0;0;0;0;366649,332999999630000;5638844,953000001600000;7,104171787000041;50,885866298000053;1
128096;5;3;15;0;2019;11;17;5;3;5;2;2;1;1;0;0;0;0;360611,847819432620000;5646326,652917986700000;7,015532394000047;50,951680982000028;1
128097;5;3;15;0;2019;11;16;5;3;5;3;1;1;1;0;0;0;0;360483,414223548960000;5648824,369814047600000;7,012747290000050;50,974097254000071;1
128099;5;3;15;0;2019;11;9;5;3;1;5;0;1;1;0;0;0;0;353390,625773494130000;5645948,673672480500000;6,912947264000025;50,946492699000032;1
128106;5;9;62;40;2019;11;20;6;3;0;6;2;1;0;1;0;0;0;416265,482917999850000;5697624,171727996300000;7,795664248000037;51,423632474000044;0
128116;5;1;19;0;2019;11;5;5;3;0;7;2;1;0;0;0;0;0;352051,864596910770000;5710455,583397923000000;6,867258196000023;51,525808358000063;1
128119;5;1;14;0;2019;11;15;5;3;1;1;0;1;1;0;0;0;0;329776,742445889860000;5690926,763651315100000;6,555832839000061;51,344095101000050;1
128132;5;1;12;0;2019;11;13;5;3;5;2;0;1;1;0;0;0;0;342306,417000000370000;5705573,294999999900000;6,729070615000069;51,479305729000032;1
128134;5;1;11;0;2019;11;16;5;3;5;2;2;1;1;0;0;0;0;345239,493091287090000;5674817,703377319500000;6,784643810000034;51,203770515000031;1
128140;5;7;70;24;2019;11;17;5;3;5;2;2;1;1;0;0;0;0;494908,951999999580000;5793242,892000002800000;8,925358623000022;52,289520199000037;1
128147;5;7;54;8;2019;11;14;5;3;3;6;0;1;0;0;0;0;1;459733,544150798580000;5755029,131560256700000;8,414179141000034;51,944514963000074;1
128148;5;7;66;40;2019;11;6;5;3;4;2;2;1;1;0;0;0;0;486346,354000001210000;5757762,081000002100000;8,801244871000051;51,970376645000044;1
128151;5;7;11;0;2019;11;16;5;2;1;5;1;1;1;0;0;0;1;467562,741968873890000;5763034,472359929200000;8,527321446000030;52,017000063000069;1
128152;5;7;11;0;2019;11;16;5;3;5;3;2;1;1;0;0;0;0;469309,591370042410000;5762894,431771455300000;8,552788380000038;52,015840381000032;1
128153;5;9;78;32;2019;11;9;5;3;5;3;0;1;1;0;0;0;0;393488,919000001620000;5729386,879999999000000;7,458561403000033;51,705305657000054;0