OBJECTID;ULAND;UREGBEZ;UKREIS;UGEMEINDE;UJAHR;UMONAT;USTUNDE;UWOCHENTAG;UKATEGORIE;UART;UTYP1;ULICHTVERH;IstRad;IstPKW;IstFuss;IstKrad;IstGkfz;IstSonstige;LINREFX;LINREFY;XGCSWGS84;YGCSWGS84;STRZUSTAND
128167;5;9;15;0;2019;11;9;5;3;3;2;0;1;1;0;0;0;0;413149,144000000320000;5724202,983000002800000;7,744293930000026;51,662094015000037;1
128169;5;9;62;16;2019;11;9;6;3;5;2;0;1;1;0;0;0;0;414293,699728754350000;5693507,485454345100000;7,768306195000037;51,386329558000057;0
128175;5;9;11;0;2019;11;7;5;3;3;2;1;1;1;0;0;0;0;375840,310195514000000;5708383,430680783500000;7,210712720000061;51,512916950000033;1
128176;5;9;11;0;2019;11;8;5;3;5;2;0;1;0;0;0;1;0;374419,940457733350000;5703899,282044943400000;7,191849952000041;51,472302842000033;1
128194;5;5;70;28;2019;11;15;4;3;5;2;1;1;1;0;0;0;0;441640,966782267210000;5742579,732023980500000;8,153089988000033;51,830989243000033;1
128197;5;5;70;44;2019;11;16;4;3;5;3;1;1;1;0;0;0;0;415645,913999999870000;5760881,515000002500000;7,771445231000030;51,992183919000070;1
128199;5;5;70;52;2019;11;14;4;3;0;1;0;1;0;0;0;0;0;430193,414964139460000;5757233,541344478700000;7,984021132000066;51,961409368000034;1
128201;5;5;66;76;2019;11;10;4;2;5;3;0;1;1;0;0;0;0;393559,112512507480000;5794075,142153890800000;7,439488588000074;52,286715734000040;0
128208;5;5;54;56;2019;11;7;4;3;2;3;1;1;1;0;0;0;0;356020,931336664590000;5761362,605024918900000;6,903348011000048;51,984252631000061;1
128209;5;5;15;0;2019;11;18;4;3;5;2;2;1;1;0;0;0;0;405517,973237213680000;5754618,323560152200000;7,625705804000063;51,934257067000033;1
128210;5;5;15;0;2019;11;9;4;3;5;2;0;1;1;0;0;0;0;405927,784897007980000;5756691,396687477800000;7,631097696000040;51,952960263000080;1
128212;5;5;62;12;2019;11;18;4;2;5;2;2;1;1;0;0;0;0;359668,826880488540000;5725189,135913988600000;6,971092263000060;51,660147583000082;1
128214;5;5;62;14;2019;11;6;4;3;5;3;2;1;1;0;0;0;0;356792,633737732660000;5714535,282567396800000;6,933889738000062;51,563689854000074;1
128226;5;3;62;40;2019;11;18;4;2;5;3;2;1;0;0;0;0;1;359903,606000000610000;5629836,973000001200000;7,011774202000026;50,803312337000079;1
128229;5;3;62;16;2019;11;16;4;3;5;3;1;1;1;0;0;0;0;330509,177492172460000;5644365,750321039900000;6,588243195000075;50,925998393000043;0
128230;5;3;62;4;2019;11;16;4;3;5;3;0;1;1;0;0;0;0;323647,647460257630000;5653572,589225977700000;6,486242966000020;51,006655314000056;1
128234;5;3;15;0;2019;11;18;4;2;0;1;2;1;0;0;0;0;0;352019,279886186120000;5643607,607636814900000;6,894390225000052;50,925104282000063;1
128236;5;3;15;0;2019;11;9;4;3;6;7;0;1;0;1;0;0;0;354491,805360276250000;5643667,674209751200000;6,929522921000057;50,926272996000080;0
128239;5;3;82;4;2019;11;6;4;2;5;2;2;1;1;0;0;0;0;360719,098366513850000;5620116,696914691500000;7,027018393000049;50,716147715000034;1
128241;5;3;14;0;2019;11;15;4;3;2;5;0;1;1;0;0;0;0;365040,642024529170000;5620576,585303500300000;7,088029985000048;50,721300749000079;0
128243;5;1;70;24;2019;11;17;4;2;4;2;2;1;1;0;0;0;0;335424,434000000360000;5704019,021999999900000;6,630776901000047;51,463381818000073;1
128246;5;1;66;8;2019;11;4;4;3;3;6;2;1;0;0;0;0;1;317443,971620476800000;5689333,536433152900000;6,379760239000063;51,325957241000026;1
128254;5;1;12;0;2019;11;16;6;3;0;1;0;1;0;0;0;0;0;340243,204238057140000;5703617,852793945000000;6,700267990000043;51,461158118000071;0
128258;5;1;14;0;2019;11;13;4;3;5;3;0;1;1;0;0;0;0;330032,785000001080000;5690076,889000004200000;6,559911335000038;51,336536603000070;0
128266;5;1;22;0;2019;11;7;4;3;5;2;1;1;1;0;0;0;0;360080,603640927000000;5669542,504071412600000;6,998998314000062;51,160191939000072;1
128269;5;7;66;8;2019;11;13;6;3;4;6;0;1;0;0;1;0;0;481862,737018648540000;5768499,726030394400000;8,735408897000070;52,066788796000026;1
128277;5;1;17;0;2019;11;7;4;2;4;3;1;1;0;0;0;1;0;350199,024540322830000;5701953,966237012300000;6,844176021000067;51,448929784000029;1
128278;5;7;11;0;2019;11;18;6;3;2;6;2;1;1;0;0;0;0;475167,105072912760000;5763679,208010535700000;8,638083355000049;52,023189180000031;1
128284;5;9;15;0;2019;11;6;6;3;5;3;2;1;1;0;0;0;0;416886,157846674320000;5723393,353345766700000;7,798503805000053;51,655380999000045;1
128285;5;1;12;0;2019;11;16;4;3;5;3;0;1;1;0;0;0;0;347721,135801064780000;5700270,334353178700000;6,809268115000066;51,433141068000054;1
128299;5;5;66;76;2019;12;13;2;2;5;3;0;1;1;0;0;0;0;398474,905000001190000;5794128,643000001100000;7,511515040000063;52,288126723000062;1
128301;5;5;58;16;2019;12;11;2;3;5;3;0;1;1;0;0;0;0;381498,085782071580000;5743708,385962873700000;7,280222864000052;51,831612778000078;1
128302;5;5;54;16;2019;12;13;2;3;5;3;0;1;1;0;0;0;0;362183,185448325240000;5757706,152631076100000;6,994490865000046;51,952960453000060;1
128305;5;5;15;0;2019;12;7;2;3;1;3;1;1;1;0;0;0;0;404319,133274229240000;5759038,967119470200000;7,607042589000059;51,973786635000067;0
128306;5;3;62;40;2019;11;15;6;3;5;3;0;1;1;0;0;0;0;357758,900253749450000;5630356,061429603000000;6,981155778000073;50,807454959000040;0
128310;5;5;15;0;2019;12;16;2;2;2;6;1;1;0;0;0;0;0;402482,587206056340000;5754768,891701927400000;7,581526116000021;51,935086821000027;0
128326;5;3;82;56;2019;12;13;2;3;3;5;0;1;1;0;0;0;0;372813,757404602130000;5627369,053097622500000;7,195745535000071;50,784107748000054;1
128332;5;3;62;28;2019;12;9;2;3;8;1;0;1;0;0;0;0;0;352416,739810411820000;5636663,760323775900000;6,902847128000076;50,862804329000028;0
128336;5;3;16;0;2019;12;6;2;3;0;2;2;1;1;0;0;0;0;366122,269000000320000;5657364,457000000400000;7,089866070000028;51,052189626000029;0
128341;5;3;15;0;2019;12;9;2;2;0;1;0;1;0;0;0;0;0;353245,036127232020000;5643996,652695218100000;6,911662409000030;50,928913593000061;1
128346;5;1;58;28;2019;12;11;2;2;5;3;0;1;1;0;0;0;0;350692,336284259330000;5685078,614770360300000;6,858359776000043;51,297424648000060;0
128349;5;1;54;36;2019;12;12;2;3;0;2;0;1;1;0;0;0;0;303694,470175651830000;5742191,414048306600000;6,153151897000043;51,796076670000048;1
128358;5;1;16;0;2019;12;16;2;3;0;6;2;1;0;1;0;0;0;323926,626035128720000;5670967,686850333600000;6,481739271000038;51,163013188000036;1
128359;5;1;16;0;2019;12;8;2;2;3;2;0;1;1;0;0;0;0;321082,281218100340000;5673600,318492237500000;6,439791438000043;51,185780359000034;0
128360;5;1;14;0;2019;12;15;2;3;5;2;1;1;1;0;0;0;0;333953,107642946760000;5692032,972254287500000;6,615226988000075;51,355268792000061;1
128361;5;1;14;0;2019;12;13;2;3;3;2;0;1;1;0;0;0;0;330688,295431533830000;5693344,645604986700000;6,567758124000022;51,366089221000038;0
128368;5;1;12;0;2019;12;14;2;2;5;3;0;1;1;0;0;0;0;343902,153678436760000;5699375,185079999300000;6,754766243000063;51,424059016000058;0
128370;5;1;11;0;2019;12;18;2;3;5;2;2;1;1;0;0;0;0;342558,074000000950000;5678691,545000001800000;6,744590438000046;51,237845015000062;0
128372;5;7;70;4;2019;12;11;2;3;0;7;0;1;1;0;0;0;0;486726,667999999600000;5783957,404000001000000;8,805761136000058;52,205902031000051;1
128375;5;7;58;20;2019;12;7;2;3;5;3;1;1;1;0;0;0;0;477050,172925641760000;5785780,108144592500000;8,664036027000066;52,221970998000074;1
128377;5;7;58;8;2019;12;15;2;3;3;6;0;1;1;0;0;0;0;469789,938248778690000;5775927,340557225000000;8,558633655000051;52,133040124000047;1
128378;5;7;54;36;2019;12;15;2;3;0;1;1;1;0;0;0;0;0;476533,200965993110000;5751229,490595068800000;8,658843510000054;51,911315126000034;1
128381;5;7;66;44;2019;12;7;2;2;5;3;1;1;1;0;0;0;0;492344,741000000390000;5764309,043000001500000;8,888416447000054;52,029354992000037;1
128383;5;7;11;0;2019;12;15;2;3;3;2;0;1;1;0;0;0;0;473973,031328937970000;5765666,972881939300000;8,620529971000053;52,041005861000031;1
128384;5;7;11;0;2019;12;16;2;3;5;2;0;1;1;0;0;0;0;467834,884000001480000;5765985,121000001200000;8,531009529000073;52,043544040000029;1
128405;5;9;11;0;2019;12;14;2;3;0;5;0;1;1;0;0;0;0;378017,641430537220000;5703821,491259438900000;7,243651335000038;51,472390793000045;1
128406;5;9;16;0;2019;12;12;2;3;8;7;0;1;1;0;0;0;0;376442,933602456000000;5710737,307132108100000;7,218567181000026;51,534204158000080;1
128420;5;5;66;4;2019;12;0;1;2;0;7;2;1;0;0;0;0;0;396086,315039934590000;5765518,325303003200000;7,485264722000068;52,030543535000049;1
128434;5;1;70;8;2019;12;14;1;3;0;1;0;1;0;0;0;0;0;343365,217977100980000;5714355,250702781600000;6,740402416000052;51,558503235000046;1
128436;5;1;70;32;2019;12;0;1;2;6;6;2;1;0;1;0;0;0;338399,638404117900000;5710751,299887033200000;6,670486910000022;51,524723931000040;1
128463;5;5;66;44;2019;11;17;7;3;3;6;2;1;1;0;0;0;0;426840,798271705400000;5778831,234771268400000;7,930608907000021;52,155126643000074;0
128486;5;3;34;12;2019;11;17;7;3;5;3;2;1;1;0;0;0;0;307812,501631819640000;5634668,179942293100000;6,270748776000062;50,831777273000057;0
128489;5;3;82;20;2019;11;21;7;3;5;3;2;1;1;0;0;0;0;379584,463785478850000;5625927,829064050700000;7,292219450000061;50,772598598000059;0
128492;5;3;78;28;2019;11;14;7;3;5;2;0;1;1;0;0;0;0;370846,788583042100000;5640243,620804902200000;7,163318628000070;50,899391242000036;0
128496;5;3;15;0;2019;11;16;7;3;5;2;0;1;1;0;0;0;0;356158,976000000720000;5648789,025000002200000;6,951206131000049;50,972715798000081;0
128498;5;1;70;8;2019;11;20;7;3;3;2;2;1;1;0;0;0;0;344044,626157089140000;5715610,854690015300000;6,749638255000036;51,569972691000032;0
128502;5;1;54;44;2019;11;19;7;2;4;6;2;1;1;0;0;0;0;319578,966013912110000;5742644,196569295600000;6,383004687000039;51,805492768000079;0
128508;5;1;62;24;2019;11;19;7;2;0;1;2;1;0;0;0;0;0;336239,903459446500000;5672565,389770232100000;6,656956470000068;51,181025368000064;1
128512;5;1;22;0;2019;11;20;7;3;0;7;2;1;0;0;0;0;0;365243,206924876200000;5669185,375251825900000;7,072917387000075;51,158221681000043;0
128519;5;7;70;4;2019;11;16;7;3;0;1;0;1;0;0;0;0;0;485061,175525029190000;5785375,035898473100000;8,781326315000058;52,218604715000026;1
128520;5;7;70;24;2019;11;22;7;3;0;1;2;1;0;0;0;0;0;494853,610564480540000;5793250,608163597100000;8,924547129000075;52,289589056000068;2
128521;5;7;70;24;2019;11;21;7;3;0;1;2;1;0;0;0;0;0;492282,920483117920000;5795726,653810393100000;8,886800732000040;52,311819803000049;1
128523;5;7;54;20;2019;11;7;7;3;5;3;0;1;1;0;0;0;0;448223,163282224910000;5748657,376218641200000;8,247691014000054;51,886278650000065;1
128527;5;9;78;36;2019;11;9;7;3;5;3;0;1;1;0;0;0;0;406256,303802949380000;5710323,010502224800000;7,648374382000043;51,536218481000049;0
128530;5;9;58;24;2019;11;7;7;2;5;2;1;1;1;0;0;0;0;491305,322999999860000;5706156,916999999400000;8,874721685000054;51,506476832000033;0
128531;5;9;58;16;2019;11;13;7;3;5;3;0;1;1;0;0;0;0;444176,700045250360000;5678091,509419877100000;8,200115009000058;51,251449268000044;1
128534;5;9;13;0;2019;11;14;7;3;0;6;0;1;1;0;0;0;0;393250,377000000330000;5707584,834000000700000;7,461748876000058;51,509296886000072;0
128536;5;9;11;0;2019;11;0;7;3;0;5;2;1;1;0;0;0;0;375997,704244376160000;5705627,498684048700000;7,213948493000032;51,488182987000073;0
128543;5;5;70;52;2019;11;9;6;2;0;1;0;1;0;0;0;0;0;430846,900707837190000;5757710,049477173000000;7,993434544000024;51,965774665000026;1
128546;5;5;54;48;2019;11;7;6;3;5;3;1;1;1;0;0;0;0;338713,300999999980000;5743086,903000000900000;6,660076400000037;51,815316944000074;0
128549;5;5;15;0;2019;11;9;6;3;5;2;0;1;1;0;0;0;0;405449,743999999950000;5758145,273000001900000;7,623743413000057;51,965947256000049;0
128553;5;5;62;32;2019;11;12;6;3;5;3;0;1;0;0;0;0;1;374803,818000001830000;5719664,821000000500000;7,191765392000036;51,614075857000046;0
128561;5;3;82;44;2019;11;13;6;3;5;2;0;1;1;0;0;0;0;364434,772952975710000;5627032,952428286900000;7,077075092000030;50,779188409000028;0
128564;5;3;78;24;2019;11;17;6;2;0;1;1;1;0;0;0;0;0;380393,546772756610000;5644787,726914554800000;7,297525721000056;50,942293130000053;0
128570;5;3;74;36;2019;11;12;6;2;8;1;0;1;0;0;0;0;0;381894,676529745570000;5675270,355401145300000;7,308921083000030;51,216595083000072;0
128572;5;9;62;16;2019;12;7;3;3;5;3;1;1;1;0;0;0;0;415446,759596421380000;5694905,224496631000000;7,784539942000038;51,399068022000051;1
128580;5;9;13;0;2019;12;17;3;3;5;3;2;1;1;0;0;0;0;388863,601000000720000;5709574,552000001100000;7,397934465000049;51,526335041000038;0
128587;5;3;14;0;2019;11;10;6;3;0;7;0;1;0;0;0;0;0;363707,475999999790000;5621237,025999998700000;7,068910342000038;50,726925508000079;1
128595;5;1;58;26;2019;11;13;6;3;5;3;0;1;1;0;0;0;0;351951,870409104970000;5664953,893787968900000;6,884717027000022;51,116912378000052;0
128600;5;1;66;36;2019;11;17;6;3;0;1;2;1;0;0;0;0;0;328640,258999999610000;5682301,406000001400000;6,543673039000055;51,266265633000046;1
128606;5;1;62;24;2019;11;13;6;3;5;3;0;1;1;0;0;0;0;336235,361109507270000;5672562,320670671800000;6,656892936000077;51,180996492000077;1
128624;5;5;70;4;2019;12;7;2;3;0;1;1;1;0;0;0;0;0;422953,809327760710000;5736140,457576377300000;7,883380733000024;51,770838052000045;1
128625;5;1;13;0;2019;11;9;6;3;6;7;0;1;1;1;0;0;0;362379,308264360760000;5701486,877026507600000;7,019529694000028;51,447823570000025;0
128633;5;1;17;0;2019;12;7;5;3;4;2;2;1;1;0;0;0;0;355933,855344391430000;5699799,746789133200000;6,927524862000041;51,431060156000058;1
128643;5;7;62;32;2019;12;11;5;3;4;2;0;1;1;0;0;0;0;506277,109020276000000;5745785,194219028600000;9,091157319000047;51,862823825000078;1
128644;5;7;58;24;2019;12;15;5;3;5;3;1;1;1;0;0;0;0;481625,924183350990000;5783337,080809714300000;8,731152458000054;52,200178528000038;0
128647;5;7;66;20;2019;12;8;5;3;5;2;1;1;1;0;0;0;0;493106,861000000500000;5752317,489000000100000;8,899766014000022;51,921549137000056;0
128657;5;9;62;8;2019;12;7;5;3;5;2;1;1;1;0;0;0;0;421418,408829099500000;5688298,601422702900000;7,871825055000045;51,340532022000048;0
128663;5;9;13;0;2019;12;16;5;3;0;1;0;1;0;0;0;0;0;397045,771814941430000;5708747,482473090300000;7,516080431000034;51,520451887000036;0
128678;5;5;70;52;2019;12;12;4;2;5;2;0;1;1;0;0;0;0;430178,847629812550000;5756121,677237061800000;7,984035117000076;51,951412313000048;1
128682;5;5;54;56;2019;12;15;4;3;5;3;0;1;1;0;0;0;0;356835,969149883840000;5762416,167018102500000;6,914768422000066;51,993929524000066;0
128686;5;5;54;4;2019;12;17;4;3;5;2;2;1;1;0;0;0;0;361532,533967895430000;5771129,888192348200000;6,979601308000042;52,073415931000056;0
128689;5;5;54;4;2019;12;15;4;3;0;3;0;1;1;0;0;0;0;363866,163889423940000;5772174,663109844600000;7,013212403000068;52,083382249000067;0
128692;5;5;15;0;2019;12;15;4;3;3;3;0;1;1;0;0;0;0;408723,522000000810000;5761851,518000001100000;7,670395656000039;51,999808270000074;0
128693;5;5;15;0;2019;12;8;4;3;5;2;0;1;1;0;0;0;0;408056,057429024950000;5754360,771018970800000;7,662681482000039;51,932367143000079;0
128700;5;5;12;0;2019;12;18;4;3;0;7;2;1;0;0;0;0;0;356378,124128906990000;5710820,233390850900000;6,929430101000037;51,530201853000051;0
128703;5;5;62;32;2019;12;8;4;3;0;1;0;1;0;0;0;0;0;373745,028843877840000;5719181,121008474400000;7,176655610000069;51,609492382000042;2
128715;5;3;66;16;2019;12;15;4;3;5;3;0;1;1;0;0;0;0;343937,434773481450000;5611704,735161142400000;6,793025758000056;50,636291653000058;0
128725;5;3;15;0;2019;12;15;4;3;5;3;0;1;0;0;1;0;0;353875,841000000010000;5641853,666999999400000;6,921491012000047;50,909815363000064;0
128733;5;1;62;24;2019;12;17;4;3;0;2;2;1;1;0;0;0;0;341362,288751440120000;5669775,226868547500000;6,731414773000040;51,157399547000068;0
128739;5;1;16;0;2019;12;16;4;3;5;3;2;1;1;0;0;0;0;320046,016678858550000;5674438,564260706300000;6,424559147000025;51,192985154000041;0
128747;5;1;11;0;2019;12;17;4;3;5;3;2;1;1;0;0;0;0;353478,472576683390000;5667224,196464825400000;6,905590237000070;51,137706375000050;0
128748;5;1;11;0;2019;12;12;4;3;5;2;0;1;0;0;0;0;1;347071,565623493870000;5680994,012713946400000;6,808212562000051;51,259761534000063;0
128756;5;7;70;24;2019;12;9;4;3;5;3;0;1;1;0;0;0;0;494221,325248640030000;5795131,211904490400000;8,915244731000030;52,306490322000059;0
128758;5;7;62;20;2019;12;20;4;3;0;1;2;1;0;0;0;0;0;524870,363028452730000;5731344,123361880000000;9,360132472000032;51,732463812000049;0
128759;5;7;58;4;2019;12;16;4;3;3;2;0;1;1;0;0;0;0;470292,257779508830000;5783750,568257879500000;8,565287359000024;52,203401634000045;0
128769;5;7;11;0;2019;12;7;4;3;5;2;1;1;1;0;0;0;0;469485,028000000860000;5767754,292000003200000;8,554910988000074;52,059543259000066;1
128771;5;9;78;36;2019;12;17;4;3;5;3;2;1;1;0;0;0;0;410226,109175280670000;5712691,839582432100000;7,704991710000058;51,558158055000035;0
128785;5;9;74;40;2019;12;7;6;3;3;2;2;1;0;0;0;0;1;437548,367223085840000;5712950,135870590800000;8,099011534000056;51,564167555000040;1
128787;5;9;15;0;2019;12;17;4;2;1;5;1;1;1;0;0;0;0;418218,219399533230000;5726235,932159788900000;7,817090232000055;51,681129901000077;0
128788;5;9;14;0;2019;12;6;4;3;5;3;2;1;1;0;0;0;0;399946,248999999840000;5689815,513000000300000;7,563221459000033;51,350793942000053;1
128793;5;9;13;0;2019;12;15;4;3;5;2;0;1;1;0;0;0;0;387232,388665467500000;5709163,172765873400000;7,374561827000036;51,522314145000053;0
128796;5;9;54;36;2019;12;11;4;3;3;2;0;1;1;0;0;0;0;383650,014999998730000;5701295,727000000000000;7,325541433000069;51,450875695000036;0
128810;5;9;15;0;2019;12;7;6;2;0;3;1;1;1;0;0;0;0;415217,502544977700000;5724948,384638087800000;7,774010312000030;51,669110607000050;1
128818;5;9;13;0;2019;12;14;6;3;5;3;0;1;1;0;0;0;0;387897,808000002060000;5704534,296000003800000;7,385620158000052;51,480841581000050;1
128821;5;5;70;40;2019;12;6;3;3;5;3;2;1;1;0;0;0;0;413230,375000000000000;5747205,971000002700000;7,739722468000025;51,868883913000047;1
128825;5;9;11;0;2019;12;11;6;3;6;6;0;1;0;1;0;0;0;382350,320883638230000;5704698,384870247900000;7,305712999000036;51,481189706000066;1
128834;5;5;66;84;2019;12;7;3;3;5;2;2;1;1;0;0;0;0;386054,405295753850000;5778565,826217394300000;7,334734291000075;52,145831632000068;0
128837;5;5;58;12;2019;12;10;3;2;5;3;0;1;1;0;0;0;0;368722,536370111630000;5755778,479668024900000;7,090328923000072;51,937220276000062;1
128839;5;5;54;4;2019;12;8;3;3;5;2;0;1;1;0;0;0;0;357125,829241978000000;5777230,390941040600000;6,912789840000073;52,127108674000056;1
128846;5;5;15;0;2019;12;18;3;3;5;7;2;1;1;0;0;0;0;408147,039149824530000;5751405,737981833500000;7,664792739000063;51,905820444000028;0
128847;5;5;70;44;2019;12;10;5;3;6;6;0;1;0;1;0;0;0;416896,504619435410000;5759983,107647787800000;7,789872449000029;51,984296709000034;1
128852;5;5;66;72;2019;12;9;5;2;5;3;0;1;1;0;0;0;0;412755,838094070550000;5802669,400300230800000;7,718613666000067;52,367345813000043;1
128854;5;5;62;24;2019;12;13;3;2;5;3;0;1;0;0;0;0;1;370557,105034333650000;5726045,352100148800000;7,128103478000071;51,670455409000056;1
128860;5;5;66;12;2019;12;7;5;3;5;2;2;1;1;0;0;0;0;405136,326000000350000;5771420,771000001600000;7,615502448000029;52,085218004000069;0
128861;5;5;62;14;2019;12;5;3;3;5;3;2;1;1;0;0;0;0;361343,555000000630000;5716455,698000000800000;6,998745960000065;51,582084205000058;1
128863;5;3;70;40;2019;12;7;3;3;4;6;2;1;0;0;0;0;0;309053,575364080260000;5668723,717916734500000;6,270458773000030;51,138087647000077;0
128866;5;3;34;2;2019;12;8;3;3;1;5;0;1;1;0;0;0;0;293817,452233116140000;5629854,821085961500000;6,074975810000069;50,783733420000033;1
128869;5;3;34;2;2019;12;18;3;3;0;1;2;1;1;0;0;0;0;295228,521944203410000;5628510,645908333400000;6,095714955000062;50,772160987000063;0
128875;5;3;78;4;2019;12;19;3;2;5;3;2;1;1;0;0;0;0;368316,128176392060000;5650339,762996906400000;7,123700306000046;50,989561468000034;0
128877;5;3;74;36;2019;12;19;3;3;5;3;2;1;1;0;0;0;0;386094,219864387070000;5673385,671157863000000;7,369623636000029;51,200507815000037;1
128883;5;3;62;12;2019;12;16;3;3;5;3;1;1;1;0;0;0;0;353389,402843690480000;5634000,529229367200000;6,917725169000050;50,839117900000076;0
128889;5;3;15;0;2019;12;7;3;3;5;2;1;1;1;0;0;0;0;362790,312524985520000;5637556,396054826700000;7,049825746000067;50,873381791000043;1
128892;5;3;15;0;2019;12;10;3;2;0;1;0;1;0;0;0;0;0;353139,140999999830000;5645067,897000001700000;6,909724908000044;50,938513502000035;1
128896;5;3;82;4;2019;12;17;3;3;5;3;2;1;1;0;0;0;0;358299,045458127740000;5617144,976409250900000;6,993899729000020;50,688854569000057;1
128898;5;3;14;0;2019;12;13;3;2;0;5;0;1;1;0;0;0;0;369303,609814302060000;5621090,737516980600000;7,148207078000041;50,726896540000041;1
128899;5;3;34;2;2019;12;20;5;3;0;1;2;1;0;0;0;0;0;292388,232000000770000;5631626,409000003700000;6,053727706000075;50,799134027000036;2
128901;5;3;14;0;2019;12;7;3;3;6;1;2;1;0;1;0;0;0;369446,990467788650000;5623394,529039589700000;7,149421348000033;50,747635749000040;1
128906;5;3;74;12;2019;12;16;5;3;0;6;2;1;1;0;0;0;0;403421,035561841910000;5652228,231318116200000;7,623208155000043;51,013500538000073;0
128911;5;3;62;8;2019;12;16;5;3;5;3;2;1;1;0;0;0;0;332415,514683041720000;5647968,742203153700000;6,613686491000067;50,958927405000054;0
128916;5;3;15;0;2019;12;11;5;3;0;1;0;1;0;0;0;0;1;359723,703949932010000;5644832,059774590700000;7,003471726000043;50,938033424000082;0
128917;5;1;70;12;2019;12;11;3;2;5;3;0;1;1;0;0;0;0;334321,257559515540000;5734682,127241386100000;6,600427268000033;51,738528985000073;1
128918;5;3;15;0;2019;12;18;5;3;1;5;1;1;1;0;0;0;0;359586,506124577490000;5644806,501312231600000;7,001530132000028;50,937770336000028;0
128921;5;3;15;0;2019;12;20;5;2;5;3;2;1;0;0;0;0;1;361612,807803067380000;5647925,821450987800000;7,029165886000044;50,966294296000058;0
128924;5;3;15;0;2019;12;8;5;3;0;5;0;1;1;0;0;0;0;356519,402196966110000;5646614,578340154100000;6,957193850000067;50,953264310000066;0
128931;5;3;15;0;2019;12;22;5;3;1;5;2;1;0;0;0;0;1;355253,057495969350000;5645144,116839131300000;6,939761115000067;50,939732976000073;0
128935;5;1;62;20;2019;12;15;3;3;5;2;0;1;1;0;0;0;0;325563,535274261610000;5673440,220329625500000;6,503927245000057;51,185727105000069;0
128937;5;3;14;0;2019;12;19;5;3;0;1;2;1;0;0;0;0;0;369176,512839023960000;5621194,129119696100000;7,146370608000041;50,727797239000040;1
128947;5;1;54;36;2019;12;9;5;3;5;2;0;1;1;0;0;0;0;303973,750223596580000;5742390,336331196100000;6,157084245000021;51,797960965000073;1
128951;5;1;13;0;2019;12;6;3;3;6;6;2;1;0;1;0;0;0;365511,982459257360000;5697991,276334002600000;7,065910786000075;51,417162294000036;1
128954;5;1;11;0;2019;12;8;3;3;0;7;1;1;0;1;0;0;0;349887,240515994840000;5678556,375731369500000;6,849558658000035;51,238605816000074;0
128976;5;1;12;0;2019;12;17;2;3;5;3;2;1;1;0;0;0;0;345702,631152891550000;5700844,195704929500000;6,780002503000048;51,437751191000075;1
128982;5;7;74;32;2019;12;14;2;3;5;2;0;1;1;0;0;0;0;480212,299595102670000;5732684,606315290600000;8,713389087000053;51,744718907000049;1
128987;5;7;70;24;2019;12;17;2;3;5;3;2;1;1;0;0;0;0;494261,064000000250000;5794352,662999998800000;8,915840846000037;52,299491207000074;1
128989;5;7;62;20;2019;12;18;2;3;5;3;2;1;1;0;0;0;0;524683,093000001270000;5735947,710999999200000;9,357747669000048;51,773863695000045;0
128993;5;7;54;16;2019;12;16;2;3;0;1;2;1;0;0;0;0;0;446561,572628926490000;5756802,854220585900000;8,222286195000038;51,959351722000065;1
128997;5;7;66;4;2019;12;7;2;3;5;3;2;1;1;0;0;0;0;481257,391652394090000;5750850,630549922600000;8,727542691000053;51,908087817000080;1
129000;5;9;78;36;2019;12;15;2;3;5;7;0;1;1;0;0;0;0;408743,016829070640000;5712488,088018849500000;7,683656684000027;51,556088474000035;0
129013;5;9;15;0;2019;12;16;2;3;5;3;1;1;1;0;0;0;0;417957,096862133590000;5726106,740459475700000;7,813344531000041;51,679930441000067;1
129015;5;9;15;0;2019;12;14;2;3;5;3;0;1;1;0;0;0;0;422013,047402701340000;5727266,587926579600000;7,871737401000075;51,690935021000030;1
129018;5;9;13;0;2019;12;16;2;3;4;2;1;1;0;0;0;0;1;392542,633000000380000;5711646,740000002100000;7,450315111000066;51,545672751000041;1
129043;5;5;13;0;2019;12;1;1;3;3;7;2;1;1;0;0;0;0;364658,714123610410000;5715284,559242840900000;7,047015256000066;51,572365762000061;0
129051;5;3;15;0;2019;12;16;1;3;9;7;0;1;0;0;0;0;0;356250,688602785580000;5644601,949555367200000;6,954164962000050;50,935110165000026;1
129061;5;7;74;32;2019;12;9;1;3;5;2;0;1;1;0;0;0;0;484043,839000001550000;5731915,173000002300000;8,768920987000058;51,737922938000054;0
129065;5;7;54;28;2019;12;16;1;3;7;3;1;1;1;0;0;0;0;450854,831490746700000;5745274,416252585100000;8,286406981000027;51,856102516000078;1
129067;5;7;11;0;2019;12;13;1;3;5;2;0;1;1;0;0;0;0;473785,678000000310000;5764225,943000001800000;8,617908907000071;52,028041159000054;0
129068;5;7;11;0;2019;12;11;1;3;5;3;0;1;1;0;0;0;0;470318,718000000340000;5761404,604000004000000;8,567621729000052;52,002500703000067;0