OBJECTID;ULAND;UREGBEZ;UKREIS;UGEMEINDE;UJAHR;UMONAT;USTUNDE;UWOCHENTAG;UKATEGORIE;UART;UTYP1;ULICHTVERH;IstRad;IstPKW;IstFuss;IstKrad;IstGkfz;IstSonstige;LINREFX;LINREFY;XGCSWGS84;YGCSWGS84;STRZUSTAND
129088;5;5;58;36;2019;12;11;7;3;5;3;0;1;1;0;0;0;0;389756,023000000980000;5731088,963000003200000;7,404022298000029;51,719882818000031;1
129091;5;5;15;0;2019;12;10;7;3;5;3;0;1;1;0;0;0;0;405578,328000000680000;5756998,951000003100000;7,625929598000028;51,955665476000036;1
129092;5;5;15;0;2019;12;10;7;3;6;6;0;1;0;1;0;0;0;406500,288802023050000;5757658,685966534500000;7,639162746000068;51,961751274000051;1
129104;5;3;82;68;2019;12;16;7;3;0;1;2;1;0;0;0;0;0;366776,739437415260000;5628281,465889198700000;7,109822697000027;50,790952737000055;1
129107;5;3;74;12;2019;12;11;7;2;4;1;0;1;1;0;0;0;0;393314,872999999670000;5653742,411000000300000;7,478744969000047;51,025325935000069;1
129113;5;3;15;0;2019;12;13;7;3;5;3;0;1;1;0;0;0;0;356507,294999998990000;5646459,705000000100000;6,957082635000063;50,951869472000055;0
129117;5;3;15;0;2019;12;12;7;3;0;1;0;1;0;0;0;0;0;353935,830000001010000;5646736,874000001700000;6,920386833000066;50,953714376000050;1
129123;5;1;19;0;2019;12;20;7;3;1;5;2;1;1;0;0;0;0;352556,038466563450000;5704803,232425166300000;6,876883017000068;51,475150780000035;0
129132;5;7;62;20;2019;12;13;7;3;3;6;0;1;1;0;0;0;0;526392,781399981120000;5735907,801721300900000;9,382523653000021;51,773426854000036;1
129137;5;9;15;0;2019;12;12;7;2;9;7;0;1;1;0;0;0;0;417496,531386554240000;5726296,973827259600000;7,806639579000034;51,681573069000081;1
129171;5;9;15;0;2019;12;7;3;3;0;1;1;1;0;0;0;0;0;417387,559234905060000;5723954,574503352900000;7,805617742000038;51,660500031000026;2
129177;5;9;13;0;2019;12;8;3;3;5;3;1;1;1;0;0;0;0;388263,495000000110000;5705897,722000001000000;7,390452646000028;51,493168684000068;2
129178;5;5;54;20;2019;12;17;6;3;5;3;2;1;1;0;0;0;0;365470,930030256510000;5786558,138218339500000;7,030922967000038;52,213016288000063;1
129183;5;9;13;0;2019;12;8;3;3;0;1;0;1;0;0;0;0;0;393601,203000000680000;5705727,697000002500000;7,467362449000063;51,492670173000079;2
129184;5;5;15;0;2019;12;9;6;3;1;7;2;1;1;0;0;0;0;404915,907738279550000;5761189,697681220200000;7,615131736000024;51,993220594000036;1
129188;5;5;15;0;2019;12;12;6;3;3;2;0;1;1;0;0;0;0;405117,371744953100000;5756687,294278074100000;7,619309696000073;51,952785717000040;1
129199;5;5;12;0;2019;12;20;6;2;4;6;2;1;0;0;0;0;0;358938,022000000810000;5719819,958000002400000;6,962697178000042;51,611718156000052;1
129209;5;5;70;8;2019;12;16;2;2;5;3;1;1;1;0;0;0;0;433179,685783440250000;5734131,677411057100000;8,031944637000038;51,754093177000073;1
129210;5;3;58;8;2019;12;14;6;2;5;5;0;1;1;0;0;0;0;323374,104398812170000;5631245,898619476700000;6,493150512000057;50,805988562000039;1
129212;5;3;34;2;2019;12;11;6;3;3;2;0;1;1;0;0;0;0;295699,467563182120000;5630970,549306592000000;6,101018308000050;50,794420202000026;1
129214;5;5;70;44;2019;12;7;2;3;5;3;2;1;1;0;0;0;0;416289,684000002220000;5764381,111000003300000;7,779963705000057;52,023738874000060;1
129216;5;3;34;2;2019;12;18;6;3;0;1;2;1;0;0;0;0;0;294879,832399463280000;5626357,539512092200000;6,091976113000044;50,752700177000065;1
129217;5;3;34;2;2019;12;17;6;3;4;2;2;1;0;0;1;0;0;294610,829127989710000;5627468,476755376900000;6,087547934000043;50,762582676000079;1
129218;5;3;82;56;2019;12;18;6;3;5;3;2;1;1;0;0;0;0;373655,643235075290000;5625827,901812944600000;7,208211765000044;50,770439271000043;1
129233;5;3;15;0;2019;12;8;6;3;0;3;0;1;1;0;0;0;0;358974,913651285690000;5644712,449770988900000;6,992867590000060;50,936775844000067;1
129235;5;3;15;0;2019;12;15;6;3;0;1;1;1;0;0;0;0;0;354846,504316617730000;5652473,324942715500000;6,931052925000074;51,005496045000029;1
129237;5;3;15;0;2019;12;9;6;3;6;4;0;1;0;1;0;0;0;353382,207318741830000;5646661,998528920100000;6,912540277000062;50,952900927000030;1
129241;5;3;15;0;2019;12;7;6;3;0;1;2;1;0;0;0;0;0;357182,939000000250000;5638791,013999998600000;6,969697739000026;50,883119002000058;2
129243;5;3;15;0;2019;12;11;6;3;5;3;0;1;1;0;0;0;0;354482,315999944690000;5641761,909138971900000;6,930148231000032;50,909143964000066;1
129245;5;3;15;0;2019;12;7;6;3;0;1;2;1;0;0;0;0;0;354528,909066013990000;5642782,295135336000000;6,930403684000055;50,918325675000062;1
129253;5;1;70;48;2019;12;21;6;2;0;3;2;1;1;0;0;0;0;335685,427000000140000;5728041,525000004100000;6,623296711000023;51,679273693000027;1
129254;5;5;62;12;2019;12;7;2;3;4;2;2;1;1;0;0;0;0;361486,237785547970000;5736278,685860959800000;6,992943786000069;51,760247948000028;1
129256;5;5;62;24;2019;12;6;2;3;5;2;2;1;1;0;0;0;0;370360,194000002000000;5725446,616000000400000;7,125479712000072;51,665029373000039;1
129262;5;5;13;0;2019;12;8;2;3;5;2;1;1;1;0;0;0;0;364902,881061519500000;5718793,863878877800000;7,049185715000021;51,603960264000079;1
129270;5;3;34;16;2019;12;15;2;3;5;3;0;1;1;0;0;0;0;296931,039589461870000;5641219,423052301600000;6,112790835000055;50,886901577000060;1
129275;5;1;66;32;2019;12;15;6;2;1;3;0;1;1;0;0;0;0;318926,348242695440000;5681774,910269875100000;6,404846312000075;51,258533412000077;1
129296;5;3;15;0;2019;12;9;2;3;1;1;0;1;1;0;0;0;0;351976,323057938370000;5647671,295116810100000;6,892128039000056;50,961611595000079;1
129297;5;1;13;0;2019;12;17;6;2;5;2;2;1;1;0;0;0;0;361069,743999999950000;5705732,523000000000000;6,999027603000059;51,485656441000060;1
129300;5;3;15;0;2019;12;9;2;3;5;2;0;1;1;0;0;0;0;353537,123999999840000;5646493,693000001800000;6,914812038000036;50,951427818000070;0
129303;5;3;15;0;2019;12;6;2;3;5;3;2;1;0;0;0;0;1;354789,115419984800000;5646160,320330990500000;6,932757098000025;50,948748673000068;0
129307;5;1;12;0;2019;12;7;6;3;7;2;1;1;1;0;0;0;0;346420,746000001210000;5700293,822000002500000;6,790564998000036;51,433001137000076;1
129308;5;3;15;0;2019;12;16;2;3;5;3;2;1;1;0;0;0;0;353071,371221850630000;5640723,395848956000000;6,910511047000057;50,899453791000042;1
129309;5;1;12;0;2019;12;15;6;2;5;3;0;1;1;0;0;0;0;344005,979628383180000;5700935,442807143600000;6,755571265000071;51,438106408000067;1
129319;5;1;11;0;2019;12;21;6;2;5;3;2;1;1;0;0;0;0;346054,634408835320000;5675600,615681713400000;6,795967147000056;51,211025640000059;1
129323;5;1;58;28;2019;12;17;2;2;5;2;2;1;1;0;0;0;0;348839,390990410930000;5684066,809416756000000;6,832230148000065;51,287844038000060;1
129325;5;1;11;0;2019;12;16;6;3;5;2;2;1;1;0;0;0;0;345153,574008509520000;5676958,624297402800000;6,782490610000025;51,222984332000067;1
129327;5;1;11;0;2019;12;8;6;3;5;2;1;1;1;0;0;0;0;346512,358000000010000;5676303,912999998800000;6,802214210000045;51,217468351000036;0
129331;5;1;54;36;2019;12;8;2;3;6;4;1;1;0;1;0;0;0;302000,893466108480000;5740635,786718934800000;6,129512158000068;51,781510295000032;1
129346;5;1;19;0;2019;12;14;2;3;1;5;0;1;0;0;0;0;1;349511,567658662800000;5711081,518534880100000;6,830399203000070;51,530761338000048;1
129361;5;7;11;0;2019;12;18;6;3;5;2;2;1;1;0;0;0;0;469922,279000000100000;5764937,774000000200000;8,561536386000057;52,034244920000049;1
129366;5;9;78;4;2019;12;17;6;3;5;3;2;1;1;0;0;0;0;404135,885069089010000;5717722,018034592300000;7,615792292000037;51,602372028000048;1
129368;5;9;11;0;2019;12;13;5;3;5;2;0;1;1;0;0;0;0;375936,953184376470000;5707580,112639565000000;7,212387382000031;51,505718494000064;0
129383;5;5;70;20;2019;12;6;4;2;7;5;2;1;1;0;0;0;0;432795,912015562880000;5741400,615403456600000;8,024977633000049;51,819394904000035;1
129386;5;5;58;24;2019;12;14;4;3;5;7;0;1;1;0;0;0;0;392051,343813405370000;5735753,851283149800000;7,435790193000059;51,762257381000040;1
129388;5;5;54;56;2019;12;13;4;3;5;3;0;1;0;0;0;1;0;357170,115940013900000;5762494,391796911100000;6,919599320000032;51,994718410000075;1
129390;5;5;54;32;2019;12;15;4;3;2;2;0;1;1;0;0;0;0;325231,898443519140000;5745174,672149872400000;6,463635367000052;51,830017970000029;0
129391;5;5;54;12;2019;12;16;4;3;5;2;2;1;1;0;0;0;0;351630,324000000020000;5746515,167999999600000;6,845855844000027;51,849697594000077;1
129392;5;5;15;0;2019;12;7;4;3;5;2;2;1;1;0;0;0;0;409844,887273781930000;5751858,098177937800000;7,689347851000036;51,910163954000041;1
129395;5;5;15;0;2019;12;12;4;3;0;3;0;1;0;0;0;0;1;402341,390175865960000;5760933,640999777200000;7,577720002000035;51,990472346000047;1
129396;5;5;15;0;2019;12;7;4;3;5;2;2;1;1;0;0;0;0;410231,967083139350000;5751950,920991407700000;7,694949350000059;51,911060834000068;1
129400;5;5;62;14;2019;12;7;4;3;5;2;2;1;1;0;0;0;0;360966,524424940350000;5715190,791516413900000;6,993808481000031;51,570624757000076;1
129407;5;3;58;24;2019;12;7;4;3;5;3;2;1;1;0;0;0;0;315547,108722785490000;5643239,466432342300000;6,376140062000047;50,911291732000052;1
129409;5;3;58;28;2019;12;11;4;2;5;2;0;1;1;0;0;0;0;322850,896429082380000;5625579,421422733000000;6,488462392000031;50,754920162000076;1
129423;5;3;62;32;2019;12;13;4;3;5;3;0;1;1;0;0;0;0;337120,822629251520000;5641357,146494280500000;6,683582199000057;50,900869810000074;1
129424;5;3;62;36;2019;12;7;4;3;5;5;2;1;1;0;0;0;0;344236,884191365910000;5647653,401690289400000;6,782011438000041;50,959410614000035;1
129428;5;3;15;0;2019;12;7;4;2;4;6;1;1;0;0;0;0;0;359329,311139094640000;5647725,062008556000000;6,996744302000025;50,963936985000032;1
129432;5;3;14;0;2019;12;7;4;3;4;6;2;1;0;0;0;0;1;368269,855127653110000;5623827,456479262600000;7,132590109000034;50,751261038000052;1
129433;5;1;70;8;2019;12;15;4;3;5;3;0;1;1;0;0;0;0;341677,429845512840000;5715862,524750493500000;6,715396351000038;51,571574131000034;1
129435;5;1;70;44;2019;12;7;4;3;5;3;2;1;1;0;0;0;0;338394,583578136750000;5718702,388371668800000;6,666759439000032;51,596156529000041;1
129443;5;1;16;0;2019;12;7;4;3;4;2;2;1;1;0;0;0;0;322092,956282482480000;5674609,988725863400000;6,453738137000073;51,195165978000034;1
129446;5;1;14;0;2019;12;17;4;3;3;6;2;1;1;0;0;0;0;326034,063571942970000;5691915,743243543400000;6,501664106000021;51,351846448000060;1
129447;5;1;14;0;2019;12;9;4;3;3;2;0;1;1;0;0;0;0;336198,670802030710000;5691185,320625707500000;6,647838672000034;51,348304966000057;1
129459;5;1;11;0;2019;12;19;4;3;1;5;2;1;1;0;0;0;0;346839,075320233590000;5678357,589144060400000;6,806011148000039;51,236009501000069;1
129466;5;7;70;4;2019;12;18;4;2;1;3;2;1;1;0;0;0;0;486484,607647194530000;5784736,537001224200000;8,802187796000055;52,212901008000074;1
129472;5;7;54;36;2019;12;8;4;3;5;2;1;1;1;0;0;0;0;473287,651800264600000;5750119,373406479100000;8,611747411000067;51,901187969000034;1
129473;5;7;54;28;2019;12;17;4;3;5;2;2;1;0;0;0;0;1;453289,945878136900000;5743475,320426659700000;8,322005433000072;51,840136775000076;1
129476;5;7;54;20;2019;12;16;4;2;5;3;2;1;1;0;0;0;0;446761,137000000100000;5748101,521999999900000;8,226535848000026;51,881143631000043;1
129482;5;7;11;0;2019;12;7;4;3;5;2;2;1;1;0;0;0;0;472790,652999999930000;5764227,440000001300000;8,603406009000025;52,028006695000045;1
129485;5;9;78;20;2019;12;7;4;3;1;5;2;1;1;0;0;0;0;407458,371215672230000;5715640,380579115800000;7,664301297000066;51,584215691000054;1
129487;5;9;74;20;2019;12;6;4;2;5;3;2;1;1;0;0;0;0;466217,970700246280000;5720414,692194551200000;8,511885373000041;51,633729735000031;1
129492;5;9;70;24;2019;12;9;4;2;5;3;1;1;1;0;0;0;0;429821,868806952610000;5643624,235561503100000;8,001156386000048;50,939968816000032;1
129509;5;9;13;0;2019;12;10;4;3;4;7;0;1;1;0;0;0;0;399687,875000000930000;5705294,725000001500000;7,555130997000049;51,489890987000081;1
129513;5;9;13;0;2019;12;7;4;3;5;2;2;1;1;0;0;0;0;393677,675000000750000;5707116,599000001300000;7,468045004000032;51,505168723000054;1
129553;5;5;58;12;2019;12;7;3;3;0;1;2;1;0;0;0;0;0;375243,332843892280000;5758404,550751438400000;7,184179881000034;51,962319607000040;2
129560;5;5;54;8;2019;12;7;3;3;2;6;2;1;0;0;0;0;0;335753,939499600790000;5746236,662797302000000;6,615687703000049;51,842750881000029;1
129561;5;5;54;24;2019;12;8;3;3;0;7;0;1;0;0;0;0;0;369621,273732790720000;5775813,284774811900000;7,095760977000055;52,117463649000058;2
129562;5;5;15;0;2019;12;6;3;3;3;2;2;1;1;0;0;0;0;408454,455824344420000;5756500,363994527600000;7,667904831000044;51,951664797000035;1
129564;5;5;15;0;2019;12;10;3;3;6;5;0;1;0;1;0;0;0;405563,531023228540000;5756748,316479934400000;7,625783217000048;51,953410150000082;0
129565;5;5;15;0;2019;12;7;3;3;0;1;2;1;0;0;0;0;0;404516,865921602580000;5758342,280393797900000;7,610114119000059;51,967558576000044;1
129570;5;5;62;36;2019;12;6;3;3;5;2;2;1;1;0;0;0;0;391683,544578506610000;5722230,866695834300000;7,434663528000044;51,640641097000071;0
129583;5;5;62;32;2019;12;19;3;3;5;3;2;1;1;0;0;0;0;374212,503728297540000;5719181,309307793200000;7,183403043000055;51,609598707000032;0
129602;5;5;70;36;2019;12;7;5;3;5;3;2;1;1;0;0;0;0;434628,743351869290000;5766774,308783773300000;8,046743297000035;52,047717295000041;1
129604;5;5;66;28;2019;12;19;5;3;5;3;2;1;1;0;0;0;0;411603,496000000280000;5793648,516000000800000;7,704065193000076;52,286080050000066;0
129606;5;3;82;56;2019;12;6;3;3;5;3;2;1;1;0;0;0;0;372885,925000000750000;5627465,828000003500000;7,196735289000060;50,784993424000049;1
129608;5;3;78;4;2019;12;4;3;3;0;7;2;1;0;0;0;0;0;372428,264000001360000;5652271,501000002000000;7,181581339000047;51,007849984000075;1
129614;5;5;66;8;2019;12;17;5;3;4;2;2;1;1;0;0;0;0;397422,218054698780000;5781518,347742205500000;7,499912870000060;52,174596052000027;0
129616;5;5;66;28;2019;12;15;5;3;5;3;0;1;1;0;0;0;0;411055,435782996010000;5792462,010181397200000;7,696345657000052;52,275327071000049;0
129619;5;3;16;0;2019;12;9;3;3;4;2;0;1;1;0;0;0;0;361121,171814158560000;5656835,177056049900000;7,018759546000069;51,046245417000080;1
129623;5;5;15;0;2019;12;7;5;3;5;7;2;1;1;0;0;0;0;406447,668613912540000;5750769,031019331900000;7,640270366000038;51,899814571000036;1
129625;5;3;15;0;2019;12;15;3;3;5;2;0;1;1;0;0;0;0;354191,129000000660000;5644819,757000001100000;6,924786644000051;50,936550506000060;0
129628;5;5;15;0;2019;12;17;5;3;5;3;2;1;1;0;0;0;0;404979,295408288020000;5758200,118712961700000;7,616882621000059;51,966360014000031;0
129634;5;3;70;16;2019;12;7;5;3;5;3;2;1;1;0;0;0;0;296740,847000001930000;5660057,552000002900000;6,099563067000076;51,056020964000027;1
129635;5;3;14;0;2019;12;11;3;3;5;3;0;1;1;0;0;0;0;365099,250178513120000;5620713,831456789700000;7,088809600000047;50,722547916000053;0
129646;5;1;70;48;2019;12;14;3;3;5;3;0;1;1;0;0;0;0;336692,103499395770000;5727126,895209098200000;6,638271919000033;51,671350421000056;1
129648;5;3;78;20;2019;12;15;5;3;5;3;0;1;1;0;0;0;0;373033,206723661160000;5653675,185664437700000;7,189708340000038;51,020600132000027;0
129649;5;1;58;20;2019;12;7;3;3;0;1;2;1;0;0;0;0;0;355258,362717819400000;5664805,699860082900000;6,931985681000072;51,116425406000076;2
129658;5;3;62;24;2019;12;20;5;3;5;3;2;1;1;0;0;0;0;347101,268021685070000;5643336,815269315600000;6,824578691000056;50,921388514000057;0
129660;5;3;62;24;2019;12;17;5;2;0;7;2;1;0;0;0;0;0;342141,816000000570000;5642355,361999999700000;6,754498018000049;50,911233995000032;0
129661;5;1;66;4;2019;12;16;3;3;5;3;1;1;1;0;0;0;0;303805,156000000420000;5679983,681000003600000;6,189379512000073;51,237443925000036;0
129663;5;3;62;24;2019;12;7;5;3;5;2;1;1;1;0;0;0;0;347204,509999999780000;5642999,423000002300000;6,826187811000068;50,918384007000043;1
129668;5;3;15;0;2019;12;15;5;2;5;3;0;1;1;0;0;0;0;360055,087000000290000;5648488,612999999900000;7,006779422000022;50,970975853000027;0
129671;5;3;82;4;2019;12;13;5;3;5;2;0;1;0;0;0;0;1;360050,925175045620000;5616431,829343460500000;7,018955690000041;50,682869160000052;0
129678;5;1;19;0;2019;12;9;3;2;5;3;0;1;1;0;0;0;0;350427,962999999520000;5710337,041000003000000;6,843916957000033;51,524315467000065;1
129689;5;1;14;0;2019;12;9;3;3;5;3;0;1;1;0;0;0;0;328106,940890365280000;5691853,183059377600000;6,531433200000038;51,351915213000041;1
129691;5;1;13;0;2019;12;16;5;3;5;3;0;1;1;0;0;0;0;360887,140258871950000;5703236,306785820100000;6,997382183000070;51,463179888000070;0
129699;5;1;24;0;2019;12;8;3;3;0;1;0;1;0;0;0;0;0;368619,033196389680000;5682162,093762654800000;7,116410361000021;51,275632652000070;2
129701;5;1;17;0;2019;12;8;3;3;0;2;0;1;1;0;0;0;0;349905,021264350040000;5699721,616481609600000;6,840894545000026;51,428793315000064;1
129706;5;1;12;0;2019;12;20;3;3;7;5;2;1;1;0;0;0;0;345465,696061224680000;5693504,997924866200000;6,779793336000068;51,371743125000080;0
129711;5;1;11;0;2019;12;15;3;3;5;2;0;1;0;0;0;0;1;346666,635743170980000;5680346,650909416400000;6,802691074000052;51,253835914000035;0
129713;5;7;74;36;2019;12;7;3;3;0;1;1;1;0;0;0;0;0;474880,788908805700000;5729134,500587493200000;8,636423575000038;51,712585546000071;2
129714;5;7;62;20;2019;12;10;5;3;0;7;0;1;0;0;0;0;0;527315,406999243420000;5738026,841662129400000;9,396062182000037;51,792435038000065;1
129719;5;7;54;36;2019;12;16;5;2;5;3;2;1;1;0;0;0;0;474385,574183246120000;5749196,046360347400000;8,627773479000041;51,892937962000076;0
129720;5;7;74;32;2019;12;8;3;3;0;1;0;1;0;0;0;0;0;479060,048000000420000;5726035,830000000100000;8,697099400000070;51,684896076000030;2
129730;5;7;11;0;2019;12;9;5;3;5;3;1;1;1;0;0;0;0;470390,900476963260000;5762439,912640843500000;8,568583711000031;52,011812700000064;0
129731;5;7;11;0;2019;12;12;5;3;6;6;0;1;0;1;0;0;0;467551,325362829490000;5764681,967893416100000;8,526998861000038;52,031811393000055;1
129736;5;7;70;4;2019;12;17;3;3;5;2;2;1;1;0;0;0;0;486544,046484954660000;5784374,349057026200000;8,803072140000040;52,209646182000029;1
129739;5;7;58;12;2019;12;7;3;3;5;3;1;1;1;0;0;0;0;473851,236308461990000;5769768,534699691500000;8,618440189000069;52,077875910000046;1
129743;5;7;54;36;2019;12;7;3;3;4;6;1;1;0;0;0;0;0;474495,370250778270000;5750166,902425013500000;8,629297160000021;51,901671895000050;2
129744;5;9;54;24;2019;12;14;5;3;5;2;0;1;1;0;0;0;0;380774,126000001100000;5682747,076000001300000;7,290393452000046;51,283563799000035;0
129745;5;7;54;36;2019;12;8;3;2;5;3;0;1;1;0;0;0;0;476796,758356322530000;5751078,586995212400000;8,662685157000055;51,909969404000037;1
129746;5;7;54;28;2019;12;7;3;3;5;2;2;1;1;0;0;0;0;450854,331172574310000;5745273,291636612300000;8,286399877000065;51,856092361000037;1
129760;5;9;78;36;2019;12;12;3;2;0;7;0;1;0;0;0;0;0;408728,106234809380000;5709925,086883522600000;7,684106505000045;51,533046515000080;0
129767;5;9;13;0;2019;12;12;5;3;3;1;0;1;0;0;0;1;0;400039,248000000600000;5706585,015000002500000;7,559824832000061;51,501551494000068;0
129773;5;9;11;0;2019;12;21;5;3;0;3;2;1;0;0;0;0;0;372143,855430830270000;5703446,532382961400000;7,159259829000064;51,467724164000060;0
129791;5;3;15;0;2019;12;16;1;3;0;2;0;1;0;0;0;0;1;356350,069795793850000;5647501,842655796600000;6,954434428000070;50,961195824000072;0
129792;5;3;15;0;2019;12;20;1;3;0;7;2;1;0;0;0;0;0;354250,168475548740000;5645182,761953486100000;6,925481120000029;50,939827646000026;0
129796;5;1;70;48;2019;12;17;1;3;4;7;2;1;0;0;1;0;0;340495,359962875950000;5726277,114852963000000;6,693613233000065;51,664808464000032;1
129799;5;1;62;24;2019;12;11;1;2;0;1;0;1;0;0;0;0;0;342834,492300648240000;5671445,281421626000000;6,751720679000073;51,172811779000028;1
129801;5;1;16;0;2019;12;17;1;2;3;2;2;1;1;0;0;0;0;319989,683487312870000;5674314,924394873900000;6,423815772000069;51,191856743000073;1
129804;5;1;12;0;2019;12;13;1;3;5;3;0;1;1;0;0;0;0;343751,075000001120000;5707667,492000000600000;6,748930787000063;51,498522547000050;0
129817;5;9;54;16;2019;12;12;1;3;5;2;0;1;1;0;0;0;0;369175,812943816180000;5694135,858323469800000;7,119991378000066;51,383370867000053;1
129826;5;5;70;4;2019;12;7;3;2;0;6;1;1;0;1;0;0;0;425387,129498492930000;5735516,041542472300000;7,918773740000063;51,765554370000075;1
129833;5;5;70;4;2019;12;17;7;3;4;2;2;1;1;0;0;0;0;422791,263331875210000;5732895,487799542000000;7,881746287000055;51,741644617000077;1
129840;5;5;66;28;2019;12;20;7;3;0;3;2;1;1;0;0;0;0;412570,933157896620000;5792528,329228360200000;7,718534927000064;52,276166265000029;1
129841;5;5;66;8;2019;12;16;3;3;5;3;2;1;1;0;0;0;0;399416,217023896050000;5781809,153848398500000;7,528976163000039;52,177576839000039;1
129842;5;5;58;44;2019;12;18;3;3;5;3;2;1;1;0;0;0;0;396122,554999999700000;5745802,081000000200000;7,491748926000071;51,853342349000059;0
129849;5;5;58;16;2019;12;15;3;3;5;3;1;1;1;0;0;0;0;386623,192850247030000;5744181,761261161400000;7,354412801000024;51,836931023000034;0
129850;5;5;54;12;2019;12;13;3;2;0;1;0;1;0;0;0;0;0;351938,290000000040000;5743578,270999999700000;6,851580486000046;51,823391691000040;0
129852;5;5;54;64;2019;12;7;3;3;5;3;2;1;1;0;0;0;0;356856,876000000160000;5746758,715999998200000;6,921583190000035;51,853250576000050;1
129861;5;5;15;0;2019;12;7;3;3;5;2;2;1;1;0;0;0;0;407661,814458773470000;5758360,944625083400000;7,655874222000023;51,968257676000064;0
129866;5;5;62;12;2019;12;16;3;3;5;2;1;1;1;0;0;0;0;360421,676306213250000;5726363,124484907800000;6,981500734000065;51,670884384000033;0
129897;5;3;15;0;2019;12;16;7;2;8;1;2;1;1;0;0;0;0;352074,989794831720000;5651054,984058333600000;6,892155275000050;50,992044283000041;1
129898;5;3;16;0;2019;12;20;3;3;5;3;2;1;1;0;0;0;0;363960,182821447030000;5659203,652699139000000;7,058345255000063;51,068210853000039;0
129900;5;3;15;0;2019;12;20;3;3;8;1;2;1;0;0;0;0;0;354845,597000001000000;5645534,100000001500000;6,933810207000022;50,943135226000038;1
129903;5;3;15;0;2019;12;16;3;3;6;4;2;1;0;1;0;0;0;353620,981016646140000;5646402,844921931600000;6,916041588000041;50,950632704000043;0
129909;5;3;14;0;2019;12;11;7;3;5;3;0;1;1;0;0;0;0;368726,435232001360000;5623056,430640704900000;7,139333757000031;50,744434384000044;1
129910;5;3;14;0;2019;12;5;3;3;4;6;2;1;0;0;0;0;1;366881,001310514290000;5622462,329273877700000;7,113406323000049;50,738674412000080;1
129911;5;3;14;0;2019;12;10;3;3;5;3;0;1;1;0;0;0;0;365929,639000002290000;5622579,692000001700000;7,099888577000058;50,739510405000033;0
129915;5;1;70;48;2019;12;15;3;3;0;2;0;1;1;0;0;0;0;334696,799580112100000;5726967,277903312800000;6,609518629000036;51,669332982000071;0
129920;5;1;54;12;2019;12;16;3;3;0;3;2;1;1;0;0;0;0;313333,314000001180000;5710934,695000002200000;6,309451724000041;51,518644100000074;1
129922;5;1;12;0;2019;12;15;7;3;5;3;1;1;1;0;0;0;0;346021,726284841080000;5698877,484427420400000;6,785444719000054;51,420166887000050;1
129931;5;1;11;0;2019;12;1;7;2;0;7;2;1;1;0;0;0;0;346195,924644604330000;5675756,097822662400000;6,797921727000073;51,212460797000062;1
129936;5;1;16;0;2019;12;20;3;3;5;2;2;1;1;0;0;0;0;321365,065411739050000;5673450,615540294000000;6,443908028000067;51,184523975000047;1
129955;5;1;13;0;2019;12;13;3;2;0;1;0;1;0;0;0;0;0;364143,637728639880000;5699092,354560649000000;7,045822576000035;51,426731002000054;0
129956;5;1;12;0;2019;12;7;3;2;5;2;2;1;1;0;0;0;0;344216,900572086680000;5699832,168173460300000;6,759088758000075;51,428251584000066;1
129963;5;1;11;0;2019;12;7;3;3;5;2;2;1;1;0;0;0;0;346239,961207371210000;5676792,673732457700000;6,798107250000044;51,221786828000063;0
129968;5;7;70;4;2019;12;10;3;3;5;3;0;1;1;0;0;0;0;488134,545000001790000;5786477,884000001500000;8,826275186000032;52,228594728000076;0
129975;5;7;54;24;2019;12;11;3;3;0;1;0;1;0;0;0;0;0;453474,799018806780000;5733268,447550479300000;8,326057689000038;51,748385779000046;1
129978;5;7;54;8;2019;12;11;3;2;0;6;0;1;1;0;0;0;0;457618,102506686000000;5749125,754848839700000;8,384130932000062;51,891283128000055;1
129983;5;7;11;0;2019;12;12;3;3;3;3;0;1;1;0;0;0;0;472682,367629950870000;5768965,643991598900000;8,601448909000055;52,070600978000073;0
129987;5;9;15;0;2019;12;16;7;3;5;2;0;1;1;0;0;0;0;418574,542000000370000;5727768,828000001600000;7,821885292000047;51,694961703000047;0
129990;5;9;70;24;2019;12;7;3;3;0;7;2;1;0;0;0;0;0;428868,758455576380000;5646212,224882228300000;7,987087350000024;50,963121064000063;0
130000;5;9;62;32;2019;12;15;3;3;2;6;0;1;1;0;0;0;0;404695,261095817200000;5676043,652586376300000;7,635072082000022;51,227808313000025;0
130009;5;9;78;24;2019;12;22;3;3;0;3;2;1;0;0;0;1;0;398838,123060150070000;5716084,491010947200000;7,539794689000075;51,586726125000041;1
130015;5;9;13;0;2019;12;7;3;3;3;7;0;1;1;0;0;0;0;393030,330859038980000;5705496,743444146600000;7,459212421000075;51,490486526000041;0
130048;5;5;70;44;2019;12;7;2;3;5;3;1;1;1;0;0;0;0;416350,672000001180000;5759109,844999998800000;7,782139052000048;51,976365068000064;0
130050;5;5;66;76;2019;12;18;2;3;2;2;2;1;1;0;0;0;1;393661,580000001010000;5792979,388000002100000;7,441335886000047;52,276887814000077;1