OBJECTID;ULAND;UREGBEZ;UKREIS;UGEMEINDE;UJAHR;UMONAT;USTUNDE;UWOCHENTAG;UKATEGORIE;UART;UTYP1;ULICHTVERH;IstRad;IstPKW;IstFuss;IstKrad;IstGkfz;IstSonstige;LINREFX;LINREFY;XGCSWGS84;YGCSWGS84;STRZUSTAND
130051;5;5;54;60;2019;12;17;6;3;5;3;2;1;1;0;0;0;0;350470,372498068030000;5756080,247127376500000;6,824880717000042;51,935327015000041;1
130055;5;5;15;0;2019;12;13;6;3;5;3;0;1;1;0;0;0;0;412769,932926763780000;5753044,804925525600000;7,731559387000061;51,921296893000033;1
130057;5;5;15;0;2019;12;8;6;2;6;7;1;1;0;1;0;0;0;405407,586000000130000;5751710,047000000300000;7,624899740000046;51,908097312000052;0
130058;5;5;54;16;2019;12;5;2;3;0;6;2;1;1;0;0;0;0;363905,416358519350000;5756877,952768910700000;7,019864387000041;51,945942612000067;1
130059;5;5;15;0;2019;12;12;6;3;0;1;0;1;0;0;0;0;0;407068,604020216500000;5757437,696162127000000;7,647491556000034;51,959860189000040;1
130064;5;5;15;0;2019;12;14;2;3;5;3;0;1;0;0;0;0;0;404657,608373337430000;5758307,426754081600000;7,612171844000045;51,967269457000043;0
130073;5;3;70;4;2019;12;9;2;3;5;3;0;1;1;0;0;0;0;304888,025413559750000;5664252,476754412100000;6,213406394000060;51,096524371000044;1
130075;5;3;70;16;2019;12;16;2;2;5;3;0;1;0;0;0;0;1;295322,574000000950000;5664912,044999999900000;6,076604537000037;51,099113927000076;1
130097;5;3;62;28;2019;12;15;2;3;0;1;0;1;0;0;0;0;0;350211,327191540040000;5639103,242350384600000;6,870532061000063;50,884159569000076;1
130098;5;3;62;24;2019;12;13;2;3;5;3;0;1;1;0;0;0;0;347650,680485831570000;5642582,640049291800000;6,832704643000056;50,914756680000039;1
130109;5;3;15;0;2019;12;16;2;3;5;2;2;1;1;0;0;0;0;358572,805152462800000;5638838,487926585600000;6,989424787000075;50,883887540000046;1
130110;5;3;15;0;2019;12;21;2;3;5;3;2;1;1;0;0;0;0;355452,906022401530000;5644699,209654489500000;6,942780174000063;50,935784819000048;1
130111;5;3;15;0;2019;12;12;2;3;1;5;0;1;1;0;0;0;0;355302,359727304430000;5645416,960862502500000;6,940353995000066;50,942197338000028;1
130118;5;3;74;8;2019;12;17;6;3;4;2;2;1;1;0;0;0;0;385491,936468304130000;5648469,660412462400000;7,368905281000025;50,976424901000030;1
130119;5;1;70;12;2019;12;12;2;3;1;3;0;1;1;0;0;0;0;328118,445465053430000;5734911,764667497900000;6,510566518000076;51,738724069000057;1
130122;5;1;70;48;2019;12;20;2;2;0;5;2;1;1;0;0;0;0;335741,575000000190000;5725646,896000001600000;6,625233848000050;51,657777404000058;1
130125;5;3;62;12;2019;12;13;6;3;0;1;0;1;0;0;0;0;0;351640,066999999810000;5632243,241999998700000;6,893608782000058;50,822879889000035;1
130126;5;1;58;28;2019;12;16;2;3;5;3;0;1;1;0;0;0;0;354113,142132869920000;5688460,013766713400000;6,906008307000036;51,328696745000059;1
130129;5;1;66;36;2019;12;18;2;3;5;3;2;1;1;0;0;0;0;327157,502549964000000;5679901,833086177700000;6,523599000000047;51,244260928000074;1
130138;5;3;15;0;2019;12;10;6;3;5;2;0;1;1;0;0;0;0;354741,600999999790000;5644805,463000003200000;6,932621428000061;50,936560968000038;1
130139;5;3;14;0;2019;12;14;6;3;5;3;0;1;1;0;0;0;0;370439,462062100880000;5615695,526493180500000;7,166184744000020;50,678656938000074;1
130140;5;1;16;0;2019;12;16;2;3;5;3;1;1;1;0;0;0;0;324451,383937041280000;5678054,114344975000000;6,485772270000041;51,226835688000051;0
130148;5;1;70;24;2019;12;11;6;2;5;3;0;1;1;0;0;0;0;336975,307677991690000;5699188,932855490600000;6,655307366000045;51,420435778000069;1
130155;5;1;54;16;2019;12;13;6;3;5;3;0;1;1;0;0;0;0;302668,277000000700000;5728295,945000000300000;6,146166358000073;51,670931872000040;1
130160;5;7;54;8;2019;12;17;2;3;5;3;2;1;1;0;0;0;0;461303,018000001090000;5750411,025000002200000;8,437530785000035;51,903106616000059;1
130161;5;7;54;8;2019;12;15;2;3;5;3;0;1;1;0;0;0;0;464905,764923294070000;5753369,764354867900000;8,489593607000074;51,929946443000063;1
130162;5;7;66;8;2019;12;7;2;3;5;2;1;1;1;0;0;0;0;481061,484963563270000;5768366,968298157700000;8,723727533000044;52,065568386000052;1
130173;5;9;74;16;2019;12;16;2;3;5;3;1;1;1;0;0;0;0;454923,342903472480000;5718314,935618490000000;8,348970112000075;51,614059191000081;1
130175;5;9;74;28;2019;12;15;2;3;3;2;0;1;1;0;0;0;0;453544,642045530490000;5725355,780408803400000;8,328124283000022;51,677250524000044;1
130189;5;1;12;0;2019;12;18;6;2;4;2;2;1;1;0;0;0;0;343520,231689351610000;5693501,878028795100000;6,751867034000043;51,371182337000050;1
130199;5;9;13;0;2019;12;8;2;3;6;4;0;1;0;1;0;0;0;393668,799304280430000;5707311,396166389800000;7,467858431000025;51,506917988000055;0
130200;5;7;70;36;2019;12;6;6;3;5;3;2;1;1;0;0;0;0;465336,341000000950000;5795238,712999999500000;8,491590915000074;52,306393108000066;1
130203;5;9;11;0;2019;12;14;2;3;3;2;0;1;1;0;0;0;0;376075,924565614200000;5703910,063563769700000;7,215677152000069;51,472764871000038;0
130218;5;7;54;32;2019;12;7;6;3;5;3;2;1;1;0;0;0;0;457094,429451551290000;5739400,385703612100000;8,377728647000026;51,803805564000072;0
130227;5;5;70;44;2019;12;3;1;3;0;1;2;1;0;0;0;0;0;416773,986501718870000;5759879,386364962900000;7,788113975000044;51,983346020000056;1
130231;5;5;66;76;2019;12;16;1;3;0;1;1;1;0;0;0;0;0;393516,832365485840000;5789053,359927026600000;7,440453555000033;52,241575699000066;1
130232;5;7;11;0;2019;12;15;6;3;4;7;0;1;1;0;0;0;0;467339,566000000570000;5771528,320000000300000;8,523257271000034;52,093351442000028;1
130238;5;9;78;36;2019;12;14;6;3;5;3;0;1;1;0;0;0;0;408742,970954003740000;5712488,217485902800000;7,683655989000044;51,556089630000031;1
130239;5;5;66;28;2019;12;17;5;2;0;1;2;1;0;0;0;0;0;417389,835073839870000;5790907,576716892400000;7,789545820000058;52,262343339000040;0
130240;5;5;66;76;2019;12;14;5;2;5;2;0;1;1;0;0;0;0;395272,502304067840000;5793950,479422984600000;7,464637176000053;52,285924545000057;0
130242;5;5;66;28;2019;12;17;5;3;5;3;2;1;1;0;0;0;0;412260,899128618650000;5792116,488985151100000;7,714099080000040;52,272415140000078;0
130243;5;5;58;44;2019;12;17;5;3;5;3;2;1;1;0;0;0;0;396224,168664768340000;5746370,712878160200000;7,493053002000067;51,858472154000026;0
130246;5;5;54;52;2019;12;16;5;3;0;1;1;1;0;0;0;0;0;378812,827411890030000;5771655,628177771300000;7,231414569000037;52,082191876000081;0
130248;5;5;15;0;2019;12;7;5;3;5;2;1;1;1;0;0;0;0;401648,180000000630000;5755592,414000000800000;7,569157521000022;51,942342003000078;0
130249;5;5;15;0;2019;12;18;5;2;5;3;2;1;1;0;0;0;0;406128,462000002150000;5757704,004999999000000;7,633740283000066;51,962095966000049;0
130253;5;5;62;24;2019;12;18;5;3;5;3;2;1;1;0;0;0;0;371425,733009524640000;5725620,758564429400000;7,140813967000042;51,666839162000031;0
130258;5;5;13;0;2019;12;15;5;3;5;3;0;1;1;0;0;0;0;368981,864000000990000;5711009,960999999200000;7,110953920000043;51,534972263000043;0
130259;5;3;70;12;2019;12;15;5;3;3;2;0;1;1;0;0;0;0;297090,040427320640000;5650087,154797773800000;6,110113991000048;50,966600174000064;0
130261;5;3;58;8;2019;12;14;5;3;0;2;0;1;0;0;0;0;1;323042,360517611730000;5632314,615401620000000;6,487931654000022;50,815488844000072;0
130267;5;3;82;40;2019;12;14;5;3;0;1;0;1;0;0;0;0;0;383098,996000001210000;5633947,432000001900000;7,339486951000026;50,845405986000060;1
130268;5;3;74;44;2019;12;12;5;2;0;7;0;1;1;0;0;0;0;403280,960190848450000;5637368,213362719900000;7,625158844000055;50,879885674000036;0
130274;5;3;66;16;2019;12;16;5;3;8;1;1;1;0;0;0;0;0;345042,860273211260000;5614366,424689002300000;6,807532554000034;50,660505746000069;0
130289;5;3;15;0;2019;12;21;5;3;1;1;2;1;0;0;0;0;1;356216,633603856900000;5646973,130488930300000;6,952744491000033;50,956411101000072;0
130296;5;3;15;0;2019;12;12;5;3;0;1;0;1;0;0;0;0;0;354951,162322924470000;5646366,344576109200000;6,934980346000032;50,950640957000076;0
130299;5;3;15;0;2019;12;18;5;3;5;3;2;1;1;0;0;0;0;354919,125058732000000;5641483,820344520700000;6,936467654000069;50,906754784000043;0
130306;5;3;82;12;2019;12;8;5;3;5;3;0;1;1;0;0;0;0;358801,930097392760000;5625080,612750215500000;6,997976439000070;50,760297896000054;1
130310;5;3;14;0;2019;12;8;5;3;2;6;1;1;1;0;0;0;0;364514,933493389750000;5621660,476077232500000;7,080188506000070;50,730920286000071;1
130313;5;1;70;8;2019;12;8;5;3;1;7;1;1;0;1;0;0;0;343826,662657666020000;5715287,109992729500000;6,746639636000055;51,567003627000076;0
130318;5;7;74;32;2019;12;20;1;3;5;2;2;1;1;0;0;0;0;480973,050628051160000;5731158,312131388100000;8,724491358000023;51,731021955000074;1
130319;5;1;58;28;2019;12;18;5;3;5;2;2;1;1;0;0;0;0;349354,506137997840000;5684265,821067865900000;6,839527736000036;51,289768769000034;0
130325;5;7;11;0;2019;12;14;1;3;1;3;0;1;1;0;0;0;0;469086,010333470070000;5765491,565872976600000;8,549295858000050;52,039177862000031;0
130348;5;1;17;0;2019;12;16;5;3;3;2;2;1;1;0;0;0;0;351748,364901860240000;5698295,653428988500000;6,867987592000077;51,416465391000031;0
130355;5;5;54;48;2019;12;20;7;3;0;1;2;1;0;0;0;0;0;341072,529290422800000;5746569,304832695100000;6,692674559000068;51,847278357000050;0
130362;5;5;58;20;2019;12;14;7;2;0;1;0;1;0;0;0;0;0;391134,583000000570000;5759264,572000000600000;7,415100050000035;51,973388022000051;0
130363;5;1;11;0;2019;12;15;5;3;5;3;0;1;1;0;0;0;0;348009,861000000500000;5678598,044999999900000;6,822667263000028;51,238483212000062;0
130373;5;7;62;36;2019;12;22;5;2;0;1;2;1;0;0;0;0;0;510821,737488207410000;5704145,900322636600000;9,155864530000031;51,488357642000040;0
130378;5;7;58;4;2019;12;7;5;3;5;3;1;1;1;0;0;0;0;472174,242606095040000;5784140,227229759100000;8,592793595000046;52,207003059000044;1
130381;5;7;54;44;2019;12;15;5;3;4;6;0;1;0;0;0;0;0;465971,618141672570000;5747779,799750814200000;8,505646649000028;51,879754547000061;0
130382;5;3;82;60;2019;12;10;7;3;3;3;0;1;1;0;0;0;0;373027,293454971160000;5629836,579575240600000;7,197920186000033;50,806333585000061;0
130400;5;7;11;0;2019;12;10;5;3;5;3;0;1;1;0;0;0;0;467327,533071896990000;5763799,138688592200000;8,523821095000074;52,023861084000032;0
130403;5;3;14;0;2019;12;12;7;3;5;2;0;1;1;0;0;0;0;369396,403512093240000;5616809,282075313900000;7,151035838000041;50,688434564000033;0
130407;5;9;78;12;2019;12;15;5;3;1;5;0;1;1;0;0;0;0;415356,884324725720000;5703782,450017202600000;7,781125731000032;51,478859001000046;0
130408;5;1;70;20;2019;12;19;7;3;5;3;2;1;1;0;0;0;0;328992,329796046950000;5708723,268446169800000;6,535992981000049;51,503735495000058;0
130440;5;9;13;0;2019;12;7;5;3;5;2;2;1;1;0;0;0;0;394012,526948842220000;5707926,353407323400000;7,472624495000048;51,512510115000055;0
130442;5;9;54;36;2019;12;12;5;2;5;2;0;1;1;0;0;0;0;385546,674999999810000;5698112,041999999400000;7,353854263000073;51,422646956000051;0
130445;5;9;16;0;2019;12;11;5;2;5;2;0;1;1;0;0;0;0;372935,228615973140000;5710740,939475398500000;7,168019580000021;51,533458219000067;0
130446;5;9;11;0;2019;12;19;5;3;5;3;2;1;1;0;0;0;0;374620,082336891440000;5702805,622189331800000;7,195118089000061;51,462518167000042;0
130453;5;9;58;44;2019;12;11;7;3;5;3;0;1;1;0;0;0;0;427386,438462617810000;5689772,938845755500000;7,957189767000045;51,354580767000073;0
130465;5;9;11;0;2019;12;11;7;3;0;1;0;1;0;0;0;0;0;375253,168149757200000;5702169,093977643200000;7,204451284000072;51,456937342000060;0
130475;5;5;66;28;2019;12;19;4;3;1;5;2;1;1;0;0;0;0;411551,574949983510000;5794565,283090641700000;7,703063560000032;52,294311790000052;0
130476;5;5;66;68;2019;12;10;4;3;5;3;0;1;1;0;0;0;0;375893,565283488480000;5785959,700092410700000;7,183609986000022;52,210084774000052;0
130491;5;5;54;4;2019;12;11;6;3;5;3;0;1;1;0;0;0;0;362163,982151256870000;5772902,791422061600000;6,988092288000075;52,089503498000056;1
130493;5;5;54;56;2019;12;7;6;3;3;2;2;1;1;0;0;0;0;358765,525346527810000;5761500,993008950700000;6,943230251000045;51,986200568000072;0
130494;5;5;62;24;2019;12;7;4;3;5;3;2;1;1;0;0;0;0;370440,284592853860000;5726561,599670531200000;7,126223600000060;51,675067817000070;1
130497;5;5;54;12;2019;12;9;6;3;5;3;0;1;1;0;0;0;0;353037,582604240630000;5745594,895657654900000;6,866663223000046;51,841801224000051;0
130499;5;5;12;0;2019;12;14;4;3;0;1;0;1;1;0;0;0;0;356654,173597575170000;5711799,624853469400000;6,933008336000057;51,539072635000082;0
130500;5;5;15;0;2019;12;9;6;3;5;3;0;1;1;0;0;0;0;405927,821000002320000;5756686,611999999700000;7,631099531000075;51,952917262000028;0
130501;5;5;15;0;2019;12;15;6;3;5;3;0;1;1;0;0;0;0;405971,441699692980000;5756361,537589373100000;7,631823028000042;51,950002718000064;1
130503;5;5;15;0;2019;12;11;6;3;5;2;0;1;0;0;0;0;1;406124,492908835410000;5756700,176101796300000;7,633956836000039;51,953072415000065;0
130505;5;5;15;0;2019;12;7;6;3;5;2;1;1;1;0;0;0;0;406657,653000000860000;5757654,217000002000000;7,641453614000056;51,961737546000052;0
130506;5;5;15;0;2019;12;18;6;3;0;5;2;1;0;0;0;0;1;405609,347764409150000;5756969,282573679500000;7,626389023000058;51,955404070000043;1
130508;5;5;15;0;2019;12;15;6;3;5;2;0;1;1;0;0;0;0;405259,542502204890000;5756956,250351112300000;7,621303699000066;51,955227446000038;1
130510;5;5;62;14;2019;12;11;6;2;5;3;0;1;1;0;0;0;0;359577,353599900380000;5717977,876435745500000;6,972662143000036;51,595325158000037;1
130519;5;5;62;20;2019;12;7;4;3;5;2;2;1;1;0;0;0;0;373561,881283770320000;5713310,754504164700000;7,176126115000045;51,556694096000058;0
130520;5;3;70;12;2019;12;12;6;3;5;3;0;1;1;0;0;0;0;297763,434315553870000;5650609,390748180400000;6,119401290000042;50,971527225000045;1
130530;5;3;34;2;2019;12;16;6;3;5;3;2;1;0;0;0;0;1;296439,199000000020000;5623976,057000000000000;6,115369025000064;50,731859789000055;1
130532;5;3;82;60;2019;12;12;6;3;0;4;0;1;0;1;0;0;1;373351,323779780420000;5628097,949487377000000;7,203116195000064;50,790777038000044;0
130534;5;3;34;12;2019;12;16;4;3;3;7;1;1;1;0;0;0;0;307171,025999999610000;5633305,304000001400000;6,262366850000035;50,819321935000062;0
130535;5;3;78;16;2019;12;19;6;2;6;1;2;1;0;1;0;0;0;359169,317099612210000;5662443,446757935000000;6,988748414000042;51,096170902000040;0
130538;5;3;74;44;2019;12;15;6;2;0;7;0;1;0;0;0;0;0;401682,329327129760000;5636276,217713741600000;7,602735429000063;50,869798803000037;1
130539;5;3;78;4;2019;12;8;4;3;5;3;1;1;1;0;0;0;0;368046,658080612310000;5649484,996665407000000;7,120173374000046;50,981817392000039;1
130545;5;3;62;28;2019;12;7;4;2;5;3;2;1;1;0;0;0;0;349083,782000000590000;5639936,475999999800000;6,854170173000057;50,891353888000026;1
130547;5;3;62;20;2019;12;8;4;3;5;3;1;1;1;0;0;0;0;347358,145097440110000;5629795,959041953100000;6,833878330000061;50,799774781000053;0
130555;5;3;15;0;2019;12;8;4;2;4;6;0;1;0;0;0;0;0;357927,026332106440000;5646580,947681034000000;6,977234613000064;50,953310784000053;1
130557;5;3;15;0;2019;12;8;4;2;5;3;0;1;0;0;0;0;1;351225,848218129950000;5648232,022791355800000;6,881219704000046;50,966457230000060;1
130558;5;3;15;0;2019;12;14;4;3;5;3;0;1;1;0;0;0;0;359065,668000000530000;5636778,562000000800000;6,997220820000052;50,865495024000040;0
130560;5;3;15;0;2019;12;17;6;3;5;7;2;1;1;0;0;0;0;353566,756270697340000;5646461,553581727700000;6,915246539000066;50,951146523000034;0
130563;5;3;82;32;2019;12;14;6;3;3;6;0;1;1;0;0;0;0;359505,962162952870000;5606295,870642051100000;7,015088488000060;50,591639384000075;1
130564;5;3;15;0;2019;12;0;4;3;4;6;2;1;1;0;0;0;0;355436,551956016570000;5645710,735026812200000;6,942146193000042;50,944871084000056;1
130565;5;3;82;48;2019;12;9;6;3;5;2;0;1;1;0;0;0;0;353592,110253591090000;5610176,152744026900000;6,930063772000040;50,625059213000043;1
130566;5;1;70;8;2019;12;20;6;3;0;1;2;1;0;0;0;0;0;343942,299590049310000;5715440,048117276300000;6,748238813000057;51,568409739000060;0
130567;5;1;70;12;2019;12;10;4;1;5;3;0;1;1;0;0;0;0;327176,907265247780000;5735054,568766595800000;6,496872891000066;51,739717333000044;1
130569;5;1;58;8;2019;12;13;4;3;5;2;0;1;1;0;0;0;0;360680,275406741540000;5678217,296323182100000;7,004201742000021;51,238296390000073;0
130570;5;1;54;12;2019;12;13;6;2;5;3;0;1;0;0;0;0;1;315188,141093162820000;5711078,514063147800000;6,336079897000047;51,520545702000049;1
130574;5;1;62;4;2019;12;17;6;3;5;2;2;1;1;0;0;0;0;346369,557069570760000;5659347,166024552700000;6,807404235000035;51,065062219000026;1
130576;5;1;58;28;2019;12;11;4;3;5;3;0;1;1;0;0;0;0;348823,163512579170000;5685218,984102707400000;6,831509753000034;51,298192715000027;0
130581;5;1;58;28;2019;12;9;4;3;5;2;0;1;1;0;0;0;0;350946,106901383030000;5684971,534944256800000;6,862041804000057;51,296528946000080;0
130583;5;1;58;28;2019;12;8;4;3;0;1;1;1;0;0;0;0;0;348751,706000002100000;5690436,920000001800000;6,828271473000029;51,345059731000049;0
130584;5;1;54;12;2019;12;16;4;3;6;4;1;1;0;1;0;0;0;314925,226755257700000;5711012,931560253700000;6,332329046000041;51,519870569000034;1
130587;5;1;66;36;2019;12;12;4;2;4;2;0;1;1;0;0;0;0;328705,554295120760000;5683074,747597407500000;6,544237570000064;51,273232819000043;0
130599;5;1;13;0;2019;12;10;6;3;5;3;0;1;1;0;0;0;0;363572,411196963860000;5701091,719650471600000;7,036840840000025;51,444561166000028;1
130600;5;1;19;0;2019;12;18;4;3;5;2;2;1;1;0;0;0;0;351642,397196155040000;5703708,796498520300000;6,864196282000023;51,465077863000033;0
130604;5;1;14;0;2019;12;10;4;3;5;3;0;1;1;0;0;0;0;335676,742291645150000;5692027,581580728300000;6,639961727000070;51,355721448000054;1
130605;5;1;12;0;2019;12;14;6;3;5;3;0;1;1;0;0;0;0;342188,200532892720000;5707224,747073104600000;6,726631510000061;51,494110509000052;1
130606;5;1;14;0;2019;12;8;4;3;4;2;0;1;1;0;0;0;0;334052,347000001000000;5690477,221000002700000;6,617376322000041;51,341320638000070;1
130612;5;1;11;0;2019;12;8;6;3;5;3;1;1;1;0;0;0;0;342137,054340776060000;5685200,276146097100000;6,735690727000076;51,296210078000058;0
130622;5;7;70;20;2019;12;17;6;3;5;3;2;1;1;0;0;0;0;473365,410042995590000;5795456,878423454200000;8,609331940000061;52,308802621000041;1
130624;5;1;11;0;2019;12;13;4;2;5;3;0;1;1;0;0;0;0;339150,065231173300000;5677678,428388608600000;6,696266269000034;51,227791746000037;0
130625;5;7;70;24;2019;12;7;6;3;5;3;1;1;0;0;0;0;1;491345,798000001350000;5795432,976000001700000;8,873061982000024;52,309165532000065;0
130626;5;7;62;36;2019;12;9;4;3;5;3;0;1;1;0;0;0;0;509176,230223662220000;5705200,917238669500000;9,132191942000077;51,497873153000057;1
130627;5;7;58;12;2019;12;7;4;3;5;3;2;1;1;0;0;0;0;476702,786191517490000;5772731,491262633400000;8,659846327000025;52,104642184000056;0
130632;5;7;54;28;2019;12;7;4;3;0;7;1;1;0;0;0;0;0;449736,399751132350000;5745287,196741746700000;8,270166782000047;51,856117802000028;1
130637;5;7;54;32;2019;12;20;6;2;7;6;2;1;0;1;0;0;0;457271,852677213030000;5732948,626577723800000;8,381095716000061;51,745812812000054;1
130638;5;7;66;28;2019;12;19;4;3;5;2;2;1;1;0;0;0;0;507410,164003741000000;5768744,192427102500000;9,108107224000037;52,069234160000065;1
130640;5;7;54;28;2019;12;9;6;3;5;3;0;1;1;0;0;0;0;449399,053495903500000;5745228,624864807400000;8,265277486000059;51,855560728000057;0
130645;5;7;66;8;2019;12;18;6;2;3;2;2;1;1;0;0;0;0;482638,001671965230000;5767979,134057739700000;8,746745013000066;52,062133118000077;1
130650;5;7;66;40;2019;12;12;6;3;5;3;0;1;1;0;0;0;0;484567,843449964190000;5758561,363145826400000;8,775319484000022;51,977516395000066;0
130654;5;7;11;0;2019;12;7;6;3;2;2;1;1;1;0;0;0;0;473047,370503444220000;5760116,648110074900000;8,607471248000024;51,991060200000049;0
130670;5;9;62;40;2019;12;16;4;3;5;2;0;1;1;0;0;0;0;412191,167000000370000;5698530,290000001000000;7,736854571000038;51,431161550000070;0
130698;5;9;16;0;2019;12;21;6;3;0;1;2;1;0;0;0;0;0;376202,933706388810000;5711799,560306018200000;7,214735097000073;51,543698368000037;0
130715;5;5;70;24;2019;12;13;5;3;5;3;0;1;1;0;0;0;0;418222,330033546310000;5752090,980204774100000;7,811051923000036;51,913550375000057;0
130716;5;5;66;32;2019;12;17;5;2;2;2;2;1;1;0;0;0;0;412488,053919690660000;5777063,251537719700000;7,721317618000057;52,137146873000063;0
130736;5;5;66;76;2019;12;15;6;3;5;3;0;1;1;0;0;0;0;393173,711151071820000;5793382,494916062800000;7,434060082000030;52,280416019000029;0
130778;5;3;62;36;2019;12;18;6;3;4;6;2;1;0;0;0;0;0;344720,223517490550000;5650682,470874616900000;6,787594992000038;50,986759782000036;0
130779;5;3;62;36;2019;12;12;6;3;3;2;0;1;1;0;0;0;0;346305,489269988610000;5651607,924655279100000;6,809772344000066;50,995501275000038;0
130782;5;3;15;0;2019;12;17;6;3;2;2;2;1;1;0;0;0;0;366456,747477617110000;5640386,434668229900000;7,100871894000022;50,899676222000039;0
130787;5;3;15;0;2019;12;8;6;3;4;2;1;1;1;0;0;0;0;355186,000867595900000;5643734,454143388200000;6,939367454000035;50,927047810000033;0
130789;5;1;70;20;2019;12;12;6;3;4;2;0;1;1;0;0;0;0;327953,139456011350000;5708716,806364072500000;6,521037725000042;51,503362085000049;0
130810;5;1;12;0;2019;12;12;6;3;5;3;0;1;1;0;0;0;0;343440,809455409650000;5701496,497730607200000;6,747198273000038;51,442991507000045;0
130825;5;7;54;28;2019;12;9;6;2;5;2;0;1;1;0;0;0;0;451444,042436244900000;5745137,749102262800000;8,294980885000030;51,854925389000073;0
130833;5;9;78;36;2019;12;19;6;3;5;2;2;1;1;0;0;0;0;409279,929513626730000;5710806,626700427400000;7,691832875000046;51,541059910000058;0
130856;5;3;70;12;2019;12;14;3;2;5;3;0;1;1;0;0;0;0;297241,147663052190000;5650267,807379035300000;6,112162485000056;50,968275833000064;1
130859;5;5;62;8;2019;12;15;5;3;1;5;0;1;1;0;0;0;0;385073,638969847000000;5723363,579950403400000;7,338810291000073;51,649509744000056;0
130877;5;3;15;0;2019;12;9;5;3;1;7;0;1;1;0;0;0;0;353441,556619071400000;5646045,537235831800000;6,913632793000033;50,947376125000062;1
130878;5;3;15;0;2019;12;9;5;3;5;3;0;1;1;0;0;0;0;357218,007143900730000;5638501,533737927700000;6,970309014000065;50,880526100000054;1
130899;5;1;13;0;2019;12;11;3;3;5;3;0;1;1;0;0;0;0;361787,951527300290000;5705348,978587120800000;7,009515127000043;51,482385767000039;1
130930;5;5;66;36;2019;12;13;2;3;5;3;0;1;1;0;0;0;0;387409,354582044300000;5768356,193495586500000;7,357901244000061;52,054354487000069;0
130938;5;5;58;40;2019;12;9;4;3;0;5;0;1;1;0;0;0;0;368430,836656973700000;5761976,575664233400000;7,083713582000030;51,992847389000076;1
130943;5;5;62;8;2019;12;8;4;3;0;1;0;1;0;0;0;0;0;384923,265089308840000;5724207,729488713700000;7,336359906000041;51,657065947000035;1
130959;5;3;74;12;2019;12;16;2;3;5;2;1;1;1;0;0;0;0;402395,983221120200000;5651370,730989819400000;7,608830665000028;51,005618688000027;0
130962;5;1;58;20;2019;12;15;4;3;1;5;0;1;1;0;0;0;0;356340,976988874380000;5663060,479223180600000;6,948137853000048;51,101014321000036;0
130963;5;3;62;28;2019;12;13;2;2;5;3;0;1;1;0;0;0;0;350114,159246676600000;5639051,809666611300000;6,869172788000071;50,883672172000047;0
130969;5;3;15;0;2019;12;15;2;3;2;4;0;1;1;1;0;0;0;359771,594392960890000;5644842,676605263700000;7,004148814000075;50,938140487000055;0
130993;5;1;70;8;2019;12;14;2;3;5;2;0;1;1;0;0;0;0;344731,924002676270000;5716295,871403817100000;6,759244712000054;51,576317059000075;0
131011;5;1;19;0;2019;12;18;2;3;0;1;2;1;0;0;0;0;0;349236,527075376360000;5710957,002165399500000;6,826490295000042;51,529569163000076;0
131013;5;1;22;0;2019;12;13;2;2;5;3;0;1;1;0;0;0;0;365637,772231919690000;5673493,868723172700000;7,076945663000060;51,197035595000045;0
131024;5;3;82;68;2019;12;12;3;3;5;2;0;1;1;0;0;0;0;371401,259037536570000;5629718,865517683300000;7,174896099000023;50,804916884000079;0
131026;5;3;82;60;2019;12;9;3;3;5;2;0;1;1;0;0;0;0;372309,291552667510000;5630395,708174092700000;7,187540743000056;50,811201387000040;1
131030;5;7;74;20;2019;12;15;2;3;5;3;0;1;1;0;0;0;0;464710,234295169820000;5734259,298575477700000;8,488700262000066;51,758114969000076;0
131042;5;9;78;28;2019;12;11;2;3;5;5;0;1;1;0;0;0;0;399750,130707169880000;5700098,977192273400000;7,557501083000034;51,443197846000032;0
131045;5;1;58;28;2019;12;8;3;3;5;3;0;1;1;0;0;0;0;349381,745424750260000;5689051,512041488700000;6,837897078000026;51,332778359000031;1
131054;5;9;54;12;2019;12;11;2;3;0;1;0;1;0;0;0;0;0;384387,950405346230000;5685664,189588280400000;7,341244340000060;51,310528586000032;0
131056;5;9;54;12;2019;12;13;2;3;5;3;0;1;1;0;0;0;0;386576,428389344360000;5687886,014338415100000;7,371922998000059;51,330939598000043;0
131064;5;9;78;24;2019;12;11;2;3;5;3;0;1;1;0;0;0;0;397729,516461349090000;5718587,071781894200000;7,523068750000050;51,609020671000053;0
131067;5;9;11;0;2019;12;15;2;2;6;4;0;1;0;1;0;0;0;375955,706065360460000;5706077,471797846300000;7,213185767000027;51,492217849000042;0
131069;5;1;11;0;2019;12;11;3;3;3;3;0;1;1;0;0;0;0;340454,236860468980000;5678496,859469492000000;6,714564513000028;51,235511373000065;1
131071;5;9;11;0;2019;12;15;2;3;5;2;0;1;1;0;0;0;0;376528,622259966100000;5705077,091286545600000;7,221784014000036;51,483352423000042;0