OBJECTID;ULAND;UREGBEZ;UKREIS;UGEMEINDE;UJAHR;UMONAT;USTUNDE;UWOCHENTAG;UKATEGORIE;UART;UTYP1;ULICHTVERH;IstRad;IstPKW;IstFuss;IstKrad;IstGkfz;IstSonstige;LINREFX;LINREFY;XGCSWGS84;YGCSWGS84;STRZUSTAND
131074;5;7;54;28;2019;12;9;3;2;0;1;0;1;0;0;0;0;0;451552,965448208150000;5742519,491448903500000;8,296929093000074;51,831395354000051;1
131084;5;5;62;12;2019;12;1;1;3;5;3;2;1;1;0;0;0;0;358816,437345026990000;5727421,403204506300000;6,957874696000033;51,679992712000058;0
131086;5;9;78;24;2019;12;10;3;3;4;2;0;1;1;0;0;0;0;398134,638000001200000;5719600,315000001300000;7,528622693000045;51,618201737000049;1
131096;5;3;14;0;2019;12;15;1;3;6;6;0;1;0;1;0;0;0;368920,282055259680000;5615695,102988971400000;7,144694190000053;50,678312937000044;0
131100;5;5;70;8;2019;12;11;2;3;5;3;0;1;1;0;0;0;0;433911,012000001040000;5734788,271999999900000;8,042413222000050;51,760082783000030;0
131123;5;3;16;0;2019;12;13;2;3;5;2;0;1;1;0;0;0;0;359759,654055370950000;5657611,223806750000000;6,999048188000074;51,052888922000079;0
131128;5;3;15;0;2019;12;15;2;3;5;3;0;1;1;0;0;0;0;359955,157187445090000;5647764,080519422900000;7,005636010000046;50,964440121000052;1
131131;5;3;15;0;2019;12;16;2;3;0;5;2;1;1;0;0;0;0;354079,670350803990000;5646021,424461169200000;6,922720075000029;50,947321310000063;1
131135;5;5;66;28;2019;12;14;7;2;3;3;0;1;1;0;0;0;0;406577,035746380690000;5796268,075159775100000;7,629670501000021;52,308792980000078;0
131141;5;5;58;40;2019;12;20;7;2;0;1;2;1;0;0;0;0;0;376037,270464519970000;5760932,495120074600000;7,194816358000026;51,985214649000056;0
131142;5;1;58;16;2019;12;9;2;3;3;6;0;1;0;0;0;0;1;355944,323583077640000;5669038,428188005500000;6,940087145000064;51,154635587000030;1
131147;5;5;15;0;2019;12;11;7;3;5;3;0;1;1;0;0;0;0;409877,658217363990000;5761081,471400653900000;7,687405369000032;51,993075167000029;0
131149;5;1;62;24;2019;12;11;2;3;5;2;0;1;1;0;0;0;0;338123,618321020160000;5670983,143562467800000;6,684597002000032;51,167345528000055;0
131150;5;1;16;0;2019;12;18;2;3;5;3;2;1;1;0;0;0;0;319503,255502347830000;5670861,841981768600000;6,418595812000035;51,160683993000077;0
131152;5;5;62;4;2019;12;13;7;3;2;2;0;1;1;0;0;0;0;384768,257047040390000;5716371,333961764400000;7,336697746000027;51,586602689000074;0
131156;5;3;58;8;2019;12;20;7;3;0;7;2;1;0;0;0;0;0;321766,739656879570000;5630575,941320488200000;6,470686006000051;50,799477431000071;0
131162;5;3;34;2;2019;12;16;7;3;5;2;1;1;1;0;0;0;0;292463,495576069690000;5628254,848266027900000;6,056697585000052;50,768881158000056;0
131177;5;1;11;0;2019;12;15;2;3;5;2;0;1;1;0;0;0;0;342900,936527122740000;5678174,717575084400000;6,749724651000065;51,233295726000051;1
131179;5;1;70;44;2019;12;11;7;2;0;7;0;1;0;0;0;0;0;338612,773964449760000;5716799,900128107500000;6,670781501000022;51,579126831000053;1
131185;5;7;54;44;2019;12;12;2;2;5;3;0;1;1;0;0;0;0;465376,494191979060000;5747828,510222619400000;8,496996350000075;51,880155855000055;1
131186;5;1;54;44;2019;12;12;7;3;5;3;0;1;1;0;0;0;0;324818,921093512330000;5733414,126591570700000;6,463581721000026;51,724249966000059;0
131188;5;7;54;8;2019;12;6;2;2;5;2;2;1;1;0;0;0;0;455689,780077715400000;5748184,328650090800000;8,356232476000059;51,882669205000070;1
131190;5;7;54;8;2019;12;20;2;3;0;7;2;1;0;0;0;0;0;464692,696313496680000;5754475,880325226100000;8,486381359000063;51,939877721000073;1
131200;5;7;11;0;2019;12;9;2;3;5;3;0;1;1;0;0;0;0;474106,895269781350000;5767269,443930044800000;8,622360219000029;52,055419449000055;0
131225;5;9;11;0;2019;12;14;2;3;5;3;0;1;1;0;0;0;0;372563,002869335930000;5700984,898729255400000;7,166177945000072;51,445695560000047;1
232796;5;5;54;8;2019;1;14;6;3;5;3;0;1;1;0;0;0;0;336277,391136254180000;5745749,378812490000000;6,623510050000050;51,838527099000032;1
232799;5;5;62;20;2019;1;17;6;3;6;6;1;1;0;1;0;0;0;371375,105327983390000;5718416,648363692700000;7,142729351000071;51,602085781000028;1
232804;5;3;82;68;2019;1;11;6;3;0;1;0;1;0;0;0;0;0;367895,598312860350000;5629627,865908922600000;7,125203734000024;50,803310248000059;1
232806;5;3;15;0;2019;1;16;6;2;0;1;0;1;0;0;0;0;0;359603,640000000600000;5645803,974000001300000;7,001389388000064;50,946738909000032;1
232809;5;3;15;0;2019;1;17;6;3;1;5;2;1;1;0;0;0;0;360184,838926763270000;5636742,307863039900000;7,013128648000077;50,865440941000031;1
232810;5;3;15;0;2019;1;13;6;3;1;5;0;1;1;0;0;0;0;355212,989582805890000;5641958,794450206700000;6,940456065000035;50,911097071000029;1
232811;5;3;15;0;2019;1;14;6;3;5;3;0;1;1;0;0;0;0;356392,994445572610000;5645431,733088869600000;6,955861811000034;50,942602773000033;1
232814;5;1;70;48;2019;1;16;6;3;5;3;1;1;1;0;0;0;0;338692,277938153590000;5725953,372551199000000;6,667713794000065;51,661385301000053;1
232818;5;1;54;44;2019;1;10;6;2;5;6;0;1;0;1;0;0;0;320304,979009394530000;5737320,010709276400000;6,396279768000056;51,757904746000065;1
232827;5;1;11;0;2019;1;17;6;3;4;3;2;1;1;0;0;0;0;345361,959133552390000;5676434,511231649700000;6,785698499000034;51,218331433000060;1
232831;5;7;62;16;2019;1;13;6;3;5;3;0;1;1;0;0;0;0;512359,413991863840000;5729151,041445436000000;9,178892690000055;51,713160570000070;1
232837;5;9;78;36;2019;1;11;6;3;0;7;0;1;1;0;0;0;0;408599,187178159130000;5710419,634829348000000;7,682119972000066;51,537471294000056;1
232841;5;9;13;0;2019;1;19;6;3;4;2;2;1;1;0;0;0;0;387624,621296211150000;5707906,937557796000000;7,380613606000054;51,511101150000059;1
232842;5;9;78;24;2019;1;10;6;3;1;1;0;1;1;0;0;0;0;392099,643185520540000;5716988,242806386200000;7,442288777000044;51,593599239000071;1
232846;5;5;66;76;2019;1;10;5;3;5;3;0;1;1;0;0;0;0;394711,343000001270000;5794188,732999999100000;7,456339066000055;52,287958567000032;1
232848;5;5;54;68;2019;1;8;5;3;5;3;1;1;0;0;0;0;1;351550,006753503340000;5767324,575761906800000;6,835707027000069;52,036641539000072;1
232849;5;5;54;56;2019;1;18;5;3;7;7;2;1;0;0;0;0;1;356311,338013914410000;5761955,987467546000000;6,907325334000063;51,989659342000039;1
232861;5;3;15;0;2019;1;12;5;3;5;3;0;1;0;0;0;1;0;354217,530000001190000;5642603,258999999600000;6,926048388000027;50,916638146000082;0
232863;5;1;16;0;2019;1;15;5;3;1;5;0;1;1;0;0;0;0;321812,848471006380000;5677684,149033036100000;6,448206661000029;51,222694679000028;0
232864;5;1;16;0;2019;1;7;5;3;5;3;2;1;0;0;0;1;0;319621,033999999990000;5674807,208999998900000;6,418298368000023;51,196162741000080;0
232870;5;1;12;0;2019;1;15;5;3;5;2;0;1;1;0;0;0;0;340285,344239763920000;5695078,193624898800000;6,704722721000053;51,384444474000077;1
232874;5;7;74;32;2019;1;16;5;3;5;3;0;1;1;0;0;0;0;482639,748630472460000;5732939,043145850300000;8,748535886000070;51,747087091000026;1
232882;5;9;11;0;2019;1;7;5;3;5;2;2;1;1;0;0;0;0;376168,192559997550000;5705333,443400476100000;7,216505959000074;51,485577558000045;1
232884;5;5;54;68;2019;1;10;4;3;5;3;0;1;0;0;0;0;1;351135,089620941320000;5767769,364029603100000;6,829468899000062;52,040526487000079;0
232885;5;5;54;8;2019;1;17;4;3;5;3;2;1;1;0;0;0;0;337060,348239055830000;5747067,198208324600000;6,634243610000056;51,850594738000041;0
232888;5;3;62;28;2019;1;16;4;3;5;3;1;1;1;0;0;0;0;350976,103000001980000;5638718,719000000500000;6,881553293000025;50,880901806000054;0
232889;5;3;15;0;2019;1;21;4;3;4;6;2;1;0;0;0;0;0;356412,721007212070000;5650171,187267446900000;6,954271910000045;50,985200326000040;0
232893;5;1;66;12;2019;1;7;4;3;5;2;2;1;1;0;0;0;0;321352,603074573910000;5694443,882468242200000;6,433234875000039;51,373104176000027;0
232894;5;1;66;32;2019;1;12;4;3;0;7;0;1;0;0;0;0;1;316557,773069901390000;5681305,171499820400000;6,371178715000042;51,253556833000061;0
232895;5;1;17;0;2019;1;18;4;3;5;3;2;1;1;0;0;0;0;350642,440838080830000;5702226,945692993700000;6,850437271000033;51,451499756000032;0
232898;5;3;62;40;2019;1;14;7;3;5;3;0;1;1;0;0;0;0;358084,796186584050000;5631093,735014600700000;6,985492955000041;50,814164527000059;1
232906;5;9;62;24;2019;1;9;4;3;5;3;0;1;1;0;0;0;0;409594,854468995710000;5692526,315811049200000;7,701046522000070;51,376780142000030;1
232911;5;3;62;12;2019;1;17;7;3;6;2;2;1;0;1;0;0;0;352224,905983337200000;5632605,861993247600000;6,901760156000023;50,826288216000080;1
232915;5;3;82;56;2019;1;3;3;3;0;1;2;1;0;0;0;0;0;374580,883585243490000;5626633,892620513200000;7,221051677000048;50,777884719000042;1
232919;5;3;15;0;2019;1;0;3;3;0;7;2;1;0;1;0;0;0;358618,727641592730000;5650263,062418343500000;6,985644815000057;50,986572001000070;0
232920;5;3;14;0;2019;1;14;3;3;0;3;0;1;1;0;0;0;0;367689,639554859140000;5618161,288510594500000;7,126402543000040;50,700200951000056;1
232924;5;3;14;0;2019;1;2;3;3;5;3;2;1;1;0;0;0;0;364417,232987398280000;5620811,943409215700000;7,079116916000032;50,723270994000075;0
232927;5;1;19;0;2019;1;19;3;3;0;1;2;1;0;0;0;0;0;350027,153172088790000;5708289,513757627500000;6,839014824000060;51,505811529000027;1
232939;5;9;58;32;2019;1;3;3;2;0;7;2;1;0;0;0;0;0;441778,473336936910000;5689985,937769090800000;8,163813716000050;51,358153106000032;1
232963;5;3;14;0;2019;1;16;7;2;5;3;1;1;1;0;0;0;0;371838,558000001130000;5614386,721000000800000;7,186430565000023;50,667202545000066;1
232975;5;3;14;0;2019;1;20;7;3;1;5;2;1;1;0;0;0;0;365515,547719463710000;5623515,345821457000000;7,093681776000040;50,747824233000074;1
233044;5;1;14;0;2019;1;5;2;3;5;3;2;1;0;0;0;0;1;332944,739822334610000;5688487,747191933900000;6,602421483000057;51,323122601000080;1
233045;5;9;11;0;2019;1;14;4;3;0;7;0;1;0;0;0;0;0;376396,542473972780000;5705867,104113211900000;7,219606225000064;51,490423737000071;0
233052;5;1;11;0;2019;1;5;2;3;5;3;2;1;0;0;0;0;1;347524,663177630860000;5675901,920526353600000;6,816868977000070;51,214127421000057;1
233054;5;3;82;60;2019;1;13;3;3;6;4;0;1;0;1;0;0;0;372147,048609116110000;5628942,012573812200000;7,185745334000046;50,798099362000073;0
233061;5;5;66;76;2019;1;6;4;3;5;3;2;1;1;0;0;0;0;392798,126250936650000;5793197,844341414000000;7,428615429000047;52,278683418000071;1
233073;5;3;15;0;2019;1;8;2;3;5;2;0;1;0;0;0;0;1;353690,870880174450000;5643955,532469980400000;6,918018700000062;50,928657312000041;1
233074;5;7;11;0;2019;1;7;4;2;5;3;1;1;1;0;0;0;0;472253,576775980180000;5753700,213568173300000;8,596429417000024;51,933332272000030;1
233076;5;3;15;0;2019;1;18;3;3;5;3;2;1;0;0;0;0;0;354096,479442780840000;5642725,206095518500000;6,924278714000025;50,917703459000052;1
233083;5;3;74;48;2019;1;7;5;3;5;3;1;1;1;0;0;0;0;399849,853415835650000;5644824,940251689400000;7,574355335000064;50,946336021000036;0
233084;5;5;54;4;2019;1;20;1;3;5;3;2;1;1;0;0;0;0;363787,962000001220000;5770647,328999998000000;7,012681573000066;52,069639265000035;1
233086;5;9;66;4;2019;1;14;4;2;0;7;0;1;0;0;0;0;0;424946,218418853360000;5666009,228521183100000;7,927135250000049;51,140615229000048;1
233087;5;9;15;0;2019;1;17;2;3;5;3;2;1;1;0;0;0;0;417707,331000001170000;5726911,069000002000000;7,809543162000068;51,687124410000081;1
233088;5;3;14;0;2019;1;14;3;3;1;3;0;1;1;0;0;0;0;363547,955576798880000;5621907,058987129500000;7,066403540000067;50,732910182000069;1
233089;5;7;70;4;2019;1;16;5;3;4;2;0;1;1;0;0;0;0;487093,496288515630000;5782632,410089742400000;8,811179674000073;52,193998249000060;0
233094;5;5;62;20;2019;1;14;3;3;0;1;0;1;0;0;0;0;0;371714,197000001560000;5719074,550000000700000;7,147382193000055;51,608075594000070;1
233104;5;1;12;0;2019;1;10;2;3;5;3;0;1;0;0;0;0;1;340154,813392651270000;5703231,093730628500000;6,699171503000059;51,457658315000060;1
233105;5;5;66;76;2019;1;13;3;3;5;2;0;1;1;0;0;0;0;394541,569190703330000;5793553,093053042900000;7,454049840000039;52,282213361000061;1
233106;5;3;34;2;2019;1;15;3;3;5;3;0;1;1;0;0;0;0;297607,187403591350000;5626346,781742431200000;6,130596118000028;50,753560794000066;1
233108;5;1;11;0;2019;1;8;3;3;0;2;1;1;1;0;0;0;0;346164,302528799510000;5682831,172502806400000;6,794429437000076;51,276025104000041;1
233109;5;5;66;12;2019;1;7;4;3;5;2;2;1;1;0;0;0;0;405138,340498077680000;5771514,767019385500000;7,615505690000020;52,086063204000027;1
233113;5;3;15;0;2019;1;7;3;3;0;3;2;1;1;0;0;0;0;352345,358919178140000;5644681,122113516600000;6,898591812000063;50,934835026000030;1
233115;5;5;54;8;2019;1;8;3;3;5;3;1;1;1;0;0;0;0;336596,330777900290000;5744421,477893006100000;6,628762231000053;51,826691296000035;1
233117;5;1;14;0;2019;1;11;5;3;1;5;0;1;1;0;0;0;0;332972,658945119010000;5691589,510926699300000;6,601367122000056;51,350997347000032;0
233119;5;5;54;8;2019;1;10;4;2;5;3;0;1;1;0;0;0;0;336993,894000002180000;5745639,133000001300000;6,633952684000064;51,837746282000069;1
233122;5;9;66;4;2019;1;22;2;2;5;3;2;1;1;0;0;0;0;422927,586995451710000;5664905,092601100000000;7,898521573000039;51,130420137000044;1
233130;5;1;66;12;2019;1;17;2;3;5;3;2;1;1;0;0;0;0;321271,897892763840000;5694607,329836081700000;6,431994377000024;51,374547010000072;1
233132;5;3;70;40;2019;1;7;5;3;1;5;1;1;1;0;0;0;0;309785,292169691990000;5668809,232627920800000;6,280860723000046;51,139099273000056;0
233134;5;1;70;20;2019;1;12;3;3;5;3;0;1;1;0;0;0;0;329653,099543553780000;5708827,454501999500000;6,545454118000066;51,504870977000053;1
233136;5;5;15;0;2019;1;8;2;2;5;3;0;1;1;0;0;0;0;405274,115000002090000;5758607,161000000300000;7,621060354000065;51,970068991000062;1
233138;5;1;13;0;2019;1;19;2;3;4;6;2;1;1;0;0;0;0;359201,892000000920000;5702499,015999998900000;6,973431747000063;51,456137761000036;1
233139;5;5;66;76;2019;1;17;3;3;5;7;2;1;1;0;0;0;0;394491,901260367590000;5795228,240069726500000;7,452797505000035;52,297258768000063;1
233140;5;3;58;28;2019;1;9;3;3;0;3;0;1;1;0;0;0;0;324952,185876154340000;5625866,516058463600000;6,518086994000043;50,758137040000065;1
233144;5;3;16;0;2019;1;14;5;3;8;1;0;1;1;0;0;0;0;358781,622207591310000;5655477,838184153700000;6,985934659000066;51,033476805000078;0
233152;5;3;82;56;2019;1;10;3;3;3;6;0;1;0;0;0;0;0;373076,706140371040000;5625613,743736615400000;7,200079610000046;50,768387942000061;1
233156;5;5;54;4;2019;1;15;4;3;0;7;0;1;1;0;0;0;0;363154,181002870200000;5771579,332542127000000;7,003067101000056;52,077857447000042;0
233162;5;5;15;0;2019;1;10;3;3;4;2;0;1;1;0;0;0;0;407083,917903453110000;5751638,922500852500000;7,649280561000069;51,907740144000059;1
233171;5;3;15;0;2019;1;10;2;3;5;3;0;1;1;0;0;0;0;350293,402118245140000;5644451,362868838000000;6,869504355000061;50,932241331000057;1
233172;5;7;74;20;2019;1;8;4;3;5;3;1;1;1;0;0;0;0;470396,095532902520000;5735205,343351695700000;8,570997162000026;51,766950373000043;1
233174;5;3;15;0;2019;1;12;3;3;1;3;0;1;1;0;0;0;0;357172,930000000630000;5642013,539999999100000;6,968295231000070;50,912077379000038;1
233175;5;1;11;0;2019;1;13;5;2;4;3;0;1;0;0;0;0;0;343678,155482935720000;5680632,374093391000000;6,759775294000065;51,255591808000077;0
233178;5;3;34;2;2019;1;7;4;3;5;3;1;1;1;0;0;0;0;295456,078396928500000;5628246,857844864900000;6,099084641000047;50,769872096000029;1
233181;5;3;78;4;2019;1;9;5;3;0;3;0;1;1;0;0;0;0;365548,457122302610000;5652591,174410264900000;7,083454732000064;51,009156118000078;0
233184;5;9;74;52;2019;1;7;5;3;5;7;2;1;0;0;0;0;0;424548,887304645030000;5712061,871846044400000;7,911692219000031;51,554592560000060;1
233186;5;5;15;0;2019;1;22;2;3;1;1;2;1;1;0;0;0;0;402293,086000001060000;5758654,588999999700000;7,577665778000039;51,969979242000079;1
233187;5;3;14;0;2019;1;8;3;3;4;2;0;1;1;0;0;0;0;368590,359335058370000;5617720,488238459500000;7,139306929000043;50,696443182000053;1
233188;5;7;74;32;2019;1;14;5;2;5;2;0;1;0;0;0;0;1;480183,030098422430000;5731003,245467191600000;8,713060907000056;51,729600337000079;0
233189;5;5;54;64;2019;1;10;7;3;5;7;0;1;1;0;0;0;0;356787,718311788510000;5750444,822403516600000;6,919051087000071;51,886353342000064;1
233190;5;5;70;24;2019;1;17;2;2;3;2;2;1;0;0;0;0;1;421612,553953080440000;5753533,274636719400000;7,860002510000072;51,927003095000032;1
233197;5;9;16;0;2019;1;8;5;3;0;1;0;1;0;0;0;0;0;376298,339881099760000;5709445,763221774300000;7,216937142000063;51,522564969000030;0
233200;5;1;11;0;2019;1;19;2;3;5;3;2;1;1;0;0;0;0;342003,307244420050000;5679111,937788935400000;6,736464392000073;51,241468940000061;1
233202;5;1;58;16;2019;1;9;4;3;5;3;0;1;1;0;0;0;0;355552,587527776140000;5669121,152033800300000;6,934456237000063;51,155280228000038;1
233203;5;1;12;0;2019;1;12;2;3;5;3;0;1;1;0;0;0;0;346888,932751527990000;5699639,792373552900000;6,797577803000024;51,427251266000042;1
233204;5;5;66;60;2019;1;15;3;3;1;5;0;1;1;0;0;0;0;388694,816192009490000;5789021,344891928100000;7,369871436000040;52,240334066000059;1
233207;5;5;54;64;2019;1;8;7;3;6;6;2;1;0;1;0;0;0;361453,860021851960000;5751289,390147300400000;6,986467328000060;51,895121368000048;1
233208;5;1;11;0;2019;1;9;3;3;5;7;0;1;1;0;0;0;0;344927,016769276000000;5678862,119071086900000;6,778424929000039;51,240026456000066;1
233209;5;5;66;12;2019;1;9;4;3;5;3;0;1;1;0;0;0;0;405231,316744089130000;5773769,276841176700000;7,616235278000033;52,106343088000074;1
233213;5;3;15;0;2019;1;14;3;3;0;7;0;1;0;0;0;0;0;354302,888514207680000;5645958,209523696500000;6,925920807000068;50,946809677000033;1
233215;5;5;54;12;2019;1;10;7;3;5;3;0;1;1;0;0;0;0;355030,943000000900000;5743213,194000002000000;6,896575651000035;51,820922331000077;1
233217;5;3;78;4;2019;1;6;3;3;0;1;2;1;0;0;0;0;0;365909,295692596580000;5650300,584873793600000;7,089441191000049;50,988653689000046;1
233221;5;5;54;8;2019;1;15;4;3;0;2;0;1;0;0;0;1;0;335721,597345770340000;5745220,913138574000000;6,615700931000049;51,833616468000059;0
233222;5;3;15;0;2019;1;11;2;3;5;2;0;1;0;0;0;1;0;355289,789000001740000;5641931,039000002700000;6,941558763000046;50,910866897000062;0
233227;5;5;15;0;2019;1;12;7;2;5;3;0;1;1;0;0;0;0;405084,212484551590000;5758530,615055412100000;7,618317944000069;51,969348569000033;1
233230;5;1;16;0;2019;1;11;2;2;0;7;0;1;1;0;0;0;0;322050,907365565190000;5671375,155159205200000;6,454738749000057;51,166093293000074;1
233232;5;3;58;8;2019;1;8;4;3;5;3;0;1;1;0;0;0;0;322543,022812066600000;5630605,355004748300000;6,481676669000024;50,799979907000079;0
233233;5;1;54;36;2019;1;7;2;3;1;3;1;1;1;0;0;0;0;302969,823978107420000;5741694,681975692500000;6,142939175000038;51,791361214000062;1
233238;5;7;62;32;2019;1;14;5;3;3;2;0;1;1;0;0;0;0;506372,109027224590000;5746487,175526078800000;9,092549876000021;51,869134369000051;0
233240;5;5;54;8;2019;1;17;2;3;0;3;2;1;1;0;0;0;0;336596,443421802480000;5744419,200796660000000;6,628764939000064;51,826670873000069;1
233241;5;3;15;0;2019;1;9;4;3;1;5;0;1;1;0;0;0;0;356758,640456567520000;5643670,097400054300000;6,961755411000070;50,926862080000035;1
233242;5;1;13;0;2019;1;18;2;3;5;3;2;1;1;0;0;0;0;358142,834349920970000;5704362,913082465500000;6,957450726000047;51,472622488000070;1
233243;5;5;70;4;2019;1;10;3;3;5;3;0;1;1;0;0;0;0;423767,019199213010000;5735369,897178636900000;7,895333206000032;51,764022330000046;1
233249;5;3;62;12;2019;1;10;5;3;5;2;0;1;1;0;0;0;0;351237,524736684750000;5633203,777889683800000;6,887507993000043;50,831408608000061;0
233251;5;1;13;0;2019;1;7;3;3;1;5;2;1;1;0;0;0;0;357015,532000000590000;5703112,573000002700000;6,941736108000043;51,461103214000048;1
233252;5;9;66;24;2019;1;16;5;3;3;3;0;1;1;0;0;0;0;419972,167022326030000;5654615,357888255300000;7,858572326000058;51,037504066000054;0
233253;5;5;15;0;2019;1;19;2;3;0;1;2;1;0;0;0;0;0;404264,649033008140000;5760049,295192912200000;7,605967754000062;51,982858413000031;1
233258;5;1;54;36;2019;1;7;5;3;5;3;1;1;1;0;0;0;0;302834,852119779210000;5741675,080888908400000;6,140995765000071;51,791137648000074;0
233261;5;5;54;20;2019;1;6;4;3;5;3;2;1;1;0;0;0;0;365648,889603866260000;5786696,207829892600000;7,033471261000045;52,214300307000030;1
233266;5;7;74;32;2019;1;7;2;2;0;1;2;1;0;0;0;0;0;481374,713999999690000;5732965,403999997300000;8,730210595000074;51,747283478000043;1
233267;5;5;15;0;2019;1;18;3;3;0;5;2;1;1;0;0;0;0;406460,153778804470000;5756940,813972419100000;7,638774253000065;51,955291943000077;1
233269;5;1;24;0;2019;1;7;5;3;5;3;2;1;1;0;0;0;0;371660,811842016880000;5682049,578396240200000;7,160035885000070;51,275314708000053;0
233270;5;5;62;32;2019;1;1;7;2;6;4;2;1;1;1;0;0;0;374840,656212411820000;5718539,486866390300000;7,192698928000027;51,603970579000077;1
233271;5;9;74;40;2019;1;13;3;3;3;7;0;1;1;0;0;0;0;438340,451272432690000;5714316,036240456600000;8,110197698000036;51,576534897000045;1
233273;5;1;70;32;2019;1;16;2;3;5;3;1;1;1;0;0;0;0;333050,186000000690000;5712649,588999999700000;6,592545224000048;51,540221763000034;1
233276;5;3;15;0;2019;1;9;3;3;5;3;0;1;1;0;0;0;0;356543,023147075440000;5643300,532721046400000;6,958834778000039;50,923487259000069;0
233277;5;1;11;0;2019;1;7;5;3;5;3;1;1;1;0;0;0;0;345865,757157000710000;5676141,521431274700000;6,793032698000047;51,215835002000063;0
233280;5;3;15;0;2019;1;17;3;3;5;3;2;1;1;0;0;0;0;359577,314844528210000;5636697,752594532400000;7,004517988000032;50,864893270000039;1
233281;5;1;12;0;2019;1;14;5;3;5;3;0;1;1;0;0;0;0;345239,344999999740000;5706804,085000000900000;6,770733288000031;51,491174300000068;0
233283;5;9;15;0;2019;1;17;3;3;5;3;2;1;1;0;0;0;0;422254,057999999260000;5725734,701000001300000;7,875564682000061;51,677197232000026;1
233292;5;5;15;0;2019;1;11;2;3;4;6;0;1;0;0;0;0;0;401522,030734334140000;5758989,392233850400000;7,566349145000061;51,972852436000039;0
233300;5;1;12;0;2019;1;12;3;3;1;7;0;1;1;0;0;0;0;344762,146598021500000;5696799,839261822400000;6,768253308000055;51,401155643000038;0
233305;5;1;11;0;2019;1;15;3;3;1;6;0;1;1;0;0;0;0;344764,613327399830000;5675251,778296306700000;6,777663718000042;51,207542010000054;0
233307;5;1;11;0;2019;1;11;3;3;5;3;0;1;1;0;0;0;0;352930,150480761190000;5667794,594429126000000;6,897525137000059;51,142691525000032;1
233313;5;7;62;8;2019;1;12;3;3;0;7;0;1;0;0;0;0;0;526219,496865603140000;5724139,143680673100000;9,379126230000054;51,667620751000072;0
233314;5;7;54;28;2019;1;16;3;3;5;3;0;1;1;0;0;0;0;451299,190786712800000;5745068,768161812800000;8,292887573000030;51,854292594000071;0
233315;5;7;54;28;2019;1;7;3;3;6;6;0;1;0;1;0;0;0;452588,945156085300000;5742326,190846815700000;8,311988691000067;51,829746371000056;1
233317;5;7;54;8;2019;1;12;3;3;4;6;0;1;1;0;0;0;0;457753,330570422110000;5748296,040370194200000;8,386197489000040;51,883833751000054;0
233319;5;7;11;0;2019;1;17;3;3;5;3;2;1;0;0;0;0;1;467777,808000001130000;5766059,892000000900000;8,530170301000055;52,044212960000038;1
233323;5;9;13;0;2019;1;13;3;3;6;4;0;1;0;1;0;0;0;391898,822697448540000;5703876,135644801000000;7,443416771000045;51,475704602000064;1
233324;5;5;70;28;2019;1;15;2;3;5;3;0;1;1;0;0;0;0;441877,430816355160000;5743542,644941527400000;8,156359401000032;51,839670713000032;1
233326;5;5;66;32;2019;1;10;2;2;5;3;0;1;1;0;0;0;0;413411,589771527800000;5777130,029480967700000;7,734791289000043;52,137892623000027;1
233327;5;5;66;84;2019;1;7;2;2;5;3;2;1;1;0;0;0;0;389649,187000000850000;5775518,407000001500000;7,388236463000055;52,119173790000048;1
233328;5;5;54;20;2019;1;7;2;3;0;6;2;1;1;0;0;0;0;365607,362593400290000;5783128,636210650200000;7,034279038000022;52,182234283000071;1
233329;5;5;54;8;2019;1;8;2;3;5;3;2;1;1;0;0;0;0;337135,045032063500000;5746367,588637484200000;6,635656657000027;51,844331571000055;1
233330;5;5;15;0;2019;1;16;2;3;3;6;0;1;0;0;0;0;0;404820,641496817580000;5757253,864697938800000;7,614836221000076;51,957827575000067;1
233333;5;3;70;4;2019;1;8;2;3;6;4;2;1;0;1;0;0;0;311579,081965473480000;5662390,085540976400000;6,309824728000024;51,082033008000053;1
233335;5;3;34;2;2019;1;20;2;3;1;6;2;1;1;0;0;0;0;295756,483904950320000;5629049,473264368300000;6,102893645000052;50,777186491000066;1
233338;5;3;34;2;2019;1;7;2;3;0;1;2;1;1;0;0;0;0;295121,307000000960000;5626668,122000001400000;6,095222052000054;50,755574883000065;1
233343;5;3;16;0;2019;1;15;2;3;5;2;0;1;0;0;0;0;0;358058,749121778640000;5655308,682326285200000;6,975698122000040;51,031778548000034;1
233359;5;3;14;0;2019;1;14;2;3;5;3;0;1;1;0;0;0;0;366720,513241255660000;5618645,943477589600000;7,112512098000025;50,704335759000060;1
233360;5;1;58;16;2019;1;15;2;3;5;3;0;1;1;0;0;0;0;354783,548195769080000;5671402,823650507300000;6,922545718000038;51,175589440000067;1
233367;5;1;54;8;2019;1;11;2;2;3;2;0;1;0;0;0;0;0;310547,349000000390000;5746983,963000001400000;6,249786409000024;51,841480915000034;1
233378;5;1;12;0;2019;1;11;2;3;1;7;0;1;1;0;0;0;0;345660,964000000620000;5696424,017000000900000;6,781327999000041;51,398024088000057;1
233384;5;7;74;32;2019;1;10;2;3;0;3;0;1;1;0;0;0;0;481138,870938849640000;5731750,552780654300000;8,726860295000051;51,736352552000028;1