OBJECTID;ULAND;UREGBEZ;UKREIS;UGEMEINDE;UJAHR;UMONAT;USTUNDE;UWOCHENTAG;UKATEGORIE;UART;UTYP1;ULICHTVERH;IstRad;IstPKW;IstFuss;IstKrad;IstGkfz;IstSonstige;LINREFX;LINREFY;XGCSWGS84;YGCSWGS84;STRZUSTAND
233389;5;9;74;28;2019;1;14;2;3;5;2;0;1;1;0;0;0;0;455769,403786933980000;5724768,421874381600000;8,360372803000075;51,672149263000051;0
233390;5;9;70;24;2019;1;11;2;3;6;1;0;1;0;1;0;0;0;429134,205243698320000;5645703,341854933600000;7,990965815000038;50,958578328000044;1
233398;5;3;34;2;2019;1;0;1;3;1;5;2;1;1;0;0;0;0;294051,523605364370000;5628598,596554571800000;6,078995373000055;50,772534260000043;1
233401;5;3;62;40;2019;1;18;1;3;5;3;2;1;1;0;0;0;0;357934,247121097520000;5631239,125648155800000;6,983301010000048;50,815434276000076;1
233402;5;3;15;0;2019;1;11;1;3;5;3;0;1;1;0;0;0;0;352345,114713028070000;5644743,435736365600000;6,898563091000028;50,935394948000067;1
233419;5;5;15;0;2019;1;13;7;3;5;3;0;1;1;0;0;0;0;405996,162667050030000;5753970,597520377500000;7,632836160000068;51,928515959000038;1
233420;5;5;13;0;2019;1;12;7;2;5;3;0;1;1;0;0;0;0;362894,712903007860000;5710049,994459370200000;7,023616792000041;51,524900215000059;1
233428;5;3;16;0;2019;1;10;7;3;5;3;0;1;1;0;0;0;0;356442,455349441620000;5658251,369122009700000;6,951496430000020;51,057822098000031;0
233430;5;3;15;0;2019;1;20;7;3;0;1;2;1;0;0;0;0;0;352494,504000001590000;5644627,224000001300000;6,900734724000074;50,934388833000071;1
233443;5;1;16;0;2019;1;8;7;3;2;6;0;1;1;0;0;0;0;320611,243379582650000;5674620,059908554000000;6,432549094000024;51,194793254000047;1
233448;5;1;11;0;2019;1;22;7;3;3;5;2;1;1;0;0;0;1;345460,585502373990000;5676515,103543182800000;6,787074890000042;51,219082294000032;1
233452;5;7;74;32;2019;1;17;7;2;5;2;0;1;1;0;0;0;0;483719,175362118520000;5730687,190648360200000;8,764276656000050;51,726872450000030;1
233457;5;9;15;0;2019;1;21;7;3;1;6;2;1;1;0;0;0;0;416463,516102530990000;5727148,460830463100000;7,791497419000052;51,689074740000081;1
233461;5;9;16;0;2019;1;10;7;2;5;7;0;1;1;0;0;0;0;376584,577048978770000;5711414,865689443400000;7,220370780000053;51,540324582000039;1
233463;5;5;70;16;2019;1;15;6;3;0;7;0;1;1;0;0;0;0;409639,254886377600000;5744724,128019155900000;7,688227047000055;51,846004917000073;1
233464;5;5;58;24;2019;1;8;6;3;5;3;0;1;1;0;0;0;0;393570,569943701850000;5736783,916248256300000;7,457479993000050;51,771806479000077;1
233465;5;5;58;20;2019;1;13;6;3;5;3;0;1;1;0;0;0;0;391295,468748954120000;5759030,998470863300000;7,417515283000057;51,971320256000070;1
233466;5;5;58;16;2019;1;20;6;3;0;7;2;1;0;0;0;0;0;384879,294102428480000;5742001,274910869100000;7,329837948000034;51,816977370000075;1
233467;5;5;58;16;2019;1;14;6;3;5;3;0;1;1;0;0;0;0;380810,191765150990000;5744144,404533365700000;7,270094413000038;51,835384969000074;1
233469;5;5;15;0;2019;1;10;6;2;0;1;0;1;0;0;0;0;0;406135,339181312360000;5757459,630366589900000;7,633907129000022;51,959900576000052;1
233471;5;5;62;24;2019;1;15;6;3;5;3;0;1;1;0;0;0;0;370422,424490737730000;5727337,178092667800000;7,125677627000073;51,682033540000077;1
233475;5;3;70;36;2019;1;17;6;3;5;3;2;1;1;0;0;0;0;301122,962000000290000;5663916,421000000100000;6,159888803000058;51,092212919000076;1
233482;5;3;16;0;2019;1;7;6;3;5;3;2;1;1;0;0;0;0;359841,171279735860000;5656781,249020693800000;7,000531824000063;51,045449887000075;1
233483;5;3;16;0;2019;1;22;6;1;0;3;2;1;1;0;0;0;0;359840,820315052760000;5656780,556954924000000;7,000527089000059;51,045443582000075;1
233496;5;1;58;28;2019;1;19;6;3;5;3;2;1;1;0;0;0;0;347945,004651642400000;5684880,536677541200000;6,819067320000045;51,294917735000070;1
233498;5;1;66;8;2019;1;12;6;3;5;3;0;1;1;0;0;0;0;314597,702032903210000;5690478,684538617700000;6,338358593000066;51,335322718000043;0
233501;5;1;62;16;2019;1;12;6;3;1;5;0;1;1;0;0;0;0;333450,641809096560000;5677734,092103239100000;6,614686375000076;51,226657317000047;1
233509;5;1;13;0;2019;1;9;6;3;3;5;0;1;1;0;0;0;0;361672,817883321080000;5704962,196727521700000;7,008009571000059;51,478881876000059;1
233511;5;1;13;0;2019;1;16;6;3;0;3;1;1;1;0;0;0;0;359994,919999999930000;5701772,172000002100000;6,985126195000021;51,449802841000064;1
233517;5;1;11;0;2019;1;15;6;3;3;2;0;1;1;0;0;0;0;353451,361526735130000;5674422,163070146000000;6,902269234000073;51,202381900000034;1
233519;5;1;11;0;2019;1;8;6;3;5;3;2;1;1;0;0;0;0;347825,846659347410000;5677891,774747058700000;6,820333240000025;51,232087884000066;1
233520;5;1;11;0;2019;1;7;6;3;5;3;2;1;1;0;0;0;0;343104,408030386080000;5680304,283741263700000;6,751703638000038;51,252486278000049;1
233521;5;1;11;0;2019;1;20;6;3;0;1;2;1;0;0;0;0;0;344711,084740866910000;5676619,788054948700000;6,776305732000026;51,219819565000080;1
233522;5;7;74;32;2019;1;16;6;3;5;3;0;1;1;0;0;0;0;483146,211824206640000;5732562,788602940700000;8,755890192000038;51,743719551000027;1
233524;5;7;54;44;2019;1;16;6;2;5;3;0;1;1;0;0;0;0;462582,927264683880000;5748273,329036254400000;8,456365606000077;51,883974630000068;1
233525;5;7;54;8;2019;1;14;6;2;0;1;0;1;0;0;0;0;0;459603,202590958220000;5749187,253294199700000;8,412968371000034;51,891983457000038;1
233527;5;9;74;28;2019;1;7;6;3;5;3;1;1;1;0;0;0;0;454576,653955756690000;5722816,149895517200000;8,343379198000037;51,654501425000035;1
233530;5;9;78;24;2019;1;18;6;3;0;3;2;1;1;0;0;0;0;397481,838000001390000;5719236,628000000500000;7,519303216000026;51,614814196000054;1
233536;5;5;70;20;2019;1;9;5;3;5;3;1;1;1;0;0;0;0;433060,049407006240000;5743460,297806605700000;8,028410890000032;51,837943006000046;0
233537;5;5;70;52;2019;1;7;5;3;4;2;2;1;1;0;0;0;0;430801,428325593470000;5756872,033735737200000;7,992941623000036;51,958235558000069;0
233539;5;5;66;76;2019;1;17;5;3;5;3;2;1;0;0;0;0;0;393672,425235680300000;5793428,385162953300000;7,441353194000044;52,280925140000079;0
233541;5;5;54;12;2019;1;17;5;3;5;2;2;1;1;0;0;0;0;352030,975777463990000;5745880,403125509600000;6,851940014000036;51,844100653000055;1
233543;5;5;54;8;2019;1;15;5;3;4;6;0;1;0;0;0;0;0;335435,022854068320000;5745848,532910423400000;6,611247062000075;51,839170270000068;0
233545;5;5;62;28;2019;1;7;5;3;1;7;1;1;0;0;0;0;1;379515,552389209160000;5722446,069206368200000;7,258826605000024;51,640100159000042;0
233546;5;5;62;32;2019;1;14;5;3;5;3;0;1;1;0;0;0;0;375731,786548022180000;5715600,196099737700000;7,206600840000021;51,577752004000047;0
233550;5;9;14;0;2019;1;22;2;2;0;3;2;1;1;0;0;0;0;393821,673000000420000;5695281,093000002200000;7,473671449000051;51,398811158000058;0
233551;5;9;13;0;2019;1;8;2;3;0;1;0;1;1;0;0;0;0;389359,922239264470000;5706541,742527619000000;7,406037971000046;51,499172936000036;2
233553;5;9;13;0;2019;1;14;2;2;5;3;0;1;1;0;0;0;0;398355,797857457770000;5703985,963394975300000;7,536327549000021;51,477888874000030;0
233559;5;5;62;24;2019;1;19;1;3;5;2;2;1;1;0;0;0;0;368860,687382990490000;5725922,331124667100000;7,103631848000021;51,668956464000075;0
233564;5;3;82;32;2019;1;12;1;3;5;3;0;1;1;0;0;0;0;360922,382498035210000;5610182,599746307400000;7,033631064000076;50,626911732000053;0
233570;5;1;12;0;2019;1;22;1;3;5;2;2;1;1;0;0;0;0;345537,928321099840000;5699721,101525826400000;6,778124501000036;51,427615237000055;0
233571;5;1;11;0;2019;1;1;1;2;0;1;2;1;0;0;0;0;0;343575,141346690240000;5678180,589124005300000;6,759371410000028;51,233533689000069;0
233573;5;7;54;8;2019;1;13;1;3;4;2;0;1;1;0;0;0;0;456325,822904941630000;5749232,176118321700000;8,365340024000034;51,892140150000046;0
233579;5;5;58;24;2019;1;11;7;3;5;3;0;1;1;0;0;0;0;392634,558995632450000;5736503,083770744500000;7,444006239000032;51,769103612000038;0
233582;5;5;54;56;2019;1;12;7;2;1;5;0;1;1;0;0;0;0;356750,858282091100000;5763347,446385340800000;6,913140443000032;52,002275117000067;0
233583;5;5;15;0;2019;1;8;7;3;5;2;0;1;1;0;0;0;0;407301,527911942450000;5761227,191263657100000;7,649856800000066;51,993960938000043;1
233584;5;5;62;12;2019;1;10;7;3;0;7;0;1;0;1;0;0;0;364318,689436533490000;5732741,284026477500000;7,035339363000048;51,729154058000063;1
233590;5;3;15;0;2019;1;8;7;3;5;2;0;1;1;0;0;0;0;354098,099994017740000;5651350,347707757700000;6,920844314000021;50,995215006000080;2
233591;5;3;82;24;2019;1;11;7;3;0;7;0;1;0;0;0;0;0;371905,330198648390000;5616044,340994644900000;7,186800825000034;50,682116755000038;0
233592;5;1;70;48;2019;1;14;7;3;5;3;0;1;1;0;0;0;0;334843,968812853100000;5725509,173374896900000;6,612333869000054;51,656277142000079;0
233600;5;1;11;0;2019;1;19;7;3;1;5;2;1;1;0;0;0;0;344921,799208504150000;5676800,442832231500000;6,779242531000023;51,221500093000031;0
233604;5;7;54;44;2019;1;13;7;3;5;3;0;1;1;0;0;0;0;464251,670358521860000;5747707,563000161200000;8,480668368000067;51,878997462000029;0
233606;5;9;54;32;2019;1;16;7;2;9;1;1;1;1;0;0;0;0;384638,144745319150000;5695753,250026941300000;7,341560465000043;51,401261726000030;0
233609;5;5;66;76;2019;1;6;6;3;0;1;2;1;0;0;0;0;0;393606,843854460870000;5793064,802438668900000;7,440506958000071;52,277644860000066;2
233610;5;5;66;84;2019;1;14;6;3;0;1;0;1;0;0;0;0;0;390342,754730683750000;5775737,311469096700000;7,398291750000055;52,121279141000059;2
233611;5;5;66;12;2019;1;13;6;3;5;7;0;1;1;0;0;0;0;405623,635681566780000;5771619,596265453800000;7,622557278000045;52,087088392000055;2
233612;5;5;58;24;2019;1;14;6;3;5;3;0;1;1;0;0;0;0;393970,083686748520000;5736953,585859721500000;7,463216232000036;51,773407299000041;1
233614;5;5;15;0;2019;1;14;6;2;0;1;0;1;0;0;0;0;0;408589,262027428490000;5753208,593973120700000;7,670740680000051;51,922098460000029;2
233615;5;5;15;0;2019;1;13;6;3;0;1;0;1;0;0;0;0;0;409368,028000000860000;5752509,860000001300000;7,682245866000073;51,915945065000074;2
233617;5;3;70;16;2019;1;18;6;3;5;2;2;1;1;0;0;0;0;296724,504703307520000;5661204,967177772900000;6,098685633000059;51,066319966000037;1
233619;5;3;82;56;2019;1;8;6;3;5;3;1;1;0;0;0;0;1;374849,673316293400000;5623639,541358515600000;7,225880672000073;50,751027921000059;0
233623;5;3;15;0;2019;1;9;6;3;0;1;0;1;0;0;0;0;0;362013,674244454130000;5648477,382182296400000;7,034661956000036;50,971347471000058;2
233625;5;3;15;0;2019;1;8;6;3;0;1;0;1;0;0;0;0;0;349355,422146619300000;5652141,402708243600000;6,852981192000073;51,001101670000025;2
233627;5;3;15;0;2019;1;8;6;2;0;1;0;1;0;0;0;0;0;352860,105363208800000;5649356,983959244600000;6,904022207000025;50,976986455000031;2
233628;5;3;15;0;2019;1;16;6;3;0;7;1;1;1;0;0;0;0;358674,082996255720000;5639091,865931859200000;6,990765656000065;50,886189467000065;0
233629;5;3;15;0;2019;1;9;6;3;0;1;0;1;0;0;0;0;0;353943,673640618100000;5641314,026312418300000;6,922671145000038;50,904982927000049;2
233631;5;3;15;0;2019;1;20;6;3;1;5;2;1;1;0;0;0;0;352743,760642237960000;5643007,989750346200000;6,904933558000039;50,919901129000039;1
233633;5;3;14;0;2019;1;7;6;3;5;3;2;1;1;0;0;0;0;365233,114000000990000;5623057,515000002500000;7,089848146000065;50,743643804000044;1
233635;5;1;58;4;2019;1;15;6;3;1;5;0;1;1;0;0;0;0;356865,644920364020000;5675008,308847993600000;6,950874347000024;51,208514931000082;0
233637;5;1;54;16;2019;1;14;6;3;5;3;0;1;1;0;0;0;0;303383,795999999160000;5729723,576000001300000;6,155696816000045;51,684003347000044;1
233639;5;1;54;44;2019;1;13;6;2;5;2;0;1;1;0;0;0;0;320228,263600996700000;5737769,989545378800000;6,394936689000076;51,761921852000057;1
233644;5;1;16;0;2019;1;7;6;3;0;6;2;1;0;0;0;0;1;319923,947539943270000;5674754,312145767700000;6,422655687000031;51,195783098000049;1
233645;5;1;16;0;2019;1;4;6;3;5;2;2;1;1;0;0;0;0;320190,338370126670000;5670495,049181578700000;6,428594912000051;51,157605358000069;2
233646;5;1;14;0;2019;1;7;6;3;1;5;2;1;1;0;0;0;0;331746,363083020780000;5690432,395145809300000;6,584320300000059;51,340240119000043;2
233652;5;1;13;0;2019;1;11;6;3;0;1;0;1;0;0;0;0;0;362056,436000001620000;5699220,066999999800000;7,015769443000067;51,427374497000073;2
233656;5;1;11;0;2019;1;8;6;3;0;7;0;1;1;0;0;0;0;344997,132905543780000;5674514,930824622500000;6,781308037000031;51,200984261000031;1
233657;5;7;74;32;2019;1;16;6;3;5;3;1;1;1;0;0;0;0;485948,043980593790000;5728864,434049025200000;8,796620824000058;51,710543734000055;1
233658;5;7;54;8;2019;1;8;6;3;0;3;0;1;1;0;0;0;0;457841,371492599140000;5753556,916899083200000;8,386832799000047;51,931138778000047;2
233660;5;7;54;8;2019;1;8;6;3;5;3;0;1;1;0;0;0;0;456282,609000001100000;5750649,696000000500000;8,364532317000055;51,904881060000037;2
233661;5;7;11;0;2019;1;6;6;3;5;7;2;1;0;0;0;1;0;472034,679298616010000;5762815,569145958900000;8,592502863000050;52,015275388000077;2
233663;5;9;78;28;2019;1;11;6;3;0;1;0;1;0;0;0;0;0;401856,245185943320000;5700573,539630023800000;7,587664422000046;51,447832614000049;2
233664;5;9;74;28;2019;1;5;6;3;5;3;2;1;1;0;0;0;0;453682,626348717140000;5724059,380215721200000;8,330291695000028;51,665606182000033;2
233671;5;9;13;0;2019;1;5;6;3;0;1;2;1;0;0;0;0;0;390426,475610216150000;5709890,556751003500000;7,420356197000046;51,529480803000069;1
233673;5;9;11;0;2019;1;11;6;2;0;1;0;1;0;0;0;0;0;374748,434119873680000;5700888,233005898100000;7,197643703000040;51,445314349000057;2
233679;5;5;15;0;2019;1;7;5;2;5;2;2;1;0;0;1;0;0;406128,618999999950000;5758081,206000000200000;7,633639462000076;51,965486447000046;0
233680;5;5;15;0;2019;1;11;5;3;7;7;0;1;0;0;0;0;0;401296,952535758730000;5758728,417631804900000;7,563148591000072;51,970466823000038;0
233682;5;9;78;40;2019;1;15;2;3;0;7;0;1;1;0;0;0;0;406572,699724317530000;5725041,915640622400000;7,649013616000048;51,668580284000029;2
233692;5;3;66;4;2019;1;15;5;3;1;1;0;1;0;0;0;1;0;341591,543784379030000;5604660,499914733700000;6,762882738000030;50,572357616000033;1
233696;5;3;14;0;2019;1;10;5;3;0;7;0;1;1;0;0;0;0;366616,999166704710000;5620424,322201753000000;7,110404269000071;50,720296182000027;0
233697;5;3;14;0;2019;1;17;5;3;3;5;1;1;0;0;0;0;1;366402,515649332660000;5622191,704155311000000;7,106727159000059;50,736132156000053;1
233700;5;1;58;16;2019;1;16;5;3;3;2;0;1;1;0;0;0;0;355227,893784396350000;5671860,761255856600000;6,928713564000020;51,179817297000056;1
233707;5;1;11;0;2019;1;9;5;2;5;2;0;1;1;0;0;0;0;349330,320398530920000;5672973,634291878000000;6,843931752000060;51,188293670000064;0
233713;5;1;11;0;2019;1;5;5;3;0;3;2;1;0;0;0;0;1;345805,932039023380000;5676677,743921324600000;6,791946188000054;51,220637066000052;0
233715;5;7;74;32;2019;1;14;5;3;0;5;0;1;1;0;0;0;0;485014,776498516090000;5729763,510435873600000;8,783074727000042;51,718603474000076;1
233716;5;7;70;24;2019;1;13;5;3;5;3;0;1;1;0;0;0;0;492381,808901842680000;5791592,469358367800000;8,888344787000051;52,274652832000072;1
233719;5;7;66;20;2019;1;18;5;3;4;2;2;1;1;0;0;0;0;490522,465629098010000;5754616,002597114100000;8,862122783000075;51,942177162000064;1
233722;5;7;11;0;2019;1;10;5;3;4;7;0;1;0;0;0;0;1;469622,314000000250000;5761991,686000000700000;8,557425217000059;52,007741299000031;1
233723;5;7;11;0;2019;1;7;5;3;5;3;2;1;1;0;0;0;0;467622,296739106070000;5764768,401844786500000;8,528025184000057;52,032592634000082;1
233730;5;9;14;0;2019;1;8;5;2;0;7;0;1;0;0;0;0;1;395163,413326928390000;5689479,190530052400000;7,494663578000029;51,346908498000062;0
233732;5;9;54;36;2019;1;7;5;3;5;3;2;1;1;0;0;0;0;384954,661888797770000;5700609,674132367600000;7,344531931000063;51,444976004000068;1
233736;5;5;58;12;2019;1;17;4;3;4;6;2;1;0;0;0;0;0;375164,718223872590000;5758219,566208723900000;7,183103505000076;51,960639599000046;0
233738;5;5;54;8;2019;1;14;4;3;5;2;0;1;1;0;0;0;0;335402,560309125110000;5745431,225199272900000;6,610974809000027;51,835411868000051;0
233742;5;3;70;16;2019;1;16;4;3;5;2;0;1;1;0;0;0;1;297091,961298169570000;5660387,124776236700000;6,104381726000042;51,059104982000065;0
233743;5;3;58;8;2019;1;9;4;3;1;5;0;1;1;0;0;0;0;323444,251437040980000;5631684,789400449000000;6,493934008000053;50,809953019000034;0
233746;5;3;82;56;2019;1;8;4;3;5;2;0;1;1;0;0;0;0;372783,807352541010000;5625511,412306206300000;7,195963544000051;50,767403988000069;0
233748;5;3;82;68;2019;1;7;4;3;3;6;2;1;1;0;0;0;0;368102,132582616060000;5629273,285156890700000;7,128260520000026;50,800170329000082;1
233749;5;3;82;60;2019;1;10;4;3;0;3;0;1;1;0;0;0;0;373199,798594604250000;5628532,801491789500000;7,200817405000066;50,794652528000029;0
233751;5;3;15;0;2019;1;18;4;3;0;1;2;1;0;0;0;0;0;354084,714674718680000;5644857,537604030200000;6,923258045000068;50,936863113000072;1
233752;5;3;15;0;2019;1;15;4;3;0;7;0;1;0;0;0;0;0;352428,303560404110000;5646659,085271174100000;6,898970059000021;50,952631297000039;0
233764;5;1;11;0;2019;1;18;4;3;3;2;2;1;1;0;0;0;0;344735,874126881360000;5675406,745465137100000;6,777185559000031;51,208926641000062;0
233767;5;1;11;0;2019;1;7;4;3;5;2;1;1;1;0;0;0;0;345580,397533624430000;5679166,648508921300000;6,787646439000071;51,242940001000079;0
233768;5;1;11;0;2019;1;14;4;3;5;7;0;1;1;0;0;0;0;341625,828098912720000;5678648,152933539800000;6,731266079000022;51,237197133000052;0
233770;5;7;58;24;2019;1;7;4;3;5;3;2;1;1;0;0;0;0;480027,833041839300000;5783354,534532876700000;8,707768644000055;52,200279859000034;0
233772;5;7;66;20;2019;1;8;4;3;5;3;0;1;1;0;0;0;0;491224,335276640020000;5754146,874463096300000;8,872345382000049;51,937970732000053;1
233775;5;9;15;0;2019;1;13;4;3;3;2;0;1;1;0;0;0;0;414195,126907188450000;5728160,395971622300000;7,758440456000074;51,697829231000071;0
233776;5;9;15;0;2019;1;7;4;3;3;6;1;1;0;0;0;0;1;417297,911403403620000;5725784,525636021000000;7,803888730000040;51,676937205000058;0
233780;5;5;70;8;2019;1;19;3;3;6;7;2;1;0;1;0;0;0;432833,959567765710000;5739093,475144131100000;8,025976764000063;51,798658400000079;1
233781;5;5;70;4;2019;1;13;3;3;2;6;0;1;0;0;0;0;0;423484,529764172620000;5736084,508499411900000;7,891083155000047;51,770407889000069;0
233782;5;5;66;68;2019;1;19;3;3;5;3;2;1;1;0;0;0;0;376349,085459681230000;5785952,531373832400000;7,190275871000040;52,210122752000075;1
233783;5;5;54;56;2019;1;8;3;2;0;7;0;1;0;0;0;0;0;357919,769000000320000;5762092,734000003000000;6,930677177000064;51,991301765000060;0
233784;5;5;54;4;2019;1;9;3;3;3;2;0;1;0;0;0;0;0;363782,400117076000000;5771513,408173354300000;7,012254773000052;52,077419992000046;0
233785;5;5;54;8;2019;1;18;3;3;4;2;2;1;1;0;0;0;0;335670,109838704580000;5744624,687023196400000;6,615237417000060;51,828245173000028;0
233789;5;3;70;24;2019;1;10;3;3;5;3;0;1;1;0;0;0;0;282622,314037035220000;5656224,821051942200000;5,900700930000028;51,016436377000048;1
233792;5;3;15;0;2019;1;9;3;3;5;2;0;1;0;0;0;0;1;359555,057000000030000;5644364,315999999600000;7,001253239000050;50,933788704000051;0
233793;5;3;15;0;2019;1;17;3;2;5;2;0;1;0;0;0;0;1;355270,275999999610000;5647194,726000001700000;6,939190977000067;50,958165629000064;0
233797;5;3;14;0;2019;1;14;3;3;2;2;0;1;1;0;0;0;0;368057,216000000950000;5623762,380999999100000;7,129600760000074;50,750627839000060;0
233802;5;1;62;8;2019;1;17;3;3;5;2;1;1;1;0;0;0;0;331394,378000001420000;5662424,292000001300000;6,592438036000033;51,088506007000035;0
233807;5;3;14;0;2019;1;15;6;3;5;3;0;1;1;0;0;0;0;369402,255304007790000;5616098,703587740700000;7,151369700000032;50,682048984000062;0
233810;5;3;14;0;2019;1;8;6;3;5;2;1;1;1;0;0;0;0;366542,252453895290000;5620446,300989078400000;7,109338019000063;50,720476567000048;0
233811;5;1;70;4;2019;1;5;6;3;1;3;2;1;1;0;0;0;0;328143,974513344470000;5717344,692665899200000;6,519571894000023;51,580926548000036;1
233814;5;1;62;8;2019;1;8;6;3;5;2;0;1;1;0;0;0;0;332488,932378605010000;5663140,313439499600000;6,607720744000062;51,095259793000082;1
233816;5;1;19;0;2019;1;12;6;3;0;1;0;1;0;0;0;0;0;349871,264098051000000;5704192,398895014100000;6,838512478000041;51,468956178000042;2
233817;5;1;16;0;2019;1;8;6;3;5;2;0;1;1;0;0;0;0;320283,703216845170000;5671161,567142458600000;6,429595722000045;51,163622149000048;1
233832;5;1;11;0;2019;1;9;6;3;4;6;0;1;1;0;0;0;0;344588,806062766350000;5680423,777605503800000;6,772905681000054;51,253966431000038;0
233833;5;1;11;0;2019;1;8;6;3;0;3;0;1;1;0;0;0;0;341856,496862391010000;5678058,963452376400000;6,734827767000070;51,231967184000041;1
233835;5;7;70;24;2019;1;7;6;3;1;5;2;1;1;0;0;0;0;493281,839322429150000;5791087,295884614800000;8,901546028000041;52,270122792000052;0
233837;5;7;54;12;2019;1;14;6;3;5;3;0;1;1;0;0;0;0;456348,765578640620000;5766791,479047924300000;8,363440393000076;52,050007973000049;0
233838;5;7;54;8;2019;1;19;6;2;0;1;2;1;0;0;0;0;0;455668,418272646140000;5750806,333107300100000;8,355585010000027;51,906240773000036;2
233840;5;7;11;0;2019;1;17;6;3;5;2;2;1;1;0;0;0;0;470255,987000000660000;5763559,352000000000000;8,566520767000043;52,021870000000035;2
233854;5;9;13;0;2019;1;18;6;2;0;1;2;1;1;0;0;0;0;396342,173819192690000;5712943,792797096100000;7,504707070000052;51,558042171000068;1
233859;5;5;58;24;2019;1;15;5;3;0;1;0;1;0;0;0;0;0;394125,763274279420000;5737070,093181030800000;7,465436234000038;51,774483945000043;2
233869;5;3;15;0;2019;1;7;5;3;0;1;1;1;0;0;0;0;0;349862,764586114320000;5642643,394044026700000;6,864124826000023;50,915882335000049;2
233870;5;3;15;0;2019;1;22;5;3;5;2;2;1;0;0;0;0;1;356697,477715100160000;5642297,191392591200000;6,961425122000037;50,914508688000069;0
233871;5;3;15;0;2019;1;18;5;2;1;5;2;1;1;0;0;0;0;354593,812057285570000;5643648,462070228500000;6,930981053000039;50,926126061000048;1
233872;5;3;15;0;2019;1;16;5;2;0;1;0;1;0;0;0;0;0;356410,765413813290000;5645335,748290812600000;6,956152431000021;50,941744597000081;2
233875;5;1;70;24;2019;1;16;5;2;0;7;0;1;0;0;0;0;0;335295,495993097310000;5702960,170701358500000;6,629415541000071;51,453831501000082;2
233889;5;3;78;4;2019;1;21;6;3;5;3;2;1;1;0;0;0;0;369242,707682577890000;5649257,317088166300000;7,137284706000060;50,980043938000051;1
233891;5;7;74;32;2019;1;12;5;2;0;6;0;1;0;1;0;0;0;481777,801277943890000;5732041,185127250900000;8,736097713000049;51,738986844000067;0
233895;5;7;74;32;2019;1;11;5;3;5;3;0;1;1;0;0;0;0;482374,232055612840000;5729470,062166417000000;8,744865577000041;51,715888214000074;0
233896;5;7;11;0;2019;1;15;5;3;5;3;0;1;1;0;0;0;0;473066,258999998680000;5756075,280000004900000;8,608063473000073;51,954726026000060;0
233900;5;9;74;40;2019;1;16;5;3;3;6;0;1;1;0;0;0;0;437901,787655464370000;5713604,311162339500000;8,103994044000046;51,570087964000038;0
233902;5;3;62;32;2019;1;9;6;3;0;5;0;1;1;0;0;0;0;337526,422666433270000;5637880,623832261200000;6,690891022000074;50,869746257000031;1
233903;5;9;14;0;2019;1;8;5;3;5;7;0;1;1;0;0;0;0;392941,495315855370000;5691294,659645035900000;7,462225158000024;51,362813001000063;0
233908;5;5;70;8;2019;1;11;4;3;5;3;0;1;1;0;0;0;0;432828,243999999950000;5739099,855000000400000;8,025892656000053;51,798715069000082;0
233909;5;5;70;4;2019;1;18;4;3;5;3;2;1;1;0;0;0;0;423899,120883497410000;5735423,965259468200000;7,897235221000074;51,764526354000054;0
233910;5;5;70;12;2019;1;16;4;1;0;1;0;1;0;0;0;0;0;439833,544005857780000;5753723,019282786200000;8,124920804000055;51,930976676000057;1
233912;5;5;15;0;2019;1;5;4;3;4;7;2;1;1;0;0;0;0;408658,765583181750000;5756297,997986208600000;7,670930697000074;51,949879399000054;2
233920;5;3;15;0;2019;1;14;4;3;6;6;0;1;1;1;0;0;0;361159,284877905620000;5645452,482100810900000;7,023654579000038;50,943956743000058;1
233921;5;3;15;0;2019;1;17;4;3;5;2;2;1;1;0;0;0;0;353032,292633082720000;5645936,938953476000000;6,907854593000025;50,946296003000043;0
233922;5;3;14;0;2019;1;16;4;3;5;7;0;1;1;0;0;0;0;368997,981603666210000;5617290,333716897300000;7,145227955000053;50,692668801000082;0
233924;5;1;70;48;2019;1;7;4;3;5;3;1;1;1;0;0;0;0;334952,955000001010000;5725124,983000000900000;6,614089347000061;51,652857705000031;2
233930;5;7;74;36;2019;1;10;4;3;5;2;0;1;1;0;0;0;0;472067,704663429410000;5722682,596580222200000;8,596224265000046;51,654442015000029;0
233933;5;7;70;4;2019;1;6;4;3;5;3;2;1;1;0;0;0;0;486942,959417227660000;5785806,336211687000000;8,808854939000071;52,222530170000027;0
233934;5;7;54;8;2019;1;14;4;3;5;2;0;1;1;0;0;0;0;456824,382387906310000;5750544,997207799900000;8,372420037000040;51,903982013000075;0
233936;5;9;78;4;2019;1;12;4;3;0;1;0;1;0;0;0;0;1;402843,075745016340000;5718735,001824742200000;7,596850344000075;51,611256046000051;2
233938;5;9;78;12;2019;1;14;4;3;5;3;0;1;1;0;0;0;0;414586,952000000510000;5703042,897000001700000;7,770220130000041;51,472094906000052;0
233946;5;5;70;52;2019;1;7;3;3;3;6;1;1;0;0;0;0;0;430223,815814656210000;5756862,809360994000000;7,984538827000051;51,958080449000079;2
233947;5;5;54;8;2019;1;18;3;3;5;7;2;1;1;0;0;0;0;335523,095198375170000;5745875,512213964000000;6,612511456000050;51,839438580000035;2
233948;5;5;54;8;2019;1;9;3;3;5;3;0;1;1;0;0;0;0;335811,349357444790000;5743066,283824475500000;6,618024000000048;51,814286853000056;0