OBJECTID;ULAND;UREGBEZ;UKREIS;UGEMEINDE;UJAHR;UMONAT;USTUNDE;UWOCHENTAG;UKATEGORIE;UART;UTYP1;ULICHTVERH;IstRad;IstPKW;IstFuss;IstKrad;IstGkfz;IstSonstige;LINREFX;LINREFY;XGCSWGS84;YGCSWGS84;STRZUSTAND
233959;5;3;16;0;2019;1;16;3;3;1;3;0;1;1;0;0;0;0;358648,000869745390000;5654911,139573464200000;6,984251225000037;51,028351102000045;0
233963;5;3;15;0;2019;1;14;3;2;0;7;0;1;1;0;0;0;0;353725,474878922100000;5646747,078015619900000;6,917389881000077;50,953752726000062;0
233966;5;3;15;0;2019;1;7;3;3;5;3;2;1;1;0;0;0;0;352223,517000000920000;5643506,359999999400000;6,897335243000043;50,924246765000078;2
233968;5;3;14;0;2019;1;13;3;3;5;3;0;1;1;0;0;0;0;369676,495999999340000;5616865,076000005000000;7,154979257000036;50,688998870000034;0
233969;5;1;66;32;2019;1;19;3;2;5;3;2;1;1;0;0;0;0;318476,239997442810000;5681031,396304331700000;6,398779635000039;51,251711436000051;2
233975;5;1;13;0;2019;1;17;3;2;4;2;0;1;1;0;0;0;0;361921,404000000100000;5701027,100000001500000;7,013123729000029;51,443580366000049;0
233977;5;7;11;0;2019;1;18;3;2;5;3;2;1;1;0;0;0;0;466897,826299324630000;5761842,748142221900000;8,517747802000031;52,006246450000049;0
233978;5;7;11;0;2019;1;18;3;3;3;2;2;1;1;0;0;0;0;468023,737943492830000;5763624,850390197700000;8,533983724000052;52,022334693000062;0
233980;5;9;74;40;2019;1;7;3;3;5;3;2;1;1;0;0;0;0;440152,743653834800000;5712035,808366421600000;8,136735793000071;51,556229615000063;0
233982;5;9;15;0;2019;1;16;3;3;5;3;1;1;1;0;0;0;0;414756,467000000180000;5728644,115000002100000;7,766442523000023;51,702263084000037;0
233994;5;5;54;8;2019;1;12;2;3;6;4;0;1;0;1;0;0;0;336476,823899331500000;5745719,848087567800000;6,626416160000076;51,838320237000062;0
233995;5;5;54;8;2019;1;8;2;3;5;3;0;1;1;0;0;0;0;334865,521263186820000;5746069,846432667200000;6,602882580000028;51,840990305000048;0
233998;5;5;62;14;2019;1;20;2;3;0;1;2;1;0;0;0;0;0;360884,435999999750000;5715668,004000002500000;6,992435797000042;51,574892784000042;1
233999;5;5;13;0;2019;1;9;2;3;1;5;0;1;1;0;0;0;0;367822,029064419680000;5708528,605541901700000;7,095172030000072;51,512402664000035;0
234006;5;3;78;4;2019;1;16;2;3;4;6;0;1;0;0;0;0;0;365774,329495629300000;5650289,391769545200000;7,087523439000051;50,988521634000051;0
234013;5;3;15;0;2019;1;12;2;3;3;5;0;1;1;0;0;0;0;359918,561506803150000;5646081,781894071000000;7,005762674000039;50,949312216000067;0
234015;5;3;16;0;2019;1;18;6;2;5;3;2;1;1;0;0;0;0;359864,741040286610000;5659538,399441322300000;6,999800128000061;51,070233952000081;1
234016;5;3;15;0;2019;1;16;2;3;0;3;0;1;1;0;0;0;0;348207,194000002000000;5647848,025000000400000;6,838421882000034;50,962219099000038;0
234021;5;1;70;28;2019;1;7;2;3;4;6;1;1;0;0;0;0;0;329010,467309032570000;5701640,253060827000000;6,539681148000057;51,440110979000053;2
234023;5;1;66;28;2019;1;16;2;3;4;2;0;1;1;0;0;0;0;326756,120993673800000;5689734,183079872300000;6,513084595000066;51,332469004000075;0
234029;5;1;14;0;2019;1;13;2;2;5;3;0;1;1;0;0;0;0;326452,523603424430000;5695157,345152655600000;6,506085266000071;51,381095045000052;0
234030;5;1;14;0;2019;1;8;2;3;5;3;1;1;1;0;0;0;0;332362,479393869640000;5690080,996088983500000;6,593323134000059;51,337265145000060;2
234033;5;1;14;0;2019;1;7;2;3;5;3;2;1;1;0;0;0;0;330788,252935735510000;5689238,265385784200000;6,571144867000044;51,329227823000053;1
234035;5;1;14;0;2019;1;8;2;3;5;3;0;1;1;0;0;0;0;330592,106255267750000;5689628,329382827500000;6,568146636000051;51,332673721000049;2
234038;5;1;17;0;2019;1;8;2;2;5;3;0;1;1;0;0;0;0;351216,779414471240000;5699086,089399937500000;6,860016756000050;51,423428659000081;0
234040;5;1;13;0;2019;1;15;2;3;5;3;0;1;1;0;0;0;0;362529,060239435170000;5703769,287876689800000;7,020796138000037;51,468370656000047;0
234042;5;1;11;0;2019;1;13;2;3;5;2;0;1;1;0;0;0;0;349333,565999999640000;5671429,844000000500000;6,844625473000065;51,174422259000039;0
234043;5;1;11;0;2019;1;7;2;2;9;1;2;1;0;0;0;0;0;347644,789443945510000;5672883,372853089100000;6,819868870000050;51,187035808000076;1
234048;5;7;54;28;2019;1;15;2;2;3;6;0;1;0;0;0;0;1;453676,021000000650000;5743335,029000001000000;8,327627668000048;51,838907637000034;0
234052;5;7;74;32;2019;1;7;2;3;5;2;2;1;0;0;0;0;1;483149,493000000720000;5733082,443000000000000;8,755912536000039;51,748392002000060;0
234061;5;9;16;0;2019;1;2;5;3;0;1;2;1;0;0;0;0;0;373997,666655362580000;5709847,987939864400000;7,183648638000022;51,525671242000044;2
234063;5;5;54;8;2019;1;8;4;3;5;3;0;1;1;0;0;0;0;336466,537183994430000;5746204,878021849300000;6,626037698000062;51,842674482000064;0
234064;5;5;15;0;2019;1;9;4;3;0;2;0;1;1;0;0;0;0;404264,442673012610000;5757453,637211475500000;7,606688655000028;51,959527720000040;0
234066;5;5;62;4;2019;1;8;4;3;5;3;0;1;1;0;0;0;0;382478,676671477970000;5714703,251133728800000;7,304222657000025;51,571137660000034;0
234067;5;5;62;24;2019;1;17;4;3;0;3;1;1;1;0;0;0;0;368828,092265378680000;5727078,439825374600000;7,102726578000045;51,679338257000040;2
234068;5;5;12;0;2019;1;17;4;3;5;3;1;1;1;0;0;0;0;356719,350219327030000;5710550,264995664400000;6,934455875000026;51,527862652000067;1
234078;5;1;70;28;2019;1;18;4;3;4;6;2;1;0;0;0;0;0;331828,962208924820000;5703425,886560630100000;6,579347840000025;51,456996432000039;1
234084;5;1;14;0;2019;1;10;4;3;5;3;0;1;1;0;0;0;0;330467,517350598240000;5690535,723066484600000;6,565927966000061;51,340788490000079;1
234088;5;1;24;0;2019;1;8;4;3;5;3;0;1;1;0;0;0;0;370493,531955449840000;5680523,610243851300000;7,143863047000025;51,261336163000067;1
234093;5;1;12;0;2019;1;14;4;3;5;7;0;1;1;0;0;0;0;343017,374654613440000;5699196,303215177700000;6,742129853000051;51,422207431000061;0
234094;5;1;12;0;2019;1;14;4;3;5;3;0;1;1;0;0;0;0;339441,500000000930000;5702804,452000001400000;6,689106613000035;51,453623314000026;1
234097;5;1;11;0;2019;1;18;4;3;0;7;2;1;0;0;0;0;0;342416,383300923740000;5683669,370860097900000;6,740369479000037;51,282532190000040;2
234100;5;9;78;40;2019;1;11;4;3;2;3;0;1;1;0;0;0;0;405700,438477907330000;5724637,461490055500000;7,636513453000021;51,664798949000044;2
234108;5;9;13;0;2019;1;10;4;2;0;1;0;1;0;0;0;0;0;399750,085688307880000;5709573,906137846400000;7,554810063000048;51,528366951000066;2
234111;5;5;70;4;2019;1;13;3;3;0;6;0;1;1;0;0;0;0;423406,226853189060000;5735111,469774818000000;7,890163110000060;51,761649922000061;0
234112;5;5;66;76;2019;1;9;3;3;0;1;0;1;0;0;0;0;0;393308,885530821980000;5792847,929660558700000;7,436209913000027;52,275638039000057;2
234113;5;5;66;76;2019;1;5;3;3;0;1;2;1;0;0;0;0;0;394523,783999999050000;5792915,676000000900000;7,453988631000073;52,276481319000027;2
234114;5;5;66;84;2019;1;9;3;2;0;2;0;1;0;0;0;0;0;385269,622936551460000;5779297,586820533500000;7,323023224000053;52,152245421000032;2
234116;5;5;66;12;2019;1;7;3;3;0;1;1;1;0;0;0;0;0;401047,369928262200000;5776318,287797082200000;7,554422917000068;52,128520699000035;1
234117;5;5;66;8;2019;1;16;3;3;0;1;0;1;0;0;0;0;0;399516,368234680970000;5781757,644512092700000;7,530455599000050;52,177132137000058;0
234120;5;5;15;0;2019;1;8;3;3;0;1;0;1;0;0;0;0;0;404312,165285243650000;5759275,945318857200000;7,606875107000064;51,975915476000068;2
234121;5;5;62;8;2019;1;6;3;3;0;1;2;1;0;0;0;0;0;385535,598655622450000;5723976,538898633800000;7,345283988000062;51,655113102000030;2
234122;5;5;62;24;2019;1;13;3;3;5;3;0;1;1;0;0;0;0;367970,596846928820000;5724409,185955848500000;7,091339779000066;51,655150154000069;0
234124;5;5;62;32;2019;1;20;3;3;6;4;2;1;0;1;0;0;0;375173,453843298370000;5720653,489800421500000;7,196749046000036;51,623043196000026;0
234128;5;3;58;60;2019;1;17;3;3;2;6;1;1;1;0;0;0;0;331546,624890188690000;5624754,835527302700000;6,612006365000070;50,750100062000058;0
234134;5;1;11;0;2019;1;8;5;3;0;3;0;1;1;0;0;0;0;342215,741491751750000;5678165,653863318300000;6,739922132000061;51,233025249000036;2
234139;5;3;62;28;2019;1;16;3;3;5;3;0;1;1;0;0;0;0;350975,185545611200000;5638723,516455659600000;6,881538305000049;50,880944682000063;0
234142;5;7;54;20;2019;1;8;5;3;0;5;0;1;1;0;0;0;0;444448,069103250280000;5750479,123048123000000;8,192551679000076;51,902293150000048;2
234146;5;7;54;8;2019;1;18;5;3;0;7;2;1;0;0;0;0;0;455787,418106009250000;5751558,993332620700000;8,357218104000026;51,913017046000050;1
234147;5;3;15;0;2019;1;13;3;3;1;5;0;1;1;0;0;0;0;355151,650199293160000;5640889,723013237100000;6,940008371000033;50,901474122000081;0
234150;5;1;70;24;2019;1;7;3;2;5;3;2;1;1;0;0;0;0;338650,334756523370000;5702604,166662201300000;6,677820869000072;51,451598971000067;1
234153;5;1;66;32;2019;1;18;3;3;0;1;2;1;0;0;0;0;0;318058,109446056190000;5681705,086232641700000;6,392451983000058;51,257629814000040;0
234157;5;1;62;24;2019;1;7;3;3;0;1;2;1;0;0;0;0;0;338443,204515928400000;5671045,431682603400000;6,689136240000039;51,167995534000056;2
234159;5;1;62;24;2019;1;2;3;2;0;1;2;1;0;0;0;0;0;338948,551870276220000;5674503,087078627200000;6,694808427000055;51,199204859000076;1
234160;5;1;14;0;2019;1;15;3;3;5;3;0;1;1;0;0;0;0;330164,109169159080000;5689394,637053875300000;6,562120098000037;51,330446604000031;0
234165;5;7;74;32;2019;1;10;3;3;0;3;0;1;1;0;0;0;0;478250,389870738610000;5731310,073408661400000;8,685058576000074;51,732287445000054;0
234166;5;7;74;32;2019;1;18;3;3;6;4;2;1;0;1;0;0;0;483383,215079220010000;5729151,759840037700000;8,759485727000026;51,713057059000050;1
234169;5;7;54;12;2019;1;20;3;3;0;3;2;1;0;0;0;0;0;456140,142003870570000;5768763,052448237300000;8,360145059000047;52,067716552000036;2
234172;5;9;78;20;2019;1;15;3;3;5;3;0;1;1;0;0;0;0;407796,448153395210000;5716376,966207727800000;7,668986008000047;51,590892400000030;1
234173;5;9;74;28;2019;1;17;3;3;5;2;1;1;1;0;0;0;0;454632,004176127720000;5723826,805954076300000;8,344048078000071;51,663592596000058;0
234177;5;9;13;0;2019;1;8;3;2;1;3;0;1;1;0;0;0;0;396509,420076481070000;5707821,023886930200000;7,508624637000025;51,512026250000076;1
234178;5;9;13;0;2019;1;15;3;2;5;2;0;1;1;0;0;0;0;392180,472758896650000;5708466,080174120100000;7,446068192000041;51,517014731000074;0
234180;5;9;11;0;2019;1;17;3;2;5;2;1;1;0;0;0;0;0;376415,135766960680000;5704679,327556941700000;7,220289639000043;51,479752769000072;0
234181;5;5;70;8;2019;1;7;2;3;2;2;1;1;1;0;0;0;0;433519,916288946760000;5733953,407601418000000;8,036907045000021;51,752531006000027;1
234187;5;5;54;8;2019;1;6;2;3;5;3;2;1;1;0;0;0;0;335279,074941996480000;5744258,062326274800000;6,609742454000070;51,824836490000052;1
234188;5;5;15;0;2019;1;8;2;3;6;4;0;1;0;1;0;0;0;402526,168000000530000;5758296,017999999200000;7,581159463000063;51,966797242000041;1
234189;5;3;70;4;2019;1;12;2;3;5;3;0;1;1;0;0;0;0;312440,577961357310000;5662797,058079339600000;6,321899071000075;51,085970909000082;1
234191;5;3;70;16;2019;1;23;2;2;0;1;2;1;0;0;0;0;0;297533,492389329710000;5660791,775112398000000;6,110447646000068;51,062894966000044;2
234192;5;3;70;16;2019;1;14;2;3;5;3;0;1;1;0;0;0;0;296730,976739529520000;5661419,331822933600000;6,098657424000066;51,068247436000036;0
234199;5;3;34;2;2019;1;8;2;3;5;3;1;1;1;0;0;0;0;293663,681971189570000;5629545,880851667400000;6,072970751000071;50,780904108000072;1
234205;5;3;16;0;2019;1;9;2;2;5;3;0;1;0;0;0;0;1;359797,429886570200000;5656665,052736403400000;6,999953214000072;51,044394963000059;1
234208;5;3;15;0;2019;1;7;2;3;1;7;2;1;1;0;0;0;0;349210,139117942190000;5645571,339176859700000;6,853636337000069;50,942023573000029;1
234212;5;1;58;28;2019;1;8;2;3;5;3;0;1;1;0;0;0;0;348621,160825419240000;5690069,920380834500000;6,826554517000034;51,341727305000063;1
234216;5;1;66;12;2019;1;6;2;3;4;6;2;1;0;0;0;0;0;321174,274207564070000;5694556,711710903800000;6,430618682000045;51,374061578000067;1
234220;5;1;16;0;2019;1;16;2;2;5;3;0;1;1;0;0;0;0;321203,114479674960000;5675211,681247789400000;6,440716374000033;51,200293401000067;1
234226;5;1;12;0;2019;1;18;2;3;5;3;2;1;1;0;0;0;0;346280,700000001120000;5707582,431000001700000;6,785382485000071;51,498451805000059;1
234227;5;1;11;0;2019;1;18;2;3;5;3;1;1;0;0;1;0;0;345049,141500554980000;5674317,071714991700000;6,782137296000030;51,199220516000082;1
234228;5;1;11;0;2019;1;8;2;3;4;2;0;1;1;0;0;0;0;345445,190262400550000;5676017,075979616500000;6,787069261000056;51,214603124000064;1
234231;5;7;74;32;2019;1;23;2;3;0;1;2;1;0;0;0;0;0;481589,269999999550000;5730527,377000000300000;8,733447425000065;51,725369620000038;2
234233;5;7;70;24;2019;1;15;2;3;5;3;0;1;1;0;0;0;0;492728,515000001530000;5793062,597000001000000;8,893394526000066;52,287874727000030;1
234241;5;9;15;0;2019;1;22;2;3;1;1;2;1;1;0;0;0;0;415057,540310824290000;5724672,036982219700000;7,771764955000037;51,666602244000046;1
234244;5;9;78;24;2019;1;11;2;3;3;6;0;1;0;0;0;0;0;397446,440698395480000;5719750,676272364300000;7,518641696000032;51,619428291000077;1
234246;5;5;54;8;2019;1;21;1;3;5;3;2;1;1;0;0;0;0;335215,478022579100000;5746047,039025083200000;6,607968687000039;51,840888789000076;0
234248;5;3;58;8;2019;1;19;1;3;3;3;2;1;1;0;0;0;0;322363,653721218930000;5630480,537461444700000;6,479194208000024;50,798803582000062;1
234251;5;3;15;0;2019;1;21;1;3;6;4;2;1;0;1;0;0;0;359245,602740118280000;5647207,180908296300000;6,995753345000026;50,959262315000046;1
234252;5;3;15;0;2019;1;0;1;3;0;1;2;1;0;0;0;0;0;356250,180372538050000;5647681,565342973900000;6,952941977000023;50,962786046000076;1
234255;5;3;15;0;2019;1;18;1;3;0;5;2;1;1;0;0;0;0;356391,633000000380000;5644416,517999997400000;6,956242584000052;50,933478829000080;1
234262;5;5;70;52;2019;1;22;7;2;0;1;2;1;0;0;0;0;0;430480,479730621910000;5757160,330510061200000;7,988213242000029;51,960787200000027;1
234263;5;5;54;68;2019;1;13;7;3;5;3;0;1;1;0;0;0;0;350152,786586033180000;5767948,735476035600000;6,815079004000040;52,041873424000073;1
234264;5;5;54;4;2019;1;9;7;3;6;6;0;1;0;1;0;0;0;362919,849145866930000;5773035,408548327200000;6,999064591000035;52,090882827000030;1
234265;5;5;15;0;2019;1;10;7;3;5;3;0;1;1;0;0;0;0;405443,470674146900000;5758191,873188912900000;7,623639295000032;51,966365051000082;1
234267;5;5;62;14;2019;1;18;7;3;1;5;2;1;1;0;0;0;0;361329,752121119760000;5715746,070850541800000;6,998827069000072;51,575704017000078;1
234274;5;3;62;36;2019;1;13;7;3;5;3;0;1;1;0;0;0;0;346956,396140277390000;5652540,729547984900000;6,818647715000054;51,004056907000063;1
234277;5;3;15;0;2019;1;7;7;3;5;3;1;1;1;0;0;0;0;358386,921915598210000;5648327,143884455800000;6,983098448000021;50,969117009000058;0
234279;5;3;14;0;2019;1;1;7;3;0;1;2;1;0;0;0;0;0;370002,836996920410000;5616570,956930782600000;7,159700254000029;50,686428244000069;1
234280;5;3;14;0;2019;1;10;7;3;5;2;0;1;1;0;0;0;0;367142,329600296910000;5622226,090961530800000;7,117192959000022;50,736610936000034;0
234281;5;3;14;0;2019;1;12;7;2;5;3;0;1;1;0;0;0;0;365352,656999999660000;5620467,369000000900000;7,092487552000023;50,720391502000041;1
234285;5;1;66;16;2019;1;21;7;3;5;3;2;1;1;0;0;0;0;304223,229028956960000;5689112,377003878400000;6,190360108000050;51,319574780000039;1
234286;5;1;14;0;2019;1;17;7;3;2;2;2;1;1;0;0;0;0;330784,374571912920000;5691053,358502583600000;6,570226837000064;51,345533264000039;1
234287;5;1;17;0;2019;1;15;7;3;0;7;0;1;0;0;0;0;0;352529,464025574740000;5699753,297927558400000;6,878605717000028;51,429767030000050;1
234291;5;1;11;0;2019;1;21;7;3;5;2;2;1;1;0;0;0;0;343104,568000000900000;5677961,910000000100000;6,752732236000043;51,231439626000054;1
234292;5;7;74;32;2019;1;19;7;3;8;1;2;1;0;0;0;0;0;483516,743250721130000;5730637,804304456300000;8,761348091000059;51,726422487000036;1
234303;5;5;58;24;2019;1;7;6;3;0;7;1;1;0;0;0;0;0;393602,331161007290000;5736852,520574957100000;7,457919120000042;51,772429136000028;0
234306;5;3;58;8;2019;1;19;6;3;8;1;2;1;0;0;0;0;0;324406,836909237320000;5628557,287456138100000;6,509078255000077;50,782147149000082;1
234314;5;1;11;0;2019;2;22;3;3;5;3;2;1;1;0;0;0;0;344525,523439024580000;5675801,062931327100000;6,774005644000056;51,212412513000061;0
234317;5;7;54;44;2019;2;19;3;3;5;3;2;1;1;0;0;0;0;466105,470127888960000;5748350,286388451200000;8,507535087000065;51,884891835000076;0
234318;5;7;54;8;2019;2;13;3;3;2;6;0;1;1;0;0;0;0;455981,411846160890000;5750799,063787465900000;8,360135384000046;51,906200239000043;1
234320;5;9;78;28;2019;2;18;3;3;5;2;2;1;1;0;0;0;0;399940,919692775230000;5699895,304026125000000;7,560302998000054;51,441400773000055;0
234321;5;9;78;36;2019;2;16;3;3;5;3;0;1;1;0;0;0;0;407849,065087542870000;5712522,842950100100000;7,670756417000064;51,556255560000068;1
234323;5;9;15;0;2019;2;22;3;3;6;7;2;1;0;1;0;0;0;417304,329000000840000;5726657,278999999200000;7,803774783000051;51,684783756000058;0
234330;5;5;70;28;2019;2;18;2;3;8;1;2;1;0;0;0;0;0;440214,996321581300000;5740440,137564735500000;8,132768165000073;51,811603047000062;0
234331;5;5;70;4;2019;2;15;2;3;3;2;0;1;1;0;0;0;0;424393,270000000480000;5735032,680000001600000;7,904479583000068;51,761075773000073;0
234333;5;5;66;76;2019;2;8;2;3;0;1;0;1;0;0;0;0;0;392042,805703482590000;5793727,740924138600000;7,417378681000059;52,283297832000073;2
234334;5;5;66;12;2019;2;7;2;2;5;3;1;1;1;0;0;0;0;404914,284792921510000;5773325,539888558900000;7,611731476000045;52,102300300000081;1
234336;5;5;54;20;2019;2;7;2;3;3;2;2;1;1;0;0;0;0;366096,709649348630000;5785617,041235785900000;7,040448766000054;52,204712600000050;1
234338;5;5;54;8;2019;2;14;2;3;3;6;0;1;0;0;0;0;1;335670,109838704580000;5744624,687023196400000;6,615237417000060;51,828245173000028;0
234341;5;5;62;32;2019;2;7;2;3;5;3;0;1;1;0;0;0;0;377303,390000000600000;5720463,600000001500000;7,227568734000045;51,621805027000050;1
234342;5;3;34;8;2019;2;15;2;3;5;3;0;1;1;0;0;0;0;302138,811318474820000;5643327,279428500700000;6,185595773000046;50,907640825000044;0
234344;5;3;62;40;2019;2;8;2;3;0;1;0;1;0;0;0;0;0;357984,937755984250000;5630324,041470503400000;6,984374221000053;50,807222643000046;2
234347;5;3;15;0;2019;2;8;2;3;0;2;0;1;0;0;0;0;0;356011,964000000620000;5647166,278000002700000;6,949755890000063;50,958095778000029;2
234377;5;5;54;8;2019;2;12;1;2;0;1;0;1;0;0;0;0;0;336780,758237230590000;5746159,963140187800000;6,630616123000038;51,842362920000028;2
234380;5;3;70;4;2019;2;18;1;3;5;3;2;1;1;0;0;0;0;313980,784516227430000;5660182,288332337500000;6,345211036000023;51,062984641000071;1
234386;5;3;15;0;2019;2;11;1;3;0;7;0;1;0;0;0;0;0;360370,347094894390000;5640212,009436730300000;7,014437794000060;50,896668964000071;1
234387;5;1;62;4;2019;2;7;3;3;6;4;1;1;0;1;0;0;0;347070,507516982030000;5663036,511805448700000;6,815839083000071;51,098401241000033;0
234388;5;3;15;0;2019;2;10;1;3;1;5;0;1;1;0;0;0;0;361314,311420015990000;5649456,204005235800000;7,024333879000039;50,979976354000030;0
234389;5;3;15;0;2019;2;12;1;2;0;1;0;1;0;0;0;0;0;352486,652488613500000;5652854,163295021300000;6,897285999000076;51,008318155000040;0
234391;5;1;54;12;2019;2;10;1;2;0;1;0;1;0;0;0;0;0;308104,383000001310000;5708714,568000000000000;6,235384814000042;51,496952776000057;2
234392;5;1;66;36;2019;2;10;1;3;0;1;0;1;0;0;0;0;0;327749,808227010070000;5681622,275750238400000;6,531248769000058;51,259896122000043;2
234394;5;1;19;0;2019;2;9;1;3;5;3;0;1;1;0;0;0;0;349546,493814258840000;5703835,050666270800000;6,833992270000067;51,465659027000072;2
234405;5;9;15;0;2019;2;17;1;3;0;7;2;1;0;0;0;0;1;414445,697666266930000;5729786,499515863100000;7,761666118000051;51,712485033000064;0
234410;5;5;66;76;2019;2;12;7;2;0;7;0;1;0;0;0;0;0;395933,598698499610000;5787082,912935271900000;7,476442194000072;52,224328688000071;1
234417;5;3;15;0;2019;2;17;7;3;0;7;1;1;0;0;0;0;0;353864,270160232670000;5646567,473452003700000;6,919436706000056;50,952173894000055;1
234418;5;3;15;0;2019;2;9;7;3;0;1;0;1;0;0;0;0;0;353752,196216375570000;5643141,736145988100000;6,919217147000040;50,921359536000068;1
234421;5;3;14;0;2019;2;19;7;2;0;5;2;1;1;0;0;0;0;368183,243417194110000;5621475,344471855100000;7,132204450000074;50,730100319000030;1
234422;5;1;70;36;2019;2;11;7;2;5;3;0;1;1;0;0;0;0;353158,975972299460000;5728648,887657258700000;6,875586386000066;51,689571382000054;1
234429;5;1;14;0;2019;2;13;7;3;5;3;0;1;1;0;0;0;0;330274,669421998780000;5690380,765804214400000;6,563235687000031;51,339338838000060;1
234434;5;1;13;0;2019;2;15;7;2;5;2;0;1;1;0;0;0;0;359590,925000000750000;5702122,741000000400000;6,979176879000022;51,452853098000048;1
234436;5;1;11;0;2019;2;16;7;3;5;3;0;1;1;0;0;0;0;350395,244734732430000;5671645,615519862600000;6,859712225000067;51,176639910000063;1
234438;5;1;14;0;2019;2;12;3;3;3;2;0;1;1;0;0;0;0;329063,558593090620000;5691224,287750542200000;6,545459722000032;51,346553957000026;0
234439;5;1;11;0;2019;2;15;7;3;5;3;0;1;1;0;0;0;0;344124,040064455940000;5675641,999400952800000;6,768331225000054;51,210873830000025;1
234451;5;5;70;4;2019;2;17;6;3;0;7;1;1;0;1;0;0;0;422594,559714489620000;5733236,462770162200000;7,878822037000020;51,744682718000035;1
234452;5;5;70;4;2019;2;6;6;3;5;3;2;1;1;0;0;0;0;425695,122999998740000;5736427,188000002900000;7,923041129000069;51,773786286000075;2
234453;5;5;66;76;2019;2;7;6;3;4;6;1;1;1;0;0;0;0;394825,867999998850000;5793908,153000000900000;7,458105045000025;52,285458853000080;1
234455;5;5;54;20;2019;2;7;6;3;5;2;0;1;1;0;0;0;0;366012,059277691880000;5783325,740558672700000;7,040116773000023;52,184103792000030;1
234458;5;5;15;0;2019;2;13;6;2;6;6;0;1;0;1;0;0;0;407699,082241903990000;5757292,566600868500000;7,656703695000033;51,958660706000046;1
234473;5;3;15;0;2019;2;18;6;3;0;7;2;1;0;0;0;0;1;353246,243999999950000;5644613,747000001400000;6,911431127000071;50,934459496000045;1
234474;5;3;15;0;2019;2;6;6;3;4;6;2;1;1;0;0;0;0;352081,215020363220000;5643148,923949807900000;6,895456912000043;50,920998182000062;2
234475;5;3;15;0;2019;2;18;6;3;1;5;2;1;1;0;0;0;0;356011,201875561850000;5645725,886683009600000;6,950314709000054;50,945151059000068;1
234476;5;3;15;0;2019;2;12;6;3;0;1;0;1;1;0;0;0;0;356491,655713449230000;5646162,875057365700000;6,956977123000058;50,949198011000078;1
234498;5;1;11;0;2019;2;12;6;3;5;3;0;1;0;0;0;0;1;342924,030925851320000;5675846,032320071000000;6,751075544000059;51,212378336000029;0
234503;5;7;74;20;2019;2;15;6;3;5;3;0;1;1;0;0;0;0;469256,890000000600000;5734583,674000000600000;8,554543990000070;51,761299512000051;1
234507;5;9;74;40;2019;2;9;6;3;5;3;0;1;1;0;0;0;0;436453,895133879040000;5713527,398673346300000;8,083119374000034;51,569235145000050;1
234515;5;9;13;0;2019;2;19;6;3;5;2;2;1;1;0;0;0;0;395141,275731874630000;5708734,270966282100000;7,488644296000075;51,519982768000034;1
234518;5;5;66;28;2019;1;7;5;3;5;3;2;1;1;0;0;0;0;412562,378000001420000;5792326,256000004700000;7,718461960000070;52,274348613000029;1
234519;5;5;58;12;2019;1;19;5;2;5;3;2;1;1;0;0;0;0;374018,455000001010000;5756261,879000000700000;7,167147195000041;51,942788455000027;1
234524;5;5;15;0;2019;1;9;5;3;6;4;0;1;0;1;0;0;0;405489,101999999960000;5757139,439999999500000;7,624592895000035;51,956913095000061;1
234525;5;5;62;12;2019;1;9;5;3;0;1;0;1;0;0;0;0;0;362007,159820395520000;5735757,354517044500000;7,000693926000054;51,755691941000066;2
234530;5;3;58;20;2019;1;5;5;3;0;1;2;1;0;0;0;0;0;314041,682381780820000;5635874,612872358400000;6,358495024000035;50,844649452000056;2
234540;5;3;14;0;2019;1;18;5;3;1;5;2;1;1;0;0;0;0;367281,829522871410000;5622728,075712690100000;7,118987969000045;50,741154698000059;1
234543;5;3;14;0;2019;1;11;5;3;6;4;0;1;0;1;0;0;0;364148,227748465720000;5621099,997762382000000;7,075201942000035;50,725797150000062;2
234545;5;1;54;16;2019;1;6;5;3;5;3;2;1;1;0;0;0;0;302778,347118503410000;5729919,394559267900000;6,146839288000024;51,685549579000053;2
234550;5;1;14;0;2019;1;8;5;2;0;1;0;1;0;0;0;0;0;329625,777691123080000;5690948,359520601100000;6,553656983000053;51,344243886000072;2
234560;5;1;11;0;2019;1;15;5;2;0;1;0;1;0;0;0;0;0;343559,877727400510000;5675294,280884495000000;6,760412370000040;51,207595219000041;2
234563;5;3;15;0;2019;2;8;2;3;1;5;0;1;1;0;0;0;0;360320,982040050440000;5646916,333014739700000;7,011167736000061;50,956910109000034;1
234564;5;3;15;0;2019;2;17;2;3;5;2;1;1;1;0;0;0;0;356816,574225123970000;5641539,527067581200000;6,963415492000024;50,907729155000027;1
234566;5;3;15;0;2019;2;18;2;3;0;7;2;1;1;0;0;0;0;355207,904906892220000;5645865,104616506000000;6,938832292000029;50,946200987000054;1
234569;5;3;14;0;2019;2;15;2;3;5;3;0;1;1;0;0;0;0;365464,183939366600000;5620761,539092872300000;7,093959299000062;50,723061319000067;0
234570;5;1;70;20;2019;2;10;2;3;5;2;0;1;1;0;0;0;0;330097,812877705320000;5708287,326728977300000;6,552115875000027;51,500152592000063;0