OBJECTID;ULAND;UREGBEZ;UKREIS;UGEMEINDE;UJAHR;UMONAT;USTUNDE;UWOCHENTAG;UKATEGORIE;UART;UTYP1;ULICHTVERH;IstRad;IstPKW;IstFuss;IstKrad;IstGkfz;IstSonstige;LINREFX;LINREFY;XGCSWGS84;YGCSWGS84;STRZUSTAND
234574;5;1;62;24;2019;2;15;2;3;5;3;0;1;1;0;0;0;0;338034,320637364870000;5672744,157917913000000;6,682527381000057;51,183142734000057;1
234575;5;1;14;0;2019;2;15;2;2;4;2;0;1;1;0;0;0;0;331612,236000000500000;5686357,230000002300000;6,584321499000055;51,303589136000028;1
234577;5;1;14;0;2019;2;7;2;3;5;3;2;1;1;0;0;0;0;331710,485515526500000;5689869,092620499400000;6,584071870000059;51,335168803000045;1
234592;5;9;13;0;2019;2;17;2;2;3;6;0;1;1;0;0;0;0;400228,650000000370000;5703984,835000000900000;7,563287660000071;51,478212171000052;1
234614;5;5;62;28;2019;2;15;7;3;5;3;0;1;1;0;0;0;0;378868,183213734070000;5722120,921994293100000;7,249588419000077;51,637038903000075;0
234615;5;5;13;0;2019;2;22;7;3;1;7;2;1;1;0;0;0;0;368136,239779318680000;5707297,227444810800000;7,100157904000071;51,501409976000048;0
234621;5;3;15;0;2019;2;3;7;3;5;3;2;1;0;0;0;0;0;353260,200373861940000;5646928,278268646400000;6,910697109000068;50,955262823000055;1
234622;5;9;13;0;2019;2;8;3;3;0;5;0;1;1;0;0;0;0;393488,901728184890000;5707446,275596860800000;7,465226520000044;51,508096469000066;0
234635;5;1;11;0;2019;2;20;7;3;5;2;2;1;1;0;0;0;0;346130,201799875130000;5677237,393893472900000;6,796345809000059;51,225753288000078;1
234636;5;5;15;0;2019;2;12;2;3;0;3;0;1;1;0;0;0;0;399110,907999999820000;5757234,702000001400000;7,531775634000042;51,956648712000060;1
234640;5;5;62;12;2019;2;10;2;3;5;3;0;1;1;0;0;0;0;359144,964000000620000;5726737,876000000200000;6,962899074000063;51,673933184000077;1
234643;5;5;62;14;2019;2;7;2;3;0;1;0;1;0;0;0;0;1;360398,027524833570000;5712681,731958786000000;6,986607000000049;51,547937684000033;1
234648;5;9;13;0;2019;2;18;7;3;5;2;2;1;1;0;0;0;0;392583,231000000610000;5708003,381000001000000;7,452011607000031;51,512932529000068;1
234652;5;5;70;52;2019;2;17;6;3;6;1;1;1;0;1;0;0;0;430505,344457281750000;5755627,741614520500000;7,988885030000063;51,947012905000065;0
234653;5;5;66;40;2019;2;7;6;3;5;2;1;1;1;0;0;0;0;421677,131260072810000;5781951,871394410700000;7,854425469000034;52,182469396000045;1
234654;5;5;66;76;2019;2;10;6;3;6;4;0;1;0;1;0;0;0;393041,319193943400000;5792893,937431069100000;7,432275145000062;52,275999528000057;0
234656;5;5;66;8;2019;2;15;6;3;3;6;0;1;0;0;0;0;0;399299,687350393270000;5781631,003509946200000;7,527325433000044;52,175954417000071;0
234658;5;3;34;16;2019;2;11;6;3;9;1;0;1;0;0;0;0;0;295030,816000000570000;5635205,400000002200000;6,089178297000046;50,832218139000076;0
234660;5;3;34;2;2019;2;11;6;2;5;3;0;1;1;0;0;0;0;298207,210062277500000;5627371,854567194400000;6,138529701000039;50,762976521000041;0
234664;5;3;34;2;2019;2;18;2;3;0;5;2;1;1;0;0;0;0;296132,604555470870000;5628796,424950128400000;6,108361758000058;50,775046083000063;0
234665;5;3;15;0;2019;2;7;6;3;5;2;1;1;1;0;0;0;0;352337,443000000900000;5645926,659000001800000;6,897974394000073;50,946026062000044;0
234666;5;3;15;0;2019;2;10;6;3;0;7;0;1;1;0;0;0;0;353542,719951113690000;5642410,395968476300000;6,916532501000063;50,914734087000056;0
234668;5;3;82;12;2019;2;12;6;3;5;3;0;1;1;0;0;0;0;358258,160847833380000;5625335,869466455700000;6,990173173000073;50,762459407000051;0
234671;5;9;78;24;2019;2;9;3;3;0;1;0;1;0;0;0;0;0;397718,039476634930000;5719260,627362700200000;7,522706508000056;51,615072884000028;1
234681;5;1;13;0;2019;2;9;6;3;3;2;0;1;1;0;0;0;0;355293,485000001270000;5704534,849999999600000;6,916382460000023;51,473445941000080;1
234685;5;1;11;0;2019;2;14;6;3;5;3;0;1;1;0;0;0;0;350407,144000002180000;5670575,855999998700000;6,860327444000063;51,167030210000064;0
234687;5;1;11;0;2019;2;16;6;3;5;3;0;1;1;0;0;0;0;343744,299999999810000;5682336,580000001900000;6,759977863000074;51,270922598000027;0
234692;5;9;70;36;2019;2;17;6;3;5;2;0;1;1;0;0;0;0;427598,546270223330000;5625752,681729996600000;7,973053100000072;50,779005988000051;1
234697;5;9;78;24;2019;2;20;6;3;5;2;2;1;1;0;0;0;0;397305,220982656810000;5718540,347973590700000;7,516957212000023;51,608523461000061;0
234700;5;5;66;40;2019;2;16;5;3;5;3;0;1;1;0;0;0;0;422440,500766790470000;5782455,243855208200000;7,865473205000058;52,187102033000031;0
234702;5;5;54;48;2019;2;16;5;3;1;5;0;1;1;0;0;0;0;341316,680546730760000;5745554,122016999900000;6,696681814000044;51,838227473000074;0
234703;5;5;15;0;2019;2;15;5;3;0;3;0;1;1;0;0;0;0;404768,172906239520000;5760046,681207926900000;7,613298120000025;51,982921459000067;0
234711;5;3;34;2;2019;2;21;5;3;3;7;2;1;1;0;0;0;0;294431,471985780630000;5629273,020743940000000;6,083999859000073;50,778726149000079;0
234712;5;3;34;2;2019;2;7;5;3;4;2;1;1;1;0;0;0;0;291731,685499621560000;5629698,498659262400000;6,045516256000042;50,781584202000033;1
234713;5;3;78;32;2019;2;7;5;3;0;7;0;1;0;0;0;0;0;375276,263608700600000;5667003,838121533400000;7,217073022000022;51,140889404000063;1
234719;5;3;15;0;2019;2;15;5;3;0;4;0;1;0;1;0;0;0;362987,904721870090000;5645175,786456797300000;7,049772143000041;50,941907453000056;0
234724;5;3;14;0;2019;2;16;5;3;5;7;0;1;1;0;0;0;0;363052,739787968810000;5618572,969326453300000;7,060627913000076;50,702827580000076;0
234725;5;1;70;24;2019;2;17;5;3;4;6;0;1;0;0;0;0;0;335073,421064541680000;5702882,699370557400000;6,626258291000056;51,453070851000064;1
234726;5;1;70;48;2019;2;20;5;3;8;1;2;1;0;0;0;0;0;335132,645120369270000;5725772,670126065600000;6,616379125000037;51,658729054000048;0
234727;5;1;58;28;2019;2;7;5;3;5;3;2;1;1;0;0;0;0;347778,340000001710000;5684789,344999998800000;6,816717585000049;51,294053801000075;1
234729;5;1;54;32;2019;2;16;5;3;5;3;0;1;1;0;0;0;0;312257,933642940600000;5719834,513336006600000;6,289218714000072;51,598222225000029;0
234730;5;1;54;36;2019;2;10;5;2;5;3;0;1;1;0;0;0;0;301496,148218444550000;5740457,362084850700000;6,122306585000047;51,779729267000050;0
234738;5;1;13;0;2019;2;13;5;3;4;6;0;1;1;0;0;0;0;359277,216930096040000;5699657,350727971600000;6,975644984000041;51,430620732000079;0
234740;5;1;13;0;2019;2;16;5;3;0;5;0;1;0;0;0;0;1;361931,272638150490000;5701959,832954010000000;7,012901709000062;51,451964680000060;0
234741;5;1;12;0;2019;2;14;5;3;5;2;0;1;1;0;0;0;0;343736,303536525000000;5710708,240258930300000;6,747370429000057;51,525838850000071;0
234742;5;1;11;0;2019;2;19;5;3;0;1;2;1;0;0;0;0;0;344989,132027322430000;5678097,606407972100000;6,779644921000056;51,233173903000079;0
234743;5;1;11;0;2019;2;17;5;3;6;6;0;1;0;1;0;0;0;344483,961848729290000;5677015,953911900500000;6,772884175000058;51,223317437000048;0
234746;5;7;74;32;2019;2;1;5;3;9;5;2;1;1;0;0;0;0;482325,008152205500000;5729716,390107370900000;8,744140566000056;51,718101474000036;0
234748;5;7;58;24;2019;2;13;5;3;0;1;0;1;0;0;0;0;0;484978,320000000300000;5783596,780999999500000;8,780192407000072;52,202614938000067;0
234749;5;7;11;0;2019;2;13;5;3;5;3;0;1;1;0;0;0;0;467774,886689017530000;5763898,235045637900000;8,530331398000044;52,024778191000053;0
234750;5;9;74;28;2019;2;11;5;3;5;3;0;1;1;0;0;0;0;454611,826000000350000;5723397,666999999400000;8,343812089000039;51,659732626000050;1
234756;5;5;62;32;2019;2;12;4;2;2;2;0;1;1;0;0;0;0;375438,012000001040000;5719846,554000001400000;7,200855720000050;51,615849798000056;0
234757;5;5;13;0;2019;2;21;4;3;1;5;2;1;1;0;0;0;0;364959,462489047090000;5716245,759615985700000;7,050982817000033;51,581075613000053;1
234759;5;3;34;12;2019;2;12;4;3;6;6;0;1;0;1;0;0;0;307266,982165950350000;5633083,223735885700000;6,263844159000030;50,817359035000038;0
234761;5;3;82;56;2019;2;15;4;3;2;7;0;1;0;0;0;0;0;375513,756850709210000;5627683,341997994100000;7,233921433000035;50,787518764000026;0
234762;5;3;78;4;2019;2;8;4;3;1;1;0;1;1;0;0;0;0;369752,137551395220000;5651040,699489058900000;7,143898401000058;50,996188081000071;2
234765;5;3;15;0;2019;2;6;4;3;0;1;1;1;0;0;0;0;0;363165,887402641590000;5641670,971952825800000;7,053619342000047;50,910450491000063;2
234770;5;3;14;0;2019;2;13;4;3;2;3;0;1;1;0;0;0;0;366231,083493236450000;5620069,309528233500000;7,105069029000049;50,717016615000034;0
234776;5;1;62;24;2019;2;7;4;3;0;1;0;1;0;0;0;0;0;338566,508700084870000;5674283,976065885300000;6,689443388000029;51,197128358000043;1
234778;5;1;62;22;2019;2;10;4;3;5;3;0;1;1;0;0;0;0;334155,274785515850000;5682326,367242679000000;6,622641289000057;51,268121209000071;0
234784;5;1;11;0;2019;2;15;4;3;5;3;0;1;1;0;0;0;0;349928,341794727370000;5674676,669341413300000;6,851771056000075;51,203754257000071;0
234788;5;7;58;24;2019;2;14;4;3;5;3;0;1;1;0;0;0;0;483722,170000000860000;5784555,406999999700000;8,761765628000035;52,211197859000038;0
234789;5;7;54;8;2019;2;12;4;3;5;2;0;1;0;0;0;0;0;456962,409629434350000;5751861,135719114900000;8,374261772000068;51,915825516000041;0
234790;5;7;66;20;2019;2;21;4;3;5;3;2;1;1;0;0;0;0;492133,041474489500000;5753567,413263669200000;8,885577039000054;51,932774363000078;0
234791;5;9;74;8;2019;2;14;4;3;0;7;0;1;0;0;0;0;1;445526,390409994870000;5713230,530824674300000;8,214054343000043;51,567515677000074;0
234794;5;9;62;40;2019;2;16;4;3;5;3;0;1;1;0;0;0;0;416759,939209691250000;5698898,778723469000000;7,802474690000054;51,435163867000028;1
234795;5;9;15;0;2019;2;10;4;3;1;1;0;1;1;0;0;0;0;418612,195418696850000;5724468,599006481500000;7,823199342000066;51,665299588000039;0
234803;5;5;15;0;2019;2;8;3;3;3;2;0;1;1;0;0;0;0;405968,416208319370000;5756447,476678339800000;7,631755506000047;51,950774667000076;0
234806;5;3;78;4;2019;2;6;3;2;5;3;2;1;1;0;0;0;0;367508,921249029230000;5650242,543733580000000;7,112240920000033;50,988502458000028;1
234808;5;3;15;0;2019;2;16;3;3;5;3;0;1;1;0;0;0;0;359182,590000000780000;5644764,225000001500000;6,995801389000064;50,937291902000027;0
234810;5;3;15;0;2019;2;16;3;3;0;7;0;1;0;0;0;0;0;351928,887521127240000;5648660,515618091400000;6,891050393000057;50,970488994000050;0
234813;5;3;82;12;2019;2;12;3;3;4;5;0;1;1;0;0;0;0;358287,421646144240000;5625323,635245449800000;6,990592515000060;50,762356601000079;1
234824;5;3;34;2;2019;2;21;6;2;8;1;2;1;0;0;0;0;0;292565,838138465770000;5628615,420182235500000;6,057943682000030;50,772156048000056;0
234825;5;3;34;2;2019;2;18;6;3;6;4;2;1;0;1;0;0;0;293706,143662207760000;5628261,984792731700000;6,074292342000035;50,769388399000036;0
234836;5;3;62;40;2019;2;11;6;3;5;2;0;1;1;0;0;0;0;357526,781542960550000;5631863,685761198400000;6,977278105000039;50,820947213000068;0
234837;5;3;62;4;2019;2;12;6;3;3;6;0;1;1;0;0;0;0;329783,288954351100000;5651914,269394744200000;6,574393499000053;50,993604424000068;0
234843;5;3;15;0;2019;2;9;6;3;0;5;0;1;1;0;0;0;0;355735,535361344930000;5645557,226760761800000;6,946460083000034;50,943566429000043;0
234850;5;1;54;32;2019;2;17;6;3;5;3;0;1;1;0;0;0;0;308685,206886911760000;5718406,778214434200000;6,238474738000036;51,584197606000032;0
234851;5;1;54;44;2019;2;7;6;3;5;2;1;1;0;0;0;0;1;320323,577000000510000;5737749,754000002500000;6,396326794000061;51,761770682000076;0
234852;5;1;66;32;2019;2;15;6;3;3;6;0;1;0;0;0;0;0;318637,284847107720000;5678485,828241271900000;6,402373908000072;51,228896151000072;0
234853;5;1;62;24;2019;2;9;6;3;5;3;0;1;1;0;0;0;0;338620,712630367840000;5675200,959963958700000;6,689806230000045;51,205382654000061;0
234856;5;1;16;0;2019;2;12;6;3;0;1;0;1;0;0;0;0;0;317329,760642923410000;5673779,560063747700000;6,386063199000034;51,186203717000069;0
234857;5;1;14;0;2019;2;12;6;3;5;2;0;1;1;0;0;0;0;329996,654276487420000;5690526,943085750600000;6,559178293000059;51,340569003000041;0
234867;5;1;11;0;2019;2;14;6;3;5;2;0;1;0;0;0;0;1;351294,560000000520000;5670333,604000000300000;6,873111193000057;51,165084720000038;0
234869;5;1;11;0;2019;2;12;6;2;4;2;0;1;1;0;0;0;0;349003,194290373470000;5675935,352843470900000;6,838008165000076;51,214820709000037;0
234871;5;1;11;0;2019;2;13;6;3;0;7;0;1;0;0;0;0;1;342817,434292564170000;5685070,530379999400000;6,745498768000061;51,295232531000067;0
234873;5;1;11;0;2019;2;16;6;3;2;6;0;1;1;0;0;0;0;345880,858204929160000;5676921,197298180300000;6,792913613000053;51,222844843000075;0
234876;5;7;11;0;2019;2;13;6;3;1;5;0;1;1;0;0;0;0;466465,895020565950000;5762336,820817353200000;8,511407042000030;52,010662542000034;0
234878;5;7;11;0;2019;2;12;6;3;5;2;0;1;1;0;0;0;0;470255,987000000660000;5763559,352000000000000;8,566520767000043;52,021870000000035;0
234880;5;7;11;0;2019;2;13;6;3;1;5;0;1;1;0;0;0;0;469159,313090674580000;5766526,264724740800000;8,550271164000037;52,048484523000070;0
234882;5;9;58;12;2019;2;15;6;3;1;5;0;1;1;0;0;0;0;469866,243451077490000;5693632,707202497900000;8,566887026000075;51,393128177000051;0
234886;5;1;13;0;2019;2;17;3;3;0;3;1;1;1;0;0;0;0;365662,968302724880000;5696524,744136892300000;7,068636364000042;51,404018733000044;0
234890;5;5;70;52;2019;2;18;5;3;0;1;1;1;0;0;0;0;0;429653,220077393580000;5756221,657196683800000;7,976367578000065;51,952244857000039;0
234892;5;5;66;12;2019;2;8;5;2;0;2;0;1;1;0;0;0;0;405682,556855678560000;5771767,124782707500000;7,623376165000025;52,088424455000052;0
234893;5;5;54;4;2019;2;7;5;2;5;3;1;1;1;0;0;0;0;364020,362713074310000;5771308,223097991200000;7,015806743000042;52,075634801000035;0
234896;5;5;54;8;2019;2;16;5;3;0;7;0;1;0;0;0;0;1;333861,765458493490000;5746088,882014658300000;6,588316655000028;51,840863599000045;0
234897;5;5;15;0;2019;2;16;5;3;5;3;0;1;0;0;0;0;1;402198,655035611240000;5753990,387429079000000;7,577618746000042;51,928039572000046;0
234900;5;5;15;0;2019;2;8;5;3;1;7;0;1;1;0;0;0;0;407458,469156926500000;5754416,025090692600000;7,653977321000070;51,932764755000051;0
234901;5;5;15;0;2019;2;6;5;3;5;2;2;1;0;0;0;0;0;405209,699755433020000;5757220,782369665800000;7,620505612000045;51,957596676000037;0
234902;5;5;62;36;2019;2;14;5;3;5;3;0;1;1;0;0;0;0;389070,542410428640000;5720119,150362404100000;7,397586480000030;51,621151653000027;0
234904;5;5;62;24;2019;2;13;5;3;5;2;0;1;1;0;0;0;0;368021,465306611730000;5724977,611551953500000;7,091860118000056;51,660270253000078;0
234905;5;5;62;32;2019;2;9;5;3;5;3;0;1;1;0;0;0;0;375469,160000001080000;5713940,732000000800000;7,203400859000055;51,562780119000081;0
234910;5;3;34;2;2019;2;9;5;3;2;6;0;1;1;0;0;0;0;294198,345667946150000;5628148,064138518600000;6,081326907000062;50,768540051000059;0
234911;5;3;82;68;2019;2;8;5;3;6;4;0;1;0;1;0;0;0;370634,913451837380000;5630798,414557714000000;7,163645374000055;50,814449448000062;0
234912;5;1;11;0;2019;2;9;3;3;1;6;0;1;0;0;0;0;1;350145,672225385900000;5670061,096420686700000;6,856804806000071;51,162336165000056;0
234914;5;3;74;4;2019;2;12;5;2;0;7;0;1;0;0;0;0;0;405833,798900228930000;5652890,555330526100000;7,657421368000030;51,019854988000077;0
234918;5;3;15;0;2019;2;10;5;2;5;2;0;1;1;0;0;0;0;363476,280515346680000;5647978,655638359500000;7,055668153000056;50,967213782000044;0
234922;5;3;15;0;2019;2;9;5;3;5;2;0;1;1;0;0;0;0;352493,023102820850000;5644787,785076808200000;6,900648673000035;50,935831346000043;0
234923;5;3;15;0;2019;2;6;5;2;1;5;2;1;1;0;0;0;0;352909,912652489730000;5648643,303182259200000;6,905019892000041;50,970585671000038;0
234925;5;3;15;0;2019;2;7;5;3;5;2;0;1;1;0;0;0;0;355100,995481769550000;5641289,037621378900000;6,939129986000069;50,905049984000073;0
234928;5;1;11;0;2019;2;16;3;3;0;2;0;1;1;0;0;0;0;343347,583493485120000;5681125,953999139400000;6,754825693000043;51,259935997000071;0
234935;5;1;58;28;2019;2;11;5;2;5;6;0;1;0;0;0;0;0;349277,441000000570000;5684362,985999999600000;6,838382343000035;51,290621468000040;0
234936;5;1;54;32;2019;2;8;5;3;5;3;0;1;1;0;0;0;0;309355,586432890040000;5718367,619894681500000;6,248160528000028;51,584073064000052;0
234937;5;1;66;36;2019;2;10;5;3;5;2;0;1;1;0;0;0;0;328225,523576941340000;5679682,581849485600000;6,538991063000026;51,242613811000069;0
234939;5;1;66;32;2019;2;14;5;3;3;6;0;1;0;0;0;0;0;318885,578582820480000;5681863,040661273500000;6,404218028000059;51,259312126000054;0
234943;5;1;14;0;2019;2;6;5;3;0;6;2;1;0;1;0;0;0;336417,267000000920000;5692119,467000002000000;6,650545392000026;51,356760661000067;0
234953;5;1;12;0;2019;2;10;5;3;5;3;0;1;1;0;0;0;0;346354,963000001390000;5695760,218000002200000;6,791583809000031;51,392248095000070;0
234958;5;7;74;16;2019;2;16;5;2;5;7;0;1;1;0;0;0;0;474360,488477841020000;5716220,839620273600000;8,629839951000065;51,596451385000080;0
234961;5;7;66;44;2019;2;19;5;3;5;3;2;1;1;0;0;0;0;492746,544929001480000;5763870,803061168600000;8,894282447000023;52,025420221000047;0
234963;5;7;11;0;2019;2;8;5;3;0;1;0;1;0;0;0;0;0;466544,500000000000000;5759935,751000003900000;8,512786690000041;51,989080148000028;0
234974;5;5;66;28;2019;2;13;4;3;0;1;0;1;0;0;0;0;0;411543,005000000820000;5793544,887000002000000;7,703205811000032;52,285138877000065;0
234975;5;5;62;20;2019;2;14;4;2;5;2;0;1;1;0;0;0;0;371251,705125355160000;5717278,353125279800000;7,141366276000042;51,591827905000059;0
234980;5;3;70;4;2019;2;19;4;2;5;3;2;1;1;0;0;0;0;311339,688251317480000;5661524,040914114600000;6,306862807000073;51,074175156000081;0
234988;5;3;16;0;2019;2;11;4;3;0;1;0;1;0;0;0;0;0;360168,986938243730000;5655652,902943467700000;7,005640892000031;51,035389348000081;0
234989;5;3;16;0;2019;2;9;4;2;0;3;0;1;1;0;0;0;0;358438,177442417480000;5655628,210071887800000;6,980980934000058;51,034743681000066;0
234991;5;3;15;0;2019;2;13;4;3;1;5;0;1;1;0;0;0;0;360071,925855617970000;5647861,002266224500000;7,007260545000065;50,965339540000059;0
234994;5;3;15;0;2019;2;8;4;3;5;3;0;1;1;0;0;0;0;347760,143999999390000;5646099,732000002600000;6,832791766000071;50,946390762000078;0
234995;5;3;15;0;2019;2;15;4;3;0;1;0;1;0;0;0;0;0;354282,786560993640000;5641757,174035595700000;6,927313987000048;50,909051077000072;0
234996;5;3;15;0;2019;2;18;4;3;1;2;2;1;1;0;0;0;0;355774,678651259280000;5644455,912846572700000;6,947452840000040;50,933678914000041;0
235001;5;9;78;12;2019;2;17;3;3;0;1;0;1;0;0;0;0;0;414486,298999998720000;5703760,616999998700000;7,768597548000059;51,478531780000026;0
235009;5;1;14;0;2019;2;7;4;3;5;2;0;1;1;0;0;0;0;329799,979383181780000;5689579,060513798100000;6,556810252000048;51,331994573000031;1
235010;5;1;22;0;2019;2;18;4;3;5;3;2;1;1;0;0;0;0;366022,082794867460000;5669267,944070575800000;7,084018220000075;51,159146660000033;0
235014;5;1;11;0;2019;2;8;4;3;5;5;0;1;1;0;0;0;0;347264,370768228550000;5673698,941957607900000;6,814082653000071;51,194262707000064;0
235021;5;1;11;0;2019;2;12;4;3;0;7;0;1;0;0;0;0;0;346623,225999998860000;5678654,811000002500000;6,802794327000072;51,238622213000042;0
235026;5;9;62;32;2019;2;10;4;3;0;1;0;1;0;0;0;0;0;406783,623999999840000;5673634,495999999300000;7,665598569000053;51,206495594000046;1
235029;5;9;13;0;2019;2;16;4;2;3;3;0;1;1;0;0;0;0;394182,873628927390000;5711405,175441427200000;7,474033213000041;51,543811420000054;0
235031;5;9;13;0;2019;2;8;4;3;1;5;0;1;1;0;0;0;0;394805,919953814710000;5706032,588045842900000;7,484618526000077;51,495636153000078;0
235036;5;5;66;12;2019;2;14;3;3;5;3;0;1;1;0;0;0;0;401380,416634331460000;5777149,140030572200000;7,559045707000053;52,136047854000026;0
235038;5;5;58;12;2019;2;5;3;2;0;6;2;1;1;0;0;0;0;373459,293546673840000;5755863,811764232800000;7,159163190000072;51,939084370000046;1
235039;5;5;54;40;2019;2;9;3;3;5;3;0;1;0;0;0;0;0;350475,215528572910000;5737330,184739502100000;6,833060765000028;51,766864118000058;0
235042;5;5;15;0;2019;2;18;3;3;5;3;2;1;1;0;0;0;0;408008,289646305140000;5751386,028085654600000;7,662781682000059;51,905620384000031;0
235045;5;5;12;0;2019;2;7;3;3;0;1;0;1;0;0;0;0;0;355858,095908793620000;5719171,667750710600000;6,918512817000021;51,605112781000059;2
235048;5;3;34;4;2019;2;10;3;3;5;3;0;1;0;0;0;1;0;299762,002039300280000;5640059,617701383300000;6,153622912000060;50,877472739000041;0
235049;5;3;82;68;2019;2;13;3;3;6;6;0;1;0;1;0;0;0;368351,025000734250000;5630508,639315836100000;7,131347486000038;50,811330310000073;0
235051;5;3;15;0;2019;2;7;3;3;0;1;0;1;0;0;0;0;0;351660,893975063230000;5656153,323700252900000;6,884174177000034;51,037753151000061;2
235052;5;3;15;0;2019;2;8;3;2;0;3;0;1;1;0;0;0;0;351951,155550481750000;5655032,402903633200000;6,888769222000065;51,027755036000030;1
235055;5;3;15;0;2019;2;19;3;3;4;6;2;1;1;0;0;0;0;355794,061903509310000;5643661,192051705000000;6,948042898000040;50,926541736000047;0
235056;5;3;14;0;2019;2;19;3;3;1;5;2;1;1;0;0;0;0;370212,745855561460000;5616203,918823145300000;7,162799065000058;50,683176038000056;0
235059;5;3;14;0;2019;2;8;3;3;1;5;0;1;1;0;0;0;0;365149,158496649000000;5622881,009158060000000;7,088723493000032;50,742037896000056;1
235061;5;1;70;24;2019;2;7;3;3;0;2;0;1;0;0;0;0;0;333603,299999998880000;5702415,592000002000000;6,605338705000065;51,448444279000057;2
235062;5;1;70;48;2019;2;16;3;2;6;4;0;1;0;1;0;0;0;335284,821843305600000;5725637,883644104000000;6,618640722000066;51,657562785000039;0
235063;5;1;70;48;2019;2;14;3;3;5;3;0;1;1;0;0;0;0;338364,635201517490000;5725642,528457790600000;6,663124503000063;51,658498549000058;0
235065;5;1;58;16;2019;2;14;3;3;5;2;0;1;1;0;0;0;0;356346,531999999660000;5669548,500000001900000;6,945630888000039;51,159320444000059;0
235069;5;1;54;12;2019;2;7;3;3;5;3;2;1;1;0;0;0;0;315393,249501145440000;5711552,014761177800000;6,338784882000027;51,524865744000067;1
235070;5;1;54;36;2019;2;17;3;3;5;2;0;1;1;0;0;0;0;302265,989489882250000;5741865,776498220900000;6,132649386000026;51,792649346000076;0
235071;5;1;66;36;2019;2;7;3;3;0;1;0;1;0;0;0;0;0;327515,855081640180000;5681823,398588253200000;6,527802037000072;51,261632225000028;2
235075;5;1;62;24;2019;2;7;3;3;0;1;0;1;0;0;0;0;0;338265,387537391860000;5675559,572507245500000;6,684562447000076;51,208504235000078;2
235077;5;1;62;24;2019;2;7;3;3;0;1;0;1;0;0;0;0;0;338284,639395139180000;5675720,973884083300000;6,684765068000047;51,209959850000075;2
235090;5;9;54;36;2019;2;11;4;3;4;6;0;1;1;0;0;0;0;387260,739000000990000;5702615,368000002600000;7,377061956000034;51,463467327000046;0
235091;5;9;16;0;2019;2;12;4;3;5;7;0;1;1;0;0;0;0;379825,010795765560000;5712872,251066824400000;7,266576151000038;51,554122142000040;0
235093;5;9;11;0;2019;2;7;4;3;0;7;1;1;1;0;0;0;0;370952,717871965840000;5703979,652897041300000;7,141926042000023;51,472244965000073;0
235095;5;5;58;12;2019;2;13;3;3;6;4;0;1;0;1;0;0;0;373995,212496642950000;5756492,779734587300000;7,166724620000025;51,944858167000064;0
235096;5;5;54;20;2019;2;13;3;3;5;3;0;1;1;0;0;0;0;367024,469366576520000;5786445,814638685400000;7,053691660000027;52,212384101000055;0
235097;5;5;54;48;2019;2;9;3;3;1;1;0;1;1;0;0;0;0;340501,875505776140000;5745444,317980414300000;6,684915778000061;51,837008912000044;0
235098;5;5;15;0;2019;2;7;3;3;1;4;0;1;0;1;0;0;0;405136,610925339160000;5755839,153832702000000;7,619823649000068;51,945165552000049;0
235099;5;5;15;0;2019;2;13;3;2;2;7;0;1;0;0;0;0;0;405309,908842961300000;5759448,771612802500000;7,621349057000032;51,977639817000068;0
235100;5;5;62;8;2019;2;14;3;3;5;3;0;1;1;0;0;0;0;385295,875577249560000;5723908,470821138500000;7,341842404000033;51,654452458000037;0
235101;5;5;13;0;2019;2;8;3;3;1;5;0;1;1;0;0;0;0;365256,539150745610000;5715814,597867665800000;7,055433241000060;51,577272111000070;0
235103;5;3;70;16;2019;2;15;3;3;5;3;0;1;1;0;0;0;0;299701,487099132500000;5659843,564330490300000;6,141872088000071;51,055139253000050;0
235104;5;3;34;36;2019;2;15;3;2;5;3;0;1;1;0;0;0;0;297920,126974443910000;5633814,729707868800000;6,130921108000052;50,820743646000039;0
235105;5;3;82;76;2019;2;17;3;3;1;3;0;1;1;0;0;0;0;398393,444903546010000;5628417,837372664400000;7,558188926000071;50,798583936000057;0
235109;5;3;15;0;2019;2;15;3;3;3;2;0;1;1;0;0;1;0;351682,411573790010000;5646055,728754529700000;6,888603994000050;50,947017794000033;0
235111;5;3;15;0;2019;2;12;3;3;1;5;0;1;0;0;0;0;0;358834,659513679330000;5640063,748764462800000;6,992671552000047;50,894963180000047;0
235113;5;3;14;0;2019;2;9;3;3;5;2;0;1;1;0;0;0;0;366367,775214785710000;5619140,374363658900000;7,107340600000043;50,708698762000040;0
235115;5;1;58;32;2019;2;7;3;3;0;7;0;1;1;0;0;0;0;365646,405469330030000;5689510,858221769300000;7,071049932000051;51,340982301000054;1
235116;5;1;54;8;2019;2;22;3;3;1;5;2;1;1;0;0;0;0;310382,827087171380000;5746141,899225857100000;6,247862523000038;51,833862653000040;0
235120;5;1;22;0;2019;2;15;3;3;5;3;0;1;1;0;0;0;0;365811,742381352930000;5670980,595255645000000;7,080372939000029;51,174489291000043;0
235126;5;1;13;0;2019;2;17;3;3;6;7;0;1;0;1;0;0;0;359648,633000001310000;5698073,220000000700000;6,981611822000048;51,416477439000062;0
235128;5;1;12;0;2019;2;13;3;3;5;3;0;1;0;0;0;0;0;341685,920185844410000;5697194,890842864300000;6,723889394000025;51,403854930000080;0