OBJECTID;ULAND;UREGBEZ;UKREIS;UGEMEINDE;UJAHR;UMONAT;USTUNDE;UWOCHENTAG;UKATEGORIE;UART;UTYP1;ULICHTVERH;IstRad;IstPKW;IstFuss;IstKrad;IstGkfz;IstSonstige;LINREFX;LINREFY;XGCSWGS84;YGCSWGS84;STRZUSTAND
235130;5;1;11;0;2019;2;11;3;3;3;2;0;1;0;0;0;1;0;350618,924106368800000;5672054,667016446600000;6,862739832000045;51,180374111000049;0
235133;5;7;54;48;2019;2;17;3;3;5;3;1;1;0;0;0;0;1;441462,875619675960000;5766254,366732917700000;8,146476370000073;52,043807013000048;0
235140;5;9;62;40;2019;2;20;3;2;0;1;2;1;0;0;0;0;0;413792,105091924780000;5698661,449250556500000;7,759846567000068;51,432586487000037;0
235149;5;5;66;80;2019;2;7;2;3;5;3;0;1;1;0;0;0;0;406292,706401489680000;5781681,312571467800000;7,629546879000031;52,177638654000077;0
235150;5;5;54;4;2019;2;7;2;3;4;2;0;1;0;0;0;0;0;357286,503633382730000;5771257,085894474800000;6,917637291000062;52,073480905000054;0
235152;5;5;54;8;2019;2;8;2;3;6;4;0;1;0;1;0;0;0;335215,478022579100000;5746047,039025083200000;6,607968687000039;51,840888789000076;0
235153;5;5;15;0;2019;2;16;2;3;5;3;0;1;1;0;0;0;0;401648,180000000630000;5755592,414000000800000;7,569157521000022;51,942342003000078;0
235154;5;5;15;0;2019;2;16;2;3;0;3;0;1;1;0;0;0;0;402298,829353902490000;5758272,338992977500000;7,577858133000063;51,966544499000065;0
235155;5;5;15;0;2019;2;14;2;3;5;3;0;1;0;0;0;0;1;404062,207318154160000;5748928,500121654900000;7,606122006000021;51,882865418000051;0
235156;5;5;15;0;2019;2;12;2;2;5;3;0;1;1;0;0;0;0;402586,113398678600000;5753917,301387481400000;7,583272599000054;51,927450592000071;0
235157;5;5;62;4;2019;2;15;2;3;0;3;0;1;1;0;0;0;0;382510,665178264490000;5714884,445026235700000;7,304623423000066;51,572772839000038;0
235158;5;5;62;12;2019;2;5;2;3;5;3;2;1;1;0;0;0;0;363324,800412090500000;5726079,126172132800000;7,023567907000029;51,669046102000038;0
235163;5;3;58;24;2019;2;17;2;3;6;7;1;1;0;1;0;0;0;314706,486969960850000;5645045,773916909500000;6,363278128000047;50,927248755000051;0
235167;5;3;34;2;2019;2;9;2;3;0;1;0;1;0;0;0;0;0;297710,753000001420000;5630800,558000000200000;6,129613195000047;50,793598776000067;1
235170;5;3;82;68;2019;2;14;2;3;4;5;0;1;0;0;0;0;0;365919,176396257240000;5626497,694952450700000;7,098313339000072;50,774722694000047;0
235171;5;3;82;28;2019;2;13;2;3;3;7;0;1;1;0;0;0;0;373892,253157163040000;5633459,172181243100000;7,208944188000032;50,839083753000068;0
235174;5;3;62;12;2019;2;12;2;3;5;2;0;1;1;0;0;0;0;352220,556235842410000;5632616,660728206900000;6,901694087000067;50,826384151000070;0
235176;5;3;16;0;2019;2;8;2;3;0;3;0;1;1;0;0;0;0;362296,344486682680000;5654931,862083202200000;7,036237382000024;51,029422949000036;0
235178;5;3;15;0;2019;2;20;2;3;0;5;2;1;1;0;0;0;0;359531,771782437340000;5644898,140161221800000;7,000716289000025;50,938580575000060;0
235180;5;3;15;0;2019;2;9;2;3;3;6;0;1;0;0;0;1;0;357663,295621328060000;5645602,093168070500000;6,973864882000044;50,944448795000028;0
235182;5;3;15;0;2019;2;18;2;2;5;2;0;1;1;0;0;0;0;356097,377509231680000;5647671,174077935500000;6,950771597000028;50,962654517000033;0
235183;5;3;15;0;2019;2;13;2;3;0;7;0;1;0;0;0;0;0;357246,565306250010000;5642744,537438746500000;6,969055953000066;50,918665053000041;0
235187;5;1;70;8;2019;2;19;2;3;5;2;2;1;1;0;0;0;0;343652,988361363300000;5716516,500245282400000;6,743588769000041;51,578001131000065;0
235188;5;1;70;8;2019;2;18;2;2;1;5;1;1;1;0;0;0;0;342707,822524487040000;5714729,371835913500000;6,730759512000020;51,561681633000035;0
235189;5;1;70;48;2019;2;14;2;2;5;3;0;1;0;0;1;0;0;338272,625902604310000;5726799,715073840700000;6,661259975000064;51,668868226000029;0
235190;5;1;58;28;2019;2;18;2;3;5;3;2;1;1;0;0;0;0;355529,688586018050000;5684632,696302728700000;6,927876773000037;51,294665591000069;0
235191;5;1;58;32;2019;2;17;2;3;4;5;0;1;1;0;0;0;0;363571,981000808070000;5688599,100673314200000;7,041634695000028;51,332294521000051;0
235193;5;1;54;8;2019;2;13;2;3;2;6;0;1;1;0;0;0;0;310374,322828880510000;5746949,240411087900000;6,247296812000059;51,841110356000058;0
235196;5;1;66;32;2019;2;16;2;3;4;2;0;1;1;0;0;0;0;318336,373425283470000;5682085,757811076900000;6,396242275000020;51,261138034000055;0
235198;5;1;16;0;2019;2;13;2;3;5;3;0;1;1;0;0;0;0;323364,671984006650000;5677531,444631891300000;6,470482017000052;51,221805112000027;0
235199;5;1;14;0;2019;2;15;2;3;5;2;0;1;1;0;0;0;0;335856,344000001440000;5691930,436000002500000;6,642583671000068;51,354900572000076;0
235202;5;1;13;0;2019;2;19;2;3;0;7;2;1;1;0;0;0;0;354666,110965339470000;5705118,440889906100000;6,907115345000022;51,478529146000028;0
235206;5;1;12;0;2019;2;8;2;3;3;5;0;1;1;0;0;0;0;343766,437690011230000;5708687,599787192400000;6,748700123000049;51,507692234000046;0
235207;5;1;11;0;2019;2;15;2;3;5;3;0;1;1;0;0;0;0;350362,193498205390000;5675660,377232151100000;6,857566561000056;51,212707556000055;0
235209;5;1;11;0;2019;2;10;2;3;0;1;0;1;0;0;0;0;0;343651,228672475550000;5675465,160264371000000;6,761644608000040;51,209155636000048;0
235211;5;1;11;0;2019;2;8;2;3;3;6;0;1;1;0;0;0;1;345609,637368828990000;5679332,054942483100000;6,787993697000047;51,244434161000072;0
235215;5;7;54;12;2019;2;8;2;3;5;3;0;1;1;0;0;0;0;456514,336152238770000;5767451,806085238200000;8,365770670000075;52,055957545000069;0
235216;5;7;54;8;2019;2;7;2;3;5;2;0;1;1;0;0;0;0;456733,800000000750000;5750953,222000001000000;8,371052200000065;51,907645155000068;0
235219;5;7;11;0;2019;2;10;2;3;0;3;0;1;0;0;0;0;1;464570,982000000770000;5760884,406999999700000;8,483949479000046;51,997486753000032;0
235222;5;9;74;40;2019;2;22;2;2;0;7;2;1;0;0;0;0;0;439589,129835422150000;5714040,930563129500000;8,128262294000024;51,574196756000049;0
235223;5;9;74;28;2019;2;18;2;3;5;3;1;1;1;0;0;0;0;454532,088832471520000;5725201,965663364200000;8,342424558000062;51,675948407000078;0
235227;5;9;13;0;2019;2;18;2;3;5;3;2;1;1;0;0;0;0;395143,846927660520000;5708728,345919679900000;7,488683105000064;51,519929987000069;0
235229;5;9;13;0;2019;2;12;2;3;5;7;0;1;0;0;0;0;0;393480,561477717010000;5706065,827329695200000;7,465523256000040;51,495686743000078;0
235230;5;9;16;0;2019;2;15;2;2;5;2;0;1;1;0;0;0;0;374200,312645730560000;5712283,641098680000000;7,185697885000025;51,547606029000065;0
235233;5;5;15;0;2019;2;17;1;3;5;2;0;1;1;0;0;0;0;414331,962000000290000;5753938,886000001800000;7,754044963000069;51,929576275000045;0
235234;5;5;15;0;2019;2;13;1;3;0;6;0;1;0;0;0;0;0;404983,936028581110000;5770762,805159555700000;7,613462385000048;52,079277940000054;0
235242;5;3;15;0;2019;2;18;1;3;3;2;2;1;1;0;0;0;0;356528,264999999660000;5646354,067000003500000;6,957422612000073;50,950925339000037;0
235244;5;1;62;4;2019;2;15;1;3;0;3;0;1;1;0;0;0;0;348735,638164875100000;5662226,063364515100000;6,839942001000054;51,091560277000042;0
235245;5;1;14;0;2019;2;14;1;3;0;2;0;1;0;0;0;0;0;332509,003561712800000;5686466,836463660000000;6,597122836000040;51,304838415000063;0
235246;5;1;13;0;2019;2;16;1;3;0;7;0;1;0;1;0;0;0;360832,937088514680000;5694833,906893368800000;6,999902673000065;51,387659655000050;0
235247;5;1;13;0;2019;2;16;1;3;0;1;0;1;0;0;0;0;0;360033,482874184850000;5694307,861741885500000;6,988627893000057;51,382735820000050;0
235252;5;7;54;8;2019;2;15;1;3;5;3;0;1;1;0;0;0;0;455151,462829090650000;5748493,675938824200000;8,348371784000051;51,885407364000059;0
235254;5;7;11;0;2019;2;11;1;3;5;3;0;1;1;0;0;0;0;466726,450167303900000;5765353,974474400300000;8,514909813000031;52,037804243000039;0
235261;5;5;70;20;2019;2;8;7;2;5;3;0;1;0;0;0;0;0;433121,340490593570000;5743497,758027480900000;8,029293109000037;51,838287114000082;0
235266;5;5;15;0;2019;2;16;7;3;5;3;0;1;1;0;0;0;0;403679,089866177180000;5761115,475216334700000;7,597144547000028;51,992340324000054;0
235272;5;5;62;32;2019;2;17;7;3;0;5;0;1;1;0;0;0;0;376219,372578463520000;5716826,994537003300000;7,213201319000063;51,588884800000073;0
235276;5;3;58;8;2019;2;14;7;3;0;1;0;1;0;0;0;0;0;320878,554185813290000;5630034,825924973900000;6,458358807000025;50,794342241000038;1
235277;5;3;34;2;2019;2;11;7;3;5;3;0;1;0;0;0;0;0;293574,453486244190000;5627610,650764033200000;6,072792638000067;50,763491857000076;0
235279;5;3;15;0;2019;2;13;7;3;6;4;0;1;0;1;0;0;0;360108,617667623800000;5648362,168869378000000;7,007589997000025;50,969852490000051;0
235281;5;3;15;0;2019;2;19;7;3;6;4;1;1;0;1;0;0;0;355549,618049998770000;5644998,428715445100000;6,944037029000072;50,938498074000051;0
235282;5;3;14;0;2019;2;13;7;3;6;4;0;1;0;1;0;0;0;369509,838506127710000;5616453,031917445400000;7,152766634000045;50,685257933000059;0
235285;5;3;82;24;2019;2;15;7;3;3;5;0;1;1;0;0;0;0;380943,507532105780000;5615987,891745053200000;7,314694498000051;50,683528863000049;0
235286;5;3;14;0;2019;2;15;7;3;2;6;0;1;0;0;0;0;0;366459,286000002180000;5622200,997000003200000;7,107527843000071;50,736228736000044;0
235287;5;3;14;0;2019;2;11;7;3;0;1;0;1;0;0;0;0;0;365884,378000000490000;5621594,861000003300000;7,099605838000059;50,730648334000080;0
235289;5;1;54;8;2019;2;11;7;3;5;2;0;1;1;0;0;0;0;310625,089774483810000;5747235,008361103000000;6,250776105000057;51,843761880000045;0
235291;5;1;66;16;2019;2;15;7;3;5;3;0;1;0;0;0;0;0;304154,489337195640000;5688724,833145031700000;6,189587739000046;51,316070522000075;0
235292;5;1;62;8;2019;2;13;7;2;3;2;0;1;1;0;0;0;0;333802,852000001820000;5664652,322000002500000;6,625771784000051;51,109226897000042;0
235293;5;1;62;22;2019;2;16;7;3;5;2;0;1;1;0;0;0;0;339274,454933981410000;5678828,214605007300000;6,697530462000032;51,238157472000069;0
235294;5;1;14;0;2019;2;20;7;3;7;7;2;1;0;0;0;0;0;331291,513790500350000;5687474,056550152600000;6,579196667000076;51,313527736000026;0
235296;5;1;14;0;2019;2;12;7;3;4;7;0;1;1;0;0;0;0;329591,210375354630000;5689199,593321710800000;6,553997837000054;51,328523000000075;0
235299;5;1;20;0;2019;2;10;7;3;0;7;0;1;1;0;0;0;0;375001,035871305500000;5671545,410726508100000;7,211562547000028;51,181648441000050;0
235304;5;1;11;0;2019;2;15;7;3;5;2;0;1;1;0;0;0;0;350385,856576048770000;5670044,212444823200000;6,860244341000055;51,162247310000055;0
235310;5;7;62;20;2019;2;18;7;2;0;5;2;1;1;0;0;0;0;527288,351924002170000;5741300,954325964700000;9,395927729000050;51,821874037000043;0
235311;5;7;54;8;2019;2;17;7;3;5;2;0;1;1;0;0;0;0;456899,551584445870000;5751238,164188373800000;8,373425875000066;51,910219795000046;0
235312;5;7;54;8;2019;2;16;7;2;5;3;0;1;1;0;0;0;0;455989,220689439210000;5748960,093805253500000;8,360483673000033;51,889667497000062;0
235313;5;7;54;8;2019;2;8;7;3;5;3;0;1;1;0;0;0;0;456016,627616080460000;5749339,793774122400000;8,360833465000042;51,893083377000039;0
235314;5;9;74;40;2019;2;16;7;3;0;5;0;1;1;0;0;0;0;437814,174962441440000;5714249,554577108500000;8,102615832000026;51,575879376000046;0
235318;5;9;14;0;2019;2;12;7;3;0;3;0;1;0;0;0;0;1;390340,228483892050000;5693231,528166350000000;7,424278258000072;51,379726329000050;0
235323;5;9;16;0;2019;2;20;7;3;5;3;2;1;1;0;0;0;0;372503,251104315740000;5710891,805968632900000;7,161740276000046;51,534716674000038;0
235325;5;5;70;8;2019;2;8;6;3;5;3;0;1;1;0;0;0;0;433224,596280292610000;5734577,729434214500000;8,032509480000044;51,758108563000064;0
235326;5;5;66;68;2019;2;11;6;3;5;3;0;1;1;0;0;0;0;376997,355399844240000;5785872,367869693800000;7,199787826000033;52,209547463000035;0
235328;5;5;15;0;2019;2;16;6;3;9;7;0;1;0;0;0;0;0;408367,812000001780000;5757739,730000002300000;7,666313864000074;51,962790677000044;1
235329;5;5;15;0;2019;2;15;6;3;3;6;0;1;1;0;0;0;0;412688,055308874700000;5753407,314265355500000;7,730277146000049;51,924542608000081;0
235331;5;5;15;0;2019;2;13;6;3;5;7;0;1;1;0;0;0;0;403006,209000000730000;5754861,892999999200000;7,589113916000031;51,936014256000078;0
235332;5;5;62;28;2019;2;12;6;3;5;3;0;1;1;0;0;0;0;380606,209830112760000;5721547,311638595500000;7,274887011000033;51,632255222000026;0
235335;5;5;62;32;2019;2;17;6;2;0;7;2;1;0;0;0;0;1;375282,170269049700000;5719675,530720107300000;7,198666839000055;51,614278287000047;0
235344;5;5;13;0;2019;2;11;1;3;3;2;0;1;1;0;0;0;0;365917,550705581900000;5709251,864309016600000;7,067467978000025;51,518453542000032;0
235345;5;3;58;32;2019;2;10;1;2;7;7;0;1;0;0;0;0;0;312325,671090806830000;5631030,236631091700000;6,336626002000060;50,800578194000082;0
235353;5;3;62;32;2019;2;15;1;3;0;1;0;1;0;0;0;0;0;336035,164024313910000;5641658,511324547200000;6,668020584000033;50,903270382000073;0
235355;5;3;16;0;2019;2;17;1;2;0;7;0;1;0;0;0;0;0;362670,979671582580000;5660229,368799215200000;7,039566738000076;51,077122091000035;0
235356;5;3;15;0;2019;2;16;1;3;4;3;0;1;0;0;0;0;0;366408,887000000100000;5636410,617000002400000;7,101644761000046;50,863931541000056;0
235359;5;3;15;0;2019;2;2;1;3;1;7;2;1;1;0;0;0;0;355885,676439827310000;5647735,826066080500000;6,947733352000057;50,963182616000040;0
235362;5;3;14;0;2019;2;14;1;3;5;3;0;1;1;0;0;0;0;364070,201702885330000;5622983,088041219900000;7,073402681000061;50,742703786000050;0
235364;5;1;70;8;2019;2;14;1;3;0;7;0;1;1;0;0;0;0;344392,918766115790000;5716622,803774308400000;6,754211548000058;51,579160974000047;0
235366;5;1;58;16;2019;2;1;1;3;1;5;2;1;1;0;0;0;0;355033,492477348070000;5672046,429543258600000;6,925859270000046;51,181436513000051;0
235367;5;1;58;32;2019;2;15;1;3;5;3;0;1;1;0;0;0;0;362260,502886244100000;5689702,769327012800000;7,022394099000053;51,341896607000081;0
235368;5;1;62;22;2019;2;18;1;3;4;6;2;1;0;0;0;0;0;339028,599992170000000;5679722,089191127600000;6,693609708000054;51,246119479000072;0
235369;5;1;14;0;2019;2;12;1;3;5;3;0;1;1;0;0;0;0;335409,349392723290000;5694085,226380899500000;6,635172437000051;51,374130498000056;0
235371;5;1;13;0;2019;2;14;1;3;1;5;0;1;1;0;0;0;0;356290,924204684790000;5705812,854383518900000;6,930214439000054;51,485184171000071;0
235375;5;9;74;40;2019;2;22;1;3;2;1;2;1;1;0;0;0;0;437872,820769189860000;5713211,646450569900000;8,103645569000037;51,566554513000028;0
235378;5;9;13;0;2019;2;16;1;2;4;7;0;1;1;0;0;0;0;398185,088737182320000;5707591,856210943300000;7,532829852000020;51,510270780000042;0
235380;5;5;66;76;2019;2;18;7;3;0;1;2;1;0;0;0;0;0;391949,412000002340000;5794128,467000002000000;7,415881660000025;52,286880838000059;0
235381;5;5;54;20;2019;2;18;7;3;5;3;2;1;1;0;0;0;0;366501,137855972160000;5786459,970690369600000;7,046031106000044;52,212384764000035;0
235382;5;5;54;20;2019;2;16;7;3;5;3;0;1;1;0;0;0;0;365602,745493510740000;5783123,390758929800000;7,034213627000042;52,182186026000068;0
235383;5;5;54;4;2019;2;13;7;3;5;2;0;1;1;0;0;0;0;363645,703711762090000;5771640,650664353700000;7,010210487000052;52,078529674000038;0
235384;5;5;15;0;2019;2;10;7;3;1;5;0;1;1;0;0;0;0;404739,104435275310000;5756870,428569806700000;7,613756284000033;51,954367138000066;0
235388;5;3;70;36;2019;2;9;7;3;5;3;0;1;1;0;0;0;0;297110,382928999140000;5667491,358846170800000;6,100654248000069;51,122913568000058;0
235390;5;3;82;68;2019;2;12;7;2;2;6;0;1;1;0;0;0;0;367224,201999999580000;5633524,103000002000000;7,114270516000033;50,838175794000051;0
235393;5;3;62;36;2019;2;12;7;3;5;2;0;1;1;0;0;0;0;345396,522000000810000;5651647,572000002500000;6,796812420000038;50,995614070000045;0
235395;5;3;15;0;2019;2;12;7;3;0;7;0;1;0;0;0;0;0;358397,994078761900000;5645741,718980018000000;6,984261946000061;50,945884536000051;0
235396;5;3;15;0;2019;2;13;7;3;0;1;0;1;0;0;0;0;0;354733,180374698710000;5644292,195280291100000;6,932706257000064;50,931946242000038;0
235398;5;3;14;0;2019;2;23;7;3;0;7;2;1;0;0;0;0;0;369500,409859991630000;5618344,477028342000000;7,151965125000061;50,702256683000030;0
235400;5;3;14;0;2019;2;14;7;3;5;3;0;1;1;0;0;0;0;370010,202651512810000;5616907,316536789800000;7,159686160000035;50,689453205000063;0
235402;5;3;82;12;2019;2;15;7;3;6;7;0;1;0;1;0;0;0;352528,997476115820000;5628526,003057055200000;6,907713920000049;50,789700915000026;0
235408;5;1;66;28;2019;2;8;7;3;5;3;0;1;1;0;0;0;0;321188,740360664200000;5687242,132559169100000;6,434499511000070;51,308359723000081;0
235413;5;1;11;0;2019;2;12;7;3;5;3;0;1;1;0;0;0;0;348066,142971738240000;5676249,616171013600000;6,824468538000076;51,217396027000063;0
235415;5;1;11;0;2019;2;3;7;3;8;1;2;1;0;0;0;0;0;348887,164000000800000;5677285,526000000500000;6,835779006000053;51,226922320000028;0
235426;5;9;54;12;2019;2;9;7;3;5;3;0;1;1;0;0;0;0;383789,294629235750000;5686766,097702587000000;7,332299813000077;51,320310816000074;0
235429;5;9;11;0;2019;2;16;7;3;4;7;0;1;1;0;0;0;0;379939,348563691600000;5703343,212395785400000;7,271469653000054;51,468503232000046;0
235433;5;5;66;28;2019;2;13;6;2;0;1;0;1;0;0;0;0;0;412254,926184424200000;5792243,601794736500000;7,713978495000049;52,273556711000026;0
235434;5;5;66;76;2019;2;19;6;2;0;7;2;1;0;0;0;0;0;394216,630792913030000;5795675,215563133400000;7,448622059000059;52,301222889000030;0
235435;5;5;66;12;2019;2;17;6;3;5;2;0;1;1;0;0;0;0;401036,449303166940000;5775968,070826463400000;7,554365321000034;52,125371029000064;0
235438;5;5;54;8;2019;2;11;6;3;6;4;0;1;0;1;0;0;0;336126,858700807210000;5745832,949184211000000;6,621287467000059;51,839233702000058;1
235448;5;3;82;68;2019;2;16;6;3;0;1;0;1;0;0;0;0;0;368158,957142961210000;5632659,392632344700000;7,127849703000038;50,830617540000048;0
235458;5;3;14;0;2019;2;13;6;2;0;1;0;1;0;0;0;0;0;369346,901000000540000;5617240,450999999400000;7,150182967000035;50,692298919000052;0
235459;5;3;14;0;2019;2;8;6;3;0;1;0;1;0;0;0;0;0;369375,421015959230000;5621450,628214716900000;7,149096483000051;50,730147469000030;1
235461;5;3;14;0;2019;2;5;6;3;5;3;1;1;1;0;0;0;0;365943,301205859520000;5618226,270041840200000;7,101664095000047;50,700385049000033;1
235464;5;1;54;32;2019;2;6;6;3;3;6;2;1;1;0;0;0;0;309590,948337033390000;5718399,324291007600000;6,251536436000038;51,584437368000067;1
235466;5;1;66;28;2019;2;7;6;3;4;2;0;1;1;0;0;0;0;323779,994000000880000;5688124,690000001300000;6,471202395000034;51,317096136000032;1
235470;5;1;13;0;2019;2;15;6;3;5;3;0;1;1;0;0;0;0;360947,191999648700000;5695287,101458372500000;7,001366168000061;51,391760260000069;0
235471;5;1;12;0;2019;2;11;6;3;5;3;0;1;1;0;0;0;0;340409,722865669990000;5695500,395279094600000;6,706318911000039;51,388272810000046;0
235473;5;7;54;28;2019;2;22;6;2;0;1;2;1;0;0;0;0;0;450689,542000000370000;5745468,535000000100000;8,283979460000069;51,857833155000037;0
235475;5;9;70;40;2019;2;18;6;3;5;7;2;1;1;0;0;0;0;432371,008977399210000;5639209,632097428700000;8,038251344000059;50,900580208000065;0
235482;5;9;54;36;2019;2;18;6;3;0;5;2;1;1;0;0;0;0;384351,359894301740000;5700291,381371699300000;7,335958524000034;51,441992306000031;0
235484;5;5;66;12;2019;2;11;5;3;6;3;0;1;0;1;0;0;0;404891,542485008020000;5772888,324701927600000;7,611521591000042;52,098366630000044;0
235486;5;5;54;56;2019;2;13;5;3;5;3;0;1;1;0;0;0;0;357139,753097225910000;5762619,002457451100000;6,919105455000022;51,995830231000070;0
235489;5;5;15;0;2019;2;13;5;3;5;5;0;1;1;0;0;0;0;405717,736999999730000;5757890,366000000400000;7,627713046000054;51,963701560000061;1
235492;5;5;62;20;2019;2;13;5;3;0;1;0;1;0;0;0;0;0;370155,309596336450000;5718311,827237101300000;7,125165103000029;51,600863875000073;0
235505;5;3;15;0;2019;2;10;5;3;1;1;0;1;1;0;0;0;0;360568,013725790200000;5646631,630005791800000;7,014791919000061;50,954411260000029;0
235510;5;3;15;0;2019;2;18;5;2;0;1;2;1;0;0;0;0;0;356948,636379770000000;5644179,303176455200000;6,964257302000021;50,931485421000048;1
235511;5;3;14;0;2019;2;18;5;3;5;2;2;1;1;0;0;0;0;369996,492172196510000;5616064,555609177800000;7,159788581000044;50,681875116000072;1
235513;5;3;14;0;2019;2;17;5;3;1;5;0;1;1;0;0;0;0;364875,766000001690000;5624325,594999998800000;7,084320946000048;50,754958075000047;1
235518;5;1;62;4;2019;2;13;5;3;5;3;0;1;0;0;0;0;1;345975,486478763630000;5667071,088214991600000;6,798489187000030;51,134361565000063;0
235519;5;1;62;22;2019;2;14;5;3;1;5;0;1;1;0;0;0;0;338520,718556151730000;5678961,727325450600000;6,686682054000073;51,239144237000062;1
235520;5;1;14;0;2019;2;9;5;3;4;6;0;1;1;0;0;0;0;331246,440729625520000;5688713,097795775200000;6,577964044000055;51,324645878000069;0
235524;5;1;12;0;2019;2;13;5;3;5;3;0;1;1;0;0;0;0;344057,143000001090000;5695245,131000001000000;6,758809277000069;51,386993214000029;0
235525;5;1;12;0;2019;2;19;5;1;0;5;2;1;1;0;0;0;0;343742,972625073980000;5696499,682216903200000;6,753745582000022;51,398178921000067;1
235529;5;1;11;0;2019;2;19;5;3;5;3;2;1;1;0;0;0;0;342262,243326353840000;5679230,574991112600000;6,740118676000066;51,242606562000049;1
235531;5;7;74;32;2019;2;13;5;3;0;1;0;1;0;0;0;0;0;483318,984897131100000;5729779,546003244800000;8,758525996000060;51,718699776000051;0
235536;5;9;78;36;2019;2;10;5;3;5;3;0;1;1;0;0;0;0;408044,714055593130000;5712141,259726336200000;7,673677548000057;51,552857349000078;0
235541;5;9;13;0;2019;2;14;5;3;1;5;0;1;1;0;0;0;0;391193,865979889410000;5703750,387666946300000;7,433308671000020;51,474439180000047;0
235543;5;9;54;36;2019;2;18;5;3;5;3;2;1;1;0;0;0;0;387115,751399807630000;5700831,835033731500000;7,375544931000036;51,447407715000054;0
235545;5;5;70;4;2019;2;9;4;3;5;3;0;1;1;0;0;0;0;423890,554416671400000;5735241,586197812100000;7,897151064000070;51,762885665000056;0
235548;5;5;66;64;2019;2;16;4;3;5;2;0;1;1;0;0;0;0;394566,701688892210000;5770951,889367632600000;7,461445108000021;52,079091622000078;0
235549;5;5;66;12;2019;2;7;4;3;4;6;1;1;1;0;0;0;0;404580,708820970730000;5772639,560603605600000;7,607054870000070;52,096077180000066;0
235550;5;5;54;20;2019;2;15;4;3;5;3;0;1;1;0;0;0;0;366202,710426440460000;5783287,445439660900000;7,042918835000023;52,183805971000027;0
235551;5;5;54;20;2019;2;17;4;2;5;3;0;1;1;0;0;0;0;366096,895939843730000;5785617,013308402200000;7,040451502000053;52,204712395000058;0
235552;5;5;54;20;2019;2;18;4;3;3;6;1;1;0;0;0;0;0;363870,198197991590000;5786964,397801855600000;7,007345216000033;52,216273487000080;0
235553;5;5;54;12;2019;2;9;4;3;8;1;0;1;0;0;0;0;0;352012,388924019410000;5746120,136721544000000;6,851567808000027;51,846249702000080;0
235554;5;5;15;0;2019;2;19;4;3;5;3;2;1;1;0;0;0;0;407713,118999999020000;5751437,568000000000000;7,658478460000026;51,906034838000039;0
235555;5;5;15;0;2019;2;7;4;3;0;7;0;1;0;0;0;0;1;404459,812725829890000;5754627,836238971000000;7,610316487000034;51,934161919000076;0
235561;5;3;34;4;2019;2;18;4;3;1;5;1;1;1;0;0;0;0;302003,128048237410000;5638032,756350452100000;6,186536090000061;50,860039868000058;0
235563;5;3;34;2;2019;2;17;4;3;3;6;0;1;1;0;0;0;0;292565,483304358090000;5627202,622829999800000;6,058734986000047;50,759467588000064;0
235564;5;3;82;68;2019;2;8;4;3;5;3;0;1;1;0;0;0;0;368787,482115088960000;5630803,408149803100000;7,137433747000046;50,814078737000045;0
235567;5;3;78;4;2019;2;16;4;2;0;1;0;1;0;0;0;0;0;367670,873411173000000;5650246,010830488100000;7,114545846000056;50,988570873000072;0
235570;5;3;15;0;2019;2;13;4;3;5;2;0;1;1;0;0;0;0;364021,817559154700000;5640158,379754815300000;7,066350390000025;50,897058310000034;0
235572;5;3;15;0;2019;2;16;4;3;5;3;0;1;1;0;0;0;0;362648,170094626020000;5649677,471925949700000;7,043240018000063;50,982284683000046;0
235573;5;3;15;0;2019;2;20;4;3;4;6;2;1;1;0;0;0;0;354835,914876389320000;5644908,179504614300000;6,933921889000033;50,937507803000074;1
235575;5;3;14;0;2019;2;16;4;3;3;2;0;1;1;0;0;0;0;368627,325723940510000;5617745,464803518700000;7,139821177000044;50,696676028000070;0
235578;5;1;66;16;2019;2;17;4;3;5;2;0;1;0;0;1;0;0;310102,649881433700000;5690977,473189687400000;6,273639052000021;51,338319436000063;0
235580;5;1;62;16;2019;2;7;4;3;5;2;0;1;1;0;0;0;0;330727,495051456620000;5675914,805834347400000;6,576581485000077;51,209511619000068;0
235583;5;1;14;0;2019;2;18;4;3;5;3;1;1;1;0;0;0;0;329751,447625428440000;5685583,993852647000000;6,558021486000030;51,296089029000029;0
235589;5;7;58;4;2019;2;14;4;3;4;6;0;1;0;0;0;0;0;470755,646865457300000;5783564,820223355700000;8,572083954000050;52,201756468000042;0
235592;5;7;54;28;2019;2;9;4;3;5;3;0;1;1;0;0;0;0;450302,681000000800000;5744572,497000003200000;8,278491310000050;51,849743033000038;0
235594;5;7;66;20;2019;2;7;4;3;5;2;0;1;1;0;0;0;0;490209,612678051930000;5753747,723947653500000;8,857596197000021;51,934365028000059;0
235596;5;3;15;0;2019;2;8;5;3;5;3;0;1;1;0;0;0;0;359704,767066207710000;5638905,611099291600000;7,005480900000066;50,884766772000035;0
235598;5;3;15;0;2019;2;21;5;2;6;6;2;1;0;1;0;0;0;355321,380561268890000;5644816,464340144800000;6,940863017000027;50,936805581000044;1
235599;5;3;14;0;2019;2;11;5;3;1;6;0;1;1;0;0;0;0;364127,756562240420000;5624294,742230352000000;7,073734055000045;50,754506147000029;0