OBJECTID;ULAND;UREGBEZ;UKREIS;UGEMEINDE;UJAHR;UMONAT;USTUNDE;UWOCHENTAG;UKATEGORIE;UART;UTYP1;ULICHTVERH;IstRad;IstPKW;IstFuss;IstKrad;IstGkfz;IstSonstige;LINREFX;LINREFY;XGCSWGS84;YGCSWGS84;STRZUSTAND
235600;5;1;70;8;2019;2;13;5;3;5;3;0;1;1;0;0;0;0;342121,684000001290000;5715782,730999998700000;6,721837355000048;51,570981793000044;0
235611;5;1;11;0;2019;2;12;5;3;0;6;0;1;0;0;0;0;1;346182,435820336450000;5683428,422051349700000;6,794432116000053;51,281396526000037;0
235614;5;7;70;4;2019;2;20;5;3;0;7;2;1;0;0;0;0;0;485909,931562084700000;5782527,540743565200000;8,793868767000049;52,193026434000046;0
235619;5;9;74;28;2019;2;7;5;3;5;2;0;1;1;0;0;0;0;455157,242999999780000;5724294,196000002300000;8,351581714000076;51,667837015000032;0
235622;5;9;66;28;2019;2;15;5;3;0;3;0;1;0;0;0;0;0;419019,910700531680000;5645112,366549754500000;7,847112508000066;50,951932259000046;0
235624;5;9;62;32;2019;2;15;5;3;0;1;0;1;0;0;0;0;0;403501,885715425950000;5675594,039388211400000;7,618107256000030;51,223565965000034;0
235628;5;5;66;84;2019;2;15;4;2;5;2;0;1;1;0;0;0;0;385996,693947648630000;5779287,651957236200000;7,333649037000043;52,152306717000045;0
235630;5;5;66;84;2019;2;16;4;2;0;1;0;1;0;0;0;0;0;386265,103303639220000;5778966,977778382600000;7,337677865000046;52,149480185000073;0
235631;5;5;66;12;2019;2;8;4;3;5;3;0;1;1;0;0;0;0;404889,327240579760000;5772857,804491976300000;7,611497780000036;52,098091928000031;0
235632;5;5;58;16;2019;2;15;4;3;0;3;0;1;1;0;0;0;0;380936,953245065170000;5744939,113530969200000;7,271659787000033;51,842554145000065;0
235633;5;5;54;20;2019;2;8;4;3;5;3;0;1;1;0;0;0;0;366545,460183816030000;5786722,022620851200000;7,046576104000053;52,214750142000071;0
235634;5;5;54;56;2019;2;1;4;2;7;1;2;1;0;0;0;0;0;358625,837530246000000;5761414,400211021300000;6,941233114000056;51,985386987000027;0
235635;5;5;54;8;2019;2;13;4;3;1;5;0;1;1;0;0;0;0;337635,901523801500000;5745955,443673176700000;6,643114502000060;51,840774892000070;0
235637;5;5;15;0;2019;2;18;4;2;5;3;1;1;0;0;1;0;0;405271,444390200080000;5756339,753106238300000;7,621646787000032;51,949688133000052;0
235638;5;5;15;0;2019;2;7;4;3;6;4;0;1;0;1;0;0;0;406360,266999999990000;5757007,308000000200000;7,637302987000055;51,955872813000042;0
235639;5;5;15;0;2019;2;7;4;3;0;1;0;1;1;0;0;0;0;399415,176854721270000;5756802,330442156600000;7,536328621000052;51,952817637000066;0
235641;5;5;13;0;2019;2;17;4;2;5;3;0;1;1;0;0;0;0;367575,720813527700000;5714191,065465258400000;7,089494473000059;51,563231657000074;0
235643;5;3;58;8;2019;2;10;4;3;3;2;0;1;1;0;0;0;0;323695,928255892360000;5631562,232971146700000;6,497561580000024;50,808928592000029;0
235645;5;3;34;12;2019;2;19;4;3;5;3;2;1;1;0;0;0;0;307152,778178871610000;5632774,346521811600000;6,262387152000031;50,814546529000040;0
235649;5;3;82;56;2019;2;7;4;3;0;7;0;1;0;0;0;0;0;370157,965090994720000;5624547,171737676500000;7,159087334000049;50,758155426000030;0
235652;5;3;66;40;2019;2;17;4;3;5;3;0;1;1;0;0;0;0;348347,546180448490000;5624151,921735150700000;6,850235538000050;50,749314372000072;0
235654;5;3;15;0;2019;2;16;4;3;3;6;0;1;1;0;0;0;0;355713,936943033710000;5649719,016011836000000;6,944502497000030;50,980962071000079;0
235657;5;3;15;0;2019;2;8;4;3;0;5;0;1;1;0;0;0;0;351197,214000001550000;5647028,599000001300000;6,881304321000073;50,955635381000036;0
235661;5;3;14;0;2019;2;17;4;3;3;6;0;1;0;0;0;0;1;365337,184168037030000;5618097,272235805200000;7,093133150000028;50,699085576000073;0
235671;5;1;62;8;2019;2;14;4;3;0;7;0;1;0;0;0;0;1;331280,973251150920000;5657069,411046216300000;6,593317670000033;51,040361990000065;0
235679;5;1;14;0;2019;2;16;4;3;5;3;0;1;1;0;0;0;0;327219,410313807430000;5693647,826693717400000;6,517828349000070;51,367768249000051;0
235680;5;1;14;0;2019;2;16;4;2;5;2;0;1;1;0;0;0;0;334784,782050039620000;5691346,824363172100000;6,627479091000055;51,349346708000041;0
235681;5;1;14;0;2019;2;16;4;3;0;6;0;1;0;0;0;0;1;330437,417162450030000;5689739,032845528800000;6,565875527000060;51,333622162000040;0
235687;5;1;12;0;2019;2;6;4;3;5;3;1;1;1;0;0;0;0;345526,150999999610000;5692793,094000000500000;6,780970545000059;51,365362988000072;0
235688;5;1;12;0;2019;2;8;4;3;5;2;0;1;1;0;0;0;0;346905,609000002030000;5696072,635999999900000;6,799357493000059;51,395204080000042;0
235691;5;1;11;0;2019;2;16;4;2;5;3;0;1;0;0;0;0;1;343819,491031329150000;5676065,224499600000000;6,763790287000063;51,214593440000044;0
235692;5;1;11;0;2019;2;13;4;3;5;3;0;1;0;0;0;1;0;345052,487207810390000;5674797,758425254400000;6,781977631000075;51,203540608000026;0
235693;5;1;11;0;2019;2;20;4;3;1;7;2;1;1;0;0;0;0;341026,823062148880000;5679546,848035508800000;6,722293544000024;51,245105348000038;0
235695;5;7;74;32;2019;2;8;4;3;0;1;0;1;0;0;0;0;0;481989,276044894940000;5730289,627836603700000;8,739250989000027;51,723244941000075;0
235697;5;7;70;24;2019;2;16;4;2;0;1;0;1;0;0;0;0;0;493405,110303460620000;5793781,468348529200000;8,903299837000077;52,294346277000045;0
235702;5;9;74;52;2019;2;9;4;3;6;7;0;1;0;1;0;0;0;424653,080296008850000;5711883,050479807000000;7,913233123000055;51,552998878000039;0
235709;5;9;13;0;2019;2;16;4;2;5;3;0;1;0;0;1;0;0;389450,941914693450000;5706447,283301053600000;7,407378321000067;51,498341721000031;0
235714;5;5;70;20;2019;2;11;3;3;5;2;0;1;1;0;0;0;0;432931,353108854960000;5743136,938470531300000;8,026605927000048;51,835020592000035;0
235715;5;5;70;4;2019;2;16;3;3;4;6;0;1;1;0;0;0;0;423189,180753829890000;5733369,763756379500000;7,887403619000054;51,745962882000072;0
235716;5;5;70;4;2019;2;17;3;2;5;3;0;1;1;0;0;0;0;425152,571034798400000;5734833,865897469200000;7,915522330000044;51,759390500000052;0
235717;5;5;70;52;2019;2;11;3;3;6;4;0;1;0;1;0;0;0;430651,140620963650000;5756332,684556581100000;7,990863695000030;51,953368284000078;0
235718;5;5;66;8;2019;2;13;3;3;4;3;0;1;0;0;0;0;0;399264,748614608310000;5780313,454814096900000;7,527205806000040;52,164106275000051;0
235720;5;5;54;8;2019;2;9;3;3;5;3;0;1;0;0;0;0;0;334199,627029001710000;5744700,237707246100000;6,593881740000029;51,828489433000072;0
235722;5;5;15;0;2019;2;9;3;3;5;3;0;1;1;0;0;0;0;408853,049724763260000;5753466,987961472900000;7,674507048000066;51,924464325000031;0
235727;5;3;58;24;2019;2;15;3;3;5;7;0;1;1;0;0;0;0;313952,732691903600000;5645767,707162454700000;6,352196014000072;50,933491309000033;0
235732;5;3;82;68;2019;2;16;3;3;0;5;0;1;0;0;0;0;1;369225,340169078670000;5630759,118398040500000;7,143661453000050;50,813779690000047;0
235736;5;3;16;0;2019;2;10;3;3;5;3;0;1;1;0;0;0;0;359996,163999999870000;5655303,432000000000000;7,003312603000040;51,032206580000036;0
235737;5;3;15;0;2019;2;19;3;3;5;2;1;1;1;0;0;0;0;357664,714041740630000;5645137,408805865800000;6,974066632000074;50,940273045000026;0
235739;5;3;15;0;2019;2;13;3;3;0;3;0;1;1;0;0;0;0;348050,302051895300000;5647755,979018895000000;6,836227831000031;50,961350606000053;0
235742;5;3;15;0;2019;2;14;3;2;0;7;0;1;0;1;0;0;0;359766,668638845910000;5639713,351141072800000;7,006050353000035;50,892041141000050;0
235744;5;3;15;0;2019;2;15;3;2;5;2;0;1;1;0;0;0;0;353012,551000000910000;5641346,030000001200000;6,909424487000024;50,905034224000076;0
235746;5;3;14;0;2019;2;10;3;3;0;5;0;1;1;0;0;0;0;368383,137429920960000;5617863,694482253900000;7,136323401000027;50,697683491000078;0
235748;5;3;14;0;2019;2;11;3;2;6;4;0;1;0;1;0;0;0;367143,018833425830000;5622449,562922226300000;7,117122158000029;50,738619670000048;0
235749;5;3;14;0;2019;2;15;3;3;5;3;0;1;1;0;0;0;0;366154,530000001190000;5622418,480000000400000;7,103132532000075;50,738113314000032;0
235750;5;3;14;0;2019;2;15;3;3;1;5;0;1;0;0;0;1;0;366561,282283850010000;5619592,395295102100000;7,109916268000063;50,712805998000078;0
235752;5;1;70;8;2019;2;16;3;3;5;3;0;1;1;0;0;0;0;343038,480000001380000;5715030,378000000500000;6,735391463000042;51,564478167000061;0
235755;5;1;70;48;2019;2;17;3;3;5;2;0;1;1;0;0;0;0;337207,616999999620000;5726193,800999997200000;6,646155101000034;51,663117224000075;0
235759;5;1;66;12;2019;2;7;3;3;3;6;0;1;1;0;0;0;0;319675,922849749210000;5693036,969724070300000;6,409884563000048;51,359936310000080;0
235763;5;1;62;24;2019;2;9;3;3;4;2;0;1;1;0;0;0;0;338715,259112846110000;5674976,108242273300000;6,691259569000067;51,203389092000066;0
235770;5;1;12;0;2019;2;16;3;2;5;2;0;1;1;0;0;0;0;342720,287453290080000;5691727,387788765100000;6,741168702000039;51,355017654000051;0
235772;5;1;12;0;2019;2;16;3;3;6;4;0;1;0;1;0;0;0;343980,013440181500000;5699092,719746848600000;6,756009573000029;51,421542518000081;0
235773;5;1;12;0;2019;2;15;3;3;5;3;0;1;1;0;0;0;0;344893,450883990150000;5699619,535599771900000;6,768905952000068;51,426526648000049;0
235779;5;7;58;4;2019;2;11;3;3;3;6;0;1;1;0;0;0;0;471250,242000000550000;5782991,453000001600000;8,579369537000048;52,196627681000052;0
235782;5;7;54;20;2019;2;12;3;3;3;6;0;1;0;0;0;0;0;447308,666789732870000;5748543,444905320200000;8,234422201000029;51,885168680000049;0
235783;5;7;54;8;2019;2;13;3;3;4;6;0;1;0;0;0;0;0;456979,295213745910000;5750893,094346333300000;8,374628168000072;51,907123588000047;0
235784;5;7;54;8;2019;2;8;3;3;0;7;0;1;0;0;0;0;0;457372,988544491120000;5751009,409919194900000;8,380336349000061;51,908199599000056;0
235786;5;7;66;64;2019;2;7;3;3;1;7;0;1;1;0;0;0;0;488781,596637032930000;5740105,403879495300000;8,837268745000074;51,811678373000063;0
235787;5;9;78;36;2019;2;5;3;3;0;3;2;1;0;0;0;0;1;409743,419469834310000;5713054,020472342100000;7,697937748000072;51,561336778000054;0
235790;5;9;13;0;2019;2;15;3;3;0;5;0;1;1;0;0;0;0;391103,100401043890000;5703003,576447930200000;7,432232417000023;51,467709076000062;0
235792;5;9;16;0;2019;2;14;3;3;0;5;0;1;1;0;0;0;0;371166,898731358350000;5709153,335518823900000;7,143119301000070;51,518789728000058;0
235797;5;5;70;4;2019;2;8;2;3;5;3;0;1;1;0;0;0;0;422051,727108983320000;5734849,794851198800000;7,870599306000031;51,759110658000054;0
235801;5;5;66;84;2019;2;16;2;3;2;2;0;1;0;0;0;0;0;390132,226083582270000;5776354,834605004600000;7,395018561000029;52,126787168000078;0
235802;5;5;66;8;2019;2;9;2;2;0;1;0;1;0;0;0;0;0;399591,193000000900000;5781302,830000001900000;7,531684125000027;52,173058008000055;0
235803;5;5;54;4;2019;2;12;2;3;0;3;0;1;1;0;0;0;0;363217,236999969930000;5771681,508845048000000;7,003945681000062;52,078791120000062;0
235804;5;5;54;8;2019;2;14;2;2;5;3;0;1;1;0;0;0;0;339003,041000002060000;5747009,321000004200000;6,662451449000059;51,850638424000067;0
235806;5;5;62;16;2019;2;16;2;3;5;7;0;1;1;0;0;0;0;375440,732677442020000;5734863,847475368500000;7,195536341000036;51,750810748000049;0
235807;5;5;62;24;2019;2;15;2;2;2;2;0;1;0;0;0;0;0;371137,082813547920000;5725189,130194665900000;7,136801625000032;51,662894117000064;0
235810;5;3;34;36;2019;2;16;2;3;3;6;0;1;0;0;0;0;0;298146,920660856180000;5633577,004380744000000;6,134267557000044;50,818687600000032;0
235811;5;3;74;44;2019;2;15;2;2;5;3;0;1;1;0;0;0;0;402619,905068498100000;5636800,715778950600000;7,615916164000055;50,874672800000042;0
235814;5;3;15;0;2019;2;17;2;2;3;2;0;1;0;0;0;0;1;357649,723041765390000;5647353,808977620700000;6,972986872000035;50,960188014000039;0
235819;5;3;15;0;2019;2;15;2;3;5;2;0;1;1;0;0;0;0;356946,644000000320000;5640713,422000002100000;6,965588022000077;50,900337218000061;0
235820;5;3;15;0;2019;2;15;2;3;3;2;0;1;1;0;0;0;0;353689,752514993770000;5643955,132261794100000;6,918002958000045;50,928653432000033;0
235821;5;3;15;0;2019;2;16;2;3;1;5;0;1;1;0;0;0;0;353570,673931038940000;5643286,329824019200000;6,916578254000058;50,922612914000069;0
235824;5;3;14;0;2019;2;9;2;3;5;3;0;1;0;0;0;0;0;371969,312234745360000;5614774,078414509100000;7,188145789000032;50,670713081000031;0
235825;5;3;82;48;2019;2;7;2;3;6;7;0;1;0;1;0;0;0;355055,018387682740000;5610199,171739170300000;6,950723417000063;50,625631586000054;0
235826;5;3;14;0;2019;2;7;2;2;5;3;0;1;1;0;0;0;0;362378,048000000420000;5622700,187999999200000;7,049539389000074;50,739762573000064;0
235832;5;1;70;24;2019;2;15;2;3;0;1;0;1;0;0;0;0;0;333784,486395122480000;5705769,446844842300000;6,606367063000050;51,478628302000061;0
235834;5;1;70;48;2019;2;16;2;3;5;2;0;1;1;0;0;0;0;335765,333478566260000;5725105,724713066600000;6,625831200000050;51,652922592000039;0
235837;5;1;62;22;2019;2;8;2;3;5;3;0;1;1;0;0;0;0;337802,635225710460000;5687002,249961776700000;6,672755127000073;51,311181933000057;0
235838;5;1;16;0;2019;2;17;2;3;4;2;0;1;1;0;0;0;0;322419,624021096160000;5674788,872738193700000;6,458320100000037;51,196874558000047;0
235845;5;1;13;0;2019;2;15;2;3;5;3;0;1;1;0;0;0;0;358045,161892619920000;5698420,910055777100000;6,958428763000029;51,419202610000070;0
235846;5;1;12;0;2019;2;16;2;3;5;2;0;1;1;0;0;0;0;342910,968999999580000;5693403,419000001600000;6,743164596000042;51,370129477000035;0
235850;5;7;54;44;2019;2;16;2;2;3;6;0;1;0;0;0;1;0;464550,378000001420000;5746990,032000003400000;8,485081328000035;51,872565366000060;0
235852;5;9;74;40;2019;2;13;2;2;7;1;0;1;0;0;0;0;0;436841,924767285590000;5712346,704003229700000;8,088929506000056;51,558663722000063;0
235853;5;3;15;0;2019;2;11;5;3;5;2;0;1;1;0;0;0;0;357772,917120815250000;5647625,531051302300000;6,974633727000025;50,962660385000049;0
235858;5;1;13;0;2019;3;16;5;2;5;3;0;1;1;0;0;0;0;366116,239917973060000;5703679,801241429500000;7,072443722000060;51,468426548000082;1
235860;5;1;12;0;2019;3;18;5;3;0;1;1;1;0;0;0;0;0;344839,388729621660000;5707041,373291477600000;6,764872474000072;51,493196703000081;0
235861;5;1;11;0;2019;3;19;5;3;1;5;1;1;1;0;0;0;0;345321,791033769960000;5675774,703009862500000;6,785408358000041;51,212391883000066;0
235863;5;1;11;0;2019;3;17;5;3;1;1;0;1;1;0;0;0;0;345855,616767501460000;5678496,414264900600000;6,791874814000039;51,236992082000029;1
235864;5;1;11;0;2019;3;15;5;3;0;1;0;1;0;0;0;0;0;345668,959063554180000;5676304,560034276900000;6,790146929000059;51,217246825000075;1
235866;5;7;74;32;2019;3;7;5;3;5;2;0;1;0;0;0;0;0;483568,334959722120000;5729972,713322307900000;8,762126435000027;51,720443965000072;0
235870;5;7;11;0;2019;3;14;5;3;3;2;0;1;1;0;0;0;0;469257,511273800400000;5763953,261184155900000;8,551934404000065;52,025357065000037;1
235877;5;9;54;36;2019;3;7;5;3;5;3;0;1;1;0;0;0;0;386577,947187318470000;5701121,392956884600000;7,367716234000056;51,449902844000064;1
235879;5;9;11;0;2019;3;17;5;2;5;3;1;1;1;0;0;0;0;378598,537951614710000;5708234,650016255700000;7,250493104000043;51,512179209000067;1
235884;5;5;15;0;2019;3;16;4;3;3;1;0;1;0;0;0;0;0;407507,753999999720000;5754284,141000000800000;7,654729414000030;51,931587497000066;0
235890;5;3;78;28;2019;3;18;4;2;5;3;2;1;1;0;0;0;0;371352,006160203370000;5639139,384691296100000;7,170888313000035;50,889579066000067;1
235891;5;3;62;40;2019;3;15;4;3;5;3;0;1;1;0;0;0;0;357059,217067434450000;5631219,155810056300000;6,970895564000045;50,815039503000037;0
235893;5;3;15;0;2019;3;14;4;3;0;5;0;1;1;0;0;0;0;353051,058447525840000;5645643,733030604200000;6,908239840000022;50,943665866000060;1
235894;5;3;15;0;2019;3;16;4;3;5;2;0;1;1;0;0;0;0;354254,558898913670000;5636687,159815521900000;6,928934809000054;50,863480797000079;0
235899;5;1;70;24;2019;3;22;4;3;5;3;2;1;1;0;0;0;0;333233,193732176910000;5701668,569043640000000;6,600369395000030;51,441624222000030;1
235901;5;1;58;28;2019;3;16;4;3;0;1;0;1;0;0;0;0;0;351331,912302056330000;5686094,828839540500000;6,867103523000026;51,306723507000072;1
235904;5;1;54;12;2019;3;15;4;3;1;1;0;1;1;0;0;0;0;314672,428000001240000;5710750,536000002200000;6,328827427000022;51,517430877000038;0
235923;5;7;66;20;2019;3;7;4;3;7;1;0;1;0;0;0;0;0;489828,284166235480000;5752271,324674334400000;8,852093332000038;51,921083825000039;1
235924;5;7;66;20;2019;3;7;4;3;7;1;0;1;0;0;0;0;0;489828,287027731540000;5752271,330488946300000;8,852093373000059;51,921083877000058;1
235931;5;9;11;0;2019;3;16;4;3;0;5;0;1;1;0;0;0;0;379912,826586557550000;5701844,601951660600000;7,271597003000068;51,455028557000048;1
235932;5;5;70;32;2019;3;16;3;3;5;3;0;1;1;0;0;0;0;420189,692127660850000;5766082,172693582300000;7,836394504000054;52,039604626000028;0
235934;5;5;62;24;2019;3;15;3;3;5;2;0;1;1;0;0;0;0;368684,317353454420000;5723286,030225750100000;7,102073141000062;51,645224032000044;0
235935;5;3;70;12;2019;3;9;3;3;3;5;0;1;1;0;0;0;0;297845,951226213020000;5649745,836692998200000;6,121054902000026;50,963800448000029;0
235941;5;3;16;0;2019;3;17;3;3;5;2;0;1;1;0;0;0;0;358572,552947929130000;5657703,865632608500000;6,982085609000023;51,053430375000062;0
235944;5;3;15;0;2019;3;15;3;3;0;7;0;1;0;0;0;0;0;354978,081098058260000;5643906,671141743700000;6,936342401000047;50,928543254000033;0
235945;5;3;15;0;2019;3;8;3;3;5;2;0;1;1;0;0;0;0;356438,700708227230000;5644030,088373055700000;6,957064174000038;50,930017749000058;1
235953;5;1;11;0;2019;3;13;3;3;5;3;0;1;1;0;0;0;0;350553,185234153640000;5675579,986098293200000;6,860332526000036;51,212035184000058;0
235955;5;1;11;0;2019;3;18;3;3;1;5;2;1;1;0;0;0;0;345860,488463666290000;5678248,789176864500000;6,792051100000037;51,234768374000055;0
235956;5;1;11;0;2019;3;8;3;3;1;5;0;1;1;0;0;0;0;345296,371710747480000;5679557,317988477600000;6,783411687000069;51,246373364000078;0
235957;5;7;62;36;2019;3;14;3;3;5;2;0;1;1;0;0;0;0;509197,056038280950000;5704478,021567674400000;9,132473114000050;51,491372745000035;1
235958;5;7;54;48;2019;3;20;3;3;5;3;2;1;1;0;0;0;0;441748,895058156920000;5766161,446910962500000;8,150662127000032;52,043001804000028;0
235964;5;9;16;0;2019;3;17;3;3;5;3;0;1;1;0;0;0;0;376286,550435165870000;5711221,515135066600000;7,216143484000043;51,538521637000031;0
235966;5;9;11;0;2019;3;14;3;2;0;7;0;1;0;0;0;0;0;375462,814315103930000;5706820,822787161900000;7,205827229000022;51,498790231000044;0
235969;5;5;15;0;2019;3;14;2;3;5;6;0;1;0;0;0;0;0;406129,725009615530000;5758081,619786342600000;7,633655443000066;51,965490353000064;0
235970;5;5;62;20;2019;3;11;2;3;6;6;0;1;0;1;0;0;0;372096,704289461490000;5718301,785591388100000;7,153184875000022;51,601217863000045;1
235974;5;3;15;0;2019;3;12;2;3;0;1;0;1;0;0;0;0;0;352940,943211427890000;5648258,070991324300000;6,905617296000060;50,967131692000066;1
235975;5;3;14;0;2019;3;16;2;3;0;7;0;1;0;1;0;0;0;368208,582762429490000;5623314,893332673200000;7,131905420000066;50,746640159000037;0
235977;5;1;58;20;2019;3;11;2;3;2;6;0;1;1;0;0;0;0;356681,423233901150000;5665513,381630567800000;6,952022584000076;51,123142728000062;1
235986;5;9;78;40;2019;3;7;2;3;0;7;0;1;1;0;0;0;0;405760,293461697180000;5724479,505339041400000;7,637421237000069;51,663389134000056;1
235989;5;5;66;76;2019;3;20;1;2;0;1;2;1;0;0;0;0;0;396992,232000000770000;5787180,151999998800000;7,491905385000052;52,225401629000032;0
235994;5;3;58;8;2019;3;19;1;3;1;7;0;1;1;0;0;0;0;322997,286131169650000;5631317,137968085700000;6,487773472000072;50,806513596000059;0
236001;5;3;14;0;2019;3;18;1;3;0;7;1;1;0;1;0;0;0;363582,067363159730000;5621597,359438009600000;7,067001228000038;50,730134679000059;0
236004;5;1;19;0;2019;3;20;1;3;5;3;2;1;1;0;0;0;0;350842,202316139820000;5704476,225176807500000;6,852361236000036;51,471763239000040;0
236020;5;5;54;8;2019;3;17;7;3;3;1;0;1;1;0;0;0;0;335242,188193020410000;5745110,137827767100000;6,608802162000075;51,832480138000051;1
236026;5;3;15;0;2019;3;14;7;2;0;1;0;1;0;0;0;0;0;349915,450935679490000;5644447,371753461700000;6,864131313000030;50,932107243000075;0
236028;5;3;14;0;2019;3;13;7;2;3;2;0;1;1;0;0;0;0;368592,840000000780000;5617717,566000001500000;7,139343074000067;50,696417476000079;0
236029;5;3;14;0;2019;3;13;7;3;1;5;0;1;1;0;0;0;0;367475,590496184300000;5621754,406158221900000;7,122082681000052;50,732447539000077;0
236030;5;3;14;0;2019;3;20;7;3;0;7;2;1;0;0;0;0;0;363311,316692832860000;5624340,948698002800000;7,062149245000057;50,754729737000048;0
236031;5;1;70;8;2019;3;18;7;2;0;1;2;1;0;0;0;0;0;343638,795000000860000;5714644,656000001400000;6,744217012000036;51,561179342000059;1
236034;5;1;66;12;2019;3;14;7;3;5;3;0;1;1;0;0;0;0;320859,003000001420000;5693643,680000001600000;6,426553851000051;51,365760580000028;0
236035;5;1;16;0;2019;3;20;7;3;0;3;2;1;1;0;0;0;0;318936,509737307210000;5674401,695293147100000;6,408716202000051;51,192303534000075;1
236051;5;9;11;0;2019;3;11;7;3;3;6;0;1;1;0;0;0;0;374144,822471733210000;5701358,431145660600000;7,188795218000053;51,449406350000061;0
236053;5;5;54;68;2019;3;22;6;3;4;6;2;1;0;0;1;0;0;350719,635232449510000;5767056,851403513900000;6,823727083000051;52,034013284000082;0
236067;5;3;15;0;2019;3;10;6;3;2;7;0;1;1;0;0;0;0;356048,529141553680000;5637749,403150001500000;6,953991918000043;50,873476579000055;1
236068;5;3;15;0;2019;3;13;6;2;5;3;0;1;1;0;0;0;0;354609,865722988730000;5642024,162627080500000;6,931856760000073;50,911532917000045;1
236069;5;3;14;0;2019;3;21;6;3;5;3;2;1;1;0;0;0;0;369248,665410399440000;5617029,717976059800000;7,148867468000049;50,690382718000080;1
236071;5;1;70;24;2019;3;16;6;3;5;3;0;1;1;0;0;0;0;336771,218331702050000;5702181,205352125700000;6,650995625000064;51,447260437000068;0
236075;5;1;58;4;2019;3;10;6;3;5;3;0;1;1;0;0;0;0;353719,373476069420000;5676445,952997598800000;6,905277560000059;51,220636690000049;1
236076;5;1;58;16;2019;3;18;6;3;1;5;1;1;1;0;0;0;0;356325,101599646730000;5669541,538158673800000;6,945327406000047;51,159252500000036;1
236079;5;1;62;8;2019;3;14;6;3;3;2;0;1;1;0;0;0;0;332010,728307745420000;5662181,379646169000000;6,601343732000032;51,086504401000070;1
236088;5;7;54;20;2019;3;11;6;3;5;2;0;1;1;0;0;0;0;447629,136392827150000;5748256,086955780200000;8,239121635000061;51,882615431000033;0
236089;5;7;54;8;2019;3;15;6;3;0;5;0;1;1;0;0;0;0;459441,479171255600000;5755332,000183571100000;8,409894511000061;51,947216705000073;0
236090;5;7;11;0;2019;3;12;6;3;5;3;0;1;1;0;0;0;0;467768,309691839850000;5757074,209860192600000;8,530877186000055;51,963425281000070;1
236091;5;9;78;28;2019;3;8;6;3;1;6;0;1;0;0;0;0;1;401213,754315719010000;5700842,011344881700000;7,578346761000034;51,450134195000032;1
236097;5;9;54;36;2019;3;7;6;3;5;3;1;1;1;0;0;0;0;383904,309384846130000;5700696,376896314300000;7,329396104000068;51,445540944000072;1
236098;5;5;66;40;2019;2;14;5;3;5;3;0;1;1;0;0;0;0;421300,138823213990000;5782137,104156833100000;7,848869668000020;52,184080767000069;0
236099;5;5;66;28;2019;2;15;5;3;2;1;0;1;0;0;0;0;0;414157,227347775360000;5791063,892504097900000;7,742152074000046;52,263253347000045;0
236102;5;5;54;12;2019;2;7;5;3;1;5;0;1;1;0;0;0;0;352272,851309610530000;5746549,478354813500000;6,855162814000039;51,850176264000027;0
236104;5;5;54;8;2019;2;11;5;3;1;5;0;1;1;0;0;0;0;335213,650934428910000;5746122,465206299000000;6,607906260000050;51,841565830000036;0
236105;5;5;54;8;2019;2;8;5;3;5;3;0;1;1;0;0;0;0;336083,964999999850000;5746725,199999999300000;6,620242578000045;51,847236595000027;0
236106;5;5;15;0;2019;2;7;5;3;1;5;1;1;1;0;0;0;0;403645,705237107350000;5757375,425154388000000;7,597708549000060;51,958717846000070;0
236107;5;5;13;0;2019;2;10;5;3;0;7;0;1;1;0;0;0;0;367548,067594691180000;5714092,185154063600000;7,089133013000037;51,562336563000031;0
236110;5;3;58;8;2019;2;9;5;3;5;2;0;1;1;0;0;0;0;322701,696000000460000;5631354,206000000200000;6,483564531000070;50,806756243000052;0
236112;5;3;34;2;2019;2;20;5;3;8;1;2;1;0;0;0;0;0;293703,830099025740000;5627457,233137177300000;6,074710690000075;50,762159997000026;1
236115;5;3;62;8;2019;2;13;5;3;0;1;0;1;0;0;0;0;0;333801,679888633080000;5646879,349521547600000;6,633904015000042;50,949540778000028;0
236118;5;1;54;36;2019;3;6;5;3;5;3;1;1;1;0;0;0;0;303047,929361117070000;5745673,949016988300000;6,141809052000042;51,827122788000054;1
236120;5;5;70;52;2019;3;7;5;3;5;3;0;1;1;0;0;0;0;429520,001000001100000;5755204,082000000400000;7,974638060000075;51,943080398000063;0
236121;5;5;54;68;2019;3;13;5;3;5;3;0;1;1;0;0;0;0;350750,023464641530000;5767384,232005685600000;6,824026891000074;52,036962786000061;1
236122;5;3;15;0;2019;3;8;5;3;5;7;0;1;1;0;0;0;0;355469,325045364910000;5644629,053412290300000;6,943041516000051;50,935158454000032;0
236125;5;7;66;44;2019;3;14;6;3;5;2;0;1;1;0;0;0;0;492850,951285824180000;5763176,864986339600000;8,895818641000062;52,019182442000044;0
236126;5;9;15;0;2019;3;9;6;3;5;3;0;1;1;0;0;0;0;418362,119140131400000;5726136,050217062200000;7,819194510000045;51,680252947000042;1
236135;5;5;70;4;2019;3;13;3;3;5;3;0;1;1;0;0;0;0;423644,175000000750000;5735550,179999999700000;7,893513845000030;51,765626269000052;0
236136;5;5;70;44;2019;3;8;3;3;5;3;0;1;1;0;0;0;0;415179,931000001730000;5759517,958000000600000;7,764997455000071;51,979856083000072;1
236139;5;1;11;0;2019;3;15;6;3;3;6;0;1;0;0;0;0;1;345697,744319139980000;5679201,841096321100000;6,789311145000056;51,243287974000054;0