OBJECTID;ULAND;UREGBEZ;UKREIS;UGEMEINDE;UJAHR;UMONAT;USTUNDE;UWOCHENTAG;UKATEGORIE;UART;UTYP1;ULICHTVERH;IstRad;IstPKW;IstFuss;IstKrad;IstGkfz;IstSonstige;LINREFX;LINREFY;XGCSWGS84;YGCSWGS84;STRZUSTAND
236141;5;5;54;8;2019;3;10;3;2;1;7;0;1;1;0;0;0;0;336995,328164770270000;5745648,417665842900000;6,633969107000041;51,837830110000027;0
236142;5;5;62;12;2019;3;18;3;3;5;3;1;1;1;0;0;0;0;359613,832169821490000;5725197,428360469600000;6,970294357000057;51,660208364000027;0
236144;5;3;58;24;2019;3;20;3;3;1;5;2;1;1;0;0;0;0;314238,435963924970000;5644727,019992809700000;6,356787721000046;50,924234866000063;1
236153;5;3;15;0;2019;3;10;3;3;0;7;0;1;0;0;0;0;1;356559,285583060230000;5646749,664074454500000;6,957708076000074;50,954488233000063;0
236155;5;3;15;0;2019;3;13;3;2;5;3;0;1;0;0;0;0;0;354409,321042194030000;5647057,473610939500000;6,926995284000043;50,956715306000035;0
236156;5;3;15;0;2019;3;9;3;3;0;1;0;1;0;0;0;0;0;354854,703418293970000;5643809,945099512100000;6,934626469000023;50,927642969000033;0
236159;5;3;14;0;2019;3;20;3;3;0;7;2;1;0;1;0;0;0;367175,095629933290000;5622112,125533403800000;7,117698110000049;50,735594103000039;0
236163;5;3;14;0;2019;3;19;3;3;3;6;2;1;1;0;0;0;0;365604,216115384360000;5624089,269110949700000;7,094728460000056;50,753003138000054;0
236164;5;1;70;24;2019;3;8;3;3;5;2;0;1;1;0;0;0;0;335391,157276410610000;5703221,389110721600000;6,630669567000041;51,456206132000034;1
236165;5;1;58;16;2019;3;23;3;2;0;7;2;1;0;0;0;0;0;355115,251710037700000;5671592,977649906700000;6,927211056000033;51,177382370000032;1
236167;5;1;62;24;2019;3;10;3;3;5;3;0;1;1;0;0;0;0;340041,372703027910000;5674079,381239142300000;6,710625746000062;51,195704852000063;0
236169;5;1;14;0;2019;3;17;3;3;5;7;0;1;1;0;0;0;0;332826,327237677760000;5689153,672281235500000;6,600411239000039;51,329070555000044;0
236174;5;1;11;0;2019;3;10;3;3;3;2;0;1;1;0;0;0;0;349363,188924675810000;5672982,003903739200000;6,844398231000071;51,188377542000069;0
236176;5;1;11;0;2019;3;18;3;3;6;6;1;1;0;1;0;0;0;346489,354864197780000;5678407,940915674000000;6,800983871000028;51,236367958000073;0
236179;5;1;11;0;2019;3;13;3;3;1;7;0;1;1;0;0;0;0;341338,609656904820000;5678663,546033874200000;6,727148282000030;51,237255647000040;0
236181;5;7;70;24;2019;3;9;3;3;1;5;0;1;1;0;0;0;0;492676,288248767140000;5791642,885539935900000;8,892659689000027;52,275110102000042;0
236184;5;7;66;60;2019;3;20;3;2;0;1;2;1;0;0;0;0;0;511189,300723183900000;5750577,344159346100000;9,162648247000050;51,905833631000064;0
236186;5;7;11;0;2019;3;18;3;3;6;4;2;1;0;1;0;0;0;467958,253999999720000;5763030,074000004700000;8,533085085000039;52,016983501000027;1
236187;5;7;11;0;2019;3;14;3;3;8;1;0;1;1;0;0;0;0;469918,718701300210000;5764501,138908293100000;8,561522888000070;52,030319096000028;0
236203;5;5;54;4;2019;3;9;2;2;5;3;0;1;1;0;0;0;0;357985,927772725930000;5778252,581067575100000;6,924919015000057;52,136514555000076;1
236210;5;3;34;2;2019;3;16;2;3;1;5;0;1;1;0;0;0;0;294189,751909168440000;5628371,986595606400000;6,081079945000056;50,770548091000080;0
236212;5;3;78;4;2019;3;7;2;3;5;3;0;1;1;0;0;0;0;367957,095526632850000;5647724,224840790000000;7,119537615000070;50,965971585000034;1
236215;5;3;15;0;2019;3;15;2;2;5;3;0;1;1;0;0;0;0;364573,648188784720000;5639576,751850156100000;7,074408488000074;50,891960558000051;0
236222;5;7;54;8;2019;3;11;6;2;5;3;0;1;1;0;0;0;0;457731,642342343000000;5752228,610000191300000;8,385400097000058;51,919188238000061;1
236223;5;1;66;36;2019;3;7;2;3;0;7;1;1;1;0;0;0;0;327842,201061764730000;5679424,954426335200000;6,533628513000053;51,240183795000064;1
236224;5;1;14;0;2019;3;15;2;3;4;6;0;1;0;0;0;0;1;335633,237999999900000;5691826,889000002300000;6,639430198000071;51,353905780000048;0
236231;5;1;13;0;2019;3;8;2;3;5;3;0;1;1;0;0;0;0;357122,439757926390000;5704884,526248289300000;6,942557650000026;51,477052937000053;1
236236;5;1;12;0;2019;3;19;2;3;1;5;2;1;1;0;0;0;0;343777,457196610050000;5706129,212503999500000;6,749991369000043;51,484708706000049;1
236239;5;1;11;0;2019;3;10;2;2;5;3;0;1;1;0;0;0;0;345893,148633483800000;5675639,166159067300000;6,793640434000054;51,211328484000035;1
236241;5;7;58;12;2019;3;9;2;3;5;3;0;1;1;0;0;0;0;478247,694447549060000;5773860,646443942600000;8,682330414000035;52,114856941000028;1
236243;5;7;54;48;2019;3;7;2;3;5;3;0;1;1;0;0;0;0;441852,329985247920000;5765761,202743474400000;8,152238174000047;52,039414504000035;1
236246;5;7;11;0;2019;3;17;2;3;1;5;0;1;1;0;0;0;0;465937,780351443220000;5766172,190842764500000;8,503330846000040;52,045112572000050;1
236247;5;9;74;40;2019;3;18;2;3;5;7;2;1;1;0;0;0;0;436658,268234827560000;5712364,105302006000000;8,086277443000029;51,558799572000055;1
236252;5;9;15;0;2019;3;15;2;3;1;5;0;1;1;0;0;0;0;422417,248822763560000;5726447,826630275700000;7,877765932000045;51,683630601000061;1
236254;5;9;13;0;2019;3;18;2;3;5;3;1;1;1;0;0;0;0;393835,348118181340000;5710071,141191519800000;7,469425885000021;51,531755239000063;1
236257;5;9;13;0;2019;3;8;6;3;0;5;0;1;1;0;0;0;0;398516,495123582890000;5709129,064033988900000;7,537161142000059;51,524148009000044;1
236262;5;1;62;4;2019;3;9;1;3;0;7;0;1;0;0;0;0;0;347786,173825255600000;5664113,465503700100000;6,825598262000028;51,108269024000037;1
236265;5;1;11;0;2019;3;17;1;3;5;3;0;1;1;0;0;0;0;345760,011151582930000;5675313,195887360700000;6,791875960000027;51,208363539000061;1
236268;5;9;58;4;2019;3;18;1;3;9;1;2;1;0;0;0;0;0;428282,925433206370000;5699604,580034893000000;7,968074837000074;51,443085293000081;1
236270;5;5;70;4;2019;3;20;7;3;1;7;2;1;1;0;0;0;0;424561,888048577120000;5735079,886273156900000;7,906912082000076;51,761522885000034;1
236272;5;5;66;12;2019;3;18;7;3;5;3;0;1;1;0;0;0;0;405758,112372946930000;5772796,182717081200000;7,624194072000023;52,097686727000053;1
236280;5;3;15;0;2019;3;10;7;3;5;2;0;1;1;0;0;0;0;357976,017419969660000;5644232,885416200400000;6,978847169000062;50,932220857000061;1
236282;5;9;13;0;2019;3;13;6;3;5;2;0;1;1;0;0;0;0;392742,957594461740000;5701979,879425035800000;7,456142422000028;51,458820762000073;0
236283;5;3;15;0;2019;3;10;7;3;5;3;0;1;1;0;0;0;0;357977,152105065060000;5644232,161367222700000;6,978863588000024;50,932214629000043;1
236287;5;1;66;24;2019;3;16;7;3;1;1;0;1;1;0;0;0;0;310032,845494505950000;5677142,846123673000000;6,279991183000050;51,214034818000073;1
236288;5;1;62;24;2019;3;8;7;3;5;3;0;1;1;0;0;0;0;338381,035975519570000;5677852,614630477500000;6,685183098000039;51,229139541000052;1
236293;5;1;14;0;2019;3;13;7;3;5;3;0;1;1;0;0;0;0;331008,110079153440000;5690252,956817802000000;6,573816264000072;51,338409096000078;0
236299;5;9;78;28;2019;3;5;7;2;1;5;2;1;1;0;0;0;0;401783,588030356910000;5699246,033593395700000;7,586987555000064;51,435886958000026;1
236302;5;9;15;0;2019;3;15;7;3;0;7;0;1;1;0;0;0;1;418385,368682567030000;5726074,971017403500000;7,819544992000033;51,679707252000071;1
236304;5;5;70;4;2019;3;14;6;3;5;2;0;1;1;0;0;0;0;422832,704530428160000;5734811,776879381400000;7,881921076000026;51,758877055000028;0
236307;5;5;66;28;2019;3;11;6;3;0;7;0;1;1;0;0;0;0;411867,401114068930000;5792628,614199273300000;7,708199739000065;52,276955315000066;1
236309;5;5;15;0;2019;3;7;6;3;4;6;0;1;0;0;0;0;0;408026,525891934520000;5757752,831465793800000;7,661344475000021;51,962852085000065;1
236310;5;5;62;14;2019;3;10;6;2;5;3;0;1;1;0;0;0;0;358849,878000001420000;5716322,330000001900000;6,962832143000071;51,580266774000052;0
236311;5;5;13;0;2019;3;7;6;3;5;3;0;1;1;0;0;0;0;367794,692984628490000;5713892,557728895900000;7,092763996000031;51,560600447000070;0
236318;5;3;82;68;2019;3;14;6;2;5;3;0;1;1;0;0;0;0;369871,352000000890000;5630530,263000000300000;7,152907607000032;50,811868216000050;0
236321;5;1;14;0;2019;3;15;5;3;5;3;0;1;0;0;0;0;1;330407,331993591040000;5689845,024510262500000;6,565393601000039;51,334565405000035;0
236324;5;3;66;16;2019;3;17;6;3;0;7;0;1;0;1;0;0;0;343681,145302852620000;5614464,973210774400000;6,788239455000053;50,661027416000081;1
236328;5;3;62;36;2019;3;7;6;3;5;3;0;1;1;0;0;0;0;345576,637000000100000;5653160,884999999800000;6,798733409000022;51,009260841000071;1
236329;5;3;15;0;2019;3;15;6;3;6;6;0;1;0;1;0;0;0;354775,301033226770000;5642357,693925445900000;6,934075657000051;50,914571939000041;0
236338;5;1;54;36;2019;3;15;6;3;6;7;0;1;0;1;0;0;0;302654,789136158300000;5741304,062212234400000;6,138599269000054;51,787742396000056;0
236340;5;1;62;4;2019;3;6;6;3;5;3;2;1;0;0;0;1;0;345570,419458207670000;5667696,164273815200000;6,792436103000057;51,139869164000061;1
236348;5;1;24;0;2019;3;11;6;3;1;6;0;1;1;0;0;0;0;364630,880346843040000;5676550,446013743100000;7,061389895000048;51,224267468000050;0
236349;5;3;62;32;2019;3;12;5;3;5;3;0;1;0;0;0;0;1;336516,984000000170000;5641610,729000000300000;6,674888594000038;50,902977670000041;0
236351;5;1;12;0;2019;3;7;6;3;5;3;0;1;1;0;0;0;0;340960,958000001500000;5697439,311000004400000;6,713365801000066;51,405848169000080;1
236356;5;1;11;0;2019;3;9;6;3;5;3;0;1;1;0;0;0;0;352490,026799221520000;5669621,457867648500000;6,890489146000050;51,158994794000080;1
236358;5;5;70;52;2019;3;15;5;3;5;3;0;1;1;0;0;0;0;430794,057000123900000;5757166,582730133100000;7,992775020000067;51,960882527000081;1
236361;5;5;58;16;2019;3;17;5;3;5;3;0;1;1;0;0;0;0;380808,745000001040000;5744141,519000001300000;7,270074419000025;51,835358727000028;1
236363;5;3;15;0;2019;3;15;5;3;5;3;0;1;1;0;0;0;0;356636,187979757790000;5642748,799622576700000;6,960376348000068;50,918552036000051;0
236374;5;1;11;0;2019;3;12;2;3;3;5;0;1;1;0;0;0;0;351446,465388375330000;5669681,317344222200000;6,875551622000046;51,159262701000046;0
236379;5;7;54;8;2019;3;9;2;3;3;2;0;1;0;0;0;0;0;456143,298346816560000;5749373,001143071800000;8,362669898000036;51,893391913000073;0
236383;5;3;14;0;2019;3;14;2;3;0;3;0;1;1;0;0;0;0;368773,624607946720000;5617441,638605127100000;7,141999469000041;50,693978194000067;1
236390;5;9;16;0;2019;3;16;2;3;5;3;0;1;1;0;0;0;0;376512,655000001190000;5711223,032000001500000;7,219401517000051;51,538584780000065;0
236394;5;5;54;8;2019;3;13;1;3;0;2;0;1;1;0;0;0;0;335281,501790897920000;5745604,452007196800000;6,609136913000043;51,836932343000058;0
236401;5;1;13;0;2019;3;19;1;3;0;7;2;1;0;0;0;0;0;362097,834679853170000;5710513,253189049700000;7,011955788000023;51,528869162000035;1
236410;5;9;54;16;2019;3;17;1;3;5;3;1;1;1;0;0;0;0;373979,185999999750000;5696115,792000003200000;7,188277558000038;51,402252141000076;0
236415;5;5;15;0;2019;3;8;7;3;5;7;0;1;1;0;0;0;0;407760,692512438630000;5758451,762795241500000;7,657288719000064;51,969090415000039;0
236424;5;1;70;28;2019;3;10;7;3;0;1;0;1;0;0;0;0;0;328468,399496276860000;5701223,720182336900000;6,532091039000022;51,436205195000070;1
236426;5;1;54;28;2019;3;15;7;3;1;5;0;1;1;0;0;0;0;317663,325396348720000;5703768,448703654100000;6,375492259000055;51,455688928000029;0
236427;5;1;66;28;2019;3;10;7;3;5;3;0;1;1;0;0;0;0;325730,747802715750000;5688143,578935997600000;6,499158143000045;51,317866642000070;1
236430;5;1;12;0;2019;3;10;7;3;3;6;0;1;1;0;0;0;0;341847,747243614870000;5712692,172478839800000;6,719277795000039;51,543137884000032;1
236439;5;9;74;28;2019;3;12;7;3;5;3;0;1;1;0;0;0;0;452271,270169853230000;5726335,313284205300000;8,309575216000042;51,685950530000071;1
236447;5;5;66;76;2019;3;13;6;3;5;2;0;1;1;0;0;0;0;395295,236904774790000;5793735,763742364900000;7,465037050000035;52,283999164000079;1
236448;5;5;66;68;2019;3;1;6;3;5;3;2;1;1;0;0;0;0;376218,913273679090000;5785643,787752829500000;7,188484611000035;52,207319115000075;0
236449;5;5;66;12;2019;3;16;6;3;5;3;0;1;1;0;0;0;0;405122,210205094890000;5771580,693651218000000;7,615252001000044;52,086653001000059;1
236450;5;5;66;8;2019;3;11;6;3;5;3;0;1;1;0;0;0;0;398508,418812268410000;5781832,094479277700000;7,515697680000073;52,177616770000043;1
236452;5;5;13;0;2019;3;5;6;2;0;1;2;1;0;0;0;0;0;365165,249464835970000;5715817,479801200300000;7,054115494000030;51,577276181000059;1
236457;5;3;82;68;2019;3;13;6;3;6;4;0;1;0;1;0;0;0;370088,264342200940000;5630738,995106766000000;7,155910938000034;50,813793018000069;0
236460;5;3;82;20;2019;3;7;6;3;0;2;0;1;1;0;0;0;0;378523,071000002320000;5626371,512000000100000;7,277027033000024;50,776365443000032;1
236462;5;3;62;40;2019;3;7;6;3;5;2;0;1;1;0;0;0;0;357554,247259859930000;5631864,630625026300000;6,977667415000042;50,820962462000068;1
236467;5;3;15;0;2019;3;9;6;3;5;3;0;1;1;0;0;0;0;350190,730000002310000;5644064,930000003400000;6,868203110000025;50,928742041000078;1
236468;5;3;15;0;2019;3;13;6;3;5;2;0;1;1;0;0;0;0;354709,860390284100000;5642252,542422538600000;6,933187237000027;50,913610495000057;1
236469;5;3;15;0;2019;3;11;6;3;5;3;0;1;1;0;0;0;0;355888,644000001250000;5644648,418000003300000;6,948997506000069;50,935437414000035;1
236473;5;3;14;0;2019;3;8;6;3;5;2;1;1;1;0;0;0;0;364498,362064256330000;5620786,096254229500000;7,080275127000050;50,723057609000080;1
236476;5;1;70;36;2019;3;16;6;3;5;3;0;1;1;0;0;0;0;351937,499095921400000;5728435,067593852100000;6,858018714000025;51,687329391000048;1
236480;5;1;66;12;2019;3;12;6;3;0;3;0;1;1;0;0;0;0;320601,806166575290000;5692377,342121904700000;6,423501806000047;51,354304094000042;0
236493;5;1;11;0;2019;3;8;6;3;1;7;0;1;1;0;0;0;0;343718,366483896970000;5675587,677457628800000;6,762551624000025;51,210274866000077;1
236503;5;9;74;28;2019;3;16;6;3;1;5;0;1;1;0;0;0;0;453706,015061616900000;5723776,966017639300000;8,330667267000024;51,663068963000057;1
236516;5;5;54;56;2019;3;17;5;3;5;2;0;1;0;0;0;0;1;355749,534879481420000;5761518,978862142200000;6,899332993000030;51,985587240000029;1
236519;5;5;54;8;2019;3;12;5;3;5;3;0;1;1;0;0;0;0;337497,972000000070000;5745597,742000000600000;6,641282156000045;51,837521332000051;1
236520;5;5;15;0;2019;3;14;5;3;6;4;0;1;0;1;0;0;0;403508,152999650690000;5757664,858111247400000;7,595626029000073;51,961295508000035;1
236522;5;3;58;28;2019;3;9;5;3;5;2;0;1;1;0;0;0;0;323966,178119563500000;5623559,294746862700000;6,505223584000021;50,737109924000038;1
236528;5;3;62;40;2019;3;11;5;3;5;2;0;1;1;0;0;0;0;357531,899000001140000;5631881,375000003700000;6,977343839000071;50,821107448000078;1
236529;5;3;62;20;2019;3;13;5;3;0;7;0;1;1;0;0;0;0;346119,151619894430000;5631620,184285778600000;6,815544795000051;50,815840063000053;0
236534;5;3;14;0;2019;3;7;5;2;6;7;0;1;1;1;0;0;0;370555,610603015870000;5615116,084553977500000;7,168030644000055;50,673474529000032;1
236538;5;1;54;52;2019;3;13;5;2;3;5;0;1;1;0;0;0;0;309865,731168139730000;5703045,926610902000000;6,263778689000048;51,446634956000082;1
236542;5;1;19;0;2019;3;16;5;3;5;3;0;1;1;0;0;0;0;351282,917850077150000;5704810,399524312500000;6,858561430000066;51,474881961000051;1
236554;5;7;58;4;2019;3;9;5;3;5;3;0;1;1;0;0;0;0;470092,569987033490000;5783131,581216061500000;8,562420084000053;52,197825900000055;1
236557;5;7;66;20;2019;3;9;5;2;0;7;0;1;1;0;0;0;0;489682,948734039440000;5754017,799424653900000;8,849927655000045;51,936783769000044;1
236558;5;7;11;0;2019;3;17;5;3;5;2;0;1;1;0;0;0;0;467690,673429468650000;5763688,728062477000000;8,529123848000040;52,022889695000060;1
236560;5;9;78;28;2019;3;9;5;2;4;2;0;1;0;0;0;0;1;400269,244948743840000;5700143,303392723200000;7,564955621000024;51,443687944000033;1
236562;5;9;62;40;2019;3;7;5;2;5;3;0;1;1;0;0;0;0;416662,709212931800000;5698304,519968189300000;7,801216072000045;51,429807268000047;1
236565;5;9;13;0;2019;3;16;5;3;0;5;0;1;1;0;0;0;0;393196,785745526660000;5707571,911359472200000;7,460980845000051;51,509170604000076;1
236567;5;5;66;8;2019;3;12;4;2;5;3;0;1;1;0;0;0;0;398580,700000000190000;5780667,789999999100000;7,517102446000024;52,167165667000063;1
236568;5;5;58;12;2019;3;16;4;3;5;3;0;1;1;0;0;0;0;373421,740393991580000;5756010,387357883200000;7,158563248000064;51,940393017000076;1
236569;5;5;54;4;2019;3;13;4;2;0;7;0;1;0;0;0;0;0;361220,400000000370000;5770555,425999999000000;6,975283568000066;52,068176125000036;1
236571;5;5;15;0;2019;3;14;4;3;5;3;0;1;1;0;0;0;0;406264,361215646380000;5757406,707747966100000;7,635798764000072;51,959446649000029;1
236572;5;5;62;24;2019;3;15;4;3;5;3;0;1;1;0;0;0;0;368984,392000000920000;5726869,109999999400000;7,105064511000023;51,677493590000040;1
236584;5;3;15;0;2019;3;19;4;3;0;7;2;1;0;0;0;0;0;354324,443173946810000;5646458,809877283900000;6,926027162000025;50,951313861000074;1
236601;5;1;13;0;2019;3;7;4;3;5;3;0;1;1;0;0;0;0;357067,229657129380000;5702562,114350875800000;6,942702262000069;51,456169856000031;1
236602;5;1;13;0;2019;3;15;4;2;0;1;0;1;0;0;0;0;0;361222,763000001200000;5694663,750000000000000;7,005568065000034;51,386226009000040;1
236603;5;1;12;0;2019;3;14;4;3;1;3;0;1;1;0;0;0;0;345491,380413457750000;5699255,036314895400000;6,777658702000053;51,423414919000038;0
236608;5;1;11;0;2019;3;9;4;3;5;3;0;1;1;0;0;0;0;345083,035000001080000;5674220,971999999100000;6,782663507000052;51,198366208000039;1
236609;5;1;11;0;2019;3;9;4;3;3;6;0;1;0;0;0;0;0;344555,657161793670000;5675251,588673945500000;6,774674820000030;51,207483478000029;1
236612;5;7;70;4;2019;3;9;4;2;1;5;0;1;1;0;0;0;0;486024,354836286050000;5783769,545724563300000;8,795491471000048;52,204195712000057;0
236620;5;7;74;32;2019;3;15;6;3;0;7;0;1;1;0;0;0;0;482006,077200362460000;5731293,422618199100000;8,739442340000039;51,732270885000048;0
236621;5;7;74;32;2019;3;16;6;2;5;3;0;1;1;0;0;0;0;486429,799930199980000;5730004,811141066300000;8,803548991000071;51,720809117000044;0
236625;5;7;74;32;2019;3;14;6;3;8;6;0;1;1;0;0;0;0;481508,747459152710000;5730415,024347093000000;8,732287591000045;51,724356776000036;0
236627;5;7;54;28;2019;3;14;6;3;5;3;0;1;1;0;0;0;0;451488,504659060390000;5743319,864338723900000;8,295881480000048;51,838585537000029;0
236628;5;7;54;28;2019;3;11;6;3;5;3;0;1;1;0;0;0;0;452429,227550013920000;5744697,794244669400000;8,309344923000026;51,851054810000051;0
236629;5;7;54;36;2019;3;13;6;3;4;6;0;1;0;0;0;0;0;474775,421371293250000;5750164,241078209100000;8,633367731000021;51,901660717000027;0
236632;5;9;78;8;2019;3;9;6;3;5;3;0;1;1;0;0;0;0;414103,714194430040000;5717203,403044473400000;7,759809058000030;51,599318609000079;0
236651;5;9;13;0;2019;3;18;6;3;0;7;1;1;0;1;0;0;0;392658,132523677310000;5709191,566138913900000;7,452728672000035;51,523626671000045;0
236654;5;5;70;4;2019;3;10;5;3;5;3;0;1;1;0;0;0;0;423821,604000000280000;5735516,890999997000000;7,896091785000067;51,765351182000074;0
236655;5;5;66;40;2019;3;10;5;3;3;1;0;1;1;0;0;0;0;421726,014301664200000;5781872,538320116700000;7,855158607000021;52,181763219000061;0
236656;5;5;66;76;2019;3;17;5;3;5;2;0;1;1;0;0;0;0;393593,057720436710000;5795710,432536535000000;7,439469517000021;52,301418943000044;0
236658;5;5;54;20;2019;3;12;5;3;1;5;2;1;1;0;0;0;0;365564,922677301800000;5786577,276022959500000;7,032290240000066;52,213211186000080;0
236659;5;5;54;48;2019;3;12;5;3;1;5;0;1;1;0;0;0;0;340992,989702755590000;5745559,171597862600000;6,691985170000066;51,838180777000048;0
236661;5;5;15;0;2019;3;12;5;3;0;7;0;1;0;0;0;0;0;408487,790507425550000;5756265,504702098700000;7,668452284000068;51,949559225000030;0
236667;5;5;62;32;2019;3;18;5;3;1;5;0;1;0;0;0;0;0;375553,348456529900000;5720579,727210043000000;7,202260315000046;51,622464419000039;0
236670;5;3;70;12;2019;3;19;5;2;5;3;0;1;1;0;0;0;0;302812,728864235800000;5648357,448182733700000;6,192448661000071;50,953051418000030;0
236673;5;3;34;2;2019;3;16;5;3;5;3;0;1;1;0;0;0;0;299451,813824590300000;5630077,327512001600000;6,154680031000055;50,787707857000044;0
236674;5;3;74;36;2019;3;16;5;3;5;2;0;1;1;0;0;0;0;384813,155994475820000;5673735,251309538300000;7,351183178000042;51,203393137000035;0
236675;5;3;62;32;2019;3;15;5;3;0;5;0;1;0;0;0;0;0;338995,989669357430000;5643731,849267747300000;6,709179610000035;50,922733462000053;0
236676;5;3;62;36;2019;3;9;5;3;1;5;0;1;1;0;0;0;0;344938,180461778310000;5647705,093743458400000;6,791967571000043;50,960064256000067;0
236682;5;3;15;0;2019;3;11;5;3;0;1;0;1;0;0;0;0;0;355260,486054589970000;5642033,846341205800000;6,941101451000066;50,911783461000027;0
236684;5;3;14;0;2019;3;9;5;3;5;3;0;1;1;0;0;0;0;370678,123718800020000;5616323,957649402300000;7,169341126000063;50,684358613000029;0
236685;5;3;14;0;2019;3;17;5;3;0;7;0;1;0;1;0;0;0;366874,779000001960000;5623177,773000001900000;7,113059687000032;50,745103407000045;0
236686;5;1;70;32;2019;3;17;5;3;0;7;0;1;0;0;0;0;1;332400,835832367650000;5713189,218182403600000;6,582933425000022;51,544877183000040;0
236687;5;1;70;20;2019;3;7;5;3;5;3;0;1;1;0;0;0;0;328213,459000000730000;5707823,232999999100000;6,525219865000054;51,495413996000082;0
236688;5;1;70;24;2019;3;7;5;3;5;2;0;1;1;0;0;0;0;334587,470409371890000;5706273,056215949400000;6,617684036000071;51,483388075000050;0
236689;5;1;70;24;2019;3;15;5;3;5;2;0;1;1;0;0;0;0;335411,945886792620000;5705364,348712073600000;6,629970806000074;51,475464706000082;0
236692;5;1;54;16;2019;3;13;5;3;5;3;0;1;1;0;0;0;0;303588,383024486710000;5730314,842065746000000;6,158319813000048;51,689384721000067;0
236695;5;1;62;4;2019;3;11;5;3;0;7;0;1;0;0;0;0;0;344333,953042019160000;5665293,095061976500000;6,775812994000035;51,117941515000041;0
236696;5;1;62;24;2019;3;18;5;3;5;2;1;1;1;0;0;0;0;338721,735999999570000;5674788,339999999900000;6,691436579000026;51,201703845000054;0
236699;5;1;14;0;2019;3;9;5;3;5;2;0;1;0;0;0;0;1;330246,033040372650000;5690580,138825291800000;6,562729905000026;51,341121422000072;0
236701;5;1;13;0;2019;3;11;5;3;5;3;0;1;0;0;0;0;1;361251,654061770070000;5702389,658850649400000;7,002958352000064;51,455661111000040;0
236702;5;1;12;0;2019;3;7;5;3;3;2;0;1;1;0;0;0;0;338867,977609182710000;5701984,457022741400000;6,681232662000070;51,446093203000032;0
236708;5;1;11;0;2019;3;13;5;3;5;2;0;1;1;0;0;0;0;343560,031497736460000;5677453,429941745500000;6,759472621000043;51,226995832000057;0
236709;5;7;74;32;2019;3;14;5;3;0;1;0;1;0;0;0;0;0;482822,633974756110000;5732734,888601904700000;8,751195046000021;51,745257121000066;0
236713;5;7;54;16;2019;3;16;5;3;4;6;0;1;0;0;0;0;0;448607,971972955390000;5757542,337144836800000;8,251954919000070;51,966192778000050;0
236714;5;7;11;0;2019;3;15;5;2;6;4;0;1;0;1;0;0;0;466870,822206733750000;5759561,899620285300000;8,517574862000060;51,985738539000067;0
236715;5;7;11;0;2019;3;7;5;3;5;2;0;1;1;0;0;0;0;472574,338431712240000;5764278,347915967900000;8,600249085000030;52,028453738000053;0
236716;5;9;78;32;2019;3;7;5;3;5;7;0;1;1;0;0;0;0;394319,653000000860000;5728203,969000002400000;7,470937715000048;51,694830480000064;0
236723;5;9;13;0;2019;3;21;5;2;0;7;2;1;1;0;0;0;0;390996,462999999520000;5705619,515000002500000;7,429890461000070;51,491201599000078;0
236725;5;9;16;0;2019;3;14;5;3;4;2;0;1;0;0;0;0;0;376841,960220060310000;5711603,397470058900000;7,224014307000061;51,542075202000035;0
236728;5;9;11;0;2019;3;14;5;3;5;3;0;1;1;0;0;0;0;376241,202911378820000;5706473,391348816500000;7,217157262000058;51,495838693000053;0
236732;5;5;54;48;2019;3;9;4;3;5;3;0;1;1;0;0;0;0;341183,247903091830000;5745737,886823529400000;6,694662347000076;51,839840475000074;0
236733;5;5;54;8;2019;3;22;4;3;5;3;2;1;0;0;1;0;0;335694,515449820090000;5745728,904691824700000;6,615067029000045;51,838172002000078;0
236734;5;5;62;24;2019;3;14;4;1;5;3;0;1;1;0;0;0;0;368030,234000000170000;5725522,426000000900000;7,091781096000034;51,665168280000046;0
236735;5;5;62;32;2019;3;16;4;3;2;6;0;1;1;0;0;0;0;373183,706311672930000;5718908,396305732400000;7,168652222000048;51,606915265000055;0
236739;5;3;58;8;2019;3;12;4;3;0;4;0;1;0;1;0;0;0;322338,176909508180000;5630789,671600032600000;6,478683502000024;50,801573063000035;0
236742;5;3;34;12;2019;3;15;4;3;1;5;0;1;1;0;0;0;0;308226,241120582450000;5631540,655304290400000;6,278251860000069;50,803821113000026;0
236743;5;3;82;68;2019;3;11;4;3;6;4;0;1;0;1;0;0;0;370630,433588815850000;5630797,663828404600000;7,163582081000072;50,814441699000042;0
236746;5;3;78;4;2019;3;18;4;3;5;3;1;1;1;0;0;0;0;368174,615000000220000;5648865,176999999200000;7,122220003000052;50,976275952000037;0
236753;5;3;15;0;2019;3;17;4;3;5;3;0;1;1;0;0;0;0;351223,606169381180000;5650488,788872476700000;6,880264282000042;50,986736807000057;0
236754;5;3;15;0;2019;3;7;4;3;4;3;0;1;0;0;0;0;0;352405,725966768340000;5645211,174321996000000;6,899235631000067;50,939613818000055;0
236757;5;3;15;0;2019;3;21;4;3;6;7;2;1;0;1;0;0;0;354901,631920672950000;5645222,032585416000000;6,934731578000026;50,940344861000028;0
236758;5;3;15;0;2019;3;16;4;3;5;2;0;1;1;0;0;0;0;356497,520020008090000;5643639,009019877800000;6,958054570000058;50,926517796000041;0