OBJECTID;ULAND;UREGBEZ;UKREIS;UGEMEINDE;UJAHR;UMONAT;USTUNDE;UWOCHENTAG;UKATEGORIE;UART;UTYP1;ULICHTVERH;IstRad;IstPKW;IstFuss;IstKrad;IstGkfz;IstSonstige;LINREFX;LINREFY;XGCSWGS84;YGCSWGS84;STRZUSTAND
236760;5;3;14;0;2019;3;15;4;3;5;3;0;1;1;0;0;0;0;369829,047000002120000;5616167,536000002200000;7,157383425000035;50,682763304000048;0
236762;5;3;14;0;2019;3;12;4;3;1;2;0;1;0;0;0;0;1;370272,168840794820000;5623785,182089434900000;7,160974129000067;50,751332019000074;0
236764;5;3;14;0;2019;3;16;4;3;1;5;0;1;1;0;0;0;0;366418,423583957370000;5621234,959355484700000;7,107299144000024;50,727536589000067;0
236765;5;3;14;0;2019;3;7;4;3;5;2;0;1;1;0;0;0;0;365527,916437867100000;5624187,009563133100000;7,093611734000035;50,753863947000070;0
236766;5;1;70;24;2019;3;16;4;2;0;6;0;1;1;0;0;0;0;334830,773195977320000;5706290,487428542200000;6,621176746000060;51,483615777000068;0
236770;5;1;62;20;2019;3;12;4;3;1;3;0;1;1;0;0;0;0;329672,606342250480000;5674096,901863252700000;6,562356256000044;51,192865892000043;0
236771;5;1;16;0;2019;3;19;4;2;5;3;2;1;1;0;0;0;0;323646,574246543460000;5670640,570834413200000;6,477898382000035;51,159988275000046;0
236773;5;1;16;0;2019;3;12;4;3;1;5;0;1;1;0;0;0;0;321303,902883823030000;5671547,376462902900000;6,443979914000067;51,167407551000053;0
236778;5;1;11;0;2019;3;16;4;3;5;2;0;1;0;0;0;0;1;352929,290541513820000;5674014,440543137500000;6,894968652000046;51,198583894000080;0
236782;5;7;70;24;2019;3;18;4;3;0;1;2;1;0;0;0;0;0;491783,145341248250000;5793465,884210452400000;8,879524888000049;52,291487155000027;0
236784;5;7;11;0;2019;3;15;4;3;1;3;0;1;1;0;0;0;0;468127,417187648830000;5763422,304736826600000;8,535513536000053;52,020519647000071;0
236785;5;7;11;0;2019;3;18;4;3;3;2;1;1;1;0;0;0;0;467139,221572982150000;5764804,633365476500000;8,520980106000025;52,032889961000080;0
236790;5;9;15;0;2019;3;18;4;3;1;5;0;1;1;0;0;0;0;418047,899244154800000;5725879,093997335100000;7,814711014000068;51,677897265000070;0
236793;5;9;16;0;2019;3;13;4;2;1;5;0;1;1;0;0;0;0;376898,849753801710000;5711496,455923736100000;7,224871658000041;51,541126493000036;0
236796;5;5;66;76;2019;3;20;3;3;7;5;2;1;1;0;0;0;0;391860,707265446890000;5791434,639866262700000;7,415445476000059;52,262653712000031;0
236797;5;5;58;16;2019;3;7;3;3;0;1;0;1;0;0;0;0;0;380346,940460793670000;5744017,993505250700000;7,263417883000045;51,834149850000074;0
236798;5;5;15;0;2019;3;18;3;3;1;5;0;1;1;0;0;0;0;406689,689253030340000;5757768,638036871300000;7,641888656000049;51,962771396000051;0
236801;5;3;58;8;2019;3;8;3;3;5;3;0;1;1;0;0;0;0;323518,475272538140000;5632406,795971879700000;6,494639274000065;50,816462275000049;0
236807;5;3;15;0;2019;3;14;3;3;5;2;0;1;1;0;0;0;0;363665,400481130930000;5638900,049000537000000;7,061754727000050;50,885665007000057;0
236809;5;3;15;0;2019;3;8;3;3;5;3;0;1;1;0;0;0;0;362977,778367596680000;5648619,082080256200000;7,048331739000048;50,972851142000081;0
236810;5;3;15;0;2019;3;20;3;3;0;3;2;1;0;0;0;0;0;356836,872000000440000;5647474,339000001500000;6,961372580000045;50,961069814000041;0
236812;5;3;15;0;2019;3;7;3;3;5;2;0;1;1;0;0;0;0;351728,703335465860000;5644783,036769408700000;6,889780508000058;50,935592675000066;0
236813;5;3;15;0;2019;3;12;3;3;0;1;0;1;0;0;0;0;0;354206,299946483220000;5642614,724257746700000;6,925884155000063;50,916738344000066;0
236814;5;3;15;0;2019;3;12;3;3;0;1;0;1;0;0;0;0;0;353864,958126147280000;5642360,141088292000000;6,921133487000077;50,914364144000047;0
236815;5;3;15;0;2019;3;16;3;3;0;7;0;1;0;0;0;0;0;355934,973676642400000;5642918,091450935200000;6,950340179000023;50,919898803000081;0
236817;5;3;14;0;2019;3;13;3;3;5;3;0;1;1;0;0;0;0;365734,641126321630000;5620550,343615246900000;7,097865631000047;50,721225659000027;0
236820;5;1;70;52;2019;3;16;3;3;5;3;0;1;1;0;0;0;0;324466,348792203700000;5726431,499417532200000;6,461995061000039;51,661417645000029;0
236824;5;1;54;16;2019;3;16;3;2;5;3;0;1;1;0;0;0;0;304614,417000002230000;5731115,193999998300000;6,172696777000056;51,696930206000047;0
236825;5;1;54;36;2019;3;7;3;3;5;3;0;1;1;0;0;0;0;301400,936748204750000;5740410,214614389500000;6,120955160000051;51,779272112000058;0
236826;5;1;62;8;2019;3;18;3;2;4;2;0;1;1;0;0;0;0;330536,036514145320000;5663626,146519523100000;6,579629296000064;51,099050926000075;0
236830;5;1;13;0;2019;3;14;3;3;2;2;0;1;1;0;0;0;0;361079,511472034270000;5699715,657040936900000;7,001531802000045;51,431589415000076;0
236835;5;1;11;0;2019;3;14;3;3;5;3;0;1;1;0;0;0;0;353109,251270703970000;5667486,109367620200000;6,900209494000023;51,139965388000064;0
236843;5;7;54;40;2019;3;10;3;3;0;7;0;1;0;1;0;0;0;460004,712761202830000;5762858,048650762100000;8,417211375000022;52,014920599000050;0
236846;5;7;11;0;2019;3;11;3;3;3;2;0;1;0;0;0;0;1;468418,544030996040000;5765350,665258979400000;8,539578022000057;52,037873459000082;0
236848;5;9;78;20;2019;3;22;3;2;0;1;2;1;0;0;0;0;0;407793,729196362200000;5716520,600982120300000;7,668909027000041;51,592183110000065;0
236849;5;9;70;28;2019;3;16;3;3;5;3;0;1;1;0;0;0;0;458640,469464677390000;5641898,532855348700000;8,411495490000050;50,927238879000072;0
236850;5;9;58;40;2019;3;8;3;3;0;1;0;1;0;0;0;0;0;451939,042325449180000;5670611,229988727700000;8,312334118000024;51,184897361000026;0
236851;5;9;14;0;2019;3;12;3;3;5;3;0;1;1;0;0;0;0;392780,861018235800000;5693737,093100000200000;7,459181768000065;51,384736927000063;0
236853;5;9;13;0;2019;3;8;3;3;5;2;0;1;0;0;0;0;1;392622,095000000670000;5709518,890999998900000;7,452109640000060;51,526561948000051;0
236854;5;9;13;0;2019;3;15;3;3;5;3;0;1;1;0;0;0;0;392717,281158208850000;5708349,637287704300000;7,453837265000061;51,516070300000081;0
236855;5;9;16;0;2019;3;7;3;3;0;6;0;1;1;0;0;0;0;378926,052909194490000;5711158,988043824200000;7,254205447000061;51,538532016000033;0
236857;5;5;66;76;2019;3;17;2;3;3;3;0;1;1;0;0;0;0;394267,882868960500000;5795836,964510045900000;7,449322612000060;52,302686428000072;0
236858;5;5;54;56;2019;3;7;2;3;5;3;0;1;1;0;0;0;0;356679,128823763690000;5762121,515192085900000;6,912608792000071;51,991241627000079;1
236860;5;5;54;4;2019;3;6;2;3;1;6;0;1;1;0;0;0;0;361193,337773457170000;5770594,509323028800000;6,974873120000041;52,068520517000081;0
236861;5;5;54;12;2019;3;14;2;3;5;3;0;1;1;0;0;0;0;352362,875235483050000;5745716,022857997600000;6,856824709000023;51,842711567000038;1
236863;5;5;15;0;2019;3;5;2;3;5;3;2;1;1;0;0;0;0;405852,072568550710000;5754437,716546693800000;7,630613390000065;51,932690304000062;1
236872;5;3;78;4;2019;3;14;2;3;5;3;0;1;1;0;0;0;0;367516,956307541580000;5650227,216500617600000;7,112360928000044;50,988366551000070;0
236879;5;1;70;20;2019;3;7;4;3;1;3;0;1;0;0;0;0;0;329608,115130766290000;5708223,422452913600000;6,545098318000044;51,499431117000029;0
236880;5;1;54;24;2019;3;7;4;3;3;2;0;1;1;0;0;0;0;313372,148819942030000;5735065,364925248500000;6,297153388000027;51,735388159000081;0
236882;5;1;66;32;2019;3;19;4;3;0;3;1;1;1;0;0;0;0;318204,539389615880000;5681738,073427164900000;6,394531493000045;51,257972835000032;0
236883;5;1;14;0;2019;3;8;4;3;3;6;0;1;1;0;0;0;0;330622,654000001030000;5689507,324999999300000;6,568642256000032;51,331595731000050;0
236885;5;1;12;0;2019;3;13;4;3;1;3;0;1;1;0;0;0;0;345141,899124867280000;5700050,311514077700000;6,772288490000051;51,430465124000079;0
236886;5;1;12;0;2019;3;7;4;3;5;3;0;1;1;0;0;0;0;342380,592512369160000;5712731,769477764100000;6,726937734000046;51,543642702000056;0
236889;5;1;11;0;2019;3;9;4;3;5;2;0;1;1;0;0;0;0;344020,485024162570000;5679985,519706485800000;6,764959097000030;51,249873399000080;0
236894;5;9;54;8;2019;3;10;4;3;5;3;0;1;1;0;0;0;0;384845,869455011560000;5684390,580937834500000;7,348222531000033;51,299173876000054;0
236896;5;9;13;0;2019;3;16;4;3;3;5;0;1;1;0;0;0;0;390025,746839975940000;5705890,812322104300000;7,415829250000058;51,493452122000065;0
236897;5;9;13;0;2019;3;16;4;3;5;2;0;1;0;0;0;0;1;386361,173753245730000;5706359,515389164900000;7,362913215000049;51,496940143000074;0
236898;5;9;78;24;2019;3;17;4;3;5;3;0;1;1;0;0;0;0;397476,093204557900000;5719352,597937203900000;7,519186343000058;51,615855550000049;0
236899;5;9;78;24;2019;3;12;4;3;5;3;0;1;1;0;0;0;0;398401,089054065760000;5720795,239594290000000;7,532123435000074;51,628990579000060;0
236900;5;9;13;0;2019;3;18;4;3;6;4;0;1;0;1;0;0;0;392703,621701697820000;5708674,633958591100000;7,453541534000067;51,518988913000044;0
236904;5;5;66;76;2019;3;15;3;3;5;3;0;1;0;0;0;1;0;393457,998580364510000;5796886,972809204800000;7,437117203000071;52,311966495000036;1
236905;5;5;66;68;2019;3;17;3;3;5;2;0;1;1;0;0;0;0;376601,643886581060000;5785974,338882964100000;7,193962312000053;52,210375328000055;0
236906;5;5;54;20;2019;3;7;3;3;5;3;0;1;1;0;0;0;0;364311,912999998780000;5786584,590000001700000;7,013959043000057;52,212969787000077;0
236915;5;3;15;0;2019;3;8;3;3;5;3;0;1;1;0;0;0;0;351497,122503654100000;5646098,033606141800000;6,885950952000030;50,947350263000033;0
236916;5;3;15;0;2019;3;7;3;2;5;3;0;1;0;0;0;1;0;354527,485814253800000;5644204,972949232900000;6,929815868000048;50,931110556000078;0
236917;5;3;15;0;2019;3;9;3;3;1;5;0;1;1;0;0;0;0;356008,926694622260000;5642889,736336452900000;6,951402807000022;50,919662438000046;0
236919;5;3;14;0;2019;3;19;3;3;0;1;1;1;0;0;0;0;0;365578,352771780450000;5622063,928545631500000;7,095101026000066;50,734793549000074;0
236925;5;1;62;8;2019;3;15;3;3;0;1;0;1;0;0;0;0;0;332096,014999999660000;5662209,776999998800000;6,602547170000037;51,086784505000026;0
236929;5;1;14;0;2019;3;6;3;3;5;2;0;1;1;0;0;0;0;329697,671390209350000;5688819,038588410200000;6,555706322000049;51,325136058000055;0
236938;5;1;11;0;2019;3;16;3;3;2;7;0;1;0;0;1;0;0;342321,531666043210000;5684263,724273206700000;6,738748150000049;51,287846240000079;1
236940;5;1;11;0;2019;3;19;3;2;1;6;2;1;1;0;0;0;0;346203,429715888570000;5676027,908974766700000;6,797912542000063;51,214905183000042;1
236941;5;7;11;0;2019;3;9;3;3;5;3;0;1;1;0;0;0;0;468207,937937379810000;5763067,129468783700000;8,536719929000071;52,017331016000071;0
236946;5;5;70;8;2019;3;15;2;3;5;3;0;1;1;0;0;0;0;434127,970320534890000;5732971,737205671100000;8,045900525000036;51,743777533000070;1
236949;5;5;54;20;2019;3;7;2;3;5;3;0;1;1;0;0;0;0;363733,563000001010000;5786415,925999999000000;7,005567284000051;52,211311595000041;0
236950;5;5;54;20;2019;3;7;2;3;0;2;0;1;1;0;0;0;0;364634,022348981350000;5786379,808004174400000;7,018752528000050;52,211208991000035;1
236952;5;5;15;0;2019;3;16;2;3;1;5;0;1;1;0;0;0;0;405964,100000000560000;5756319,258000001300000;7,631727802000057;51,949621448000073;1
236953;5;5;15;0;2019;3;16;2;3;4;6;0;1;0;0;0;0;0;406795,014999999660000;5758466,892000000900000;7,643231653000044;51,969065311000065;1
236955;5;5;12;0;2019;3;13;2;3;5;3;0;1;1;0;0;0;0;357451,574673946020000;5709746,264392741000000;6,945329666000021;51,520823294000081;1
236967;5;3;15;0;2019;3;8;2;3;5;3;0;1;1;0;0;0;0;362329,954011449590000;5648025,119246285400000;7,039335094000023;50,967358544000035;0
236968;5;3;15;0;2019;3;21;2;3;5;2;2;1;1;0;0;0;0;364782,634000000540000;5648846,699000001000000;7,073938811000062;50,975323413000069;1
236969;5;3;15;0;2019;3;16;2;3;5;3;0;1;0;0;0;0;0;354915,347874642350000;5646065,764688141600000;6,934590585000024;50,947930713000062;1
236971;5;3;15;0;2019;3;14;2;3;5;3;0;1;1;0;0;0;0;353858,312653696160000;5642735,997504035000000;6,920888453000032;50,917740172000038;1
236972;5;3;15;0;2019;3;8;2;3;5;3;0;1;1;0;0;0;0;355338,491115342830000;5645904,321004107600000;6,940674372000046;50,946586200000070;1
236973;5;3;14;0;2019;3;15;2;3;0;2;0;1;1;0;0;0;0;363630,713735958560000;5621202,551107218500000;7,067836128000067;50,726597642000058;0
236975;5;1;70;32;2019;3;9;2;3;5;3;0;1;1;0;0;0;0;333678,489274505530000;5713103,869099138300000;6,601382270000045;51,544488391000073;0
236976;5;1;54;16;2019;3;12;2;2;5;3;0;1;0;0;0;0;0;303700,915332634930000;5728741,987363344100000;6,160830048000037;51,675299213000073;1
236979;5;1;62;24;2019;3;17;2;3;5;3;0;1;1;0;0;0;0;339541,611879936420000;5674701,517986487600000;6,703201095000054;51,201154613000028;1
236981;5;1;62;22;2019;3;15;2;3;5;3;0;1;1;0;0;0;0;336752,169093826790000;5684300,828194107900000;6,658931822000056;51,286610589000077;1
236984;5;1;22;0;2019;3;16;2;3;5;3;0;1;1;0;0;0;0;361932,037423455160000;5669917,312675675400000;7,025315032000037;51,164010106000035;1
236985;5;1;17;0;2019;3;17;2;3;5;3;0;1;1;0;0;0;0;354060,811000000690000;5703049,175000000700000;6,899259440000037;51,459779462000029;0
236995;5;1;11;0;2019;3;8;2;3;5;2;0;1;1;0;0;0;0;345579,840691385790000;5679143,634996516600000;6,787648392000051;51,242733064000049;0
236996;5;7;74;32;2019;3;8;2;2;5;3;0;1;1;0;0;0;0;485109,326621554790000;5729760,966574991100000;8,784443528000054;51,718583120000062;1
236997;5;7;54;36;2019;3;7;2;3;5;7;0;1;1;0;0;0;0;473301,988659555090000;5750470,876175880400000;8,611928555000077;51,904348983000034;0
236998;5;7;54;48;2019;3;15;2;3;3;2;0;1;0;0;0;0;1;441523,954858575020000;5766405,070332456400000;8,147341070000039;52,045168269000044;1
237004;5;9;74;8;2019;3;15;2;2;5;3;0;1;1;0;0;0;0;442122,588504097420000;5716078,938815716700000;8,164480199000025;51,592785580000054;1
237007;5;9;15;0;2019;3;7;2;3;0;1;0;1;0;0;0;0;0;417421,002848711800000;5725089,313580304400000;7,805832958000053;51,670705704000056;1
237010;5;9;16;0;2019;3;21;2;3;0;1;2;1;0;0;0;0;0;373575,380565610710000;5709580,959217110600000;7,177660425000056;51,523177039000075;0
237012;5;9;16;0;2019;3;14;2;3;5;3;0;1;1;0;0;0;0;376298,894162393180000;5712227,589814012900000;7,215967730000045;51,547566237000069;1
237013;5;9;11;0;2019;3;9;2;3;5;3;0;1;1;0;0;0;0;380223,257243208590000;5702116,930431332400000;7,275970596000036;51,457541932000026;1
237017;5;5;70;52;2019;3;16;1;2;0;1;0;1;0;0;0;0;0;429593,627661577430000;5755587,897634282700000;7,975630411000054;51,946540072000062;0
237018;5;5;66;8;2019;3;18;1;2;0;1;0;1;0;0;0;0;0;399247,816032980570000;5782050,685696920400000;7,526442451000037;52,179716929000051;0
237019;5;5;54;20;2019;3;23;1;3;0;1;2;1;0;0;0;0;0;365604,997183780190000;5783090,259555483200000;7,034259672000076;52,181888878000052;0
237020;5;5;62;12;2019;3;8;1;3;5;3;0;1;1;0;0;0;0;363194,073000000790000;5731025,884000001500000;7,019739153000046;51,713466165000057;0
237026;5;3;74;12;2019;3;14;1;3;8;1;0;1;0;0;0;0;0;397349,455029794010000;5648804,984190132500000;7,537651167000036;50,981675291000045;0
237027;5;3;62;4;2019;3;11;1;3;5;3;0;1;0;0;0;0;1;334204,258964812380000;5652941,846372516800000;6,636865530000023;51,004127569000048;0
237028;5;3;15;0;2019;3;7;1;3;0;7;0;1;0;0;0;0;0;353698,023171494710000;5645977,321987059000000;6,917308606000063;50,946828245000063;1
237029;5;3;15;0;2019;3;9;1;3;0;1;0;1;0;0;0;0;0;354895,851721666750000;5644232,568220678700000;6,935043364000023;50,931451335000077;1
237036;5;1;13;0;2019;3;16;1;3;0;7;0;1;1;0;0;0;0;366023,078230141660000;5701013,066311547500000;7,072113449000028;51,444439359000057;0
237040;5;7;74;20;2019;3;12;1;3;0;1;0;1;0;0;0;0;0;469565,778954713610000;5739381,485413996500000;8,558598758000073;51,804453630000069;0
237041;5;7;54;28;2019;3;2;1;2;8;1;2;1;0;0;0;0;0;451592,903587550860000;5744408,765396244800000;8,297244225000043;51,848384387000067;0
237042;5;9;58;4;2019;3;17;1;3;5;3;0;1;1;0;0;0;0;430571,349502785130000;5695913,268322851500000;8,001720584000054;51,410183824000057;0
237043;5;9;13;0;2019;3;16;1;2;4;7;0;1;0;0;0;0;0;396713,387000001040000;5705609,828000001600000;7,512210368000069;51,492187823000052;0
237046;5;9;16;0;2019;3;18;1;3;0;1;1;1;0;0;0;0;0;374791,027466730210000;5710838,393480643600000;7,194726860000060;51,534748690000072;0
237047;5;5;54;8;2019;3;10;7;3;1;5;0;1;1;0;0;0;0;335339,498892975040000;5745844,264849467200000;6,609863811000025;51,839103774000080;0
237052;5;3;82;68;2019;3;6;7;2;4;6;1;1;1;0;0;0;0;366773,141181668270000;5633571,156237127300000;7,107851005000043;50,838495032000026;0
237053;5;3;82;60;2019;3;17;7;3;5;3;0;1;1;0;0;0;0;377069,242078437470000;5629686,341930819700000;7,255307614000060;50,805854953000051;0
237055;5;3;16;0;2019;3;11;7;3;1;7;0;1;0;0;0;0;1;358656,555896723640000;5654980,983791519000000;6,984345908000023;51,028980888000035;0
237059;5;3;14;0;2019;3;22;7;3;5;3;2;1;0;0;1;0;0;367083,260796573940000;5622431,998994106400000;7,116282078000040;50,738448130000052;0
237073;5;7;70;40;2019;3;16;7;3;1;7;0;1;1;0;0;0;0;473564,439337088730000;5809198,028440564900000;8,611167909000074;52,432347704000051;0
237083;5;5;54;20;2019;3;15;6;3;5;3;0;1;1;0;0;0;0;366936,373414002360000;5786228,434258777600000;7,052488489000041;52,210409578000053;0
237084;5;5;54;4;2019;3;17;6;3;0;5;0;1;1;0;0;0;0;363254,407949819230000;5771223,971406523100000;7,004671129000030;52,074689152000076;0
237085;5;5;54;40;2019;3;20;6;3;0;1;2;1;0;0;0;0;0;350758,055940001270000;5736672,441440984600000;6,837439097000072;51,761029814000040;0
237087;5;5;54;28;2019;3;14;6;3;2;2;0;1;1;0;0;0;0;357521,374362387690000;5743709,885113567100000;6,932480507000037;51,826025799000035;0
237088;5;5;15;0;2019;3;15;6;3;5;7;0;1;1;0;0;0;0;404295,066564386710000;5755430,797038976100000;7,607697497000061;51,941350943000032;0
237089;5;5;15;0;2019;3;7;6;2;5;3;0;1;1;0;0;0;0;411415,972000000070000;5751922,726000001700000;7,712164975000064;51,910996963000059;0
237094;5;3;34;16;2019;3;15;6;2;9;7;0;1;0;0;0;0;0;294940,772210137920000;5638818,841149928000000;6,085878408000042;50,864638935000073;0
237098;5;3;78;20;2019;3;7;6;2;0;6;1;1;1;0;0;0;0;367811,971709151750000;5653103,018126018300000;7,115514780000069;51,014281024000070;0
237102;5;3;15;0;2019;3;14;6;3;0;1;0;1;0;0;0;0;0;358867,558939866720000;5650450,207118151700000;6,989115051000056;50,988314924000065;0
237103;5;3;15;0;2019;3;14;6;3;5;2;0;1;1;0;0;0;0;356848,262786360460000;5649779,278479095500000;6,960627361000036;50,981786778000071;0
237104;5;3;15;0;2019;3;11;6;3;0;1;0;1;0;0;0;0;0;354750,845341407690000;5651239,156675322000000;6,930184136000037;50,994380892000038;0
237107;5;3;15;0;2019;3;17;6;3;5;3;0;1;1;0;0;0;0;351728,024669547570000;5644779,997382707900000;6,889772093000033;50,935565187000066;0
237108;5;3;15;0;2019;3;14;6;3;5;3;0;1;1;0;0;0;0;351642,866000001320000;5647529,159000000000000;6,887440975000061;50,960248534000073;0
237109;5;3;15;0;2019;3;8;6;3;0;1;0;1;0;0;0;0;0;356346,233061212110000;5640788,985304657400000;6,957025428000065;50,900867240000082;0
237111;5;3;15;0;2019;3;11;6;3;2;7;0;1;1;0;0;0;0;356644,209821515720000;5642682,188782678900000;6,960516575000042;50,917955403000065;0
237112;5;3;14;0;2019;3;11;6;3;5;3;0;1;0;0;0;0;1;369248,665410399440000;5617029,717976059800000;7,148867468000049;50,690382718000080;0
237116;5;1;70;48;2019;3;5;6;3;5;3;1;1;1;0;0;0;0;335150,528591061010000;5725634,967307001400000;6,616702369000052;51,657497219000049;0
237117;5;1;66;36;2019;3;13;6;3;5;3;0;1;1;0;0;0;0;328015,444843658250000;5682544,538055243000000;6,534608689000038;51,268261698000060;0
237118;5;1;66;28;2019;3;15;6;2;5;2;0;1;1;0;0;0;0;324468,531448701400000;5688317,232129216200000;6,480978003000075;51,319038628000044;0
237119;5;1;66;12;2019;3;15;6;3;5;3;0;1;1;0;0;0;0;321041,623783160930000;5693490,959750723100000;6,429251309000051;51,364446279000049;0
237121;5;1;62;28;2019;3;21;6;2;8;7;2;1;0;0;0;0;0;337732,014502312990000;5655746,465515220500000;6,685848648000047;51,030333258000041;0
237123;5;1;62;24;2019;3;17;6;3;1;5;0;1;1;0;0;0;0;338323,766558155420000;5673763,027731807900000;6,686206686000048;51,192379080000080;0
237132;5;1;12;0;2019;3;7;6;3;0;3;0;1;1;0;0;0;0;341670,699000001880000;5697362,618000004400000;6,723595884000076;51,405357671000047;0
237133;5;9;11;0;2019;4;6;2;3;5;3;0;1;1;0;0;0;0;372804,891665549020000;5699105,594397455500000;7,170331946000033;51,428860191000069;0
237135;5;5;66;28;2019;3;3;1;3;0;1;2;1;0;0;0;0;0;411468,140295045450000;5792066,648878185100000;7,702496734000022;52,271840088000033;0
237136;5;5;54;20;2019;3;9;1;3;5;3;0;1;0;0;0;0;1;367202,830780645830000;5782254,985312998300000;7,057942927000056;52,174770466000041;0
237138;5;3;34;2;2019;3;16;1;3;5;3;0;1;1;0;0;0;0;296374,457024481150000;5628073,839841537200000;6,112187472000073;50,768641190000039;0
237147;5;3;82;24;2019;3;1;1;3;7;7;2;1;0;0;0;0;0;375841,890850966800000;5618397,331999376400000;7,241704278000043;50,704120462000049;0
237152;5;1;66;8;2019;3;10;1;2;0;7;0;1;0;0;0;0;1;316960,210534562360000;5690166,893885666500000;6,372396512000023;51,333287438000070;0
237153;5;1;66;32;2019;3;9;1;3;1;5;0;1;1;0;0;0;0;317367,365000000220000;5681890,969000002400000;6,382468572000050;51,259078726000041;0
237154;5;1;62;22;2019;3;17;1;3;0;6;0;1;0;0;0;0;0;333977,079831777140000;5682188,203228391700000;6,620153405000053;51,266828021000038;0
237162;5;9;13;0;2019;3;14;1;3;5;2;0;1;1;0;0;0;0;394280,030956778680000;5704966,034979868700000;7,477365119000069;51,485951269000054;0
237165;5;5;70;4;2019;3;19;7;3;2;6;1;1;1;0;0;0;0;423741,008930673820000;5735845,069142483200000;7,894852061000051;51,768290415000081;0
237166;5;5;70;32;2019;3;17;7;3;5;3;0;1;1;0;0;0;0;420527,724146926780000;5765752,866002272800000;7,841398335000065;52,036693026000080;0
237169;5;5;15;0;2019;3;13;7;2;0;1;0;1;0;0;0;0;0;404422,036745102140000;5760584,408617742400000;7,608109679000052;51,987695286000076;0
237173;5;3;58;8;2019;3;14;7;3;3;7;0;1;0;0;1;0;0;321923,289875520390000;5634237,457021288600000;6,471128338000028;50,832420701000046;0
237174;5;3;34;12;2019;3;19;7;3;3;6;2;1;1;0;0;0;0;306819,456545366910000;5630517,317057836800000;6,258848600000022;50,794161701000064;0
237175;5;3;34;12;2019;3;14;7;3;0;1;0;1;0;0;0;0;0;311352,213216328990000;5634324,504726253400000;6,321133762000045;50,829854401000034;0
237176;5;3;34;2;2019;3;17;7;3;0;6;0;1;1;0;0;0;0;296111,721983654420000;5628272,809632126200000;6,108356174000051;50,770335951000050;0
237177;5;3;82;68;2019;3;19;7;3;6;4;0;1;0;1;0;0;0;369535,196310894560000;5630300,595419686300000;7,148220396000056;50,809728324000048;0
237178;5;3;82;60;2019;3;18;7;3;5;3;0;1;1;0;0;0;0;374212,297241054480000;5628872,616078015400000;7,215060016000052;50,797927568000034;0
237179;5;3;78;4;2019;3;8;7;3;5;2;0;1;1;0;0;0;0;368376,490958155130000;5649589,416356906300000;7,124831709000034;50,982831384000065;0
237183;5;3;62;24;2019;3;17;7;3;5;3;0;1;1;0;0;0;0;346622,167340408080000;5641125,930809473600000;6,818696636000027;50,901394106000055;0
237184;5;3;15;0;2019;3;17;7;3;0;1;0;1;0;0;0;0;0;363655,395904155450000;5644241,663893960400000;7,059616915000049;50,933670322000069;0
237188;5;3;15;0;2019;3;17;7;3;0;1;0;1;0;0;0;0;0;355019,178699119950000;5644509,747900383500000;6,936686938000037;50,933973297000080;0
237191;5;1;70;20;2019;3;11;7;3;5;3;0;1;1;0;0;0;0;330084,330330280590000;5708296,309430800400000;6,551917488000072;51,500229236000052;0
237196;5;1;58;28;2019;3;15;7;3;5;3;0;1;0;0;0;0;0;351287,739339690660000;5685941,670977966900000;6,866534099000035;51,305335723000042;0
237197;5;1;58;28;2019;3;13;7;3;6;4;0;1;0;1;0;0;0;350055,082987883130000;5684303,183290500200000;6,849551711000061;51,290289380000047;0
237199;5;1;66;16;2019;3;16;7;2;6;4;0;1;0;1;0;0;0;308339,109348741360000;5686960,186956133700000;6,250510660000032;51,301645921000045;0
237200;5;1;62;28;2019;3;13;7;3;8;1;0;1;0;0;0;0;0;337978,005073687990000;5656170,773946525500000;6,689164045000041;51,034215116000041;0
237201;5;1;62;4;2019;3;16;7;3;6;4;0;1;0;1;0;0;0;345014,961000001060000;5666022,173000000400000;6,785222184000077;51,124677313000063;0
237204;5;1;16;0;2019;3;11;7;2;0;7;0;1;0;0;0;0;0;323074,534177541730000;5675544,920200770700000;6,467311249000034;51,203869581000049;0
237205;5;1;24;0;2019;3;15;7;3;9;1;0;1;0;0;0;0;0;367342,542999999600000;5679709,522000001700000;7,099030076000076;51,253295290000040;0
237206;5;1;24;0;2019;3;15;7;3;0;6;0;1;1;0;0;0;0;369502,516144650060000;5674326,048992395400000;7,131925098000068;51,205410512000071;0
237209;5;1;13;0;2019;3;13;7;3;3;6;0;1;1;0;0;0;0;360720,201332855970000;5694746,467893783000000;6,998317802000031;51,386846236000054;0
237212;5;1;12;0;2019;3;16;7;3;5;3;0;1;1;0;0;0;0;344222,283000000750000;5706424,201000003100000;6,756262578000076;51,487481826000078;0
237218;5;7;66;8;2019;3;7;7;3;6;1;0;1;0;1;0;0;0;482037,274052055550000;5771222,181283272800000;8,737811692000037;52,091271380000080;0
237220;5;7;11;0;2019;3;10;7;2;5;3;0;1;1;0;0;0;0;466167,228720878250000;5766300,297202305900000;8,506663670000023;52,046278372000074;0
237221;5;9;78;32;2019;3;15;7;3;4;3;0;1;0;0;0;0;0;394329,005573401230000;5727238,791990524200000;7,471365294000066;51,686157008000066;0