OBJECTID;ULAND;UREGBEZ;UKREIS;UGEMEINDE;UJAHR;UMONAT;USTUNDE;UWOCHENTAG;UKATEGORIE;UART;UTYP1;ULICHTVERH;IstRad;IstPKW;IstFuss;IstKrad;IstGkfz;IstSonstige;LINREFX;LINREFY;XGCSWGS84;YGCSWGS84;STRZUSTAND
237698;5;5;66;84;2019;4;13;2;3;5;3;0;1;1;0;0;0;0;405382,643000001090000;5773118,685999998800000;7,618624883000052;52,100521365000077;0
237699;5;5;58;12;2019;4;13;2;2;0;6;0;1;0;0;0;0;0;374363,265413909220000;5755544,750378899300000;7,172422907000055;51,936421967000058;0
237701;5;5;15;0;2019;4;19;2;3;1;3;0;1;1;0;0;0;0;404806,507000000220000;5759073,183000003900000;7,614126217000035;51,974177878000035;0
237703;5;5;62;24;2019;4;7;2;3;5;3;0;1;1;0;0;0;0;369924,716524992140000;5725560,917135767600000;7,119144049000056;51,665955919000055;0
237710;5;3;15;0;2019;4;19;2;3;5;7;1;1;1;0;0;0;0;359478,948413689620000;5645394,235607098800000;6,999773584000025;50,943026168000074;0
237716;5;3;15;0;2019;4;12;2;3;2;6;0;1;1;0;0;0;0;350892,824573338960000;5647835,552827758700000;6,876642891000074;50,962808303000031;0
237717;5;3;15;0;2019;4;16;2;3;1;6;0;1;1;0;0;0;0;356639,504193618890000;5641877,005573954400000;6,960766055000022;50,910718108000026;0
237718;5;3;15;0;2019;4;7;2;3;1;5;0;1;1;0;0;0;0;355875,988000000830000;5644745,595000000700000;6,948779074000072;50,936307565000050;0
237719;5;3;15;0;2019;4;20;2;3;5;2;0;1;1;0;0;0;0;355568,335543124940000;5645184,115376038500000;6,944229640000060;50,940171492000047;1
237721;5;3;82;12;2019;4;21;2;3;0;7;2;1;0;0;0;0;0;358257,736492195170000;5625336,050313064800000;6,990167090000057;50,762460929000042;0
237724;5;1;54;8;2019;4;14;2;3;5;2;0;1;1;0;0;0;0;309855,795776818880000;5746765,958479097100000;6,239879754000071;51,839288050000050;0
237725;5;1;62;24;2019;4;13;2;3;5;2;0;1;0;0;0;0;0;337599,693186412570000;5673604,242359023500000;6,675925194000058;51,190747128000055;0
237727;5;1;62;22;2019;4;22;2;2;4;2;2;1;1;0;0;0;0;337763,598011057820000;5686258,455334845900000;6,672533767000061;51,304488110000079;0
237728;5;1;14;0;2019;4;7;2;3;2;6;0;1;0;0;0;0;0;332815,017353842030000;5687632,982676893500000;6,600962296000034;51,315405187000067;0
237733;5;1;12;0;2019;4;16;2;2;5;3;0;1;1;0;0;0;0;339741,061156581160000;5702987,186095770400000;6,693331604000036;51,455349955000031;0
237735;5;1;11;0;2019;4;16;2;3;5;3;0;1;1;0;0;0;0;345011,899552396500000;5676303,091266192500000;6,780746737000072;51,217055654000035;0
237737;5;1;11;0;2019;4;7;2;3;4;3;0;1;0;0;0;0;0;348498,183079112320000;5674536,554183643300000;6,831373579000058;51,202117720000047;0
237739;5;1;11;0;2019;4;7;2;3;5;3;0;1;1;0;0;0;0;343195,397450896910000;5689782,309448782400000;6,748843368000053;51,337672409000049;0
237742;5;7;70;24;2019;4;7;2;3;0;6;0;1;0;0;0;0;0;494246,651999999770000;5793683,155000001200000;8,915640937000035;52,293471849000071;0
237745;5;7;11;0;2019;4;14;2;2;6;4;0;1;0;1;0;0;0;469297,435038344930000;5763953,636510716800000;8,552516232000073;52,025362650000034;0
237747;5;9;74;28;2019;4;4;2;3;5;3;2;1;1;0;0;0;0;455501,734000001100000;5722665,036000000300000;8,356770082000026;51,653216770000029;0
237749;5;9;62;32;2019;4;19;2;3;0;3;1;1;1;0;0;0;0;409202,267142780130000;5675388,509219283200000;7,699767880000024;51,222653549000029;0
237753;5;5;15;0;2019;4;17;1;3;0;7;0;1;0;1;0;0;0;405198,205468323080000;5753293,293942373200000;7,621421077000036;51,922292708000043;0
237755;5;5;62;32;2019;4;9;1;3;3;6;0;1;1;0;0;0;0;373870,161561320540000;5722714,004487041400000;7,177189498000075;51,641270393000070;0
237757;5;3;82;68;2019;4;15;1;1;1;6;0;1;1;0;0;0;0;370564,465574568140000;5631124,802083618900000;7,162530760000038;50,817367330000081;0
237760;5;3;74;4;2019;4;17;1;2;8;1;0;1;0;0;0;0;0;405958,077324001120000;5653240,315758671600000;7,659102039000061;51,023019677000036;0
237761;5;3;62;32;2019;4;17;1;2;5;3;0;1;1;0;0;0;0;337231,103665358390000;5638725,729654364300000;6,686321410000062;50,877256759000034;0
237764;5;3;15;0;2019;4;18;1;3;4;2;0;1;1;0;0;0;0;361592,394115892240000;5646822,668989384500000;7,029294965000076;50,956375101000049;0
237765;5;3;15;0;2019;4;16;1;3;1;5;0;1;1;0;0;0;0;355659,998701604080000;5647482,791192822200000;6,944622164000066;50,960852156000044;0
237769;5;3;82;4;2019;4;12;1;2;0;1;0;1;0;0;0;0;0;360459,621981641280000;5615957,647266712000000;7,024916275000066;50,678705532000038;0
237772;5;1;70;8;2019;4;3;1;2;8;1;2;1;0;0;0;0;0;344532,736999998800000;5715478,596999999100000;6,756734156000050;51,568919183000048;0
237773;5;1;70;48;2019;4;14;1;2;0;6;0;1;0;0;0;0;0;335887,693128329700000;5725122,443114727700000;6,627590545000032;51,653108517000078;0
237775;5;1;58;8;2019;4;10;1;3;5;2;0;1;1;0;0;0;0;362376,568482331930000;5674135,559593947600000;7,030053002000045;51,202026195000030;0
237776;5;1;54;32;2019;4;18;1;3;4;6;0;1;1;0;0;0;0;308957,347459480170000;5718012,742679977800000;6,242612400000041;51,580751009000039;0
237778;5;1;54;36;2019;4;12;1;3;0;1;0;1;0;0;0;0;0;302353,620547242460000;5742414,930976711200000;6,133605518000024;51,797611725000081;0
237780;5;1;14;0;2019;4;14;1;1;0;1;0;1;0;0;0;0;0;336362,904587307940000;5691566,278368422800000;6,650019743000030;51,351774949000060;0
237782;5;1;13;0;2019;4;18;1;2;0;7;0;1;0;0;0;0;0;365220,843624684960000;5705229,041828565300000;7,058969396000066;51,482136407000041;0
237783;5;1;13;0;2019;4;10;1;2;6;3;0;1;0;1;0;0;0;366310,133719713430000;5695328,300757311300000;7,078385777000051;51,393419423000068;0
237788;5;1;11;0;2019;4;11;1;2;0;1;0;1;0;0;0;0;0;341814,915339972820000;5674625,498931797200000;6,735747189000051;51,201105525000060;0
237793;5;7;66;44;2019;4;12;1;2;5;3;0;1;1;0;0;0;0;492464,689000001180000;5763866,914000002700000;8,890174551000030;52,025381498000058;0
237797;5;9;78;28;2019;4;16;1;3;4;6;0;1;0;0;0;0;0;399884,928999999540000;5698589,287999998800000;7,559866920000047;51,429651122000053;0
237800;5;9;58;32;2019;4;11;1;2;9;1;0;1;0;0;0;0;0;449448,343999999580000;5689256,821000004200000;8,274062951000076;51,352331811000056;0
237807;5;5;54;20;2019;4;13;7;3;5;3;0;1;1;0;0;0;0;364651,469911308030000;5786384,646081786600000;7,019005795000055;52,211256748000039;0
237809;5;5;54;8;2019;4;19;7;3;0;1;0;1;0;0;0;0;0;336659,424210973080000;5745208,339701294900000;6,629305658000021;51,833778531000064;0
237811;5;3;34;4;2019;4;18;7;2;0;1;0;1;0;0;0;0;0;298936,871957602910000;5638096,415361518000000;6,142988157000048;50,859553771000037;0
237814;5;3;82;68;2019;4;17;7;2;6;4;0;1;0;1;0;0;0;366417,013506376180000;5629782,948714036500000;7,104175759000043;50,804365108000070;0
237816;5;3;82;60;2019;4;16;7;3;5;3;0;1;0;0;0;0;0;373693,481436404400000;5628604,483099471800000;7,207794013000068;50,795404632000043;0
237817;5;3;62;24;2019;4;17;7;3;3;6;0;1;1;0;0;0;0;344405,266973640770000;5645321,855518231200000;6,785403460000055;50,938505175000046;0
237818;5;3;15;0;2019;4;15;7;3;6;7;0;1;0;1;0;0;0;361273,982271548360000;5644445,293727433300000;7,025669730000061;50,934932501000048;0
237820;5;3;15;0;2019;4;10;7;2;0;1;0;1;0;0;0;0;0;355697,852582611140000;5649961,831852963200000;6,944177109000066;50,983140162000041;0
237823;5;3;15;0;2019;4;16;7;3;6;6;0;1;0;1;0;0;0;354248,654426892290000;5643398,184537529900000;6,926173200000051;50,923789787000032;0
237824;5;3;15;0;2019;4;16;7;3;0;1;0;1;0;0;0;0;0;355616,823035307230000;5643512,650875676400000;6,945581457000060;50,925162491000037;0
237825;5;3;15;0;2019;4;15;7;3;6;4;0;1;0;1;0;0;0;356459,725859409200000;5645949,333943827100000;6,956607045000055;50,947270997000032;0
237826;5;1;70;8;2019;4;11;7;3;3;2;0;1;1;0;0;0;0;342975,613000000830000;5714907,969000000500000;6,734539875000053;51,563360871000043;0
237829;5;1;54;8;2019;4;10;7;3;5;3;0;1;1;0;0;0;0;309884,417245508170000;5747074,963197946500000;6,240124894000076;51,842072892000033;0
237831;5;1;19;0;2019;4;19;7;3;5;3;0;1;1;0;0;0;0;348580,609805308280000;5712518,214872535300000;6,816370053000071;51,543421369000043;0
237832;5;1;17;0;2019;4;17;7;3;5;3;0;1;1;0;0;0;0;357662,614812831390000;5700161,761337982500000;6,952231405000021;51,434750141000052;0
237833;5;1;13;0;2019;4;14;7;3;3;6;0;1;1;0;0;0;0;363540,614337101580000;5708054,902893038500000;7,033694001000072;51,507127960000048;0
237834;5;1;13;0;2019;4;14;7;3;0;7;0;1;1;0;0;0;0;360703,070000000300000;5700854,289999999100000;6,995672049000064;51,441729118000069;0
237837;5;1;11;0;2019;4;14;7;3;0;1;0;1;0;0;0;0;0;345191,137180100200000;5678935,517460754100000;6,782173945000068;51,240757698000039;0
237840;5;7;58;24;2019;4;13;7;3;0;6;0;1;0;0;0;0;0;480036,899000001140000;5783334,505000002700000;8,707902475000026;52,200100111000040;0
237841;5;7;54;8;2019;4;10;7;3;2;6;0;1;1;0;0;0;0;456734,861855148340000;5750952,360823975900000;8,371067743000026;51,907637495000074;0
237844;5;9;78;4;2019;4;17;7;3;6;4;0;1;0;1;0;0;0;405702,075123704970000;5719349,222671115800000;7,637962262000031;51,617263430000037;0
237845;5;9;70;44;2019;4;13;7;2;0;1;0;1;0;0;0;0;0;439980,252158615740000;5632542,648842511700000;8,147542608000038;50,841473887000063;0
237849;5;9;13;0;2019;4;16;7;3;5;7;0;1;1;0;0;0;0;399320,732523790560000;5712541,890751592800000;7,547773608000057;51,554969102000030;0
237851;5;5;66;56;2019;4;6;6;3;5;3;1;1;1;0;0;0;0;416475,097000001000000;5796881,785000002000000;7,774664940000037;52,315904121000074;1
237854;5;5;54;12;2019;4;14;6;3;5;3;0;1;1;0;0;0;0;352563,540175736880000;5746204,154739467400000;6,859527367000055;51,847150410000040;1
237855;5;5;15;0;2019;4;18;6;3;2;3;0;1;1;0;0;0;0;405501,223809917460000;5756465,771196285300000;7,624954514000024;51,950859925000032;0
237856;5;5;15;0;2019;4;16;6;3;3;2;0;1;0;0;0;0;0;405425,048999999650000;5758255,198000000800000;7,623353792000046;51,966931106000061;0
237859;5;5;62;24;2019;4;15;6;3;6;6;0;1;0;1;0;0;0;368524,947483362630000;5723861,499227512600000;7,099554808000050;51,650358275000031;0
237860;5;5;62;24;2019;4;9;6;3;5;3;0;1;0;0;0;1;0;370348,094000000510000;5725162,387000000100000;7,125410302000034;51,662472312000034;0
237867;5;3;34;2;2019;4;3;6;3;2;6;2;1;1;0;0;0;0;294944,139954783020000;5628498,025541909000000;6,091694126000050;50,771947195000052;0
237873;5;3;15;0;2019;4;7;6;3;2;3;0;1;1;0;0;0;0;356738,565736060960000;5650979,243140690000000;6,958592513000042;50,992543346000048;0
237874;5;3;15;0;2019;4;7;6;3;0;1;0;1;0;0;0;0;0;357025,446266162210000;5642373,918677792000000;6,966057481000064;50,915279574000067;0
237875;5;3;15;0;2019;4;16;6;3;3;6;0;1;1;0;0;0;0;355676,971000001770000;5642308,339000001500000;6,946913245000076;50,914354577000040;0
237877;5;3;15;0;2019;4;17;6;3;3;5;0;1;1;0;0;0;0;356254,916699999940000;5645321,626930343000000;6,953941166000050;50,941578857000081;0
237883;5;1;62;24;2019;4;11;6;3;4;6;0;1;1;0;0;0;0;339468,296774746850000;5673845,733307862700000;6,702535234000038;51,193444828000054;0
237884;5;1;19;0;2019;4;9;6;3;5;2;0;1;1;0;0;0;0;351259,538731122390000;5704647,749028885700000;6,858293507000042;51,473414323000043;0
237886;5;1;16;0;2019;4;7;6;3;0;7;0;1;0;0;0;0;0;321149,725949446670000;5674233,002116814300000;6,440440484000021;51,191485006000050;0
237896;5;7;70;8;2019;4;11;6;3;5;3;0;1;1;0;0;0;0;474276,260046295820000;5803104,037061965100000;8,622106014000053;52,377595817000042;0
237897;5;7;54;8;2019;4;13;6;3;5;3;0;1;0;0;0;0;1;457170,781931541860000;5750546,556701239200000;8,377454617000069;51,904022772000076;0
237898;5;7;11;0;2019;4;6;6;2;7;5;1;1;0;0;0;0;1;472870,488630955110000;5753345,571420345500000;8,605430108000064;51,930174154000042;1
237902;5;9;58;4;2019;4;16;6;2;0;1;0;1;0;0;0;0;0;429659,441023377700000;5698350,518929177900000;7,988127105000046;51,431983399000046;0
237908;5;9;16;0;2019;4;5;6;3;6;4;2;1;0;1;0;0;0;372872,201628508050000;5711965,890349408600000;7,166668971000036;51,544452739000064;0
237909;5;3;34;2;2019;4;12;7;3;4;7;0;1;0;0;0;0;1;295249,020580098030000;5628356,994001049500000;6,096090804000028;50,770788229000061;1
237913;5;3;78;4;2019;4;9;7;3;5;7;0;1;1;0;0;0;0;367076,668873316610000;5647559,259016120800000;7,107066768000038;50,964286453000057;0
237914;5;3;74;32;2019;4;14;7;3;5;2;0;1;1;0;0;0;0;396767,758169104350000;5640030,133436003700000;7,531854225000075;50,902688622000028;1
237917;5;3;15;0;2019;4;22;7;3;1;2;2;1;1;0;0;0;0;353592,891291565260000;5646533,917316865200000;6,915589258000068;50,951803467000047;0
237918;5;3;15;0;2019;4;16;7;3;5;3;0;1;1;0;0;0;0;355152,958179524170000;5644344,681144472200000;6,938655122000057;50,932523493000076;0
237919;5;3;14;0;2019;4;11;7;3;0;7;0;1;1;0;0;0;0;362350,776000001470000;5620037,611999999700000;7,050147039000024;50,715825657000039;0
237920;5;3;14;0;2019;4;15;7;2;0;7;0;1;0;0;0;0;0;362720,235000000340000;5623666,384000001500000;7,054026037000028;50,748527453000065;0
237925;5;1;58;28;2019;4;14;7;3;5;3;0;1;1;0;0;0;0;348537,822776983490000;5690390,078322932100000;6,825222693000058;51,344581882000057;0
237926;5;1;66;16;2019;4;15;7;3;5;3;0;1;1;0;0;0;0;304621,330000001940000;5689028,095000000700000;6,196112185000061;51,318954665000035;0
237927;5;1;62;20;2019;4;11;7;3;5;3;0;1;1;0;0;0;0;325861,397812402810000;5674010,321812283200000;6,507908762000056;51,190939536000030;0
237928;5;1;62;20;2019;4;11;7;3;3;2;0;1;1;0;0;0;0;330696,212692360390000;5670840,589855562900000;6,578525478000074;51,163914749000071;0
237935;5;1;11;0;2019;4;8;7;3;1;7;0;1;1;0;0;0;0;345131,135934718880000;5675391,273134108600000;6,782846393000057;51,208894928000063;0
237938;5;7;54;28;2019;4;11;7;3;2;6;0;1;0;0;0;0;0;450910,918047268870000;5744425,117123194000000;8,287341919000028;51,848471838000080;0
237941;5;9;15;0;2019;4;11;7;2;5;3;0;1;1;0;0;0;0;422809,981343700550000;5726828,344877351100000;7,883361480000076;51,687105484000028;0
237942;5;9;74;28;2019;4;9;7;3;1;5;0;1;1;0;0;0;0;454773,986000000500000;5725150,798999998700000;8,345929354000020;51,675507905000075;0
237948;5;9;11;0;2019;4;0;7;2;3;6;2;1;0;0;0;0;0;369747,788463173430000;5705480,352302920100000;7,124033550000036;51,485455556000034;0
237949;5;5;66;60;2019;4;13;6;2;5;3;0;1;1;0;0;0;0;388881,694119347260000;5789642,034544382200000;7,372403047000034;52,245949931000041;0
237950;5;5;66;76;2019;4;12;6;3;0;2;0;1;1;0;0;0;0;392933,833603473380000;5792205,518737772500000;7,430918862000056;52,269791674000032;0
237952;5;5;54;4;2019;4;17;6;3;3;6;0;1;1;0;0;0;0;363118,280354992490000;5771207,181144367900000;7,002692858000046;52,074504654000066;0
237955;5;5;15;0;2019;4;7;6;3;5;2;0;1;1;0;0;0;0;406636,221961370670000;5758239,595170214800000;7,640982642000040;51,966995609000037;0
237956;5;5;62;8;2019;4;11;6;3;5;3;0;1;1;0;0;0;0;384842,151664591390000;5723596,800940360900000;7,335389010000029;51,651558497000053;0
237963;5;3;70;4;2019;4;11;6;3;5;3;0;1;1;0;0;0;0;311903,959824521090000;5661735,836415622400000;6,314798147000033;51,076262812000039;0
237966;5;3;62;40;2019;4;7;6;3;5;3;0;1;1;0;0;0;0;356805,621598322880000;5631409,318406330400000;6,967223871000044;50,816685874000029;0
237968;5;3;15;0;2019;4;21;6;2;5;3;2;1;1;0;0;0;0;366408,887000000100000;5636410,617000002400000;7,101644761000046;50,863931541000056;0
237969;5;3;15;0;2019;4;19;6;3;5;3;0;1;1;0;0;0;0;360177,046081974170000;5648420,769871175300000;7,008541433000062;50,970395759000041;0
237970;5;3;15;0;2019;4;12;6;2;0;1;0;1;0;0;0;0;0;353144,981838908050000;5646509,066574322100000;6,909226889000024;50,951466195000080;0
237973;5;1;70;20;2019;4;7;6;3;1;5;0;1;1;0;0;0;0;330372,143118805250000;5708809,328713681500000;6,555813446000059;51,504924401000039;0
237975;5;1;58;28;2019;4;14;6;2;0;3;0;1;0;0;0;0;1;348031,049960273320000;5685966,651557859000000;6,819838038000057;51,304700016000027;0
237977;5;1;66;12;2019;4;7;6;3;5;3;0;1;1;0;0;0;0;320110,340000000780000;5693315,048000002300000;6,415976917000023;51,362571945000070;0
237980;5;1;11;0;2019;4;10;6;3;5;3;0;1;1;0;0;0;0;350688,068391167560000;5672114,906129993500000;6,863703342000065;51,180933479000032;0
237982;5;1;11;0;2019;4;8;6;3;0;2;0;1;1;0;0;0;0;344675,667173235680000;5677515,443117002000000;6,775410874000045;51,227857724000046;0
237984;5;7;54;28;2019;4;19;6;3;3;2;0;1;1;0;0;0;0;451067,297229445540000;5744144,768125679300000;8,289651667000044;51,845965091000039;0
237988;5;9;62;28;2019;4;13;6;3;0;3;0;1;1;0;0;0;0;395334,753138381990000;5663548,895934600400000;7,504697965000048;51,113851023000052;0
237989;5;9;15;0;2019;4;16;6;3;5;3;0;1;0;0;0;0;0;414439,273642173970000;5727775,480281772100000;7,762066687000072;51,694406372000060;0
237999;5;5;66;28;2019;4;13;5;3;5;3;0;1;1;0;0;0;0;413188,832046306690000;5791736,423517385500000;7,727792986000054;52,269146283000055;0
238001;5;5;54;60;2019;4;11;5;3;0;3;0;1;1;0;0;0;0;353500,443977695890000;5756792,171454597300000;6,868620860000021;51,942529381000043;0
238002;5;5;54;12;2019;4;15;5;3;5;7;0;1;0;0;0;0;0;353121,754652190950000;5745472,101257447200000;6,867936309000072;51,840720066000074;0
238003;5;5;54;8;2019;4;8;5;3;4;2;0;1;0;0;0;0;0;335005,122418860900000;5746051,631545297800000;6,604915828000060;51,840867936000052;0
238004;5;5;12;0;2019;4;14;5;3;1;5;0;1;1;0;0;0;0;355264,460416322570000;5707895,454842386800000;6,914587070000039;51,503636200000074;0
238013;5;3;15;0;2019;4;16;5;2;5;2;0;1;1;0;0;0;0;364178,190904765390000;5639613,210373969700000;7,068775438000046;50,892195373000050;0
238016;5;3;15;0;2019;4;13;5;3;0;6;0;1;0;1;0;0;0;348625,428508439100000;5644455,210619958100000;6,845783429000051;50,931840569000030;0
238018;5;3;15;0;2019;4;9;5;3;2;6;0;1;0;0;0;0;0;354296,010000000710000;5646482,360999999600000;6,925613220000059;50,951518320000048;0
238019;5;3;15;0;2019;4;21;5;3;5;4;1;1;0;1;0;0;0;359665,607148104350000;5639726,694381503400000;7,004609186000039;50,892136514000072;0
238020;5;3;15;0;2019;4;7;5;3;6;7;0;1;0;1;0;0;0;355468,450722265060000;5644986,590947805000000;6,942887266000071;50,938371353000036;0
238021;5;3;15;0;2019;4;20;5;3;5;2;1;1;0;0;0;0;0;357325,099826495160000;5642742,963431935800000;6,970173124000041;50,918670330000054;0
238034;5;1;22;0;2019;4;20;5;2;0;2;1;1;1;0;0;0;0;365886,610000001270000;5668977,769999999600000;7,082190184000069;51,156507064000039;0
238036;5;1;12;0;2019;4;17;5;3;6;4;0;1;0;1;0;0;0;345059,401000001470000;5704139,171000000100000;6,769312300000024;51,467180941000038;0
238037;5;1;11;0;2019;4;19;5;3;5;3;0;1;1;0;0;0;0;351986,713138793600000;5668633,812208257600000;6,883702815000049;51,149989709000067;0
238038;5;1;11;0;2019;4;15;5;3;5;3;0;1;1;0;0;0;0;349036,250575408340000;5671117,962932737500000;6,840506397000070;51,171541334000040;0
238039;5;7;74;32;2019;4;5;5;3;5;2;1;1;1;0;0;0;0;480892,466310352090000;5732397,662881145300000;8,723256461000062;51,742162537000070;1
238043;5;7;54;8;2019;4;17;5;3;0;3;0;1;1;0;0;0;0;457354,418532079090000;5751611,065127980000000;8,379991928000038;51,913607399000057;0
238044;5;9;78;20;2019;4;16;5;3;5;3;0;1;1;0;0;0;0;406768,878919813780000;5716539,587190622500000;7,654113601000063;51,592185106000045;0
238045;5;9;74;28;2019;4;15;5;3;5;3;0;1;1;0;0;0;0;454646,219127563760000;5723890,433601746300000;8,344245332000071;51,664165813000068;0
238046;5;9;74;52;2019;4;13;5;3;3;6;0;1;1;0;0;0;0;424414,729000002150000;5711938,427999999400000;7,909784028000047;51,553464837000035;0
238052;5;9;13;0;2019;4;9;5;3;5;3;0;1;1;0;0;0;0;388057,237410047090000;5714605,663898889000000;7,384714464000069;51,571395801000051;0
238056;5;9;13;0;2019;4;16;5;3;6;4;0;1;0;1;0;0;0;393860,491265467370000;5707206,999849155500000;7,470650911000064;51,506015658000081;0
238058;5;5;70;4;2019;4;15;4;3;6;1;0;1;0;1;0;0;0;423827,959452995100000;5735164,862073134600000;7,896261046000063;51,762187430000040;0
238060;5;5;66;76;2019;4;10;4;3;1;5;0;1;1;0;0;0;0;394452,268363191750000;5793848,816023496900000;7,452648668000052;52,284853954000027;0
238061;5;5;54;36;2019;4;17;4;3;5;2;0;1;1;0;0;0;0;369807,202050608580000;5766726,197556458400000;7,101942398000062;52,035851855000033;0
238064;5;5;15;0;2019;4;7;4;3;5;3;0;1;1;0;0;0;0;404434,657648050230000;5760667,835818814100000;7,608270168000047;51,988447328000063;0
238066;5;5;13;0;2019;4;7;4;3;6;7;0;1;0;1;0;0;0;366680,698050956240000;5708906,735374625800000;7,078591108000069;51,515532623000070;0
238068;5;3;58;8;2019;4;10;4;3;3;6;0;1;0;0;0;1;0;322983,775552829730000;5630382,805444916700000;6,488032302000022;50,798115280000047;0
238070;5;3;34;12;2019;4;14;4;3;3;5;0;1;1;0;0;0;0;306313,723359923810000;5631623,524650253400000;6,251097939000033;50,803929403000041;0
238071;5;3;34;2;2019;4;14;4;3;5;3;0;1;0;0;0;0;1;295334,374385903590000;5631616,739556690700000;6,095484798000030;50,800095015000068;0
238073;5;3;74;48;2019;4;21;4;3;4;3;2;1;1;0;0;0;0;395010,556571008640000;5646829,195826951400000;7,504913960000067;50,963492212000062;0
238076;5;3;16;0;2019;4;16;4;3;5;3;0;1;1;0;0;0;0;360330,009742451830000;5655219,395689347800000;7,008103102000064;51,031532573000050;0
238077;5;3;15;0;2019;4;7;4;3;3;6;0;1;0;0;0;0;0;363149,728904773480000;5638965,729373130900000;7,054403426000022;50,886133386000040;0
238079;5;3;15;0;2019;4;7;4;3;0;7;0;1;0;0;0;0;1;359141,294049715620000;5645012,681765802200000;6,995117970000024;50,939514718000055;1
238080;5;3;15;0;2019;4;7;4;3;0;7;0;1;0;0;0;0;1;359143,993563701400000;5645017,116047414000000;6,995154654000032;50,939555229000064;1
238083;5;3;15;0;2019;4;16;4;3;0;1;0;1;0;0;0;0;0;354097,792044771840000;5650238,337771765900000;6,921286545000044;50,985221751000040;0
238084;5;3;15;0;2019;4;16;4;3;1;5;0;1;0;0;1;0;0;347202,158960088160000;5644955,781845875100000;6,825334491000035;50,935963483000080;0
238086;5;3;15;0;2019;4;19;4;3;0;7;0;1;1;0;0;0;0;354299,420891592280000;5645952,241348324300000;6,925873866000075;50,946755167000049;0
238090;5;3;14;0;2019;4;12;4;3;1;5;0;1;1;0;0;0;0;365375,594968222080000;5622811,564938727800000;7,091956310000057;50,741466280000054;0
238092;5;1;58;16;2019;4;17;4;3;0;2;0;1;1;0;0;0;0;355630,808005915950000;5671947,044668298200000;6,934439460000021;51,180694555000059;0
238093;5;1;58;16;2019;4;12;4;3;1;5;0;1;1;0;0;0;0;355055,183675533160000;5671956,325010966500000;6,926205750000065;51,180632305000074;0
238096;5;1;62;8;2019;4;15;4;2;0;7;0;1;0;0;0;0;0;330445,676036021670000;5662893,693089716100000;6,578683867000052;51,092443622000076;0
238099;5;1;14;0;2019;4;7;4;3;5;3;0;1;1;0;0;0;0;328047,162654132580000;5688454,147958122200000;6,532216618000064;51,321361467000031;0
238102;5;1;13;0;2019;4;20;4;3;6;7;0;1;0;1;0;0;0;360785,242044444200000;5694768,531900337000000;6,999243283000055;51,387060471000041;0
238104;5;1;13;0;2019;4;16;4;2;0;7;0;1;0;0;0;0;0;361250,824473119340000;5699778,529617896300000;7,003970020000054;51,432196386000044;0
238105;5;1;12;0;2019;4;12;4;3;5;3;0;1;1;0;0;0;0;339630,860000000340000;5698018,179000001400000;6,693996736000031;51,410674534000066;0
238106;5;1;12;0;2019;4;21;4;3;5;3;2;1;0;0;1;0;0;343170,996505829510000;5709745,941322580000000;6,739656301000025;51,517036194000070;0
238112;5;7;74;32;2019;4;14;4;3;0;1;0;1;0;0;0;0;0;481589,269999999550000;5730527,377000000300000;8,733447425000065;51,725369620000038;0
238116;5;7;54;16;2019;4;9;4;3;5;3;0;1;0;0;0;0;1;446922,397606923240000;5756967,330376373600000;8,227511512000035;51,960864958000059;0
238117;5;7;54;16;2019;4;9;4;3;5;3;0;1;1;0;0;0;0;446922,023000000980000;5756961,714999999900000;8,227506928000025;51,960814439000046;0
238118;5;7;54;8;2019;4;16;4;3;1;1;0;1;1;0;0;0;0;455950,587779151280000;5749281,570526797300000;8,359881277000056;51,892554702000041;0
238120;5;9;74;40;2019;4;17;4;2;5;2;0;1;0;0;0;0;1;437628,020011816170000;5713881,937394226000000;8,099995123000042;51,572553744000061;0
238121;5;9;70;44;2019;4;17;4;3;5;7;0;1;1;0;0;0;0;440273,047105365430000;5629781,946279849900000;8,152150478000067;50,816680561000055;0
238122;5;9;14;0;2019;4;18;4;3;5;3;0;1;1;0;0;0;0;393701,080606247300000;5695086,886375244700000;7,471996754000031;51,397042911000028;0
238123;5;9;13;0;2019;4;16;4;3;2;3;0;1;1;0;0;0;0;395917,194000001070000;5708078,561999999000000;7,500017319000051;51,514232370000059;0
238124;5;9;13;0;2019;4;7;4;3;4;6;0;1;0;1;0;0;0;393018,702685703520000;5706748,811619050800000;7,458665381000060;51,501738513000078;0
238125;5;5;70;8;2019;4;15;3;3;5;2;0;1;1;0;0;0;0;433502,175804501400000;5734147,998471820700000;8,036612856000033;51,754278285000055;0
238126;5;5;70;4;2019;4;9;3;3;5;3;0;1;1;0;0;0;0;425162,970609548500000;5735852,326430551700000;7,915453595000031;51,768547554000065;0
238127;5;5;66;68;2019;4;15;3;2;4;6;0;1;0;0;0;0;0;376445,879459639080000;5785227,609557675200000;7,191956277000031;52,203630198000042;0
238128;5;5;66;8;2019;4;7;3;3;5;3;0;1;1;0;0;0;0;398213,914369954730000;5781194,523376271100000;7,511583464000069;52,171832246000065;0