OBJECTID;ULAND;UREGBEZ;UKREIS;UGEMEINDE;UJAHR;UMONAT;USTUNDE;UWOCHENTAG;UKATEGORIE;UART;UTYP1;ULICHTVERH;IstRad;IstPKW;IstFuss;IstKrad;IstGkfz;IstSonstige;LINREFX;LINREFY;XGCSWGS84;YGCSWGS84;STRZUSTAND
238933;5;9;58;4;2019;4;21;4;3;8;1;2;1;0;0;0;0;0;427247,085418169390000;5701052,520457467100000;7,952875205000055;51,455970597000032;1
238936;5;9;15;0;2019;4;18;4;3;0;2;0;1;0;0;0;0;1;417724,458000000570000;5726311,611999997900000;7,809932176000075;51,681738100000075;0
238940;5;5;70;44;2019;4;17;3;3;5;3;0;1;0;0;0;0;0;416502,501032582480000;5759854,999514136500000;7,784167667000077;51,983086070000070;0
238941;5;5;70;52;2019;4;9;3;2;5;3;0;1;1;0;0;0;0;430725,576733029450000;5755782,628180619300000;7,992057555000031;51,948432752000031;0
238942;5;5;66;56;2019;4;16;3;3;5;3;0;1;0;0;0;0;0;416822,857000001710000;5796814,605999998700000;7,779782033000060;52,315353089000041;0
238943;5;5;66;76;2019;4;9;3;3;0;1;0;1;0;0;0;0;0;392733,005808433520000;5791995,533132819500000;7,428043646000049;52,267865361000077;0
238944;5;5;66;8;2019;4;15;3;3;5;3;0;1;1;0;0;0;0;399898,377000001260000;5780558,116000000400000;7,536394294000047;52,166420508000044;0
238945;5;3;62;20;2019;4;18;3;3;0;6;0;1;0;0;0;0;0;346046,720346092250000;5631370,050707373800000;6,814622324000027;50,813573054000074;0
238946;5;5;54;20;2019;4;16;3;3;5;3;0;1;1;0;0;0;0;363907,829520518890000;5787079,073707835700000;7,007849583000052;52,217313168000032;0
238947;5;5;54;68;2019;4;8;3;3;5;3;0;1;0;0;0;1;0;350572,832201804030000;5766886,374060979100000;6,821663068000021;52,032442113000059;0
238948;5;5;54;8;2019;4;9;3;3;5;3;0;1;1;0;0;0;0;336272,429000000470000;5747855,441000003400000;6,622440888000028;51,857445344000041;0
238949;5;5;15;0;2019;4;14;3;3;3;6;0;1;1;0;0;0;0;406207,121018327770000;5757438,099898288000000;7,634957390000068;51,959719163000045;0
238954;5;9;78;32;2019;5;17;5;3;4;6;0;1;1;0;0;0;0;393306,754160953690000;5728078,916810603800000;7,456326290000050;51,693514874000073;1
238956;5;9;74;40;2019;5;9;5;3;5;5;0;1;1;0;0;0;0;439591,970973167570000;5712130,307629594600000;8,128631718000065;51,557019442000069;0
238965;5;5;66;8;2019;5;16;4;3;0;7;0;1;1;0;0;0;0;398781,273883927610000;5782610,522405073000000;7,519454354000061;52,184663156000056;0
238967;5;5;58;20;2019;5;12;4;3;5;3;0;1;1;0;0;0;0;391294,627881468270000;5759032,586557215100000;7,417502544000058;51,971334365000075;0
238968;5;5;54;20;2019;5;18;4;3;4;6;0;1;0;0;0;0;0;366867,061000000690000;5782129,271999999900000;7,053084951000074;52,173559959000045;0
238969;5;5;15;0;2019;5;19;4;3;0;7;0;1;0;0;0;0;0;407638,535126610660000;5757705,588007303000000;7,655711728000028;51,962363113000038;0
238970;5;5;15;0;2019;5;15;4;3;4;6;0;1;0;0;0;0;0;406214,946000000460000;5758634,835000002800000;7,634744395000041;51,970477286000062;0
238973;5;1;12;0;2019;5;18;5;3;3;2;0;1;1;0;0;0;0;342910,393931933680000;5710865,496260935400000;6,735404329000062;51,527022616000068;1
238977;5;3;34;12;2019;5;15;4;3;0;5;0;1;1;0;0;0;0;307011,085807095280000;5632759,239749100100000;6,260386120000021;50,814363643000036;0
238978;5;3;16;0;2019;5;15;4;3;4;2;0;1;1;0;0;0;0;360266,801895368840000;5655385,095449011800000;7,007138360000056;51,033006354000065;0
238979;5;3;15;0;2019;5;19;4;3;0;7;0;1;0;0;0;0;0;365025,694013083350000;5637790,247929079500000;7,081491927000059;50,876009933000034;0
238980;5;3;15;0;2019;5;14;4;3;5;3;0;1;0;0;0;0;0;357546,653951854450000;5643596,617980221300000;6,972989590000054;50,926396850000060;0
238981;5;3;15;0;2019;5;14;4;3;6;7;0;1;0;1;0;0;0;349765,612915006470000;5647513,956970518500000;6,860735559000034;50,959625531000029;0
238982;5;3;82;72;2019;5;17;4;2;4;6;0;1;0;0;1;0;0;365837,286000000310000;5610042,747000001400000;7,103130400000055;50,626806435000049;0
238987;5;1;58;20;2019;5;2;4;3;0;1;2;1;0;0;0;0;0;354353,246232464910000;5664454,477862561100000;6,919204643000057;51,113039848000028;0
238989;5;1;66;20;2019;5;14;4;2;0;7;0;1;0;0;0;0;0;303926,036620302130000;5678635,436433712000000;6,191846688000055;51,225376443000073;0
238991;5;1;16;0;2019;5;11;4;3;5;3;0;1;1;0;0;0;0;315275,041906639000000;5670161,637619294200000;6,358552823000025;51,153044867000062;0
238994;5;1;13;0;2019;5;12;4;3;3;5;0;1;1;0;0;0;0;361982,745478484780000;5702080,171088784900000;7,013595083000041;51,453058635000048;0
238995;5;7;74;32;2019;5;13;4;3;4;6;0;1;1;0;0;0;0;482630,857037212700000;5728938,093250596900000;8,748606725000059;51,711113122000029;0
238997;5;7;54;8;2019;5;15;4;3;0;4;0;1;0;1;0;0;0;457315,545600689020000;5750900,810826102300000;8,379514816000039;51,907218832000069;0
238999;5;9;74;28;2019;5;17;4;2;5;2;0;1;1;0;0;0;0;453909,843000000340000;5724792,319000000100000;8,333480103000056;51,672214617000066;0
239001;5;9;66;16;2019;5;17;4;3;0;1;0;1;0;0;0;0;0;442324,768000002020000;5659132,925000000700000;8,176622660000021;51,080802433000031;0
239007;5;9;15;0;2019;5;14;4;3;5;3;0;1;1;0;0;0;0;418365,649351494390000;5725329,607540009500000;7,819434096000066;51,673003907000066;0
239011;5;5;66;12;2019;4;9;3;3;1;5;0;1;1;0;0;0;0;404999,218486420810000;5771848,422507681000000;7,613382897000065;52,089038302000063;0
239012;5;5;58;32;2019;4;21;3;3;2;6;2;1;0;0;1;0;0;391260,319000001070000;5754730,109000003000000;7,418364655000062;51,932658704000062;0
239013;5;5;54;20;2019;4;8;3;3;0;1;0;1;0;0;0;0;0;364975,332840965130000;5786695,621781123800000;7,023618827000064;52,214130400000045;0
239015;5;5;54;40;2019;4;16;3;3;0;1;0;1;0;0;0;0;0;350496,393703014590000;5737299,481093633900000;6,833380659000056;51,766593904000047;0
239016;5;5;54;8;2019;4;18;3;3;4;6;0;1;1;0;0;0;0;337849,469557416630000;5746365,763950409400000;6,646019488000036;51,844523098000082;0
239017;5;5;15;0;2019;4;17;3;3;0;5;0;1;1;0;0;0;0;404713,934517302550000;5754306,696396574400000;7,614100599000039;51,931318944000054;0
239018;5;5;15;0;2019;4;18;3;3;4;7;0;1;1;0;0;0;0;405304,717999999410000;5757273,580000001900000;7,621873438000023;51,958087433000060;0
239019;5;5;15;0;2019;4;13;3;3;0;6;0;1;1;0;0;0;0;403595,252823187970000;5762048,537420550400000;7,595661480000047;52,000712384000053;0
239020;5;5;62;16;2019;4;12;3;3;5;3;0;1;1;0;0;0;0;374864,083822790530000;5734127,680305382200000;7,187451933000034;51,744066417000056;0
239021;5;5;62;12;2019;4;16;3;3;1;5;0;1;0;0;1;0;0;359768,655946074980000;5729940,124740077200000;6,970626278000054;51,702863976000060;0
239023;5;1;11;0;2019;5;16;5;3;0;3;0;1;1;0;0;0;0;344227,982954745180000;5674312,176875945200000;6,770395423000025;51,198953247000077;1
239025;5;3;58;8;2019;4;9;3;2;5;7;0;1;1;0;0;1;0;322340,763718768020000;5630855,537793077500000;6,478688310000052;50,802165604000038;0
239027;5;3;34;2;2019;4;17;3;2;5;3;0;1;1;0;0;0;0;294948,416150515900000;5629115,568787874700000;6,091410432000032;50,777495018000081;0
239028;5;3;82;60;2019;4;18;3;2;3;2;0;1;1;0;0;0;0;374300,648282126520000;5629267,143175995000000;7,216178033000062;50,801492926000037;0
239035;5;1;11;0;2019;5;13;5;3;5;2;0;1;1;0;0;0;0;345645,458527597600000;5674343,081394719000000;6,790654577000055;51,199615637000079;0
239038;5;3;15;0;2019;4;19;3;3;5;3;0;1;1;0;0;0;0;353881,434999999590000;5650627,381999999300000;6,918049761000020;50,988663054000028;0
239040;5;3;15;0;2019;4;12;3;3;4;6;0;1;1;0;0;0;0;347675,062904588880000;5647776,456754833500000;6,830879922000065;50,961435543000050;0
239041;5;3;15;0;2019;4;15;3;3;6;6;0;1;0;1;0;0;0;357395,986246249640000;5642300,972786240300000;6,971353724000039;50,914715689000047;0
239042;5;3;15;0;2019;4;7;3;2;5;3;0;1;1;0;0;0;0;356723,824031821450000;5645535,177131390200000;6,960527040000045;50,943614719000038;0
239043;5;3;15;0;2019;4;18;3;2;7;1;0;1;0;0;0;0;0;357151,210998681370000;5643048,454465936900000;6,967581235000068;50,921372746000031;0
239044;5;3;14;0;2019;4;8;3;3;5;2;0;1;1;0;0;0;0;370000,815204376350000;5616061,963156573500000;7,159850652000046;50,681852780000042;0
239046;5;3;14;0;2019;4;15;3;3;4;7;0;1;1;0;0;0;0;369457,615905288610000;5616093,311962319500000;7,152154806000056;50,682012944000064;0
239049;5;1;70;8;2019;4;14;3;3;0;7;0;1;1;0;0;0;0;342432,587774020620000;5714539,374294897500000;6,726877237000053;51,559897769000031;0
239051;5;1;70;32;2019;4;10;3;3;5;3;0;1;1;0;0;0;0;333050,186000000690000;5712649,588999999700000;6,592545224000048;51,540221763000034;0
239052;5;1;58;20;2019;4;22;3;3;1;5;2;1;1;0;0;0;0;356438,983700024900000;5663853,702417245100000;6,949221180000052;51,108167228000070;0
239055;5;1;54;52;2019;4;18;3;3;6;4;0;1;0;1;0;0;0;310336,739887383770000;5702645,919656427600000;6,270763030000069;51,443200168000033;0
239058;5;1;19;0;2019;4;14;3;2;5;3;0;1;1;0;0;0;0;350418,421075855380000;5709742,203123057300000;6,844032027000026;51,518968130000076;0
239062;5;1;14;0;2019;4;17;3;3;1;5;0;1;1;0;0;0;0;331492,454114168880000;5689832,690735628800000;6,580962072000034;51,334777200000076;0
239064;5;1;14;0;2019;4;13;3;3;4;2;0;1;1;0;0;0;0;331838,328021617610000;5689168,230040324900000;6,586236229000065;51,328910077000046;0
239067;5;1;17;0;2019;4;18;3;3;5;7;0;1;1;0;0;0;0;352423,719059160910000;5699766,470522452100000;6,877080188000036;51,429857866000077;0
239068;5;1;13;0;2019;4;17;3;3;0;1;0;1;0;0;0;0;0;362817,298000001350000;5704579,995999999300000;7,024628583000038;51,475725971000031;0
239070;5;1;13;0;2019;4;16;3;3;5;7;0;1;0;0;0;0;0;359481,657000001520000;5703627,060000000500000;6,977007532000073;51,466344075000052;0
239072;5;1;12;0;2019;4;7;3;3;5;3;0;1;1;0;0;0;0;337278,563560379670000;5696612,901258168700000;6,660846877000040;51,397378901000081;0
239073;5;1;12;0;2019;4;16;3;3;1;6;0;1;1;0;0;0;0;342359,303624464200000;5705599,882672386200000;6,729819722000059;51,479559352000081;0
239075;5;1;11;0;2019;4;13;3;3;5;3;0;1;1;0;0;0;0;347016,110773526130000;5677182,943084396400000;6,809046663000061;51,225502139000071;0
239079;5;1;11;0;2019;4;17;3;3;5;5;0;1;1;0;0;0;0;346132,686018615030000;5677619,491479054100000;6,796217309000042;51,229187292000063;0
239080;5;7;74;32;2019;4;10;3;3;0;6;0;1;0;0;0;1;0;483837,243673917840000;5729060,220089772700000;8,766061603000026;51,712247262000062;0
239081;5;7;74;32;2019;4;14;3;3;5;3;0;1;1;0;0;0;0;484215,689076493490000;5731851,237552829100000;8,771412619000046;51,737352943000076;0
239082;5;7;74;32;2019;4;7;3;3;5;7;0;1;1;0;0;0;0;480961,946292921900000;5731951,144554698800000;8,724287196000034;51,738150143000041;0
239083;5;7;70;4;2019;4;16;3;2;0;7;0;1;0;0;0;0;1;487685,637556204570000;5786051,018465371800000;8,819718209000030;52,224747109000077;0
239084;5;7;70;20;2019;4;15;3;3;6;4;0;1;0;1;0;0;0;473516,252339187080000;5794726,772107638400000;8,611601836000034;52,302246054000079;0
239086;5;1;11;0;2019;5;15;5;2;0;7;0;1;0;0;0;0;0;341982,851158360020000;5685458,756896857200000;6,733366343000057;51,298489754000059;0
239087;5;7;66;8;2019;4;15;3;3;5;3;0;1;1;0;0;0;0;483398,094291235320000;5768966,382774002900000;8,757784162000064;52,071032552000077;0
239088;5;7;11;0;2019;4;10;3;3;3;2;0;1;1;0;0;0;0;468245,758739884940000;5763892,970852036000000;8,537194421000038;52,024758018000057;0
239094;5;9;15;0;2019;4;21;3;3;4;6;2;1;1;1;0;0;0;417962,699617113920000;5727682,306201063100000;7,813055160000033;51,694094822000068;0
239096;5;9;13;0;2019;4;16;3;2;4;2;0;1;1;0;0;0;0;401428,299895151520000;5710232,207063686100000;7,578810631000067;51,534579829000052;0
239098;5;9;78;24;2019;4;11;3;3;3;6;0;1;0;0;0;1;0;394853,903000000860000;5717753,506000001000000;7,481806246000076;51,600998563000076;0
239100;5;5;70;20;2019;4;8;2;3;5;3;0;1;1;0;0;0;0;432913,010002066380000;5743552,134456228500000;8,026259231000040;51,838750963000052;0
239101;5;5;66;76;2019;4;16;2;3;0;7;0;1;1;0;0;0;0;393414,302162992770000;5792939,061836129100000;7,437725596000064;52,276477508000028;0
239104;5;5;58;16;2019;4;17;2;2;0;5;0;1;1;0;0;0;0;381303,779000000100000;5743579,254999997100000;7,277448618000051;51,830411003000052;0
239105;5;5;54;20;2019;4;10;2;3;0;6;0;1;0;0;0;0;0;364138,979000000280000;5787019,916999999400000;7,011254744000041;52,216838681000070;0
239108;5;5;12;0;2019;4;20;2;3;0;6;1;1;1;0;0;0;0;355935,222264536660000;5719008,605200937000000;6,919692761000022;51,603667297000072;0
239110;5;5;62;32;2019;4;9;2;3;5;7;0;1;1;0;0;0;0;374097,203043151650000;5715237,077174883300000;7,183153896000022;51,574125893000030;0
239112;5;3;58;28;2019;4;20;2;2;0;1;1;1;0;0;0;0;0;319619,381970711980000;5622934,499264145300000;6,443990491000022;50,730163147000042;1
239114;5;3;34;2;2019;4;8;2;3;0;1;0;1;0;0;0;0;0;293924,415638868700000;5629457,426406158100000;6,076713877000032;50,780202390000056;0
239115;5;3;82;56;2019;4;10;2;3;5;3;0;1;1;0;0;0;0;370669,160000001080000;5624792,738000001800000;7,166244850000055;50,760476791000031;0
239116;5;3;78;4;2019;4;7;2;3;5;2;0;1;1;0;0;0;0;370286,802916341460000;5647737,361521489900000;7,152692379000030;50,966618952000033;0
239118;5;3;66;24;2019;4;6;2;2;4;6;0;1;1;0;0;0;0;327574,378102255990000;5601924,238218320500000;6,566375481000023;50,543803416000060;0
239119;5;3;62;28;2019;4;7;2;3;5;2;0;1;1;0;0;0;0;352477,317382420410000;5640037,081792078900000;6,902346193000028;50,893134683000028;0
239121;5;3;62;8;2019;4;13;2;3;0;2;0;1;1;0;0;0;0;334284,205180213790000;5646961,215227175500000;6,640730032000022;50,950415253000074;0
239125;5;3;15;0;2019;4;6;2;3;5;3;1;1;1;0;0;0;0;359829,291000002060000;5652566,202999999700000;7,001992238000071;51,007566445000066;0
239126;5;3;15;0;2019;4;17;2;3;6;4;0;1;0;1;0;0;0;362854,567520299930000;5651376,936822649100000;7,045537000000024;50,997607453000057;0
239129;5;3;14;0;2019;4;8;2;3;5;3;0;1;1;0;0;0;0;365945,440458847210000;5622705,768046340000000;7,100066525000045;50,740647218000049;0
239130;5;1;70;8;2019;4;13;2;3;5;3;0;1;1;0;0;0;0;343905,190000000410000;5714915,541000003000000;6,747936747000040;51,563686943000050;0
239132;5;1;70;24;2019;4;7;2;3;5;3;0;1;1;0;0;0;0;335452,992934128270000;5705116,149858864000000;6,630676914000048;51,473246809000045;0
239133;5;1;70;48;2019;4;16;2;3;5;3;0;1;1;0;0;0;0;336200,852852801790000;5728291,463894229400000;6,630627878000041;51,681669628000066;0
239136;5;1;54;36;2019;4;22;2;2;7;1;2;1;0;0;0;0;0;302621,181930988100000;5741253,595530107600000;6,138141341000051;51,787277349000078;0
239139;5;7;74;32;2019;5;18;5;3;0;7;0;1;0;0;0;0;0;481254,612479268570000;5730699,852494502400000;8,728592988000059;51,726909306000039;1
239140;5;1;66;12;2019;4;14;2;3;5;5;0;1;1;0;0;0;0;319912,545842757450000;5694732,608217788900000;6,412420730000065;51,375242873000047;0
239142;5;1;66;32;2019;4;10;2;2;5;2;0;1;1;0;0;0;0;313760,633000000380000;5681201,497999999700000;6,331194508000067;51,251719026000046;0
239143;5;1;62;4;2019;4;11;2;3;5;2;0;1;1;0;0;0;0;347355,093810558320000;5662392,696611084000000;6,820172586000069;51,092691853000076;0
239144;5;1;19;0;2019;4;18;2;3;5;3;0;1;0;0;0;0;1;351430,280190684830000;5712868,595690174000000;6,857286202000068;51,547327013000029;0
239147;5;1;14;0;2019;4;12;2;3;5;3;0;1;1;0;0;0;0;334663,254458458160000;5689815,856993863400000;6,626446496000028;51,335556779000058;0
239156;5;1;13;0;2019;4;16;2;3;0;3;0;1;1;0;0;0;0;360276,931858871130000;5702855,335622487600000;6,988754199000027;51,459606080000071;0
239160;5;1;11;0;2019;4;15;2;3;5;2;0;1;0;0;0;0;0;346078,450000000190000;5674003,333000000600000;6,796992932000023;51,196679628000027;0
239162;5;1;11;0;2019;4;19;2;3;3;6;0;1;0;0;0;0;0;344120,738001610150000;5676800,372869048300000;6,767780483000024;51,221281305000048;0
239163;5;1;11;0;2019;4;9;2;3;1;5;0;1;1;0;0;0;0;341849,400999999610000;5678446,105000002300000;6,734555313000044;51,235443724000049;0
239164;5;1;11;0;2019;4;8;2;3;3;2;0;1;0;0;0;0;0;342782,413076289930000;5678535,939518554100000;6,747869807000029;51,236508731000072;0
239166;5;7;70;24;2019;4;15;2;3;5;3;0;1;1;0;0;0;0;491743,207999999630000;5793200,656999999700000;8,878945830000021;52,289102033000063;1
239168;5;7;54;28;2019;4;15;2;3;3;2;0;1;1;0;0;0;0;451067,277349901390000;5744144,734476311100000;8,289651383000035;51,845964786000081;1
239170;5;7;54;28;2019;4;7;2;2;5;3;0;1;1;0;0;0;0;451067,777285126040000;5744145,580698119500000;8,289658520000046;51,845972438000047;0
239171;5;7;54;4;2019;4;14;2;3;5;2;0;1;1;0;0;0;0;451886,147671880200000;5772382,171343989700000;8,297579330000076;52,099899771000082;1
239172;5;7;66;32;2019;4;15;2;3;5;3;0;1;1;0;0;0;0;496213,835000000890000;5746652,588999999700000;8,945007090000047;51,870645175000050;1
239174;5;7;11;0;2019;4;15;2;2;3;2;0;1;1;0;0;0;0;466972,931908335540000;5762339,665844675200000;8,518794027000070;52,010718527000051;1
239175;5;7;11;0;2019;4;8;2;3;1;5;0;1;1;0;0;0;0;467274,358830045910000;5762343,829477058700000;8,523185269000067;52,010773817000029;0
239176;5;9;74;28;2019;4;16;2;3;1;5;0;1;1;0;0;0;0;454570,681032466700000;5725165,584628211300000;8,342987388000040;51,675624433000053;0
239178;5;9;58;4;2019;4;12;2;2;0;1;0;1;0;0;0;0;0;428201,971953648140000;5699514,587393308100000;7,966928471000074;51,442265970000051;0
239179;5;9;14;0;2019;4;9;2;3;2;5;0;1;1;0;0;0;0;393729,276210987010000;5690547,759785706200000;7,473759601000040;51,356247247000056;0
239181;5;9;13;0;2019;4;14;2;3;0;1;0;1;1;0;0;0;0;392717,281158208850000;5708349,637287704300000;7,453837265000061;51,516070300000081;0
239183;5;7;54;16;2019;5;18;5;3;0;6;0;1;1;0;0;0;0;441639,671214505100000;5758997,119374275200000;8,150290652000024;51,978583362000052;0
239184;5;9;16;0;2019;4;16;2;3;5;3;0;1;0;0;0;0;1;372396,154027979820000;5710203,619830284300000;7,160446368000066;51,528507720000050;0
239185;5;9;16;0;2019;4;8;2;3;2;6;0;1;1;0;0;0;0;374247,998843061740000;5710430,755135286600000;7,187047217000043;51,530964475000076;0
239186;5;1;13;0;2019;5;5;5;2;5;2;1;1;1;0;0;0;0;366304,989981360730000;5700981,617728499700000;7,076179491000062;51,444223357000055;0
239189;5;3;62;36;2019;4;18;1;3;5;3;0;1;1;0;0;0;0;346957,902845541020000;5652537,619199790100000;6,818670485000041;51,004029358000082;0
239192;5;3;15;0;2019;4;14;1;3;0;7;0;1;0;0;0;0;0;356987,601488551120000;5648687,358264861600000;6,963040607000039;50,972008486000050;0
239200;5;9;78;40;2019;4;15;1;3;0;7;0;1;0;0;0;0;1;406181,061316124160000;5724969,787856603000000;7,643371486000035;51,667866668000045;0
239201;5;9;15;0;2019;4;15;1;3;0;1;0;1;0;0;0;0;0;417102,956018675120000;5726763,600247943800000;7,800837277000028;51,685709833000033;0
239202;5;9;16;0;2019;4;13;1;3;5;3;0;1;1;0;0;0;0;378601,922835199160000;5711092,303382491700000;7,249557079000056;51,537863071000061;0
239207;5;5;70;44;2019;4;12;7;3;5;3;0;1;0;0;0;0;0;416317,337582373990000;5759695,701517343500000;7,781510964000063;51,981626287000040;1
239208;5;7;54;28;2019;5;16;3;3;1;6;0;1;1;0;0;0;0;450706,907679171300000;5744934,962852587900000;8,284307710000064;51,853037621000055;0
239209;5;7;66;20;2019;5;19;3;3;5;3;0;1;1;0;0;0;0;491506,789294507350000;5754693,955110160600000;8,876440558000070;51,942893933000050;0
239213;5;9;54;36;2019;5;17;3;3;5;3;0;1;1;0;0;0;0;383156,220999999900000;5700703,853000002000000;7,318633695000074;51,445454288000064;0
239214;5;9;11;0;2019;5;7;3;3;5;3;0;1;0;0;0;1;0;375353,232050278220000;5706442,073526293000000;7,204383138000026;51,495362140000054;0
239217;5;5;70;4;2019;5;7;2;3;5;3;0;1;1;0;0;0;0;425688,485000000340000;5736427,111000001400000;7,922944954000059;51,773784712000065;0
239219;5;5;66;12;2019;5;17;2;3;5;3;0;1;1;0;0;0;0;405453,424266765830000;5771356,273109233000000;7,620146799000054;52,084692537000080;1
239221;5;5;54;20;2019;5;19;2;3;0;1;0;1;0;0;0;0;0;367392,238000000830000;5786205,541000003000000;7,059165309000036;52,210313754000026;1
239222;5;5;54;20;2019;5;18;2;3;0;2;0;1;1;0;0;0;0;363844,810261121020000;5786864,599305281400000;7,007013983000036;52,215370506000056;1
239224;5;5;54;4;2019;5;7;2;3;8;1;0;1;0;0;0;0;0;364014,445167665370000;5772863,686458494500000;7,015100298000050;52,089609861000042;0
239225;5;5;54;12;2019;5;8;2;3;5;3;0;1;1;0;0;0;0;352437,698496420870000;5746098,571531806100000;6,857746839000072;51,846168509000051;0
239226;5;5;54;8;2019;5;15;2;3;0;1;0;1;0;0;0;0;0;334267,072654396300000;5743583,266309095500000;6,595394180000028;51,818475352000064;0
239227;5;5;15;0;2019;5;12;2;3;3;2;0;1;1;0;0;0;0;403782,679125566040000;5758724,920136861500000;7,599323239000057;51,970871263000049;0
239228;5;5;15;0;2019;5;8;2;3;0;3;0;1;1;0;0;0;0;404159,185362160210000;5757573,793852370200000;7,605123732000038;51,960589597000080;0
239230;5;1;62;24;2019;5;18;3;3;5;2;0;1;1;0;0;0;0;338506,780395620500000;5675119,833528282100000;6,688213188000020;51,204621547000045;0
239231;5;5;62;24;2019;5;7;2;3;5;2;0;1;1;0;0;0;0;367650,952240463350000;5724646,065425206000000;7,086631994000072;51,657203698000046;0
239236;5;3;34;2;2019;5;15;2;3;5;3;0;1;0;0;0;1;0;298613,193244894040000;5626265,292602399400000;6,144884284000057;50,753178742000046;0
239237;5;3;82;20;2019;5;10;2;3;5;3;0;1;1;0;0;0;0;380153,250000000930000;5625967,798000004100000;7,300269378000053;50,773075681000080;0
239238;5;3;82;60;2019;5;17;2;3;1;2;0;1;1;0;0;0;0;373444,192726977170000;5629539,765359310400000;7,203936305000070;50,803756929000031;0
239240;5;3;62;4;2019;5;17;2;3;5;3;0;1;1;0;0;0;0;329658,108163321390000;5651009,601294942200000;6,573035531000073;50,985439453000026;1
239244;5;3;15;0;2019;5;8;2;3;0;5;0;1;1;0;0;0;0;351784,429041106250000;5646033,490194503200000;6,890064275000043;50,946844186000078;0
239245;5;3;15;0;2019;5;17;2;3;0;1;1;1;0;0;0;0;0;353436,220536861570000;5643028,842160034900000;6,914770058000045;50,920264821000046;1
239246;5;3;15;0;2019;5;7;2;3;3;6;0;1;0;0;0;0;0;353389,226965194570000;5641695,050357583900000;6,914637895000055;50,908266537000031;0
239252;5;1;66;28;2019;5;15;2;3;5;2;0;1;0;0;0;0;1;323779,994000000880000;5688124,690000001300000;6,471202395000034;51,317096136000032;1
239253;5;1;62;8;2019;5;10;2;3;0;1;0;1;0;0;0;0;0;330575,702651749370000;5663714,924979563800000;6,580153626000026;51,099860261000060;0
239255;5;1;16;0;2019;5;18;2;3;1;5;1;1;1;0;0;0;0;320505,373673341240000;5674788,856663771000000;6,430951115000028;51,196276338000075;0
239259;5;1;17;0;2019;5;17;2;3;1;5;0;1;1;0;0;0;0;353025,143187151290000;5700763,693331446500000;6,885311604000037;51,438974918000042;1
239262;5;1;11;0;2019;5;18;2;3;0;1;0;1;0;0;0;0;0;345197,636205911640000;5678943,842224450800000;6,782263378000039;51,240834263000067;1
239263;5;1;11;0;2019;5;17;2;3;6;4;0;1;0;1;0;0;0;343919,309000001290000;5679763,313000001000000;6,763607416000070;51,247849134000035;1
239271;5;9;74;52;2019;5;17;2;3;1;7;0;1;1;0;0;0;0;424227,988386672920000;5711834,039325922700000;7,907113563000053;51,552501330000041;0
239274;5;9;14;0;2019;5;15;2;2;2;2;0;1;1;0;0;0;0;395500,244391604330000;5694580,353311922400000;7,497998504000066;51,392824065000070;0
239276;5;9;13;0;2019;5;13;2;3;3;3;0;1;1;0;0;0;0;398716,605353216640000;5709699,629186347100000;7,539880565000033;51,529312610000034;0
239280;5;9;16;0;2019;5;16;2;3;4;1;0;1;1;0;0;0;0;378871,784704035150000;5711277,779561026000000;7,253382453000029;51,539588010000045;0
239283;5;5;66;96;2019;5;17;1;2;1;6;0;1;1;0;0;0;0;385155,256722664460000;5785865,961764667200000;7,319127777000063;52,211250402000076;0
239284;5;5;58;24;2019;5;20;1;2;5;3;0;1;0;0;0;0;0;392766,205243549310000;5736789,331780549100000;7,445824983000023;51,771701641000050;0
239293;5;1;17;0;2019;5;18;3;3;5;7;0;1;0;0;0;0;0;353327,945847639810000;5699645,911390485200000;6,890128114000049;51,429009316000077;0
239302;5;5;15;0;2019;5;12;7;3;3;6;0;1;0;0;0;0;1;405251,783217374240000;5757275,099065510600000;7,621102885000028;51,958092069000031;0
239303;5;5;15;0;2019;5;16;7;3;2;6;0;1;1;0;0;0;0;405072,785931679420000;5756350,422526184500000;7,618754156000023;51,949750165000069;0
239304;5;5;15;0;2019;5;8;7;2;5;3;0;1;1;0;0;0;0;403929,329312009740000;5757907,003574010000000;7,601686255000061;51,963544929000079;0
239306;5;5;12;0;2019;5;17;7;3;0;1;0;1;0;0;0;0;0;354498,556000000800000;5715843,873000001500000;6,900274040000056;51,574861118000058;1
239312;5;3;15;0;2019;5;20;7;3;0;1;0;1;0;0;0;0;0;355085,377810575070000;5644006,002466423400000;6,937828686000046;50,929462887000057;1
239314;5;1;58;26;2019;5;10;7;3;5;3;0;1;0;0;0;0;1;352828,272805440240000;5661926,551906243000000;6,898464253000043;51,089933594000058;0
239315;5;1;54;4;2019;5;11;7;3;5;3;0;1;1;0;0;0;0;307202,447999999860000;5736193,558000002100000;6,207287964000045;51,743432311000049;1
239319;5;1;19;0;2019;5;13;7;3;1;5;0;1;1;0;0;0;0;350525,859765551980000;5704150,525957467000000;6,847947603000023;51,468753215000049;0
239324;5;1;12;0;2019;5;17;7;3;5;3;0;1;1;0;0;0;0;343665,741444505750000;5697668,331109235100000;6,752121306000049;51,408657899000048;0