OBJECTID;ULAND;UREGBEZ;UKREIS;UGEMEINDE;UJAHR;UMONAT;USTUNDE;UWOCHENTAG;UKATEGORIE;UART;UTYP1;ULICHTVERH;IstRad;IstPKW;IstFuss;IstKrad;IstGkfz;IstSonstige;LINREFX;LINREFY;XGCSWGS84;YGCSWGS84;STRZUSTAND
239745;5;9;13;0;2019;5;14;4;2;4;2;0;1;1;0;0;0;0;397104,189471092080000;5707630,579420190300000;7,517248190000032;51,510423038000056;0
239746;5;9;13;0;2019;5;7;4;3;0;1;0;1;0;0;0;0;1;395308,542136593720000;5707277,522250400900000;7,491486900000041;51,506919684000081;0
239750;5;5;70;4;2019;5;8;3;3;4;3;0;1;1;0;0;0;0;423735,957029949870000;5735369,595822230000000;7,894883251000067;51,764015391000044;0
239752;5;5;70;52;2019;5;8;3;2;6;3;0;1;0;1;0;0;0;430353,382911116820000;5756288,064469685800000;7,986540621000074;51,952929956000048;0
239754;5;5;66;76;2019;5;13;3;3;5;3;0;1;1;0;0;0;0;392723,552559237000000;5793012,062966287100000;7,427581866000026;52,276999226000044;0
239755;5;5;66;84;2019;5;19;3;2;2;6;0;1;1;0;0;0;0;391879,915245337410000;5783676,426516633500000;7,418207198000062;52,192933071000027;0
239757;5;5;66;8;2019;5;13;3;3;5;3;0;1;0;0;0;0;0;399633,349707148040000;5781156,337686788300000;7,532343716000071;52,171749042000044;0
239758;5;5;66;12;2019;5;11;3;3;5;2;0;1;1;0;0;0;0;404885,582168679680000;5772802,204266561200000;7,611458644000038;52,097591540000053;0
239761;5;5;54;4;2019;5;7;3;2;3;6;0;1;0;0;0;0;0;363110,069060059260000;5771206,215239839600000;7,002573510000048;52,074493945000029;0
239762;5;5;54;44;2019;5;16;3;3;5;3;0;1;1;0;0;0;0;365146,559543456880000;5743640,293954303500000;7,043085706000056;51,827292972000066;0
239763;5;5;54;8;2019;5;15;3;3;5;3;0;1;1;0;0;0;0;335170,571721939370000;5746230,903639359400000;6,607229824000058;51,842527258000075;0
239764;5;1;12;0;2019;5;11;4;3;5;3;0;1;1;0;0;0;0;337589,339790214780000;5698907,643503502000000;6,664259628000025;51,418084820000047;0
239765;5;5;15;0;2019;5;7;3;3;5;3;0;1;0;0;0;0;1;405837,273000000040000;5757570,263000000300000;7,629540127000041;51,960844592000058;0
239766;5;5;15;0;2019;5;6;3;3;5;3;0;1;0;0;0;0;0;405622,977051359600000;5757094,358098838500000;7,626552943000036;51,956530617000055;0
239768;5;5;15;0;2019;5;7;3;3;0;3;0;1;0;0;0;0;0;401709,284702336420000;5754327,679914023700000;7,570407595000063;51,930985050000061;0
239769;5;5;62;20;2019;5;16;3;3;3;6;0;1;0;0;0;0;0;372075,786196900530000;5719992,823955064600000;7,152265957000054;51,616410274000032;0
239773;5;3;34;2;2019;5;7;3;3;1;2;0;1;1;0;0;0;0;292605,957813888790000;5629437,332000980200000;6,058048453000026;50,779551969000067;0
239774;5;3;82;56;2019;5;15;3;3;3;3;0;1;0;0;0;0;0;372420,985999999570000;5626928,129000000700000;7,190329700000063;50,780058275000044;0
239778;5;3;78;28;2019;5;13;3;3;5;2;0;1;1;0;0;0;0;372133,718048195350000;5639664,024327684200000;7,181813021000039;50,894468171000028;0
239783;5;3;16;0;2019;5;16;3;2;0;5;0;1;1;0;0;0;0;363945,513258605260000;5658651,191353848200000;7,058343817000036;51,063242280000054;0
239784;5;3;15;0;2019;5;16;3;3;0;7;0;1;0;0;0;0;0;361187,854755044910000;5644381,618913773400000;7,024469008000040;50,934339515000033;0
239789;5;3;15;0;2019;5;15;3;3;1;5;0;1;1;0;0;0;0;359189,543942634020000;5639135,424792502100000;6,998072405000073;50,886706806000063;0
239792;5;3;15;0;2019;5;7;3;3;0;7;0;1;0;0;0;0;0;355160,247727003880000;5645898,394211443100000;6,938141105000057;50,946488181000063;0
239793;5;3;15;0;2019;5;20;3;3;0;1;0;1;0;0;0;0;0;355415,675599538720000;5644289,740177128500000;6,942413117000058;50,932095667000056;0
239802;5;1;58;24;2019;5;17;3;3;0;1;0;1;0;0;0;0;0;356734,018732620400000;5681210,114123642400000;6,946510723000074;51,264213591000043;0
239803;5;1;54;28;2019;5;17;3;3;5;3;0;1;1;0;0;0;0;317060,075153485870000;5704536,900835664900000;6,366421583000033;51,462396799000032;0
239804;5;1;54;12;2019;5;13;3;3;1;7;0;1;1;0;0;0;0;314554,007579005320000;5711458,417933564600000;6,326750111000024;51,523750146000054;0
239807;5;1;62;8;2019;5;16;3;3;5;2;0;1;0;0;0;0;0;330799,315435577180000;5663994,416544508200000;6,583213391000072;51,102437337000026;0
239812;5;1;62;22;2019;5;19;3;3;4;6;0;1;0;0;0;0;0;336893,887131249530000;5684278,665905652600000;6,660972443000048;51,286452071000042;0
239813;5;1;62;16;2019;5;22;3;3;8;1;2;1;0;0;0;0;0;335756,769000000320000;5680862,405999999500000;6,646249798000042;51,255431993000059;0
239816;5;1;16;0;2019;5;17;3;2;0;1;0;1;0;0;0;0;0;320020,178529968490000;5674804,311963109300000;6,424006440000028;51,196262567000076;0
239818;5;1;16;0;2019;5;16;3;3;5;3;0;1;0;0;0;0;0;320059,519495183600000;5672457,683020938200000;6,425744226000063;51,175194895000061;0
239819;5;1;14;0;2019;5;7;3;3;5;3;0;1;0;0;0;1;0;329906,079085669480000;5689198,625417145000000;6,558513431000051;51,328608557000052;0
239829;5;1;13;0;2019;5;6;3;3;3;2;0;1;0;0;0;0;0;361376,338039753960000;5700384,065543821100000;7,005537427000036;51,437668681000048;0
239830;5;1;11;0;2019;5;7;4;3;5;2;0;1;1;0;0;0;0;345050,756000001910000;5674220,640000002500000;6,782202010000049;51,198354472000062;0
239833;5;1;11;0;2019;5;9;3;3;2;6;0;1;1;0;0;0;0;352375,876318045890000;5668255,283465724400000;6,889418247000037;51,146688697000059;0
239834;5;1;11;0;2019;5;20;3;3;0;7;0;1;1;0;0;0;0;344718,710269679320000;5675344,604433583100000;6,776966930000071;51,208363613000074;0
239835;5;1;11;0;2019;5;17;3;2;1;5;0;1;1;0;0;0;0;344453,558371504770000;5675612,154936106900000;6,773058039000034;51,210695508000072;0
239837;5;1;11;0;2019;5;10;3;3;1;3;0;1;1;0;0;0;0;345362,126685928550000;5676438,261438584000000;6,785699279000028;51,218365175000031;0
239841;5;7;58;12;2019;5;20;3;3;5;7;1;1;1;0;0;0;0;476188,475543183270000;5773451,302930276800000;8,652286889000038;52,111091840000029;0
239842;5;7;11;0;2019;5;12;3;3;5;3;0;1;1;0;0;0;0;469891,770845703780000;5762231,015501651900000;8,561329790000059;52,009907717000033;0
239843;5;9;78;40;2019;5;16;3;3;5;3;0;1;1;0;0;0;0;406100,250000000000000;5725079,695000002200000;7,642173761000038;51,668841116000067;0
239846;5;9;14;0;2019;5;9;3;3;2;2;0;1;1;0;0;0;0;390847,133954653520000;5689767,054073637400000;7,432622741000046;51,348683370000060;0
239848;5;9;14;0;2019;5;13;3;2;0;1;0;1;0;0;0;0;0;393993,750437734650000;5691285,759449411200000;7,477336510000043;51,362930364000078;0
239852;5;9;11;0;2019;5;17;3;3;5;3;0;1;0;0;0;0;0;376456,439969157800000;5708601,870342610400000;7,219510694000064;51,515015212000037;0
239853;5;5;70;4;2019;5;17;2;3;5;3;0;1;1;0;0;0;0;423736,217734026720000;5735369,598351506500000;7,894887028000028;51,764015449000055;0
239854;5;1;14;0;2019;5;21;4;3;5;3;2;1;0;0;0;0;0;330137,131000000980000;5689442,627000002200000;6,561710341000037;51,330869681000081;0
239858;5;5;54;48;2019;5;12;2;3;2;6;0;1;0;0;0;0;0;341308,112171676010000;5745497,814480710800000;6,696583377000025;51,837719176000064;0
239859;5;5;54;8;2019;5;7;2;3;5;3;0;1;0;0;0;0;0;335716,452748437410000;5745615,389686048000000;6,615439055000024;51,837158703000057;0
239860;5;5;54;8;2019;5;17;2;3;5;3;0;1;0;0;0;0;0;334869,050999999980000;5744931,991000004100000;6,603476769000054;51,830769609000072;0
239861;5;5;15;0;2019;5;16;2;3;3;6;0;1;1;0;0;0;0;402393,027999999930000;5758414,630000000800000;7,579188387000045;51,967839993000041;0
239862;5;5;62;4;2019;5;8;2;2;5;3;0;1;1;0;0;0;0;382504,961602170020000;5712773,953252563300000;7,305246637000039;51,553803201000051;0
239864;5;5;62;24;2019;5;16;2;3;0;6;0;1;1;0;0;0;0;368801,768097412770000;5725317,164910204700000;7,103007559000048;51,663504360000047;0
239867;5;3;58;8;2019;5;10;2;2;0;1;0;1;0;0;0;0;0;319002,839330076240000;5636154,206638494500000;6,428752392000035;50,848734417000060;0
239868;5;3;34;36;2019;5;18;2;3;4;3;0;1;1;0;0;0;0;299101,349567902270000;5632581,874662604200000;6,148344486000042;50,810081548000028;0
239869;5;3;34;2;2019;5;16;2;3;2;6;0;1;1;0;0;0;0;295572,130923851390000;5628047,701927252100000;6,100838940000074;50,768124312000054;0
239871;5;3;66;24;2019;5;8;2;3;5;3;0;1;1;0;0;0;0;327437,057300427000000;5601842,065045401500000;6,564477243000056;50,543024580000065;0
239873;5;1;11;0;2019;5;15;4;3;3;6;0;1;1;0;0;0;0;345206,752121519300000;5679800,959306575400000;6,782023297000023;51,248538258000053;0
239874;5;3;15;0;2019;5;16;2;2;3;2;0;1;1;0;0;0;0;361074,438135546630000;5648839,914694326000000;7,021154422000052;50,974379833000057;0
239875;5;3;15;0;2019;5;10;2;3;1;5;0;1;1;0;0;0;0;356539,721228389070000;5647492,123561674700000;6,957137047000060;50,961155732000066;0
239876;5;3;15;0;2019;5;14;2;3;0;5;0;1;1;0;0;0;0;353028,292633150700000;5646380,883610321200000;6,907618513000045;50,950284527000065;0
239877;5;3;15;0;2019;5;13;2;3;4;2;0;1;1;0;0;0;0;356840,569687112230000;5641376,300876837200000;6,963820583000029;50,906268199000067;0
239878;5;3;15;0;2019;5;8;2;3;4;6;0;1;0;0;0;0;0;356191,098947837020000;5645038,204180251800000;6,953145287000041;50,939015866000034;0
239881;5;1;70;24;2019;5;16;2;3;0;5;0;1;1;0;0;0;0;335841,654654217880000;5702608,468692071700000;6,637432371000045;51,450830364000069;0
239883;5;1;70;48;2019;5;14;2;3;1;5;0;1;1;0;0;0;0;334667,254212627190000;5725728,507338671000000;6,609677776000069;51,658195617000047;0
239884;5;1;70;48;2019;5;7;2;3;5;2;0;1;0;0;0;0;0;337391,923923337830000;5726185,708812195800000;6,648821375000068;51,663097881000056;0
239885;5;1;58;24;2019;5;13;2;3;0;1;0;1;0;0;0;0;0;358394,980936244130000;5680561,673518890500000;6,970558570000037;51,258801456000072;0
239887;5;1;11;0;2019;5;15;4;3;5;3;0;1;1;0;0;0;0;343778,231000000610000;5677859,602000000000000;6,762418042000036;51,230705165000074;0
239890;5;1;66;16;2019;5;5;2;3;5;3;1;1;1;0;0;0;0;304332,385187691080000;5688810,869731541700000;6,192090070000063;51,316904431000069;0
239891;5;1;62;28;2019;5;18;2;3;5;2;0;1;1;0;0;0;0;337719,895380937490000;5656428,043382747100000;6,685370755000065;51,036453885000071;0
239893;5;1;62;24;2019;5;15;2;2;5;3;0;1;1;0;0;0;0;338058,689000001180000;5670999,824000002800000;6,683661586000028;51,167477021000082;0
239894;5;1;62;20;2019;5;7;2;2;5;7;0;1;1;0;0;0;0;329068,975999999790000;5674384,189000003000000;6,553589062000071;51,195266658000037;0
239895;5;1;16;0;2019;5;13;2;3;5;3;0;1;1;0;0;0;0;320671,507078487430000;5674178,589242108200000;6,433631124000044;51,190846360000080;0
239898;5;1;14;0;2019;5;9;2;3;0;5;0;1;1;0;0;0;0;331844,566956111230000;5690238,713901482500000;6,585820364000028;51,338529145000052;0
239900;5;1;13;0;2019;5;16;2;3;0;1;0;1;0;0;0;0;0;357960,960955983030000;5702719,705846751100000;6,955494029000022;51,457810918000064;0
239902;5;1;12;0;2019;5;16;2;3;5;5;0;1;1;0;0;0;0;342181,989149385130000;5697421,675824409400000;6,730914559000041;51,406030791000035;0
239903;5;1;12;0;2019;5;16;2;3;5;3;0;1;1;0;0;0;0;341649,220293236900000;5697031,422835411500000;6,723435160000065;51,402375962000065;0
239908;5;1;11;0;2019;5;18;2;3;0;6;0;1;0;0;0;0;0;344912,207999998700000;5676609,151999998800000;6,779188040000065;51,219778664000046;0
239911;5;7;58;12;2019;5;15;2;3;0;5;0;1;1;0;0;0;0;476845,746586955150000;5774483,090177672000000;8,661814464000031;52,120396163000066;0
239913;5;7;54;40;2019;5;15;2;3;5;3;0;1;1;0;0;0;0;460126,793997500090000;5761792,547178383900000;8,419114227000023;52,005350015000033;0
239923;5;9;58;4;2019;5;19;2;3;1;5;0;1;1;0;0;0;0;427032,785579411310000;5701111,078889325300000;7,949779285000034;51,456469471000048;0
239927;5;1;11;0;2019;5;6;4;3;6;7;0;1;1;1;0;0;0;345884,103926633480000;5675941,916363908000000;6,793380961000025;51,214046404000044;0
239931;5;9;11;0;2019;5;7;2;3;6;4;0;1;0;1;0;0;0;376681,860423761420000;5703237,192547250500000;7,224632011000040;51,466849869000043;0
239932;5;5;70;44;2019;5;14;1;2;2;6;0;1;0;0;0;0;0;414468,820130982440000;5759085,261820832300000;7,754753982000068;51,975857620000056;0
239936;5;5;62;32;2019;5;18;1;3;5;3;0;1;1;0;0;0;0;373503,508782988410000;5716873,973169080900000;7,174001542000042;51,588703829000053;0
239937;5;3;58;8;2019;5;16;1;3;6;7;0;1;0;1;0;0;0;322381,757723316550000;5631258,375636663300000;6,479074625000067;50,805797303000077;0
239939;5;3;15;0;2019;5;20;1;2;0;3;0;1;1;0;0;0;0;365620,979857044290000;5635645,651416698500000;7,090735960000075;50,856873653000036;0
239940;5;1;11;0;2019;5;0;4;3;5;3;2;1;1;0;0;0;0;347082,046163029040000;5675284,041195660800000;6,810799971000051;51,208457048000071;0
239942;5;3;15;0;2019;5;21;1;2;9;1;2;1;0;0;0;0;0;356391,774760897270000;5644648,316721968400000;6,956153257000040;50,935562010000069;0
239944;5;3;14;0;2019;5;13;1;3;0;5;0;1;0;1;0;0;0;366478,549948415720000;5619497,596379580000000;7,108779390000052;50,711934943000074;0
239945;5;1;70;24;2019;5;18;1;3;5;3;0;1;1;0;0;0;0;334732,116588794630000;5702872,426978210000000;6,621355337000068;51,452879049000046;0
239946;5;1;58;26;2019;5;18;1;3;0;7;0;1;0;0;0;0;0;352750,427556575280000;5662323,538490520800000;6,897191615000054;51,093481054000051;0
239948;5;1;66;28;2019;5;15;1;3;0;3;0;1;1;0;0;0;0;325627,848983863370000;5688257,255963444700000;6,497627414000021;51,318856325000070;0
239950;5;1;19;0;2019;5;18;1;3;0;3;0;1;1;0;0;0;0;351140,716750652530000;5704130,492106935000000;6,856801765000057;51,468735274000039;0
239954;5;1;13;0;2019;5;20;1;3;0;1;1;1;0;0;0;0;0;361903,426787466740000;5700584,806198516900000;7,013037761000021;51,439601352000068;0
239958;5;1;12;0;2019;5;20;1;3;3;2;1;1;1;0;0;0;0;345515,372850338000000;5706640,232185063900000;6,774777840000070;51,489777570000058;0
239963;5;7;74;32;2019;5;22;1;2;9;1;2;1;0;0;0;0;0;482754,999779630450000;5730209,336261430800000;8,750340561000030;51,722547090000035;0
239971;5;5;15;0;2019;5;15;7;3;5;3;0;1;1;0;0;0;0;405314,623344909400000;5755930,549769982700000;7,622387587000048;51,946017386000051;0
239973;5;5;62;20;2019;5;10;7;3;0;7;0;1;0;0;0;0;1;371887,922572859560000;5715589,283449456100000;7,151162026000066;51,576793418000079;1
239974;5;5;62;32;2019;5;15;7;3;5;3;0;1;1;0;0;0;0;378389,403750937430000;5717033,875587157900000;7,244438504000073;51,591216663000068;0
239981;5;3;82;60;2019;5;14;7;3;0;1;0;1;0;0;0;0;0;372178,517030651680000;5628916,484968461100000;7,186200521000046;50,797876854000037;0
239983;5;7;74;32;2019;5;22;4;3;1;5;2;1;1;0;0;0;0;483259,538814033380000;5730168,083789650400000;8,757646789000035;51,722191467000073;0
239985;5;3;62;24;2019;5;18;7;3;5;2;0;1;1;0;0;0;0;345840,303798484620000;5641281,978289248400000;6,807519949000039;50,902588146000028;0
239986;5;3;62;32;2019;5;22;7;3;0;1;2;1;0;0;0;0;0;339413,807011739350000;5642287,716486111300000;6,715755070000057;50,909873681000079;0
239988;5;3;14;0;2019;5;19;7;3;5;3;0;1;1;0;0;0;0;367715,921000000090000;5618210,350000003400000;7,126756919000059;50,700647902000071;1
239989;5;3;14;0;2019;5;14;7;3;5;3;0;1;1;0;0;0;0;363461,048876022920000;5619336,660269832200000;7,066124206000040;50,709787525000081;1
239992;5;1;16;0;2019;5;14;7;2;5;3;0;1;1;0;0;0;0;315427,093963934110000;5669797,832515388700000;6,360911131000023;51,149825964000058;0
239997;5;1;24;0;2019;5;4;7;3;1;1;2;1;1;0;0;0;0;372832,595387477430000;5680537,862501619400000;7,177363978000074;51,261990853000043;0
239998;5;1;13;0;2019;5;13;7;3;7;7;0;1;0;0;0;0;0;359580,402021370830000;5702086,651757715300000;6,979039854000064;51,452526183000032;0
240004;5;1;11;0;2019;5;19;7;3;6;7;0;1;0;1;0;0;0;343573,469999999740000;5676293,984999999400000;6,760170834000064;51,216581579000035;0
240005;5;1;11;0;2019;5;17;7;3;1;5;0;1;1;0;0;0;0;346936,343253338710000;5675713,653801318300000;6,808532391000028;51,212278344000026;0
240007;5;7;70;20;2019;5;16;7;3;0;1;0;1;0;0;0;0;0;474361,438142545520000;5795164,406837113200000;8,623963308000043;52,306220627000073;0
240008;5;7;70;32;2019;5;10;7;2;0;1;0;1;0;0;0;0;0;494953,754077658060000;5790310,236054832100000;8,926059368000040;52,263154489000044;0
240014;5;7;11;0;2019;5;3;7;2;0;1;2;1;0;0;0;0;0;466500,203899737450000;5760003,361214837100000;8,512135024000031;51,989685338000072;0
240017;5;9;74;40;2019;5;15;7;3;0;1;0;1;0;0;0;0;0;437814,365195428950000;5714249,844035407500000;8,102618525000025;51,575881999000046;0
240018;5;5;62;4;2019;5;17;7;3;1;5;0;1;1;0;0;0;0;383803,107830218970000;5713302,956226352600000;7,323787674000073;51,558826643000032;0
240019;5;9;58;4;2019;5;20;7;3;5;3;0;1;1;0;0;0;0;428022,875925621020000;5700219,978508476200000;7,964208508000070;51,448584945000050;0
240021;5;9;62;60;2019;5;14;7;3;5;3;0;1;1;0;0;0;0;413779,494999999180000;5678881,751000000200000;7,764456377000045;51,254767689000062;0
240026;5;5;62;24;2019;5;13;7;3;5;2;0;1;1;0;0;0;0;369589,034853099850000;5725931,742544485300000;7,114154595000059;51,669210570000075;0
240029;5;5;70;48;2019;5;7;6;3;0;5;0;1;1;0;0;0;0;447789,760491262190000;5732164,264123091500000;8,243879935000052;51,737957545000029;0
240030;5;5;66;88;2019;5;12;6;2;5;3;0;1;1;0;0;0;0;424025,666100832630000;5785349,306131612500000;7,888006795000024;52,213337287000058;0
240031;5;5;66;12;2019;5;7;6;3;1;3;0;1;0;0;0;1;0;400903,617000000550000;5778000,000000000000000;7,551833426000030;52,143609964000063;0
240034;5;5;15;0;2019;5;21;6;2;0;1;2;1;0;0;0;0;0;407116,897801324730000;5758347,731377540200000;7,647948068000062;51,968048119000059;0
240035;5;5;15;0;2019;5;13;6;3;2;6;0;1;1;0;0;0;0;405267,958751127120000;5757295,067278467100000;7,621332712000026;51,958274308000057;0
240040;5;5;13;0;2019;5;16;6;2;4;6;0;1;0;0;0;0;0;367446,441557559180000;5713842,186572894500000;7,087762009000073;51,560066045000042;1
240045;5;3;82;20;2019;5;17;6;2;0;1;0;1;0;0;0;0;0;380370,023107466290000;5625362,704664574900000;7,303539123000064;50,767681303000074;0
240048;5;3;62;28;2019;5;13;6;3;5;3;0;1;1;0;0;0;0;352549,418100641110000;5640133,968999473400000;6,903331564000041;50,894023785000059;1
240054;5;3;15;0;2019;5;13;6;3;0;5;0;1;1;1;0;0;0;359515,972699797710000;5644127,971355537000000;7,000788472000068;50,931655126000067;0
240056;5;3;15;0;2019;5;7;6;3;0;1;0;1;0;0;0;0;0;355743,360732671800000;5650400,233907923100000;6,944650962000026;50,987091368000051;1
240057;5;3;15;0;2019;5;16;6;3;5;3;0;1;1;0;0;0;0;353680,293808178040000;5648396,794848909600000;6,916083693000076;50,968566616000032;0
240062;5;3;14;0;2019;5;13;6;3;1;7;0;1;1;0;0;0;0;369499,747457779940000;5618343,973974963700000;7,151955927000074;50,702252013000077;1
240066;5;1;62;24;2019;5;16;6;3;5;3;0;1;1;0;0;0;0;338181,359000000170000;5677508,854000000300000;6,682480910000038;51,225994348000029;1
240068;5;1;19;0;2019;5;10;6;3;0;5;0;1;1;0;0;0;0;350405,351518837740000;5709375,527115561100000;6,843999426000039;51,515669965000029;0
240072;5;1;11;0;2019;5;16;6;3;3;2;0;1;1;0;0;0;0;344925,572921608570000;5675023,307201968500000;6,780064888000027;51,205532823000055;1
240080;5;1;11;0;2019;5;6;6;3;3;2;0;1;1;0;0;0;0;340974,520126738590000;5679231,866875348600000;6,721684698000047;51,242260661000046;0
240082;5;7;74;32;2019;5;8;6;3;1;5;0;1;1;0;0;0;0;482325,451832548720000;5729431,621588496500000;8,744161437000059;51,715541048000034;0
240083;5;3;15;0;2019;5;17;7;3;0;7;0;1;0;0;1;0;0;364507,027384569870000;5648496,324288101900000;7,070145960000048;50,972109665000062;0
240084;5;7;74;32;2019;5;8;6;3;5;3;0;1;1;0;0;0;0;483432,591250554660000;5732149,930734459300000;8,760057728000049;51,740015974000073;1
240085;5;7;70;24;2019;5;7;6;3;5;3;0;1;1;0;0;0;0;496569,570161922830000;5795440,605708351400000;8,949683041000071;52,309291613000028;0
240087;5;7;62;16;2019;5;13;6;3;5;3;0;1;1;0;0;0;0;512359,370859236460000;5729152,035666065300000;9,178892101000031;51,713169510000057;0
240088;5;7;54;28;2019;5;12;6;2;5;3;0;1;1;0;0;0;0;452619,998552217150000;5742807,729743361500000;8,312373359000048;51,834078314000067;0
240091;5;7;11;0;2019;5;20;6;2;4;6;1;1;0;0;0;0;0;469764,983813826930000;5763600,582139525600000;8,559361636000062;52,022214143000042;0
240098;5;9;54;28;2019;5;19;6;2;3;6;0;1;0;0;0;0;0;377302,040000000970000;5693123,453999999900000;7,237057627000070;51,376086643000065;0
240099;5;9;62;40;2019;5;15;6;3;1;7;0;1;1;0;0;0;0;414771,006516065450000;5700131,764179648800000;7,773571183000058;51,445952371000033;0
240102;5;5;70;52;2019;5;18;5;3;5;3;0;1;1;0;0;0;0;430763,119454709810000;5755982,613411063300000;7,992563424000025;51,950235223000050;1
240104;5;5;70;52;2019;5;15;5;3;2;6;0;1;0;0;0;0;0;424009,637005025520000;5758738,378859100900000;7,893705525000030;51,974126040000044;0
240105;5;5;66;68;2019;5;9;5;3;5;3;0;1;1;0;0;0;0;376713,623942328620000;5785961,021502429600000;7,195605203000071;52,210280719000082;0
240106;5;5;54;68;2019;5;22;5;3;1;5;2;1;1;0;0;0;0;351172,909360189920000;5767318,611926371200000;6,830216075000067;52,036486881000030;1
240107;5;5;54;56;2019;5;16;5;2;0;6;0;1;0;1;0;0;0;356936,072816275990000;5762388,078141354000000;6,916237143000046;51,993702940000048;0
240108;5;5;54;8;2019;5;15;5;3;5;2;0;1;0;0;0;0;1;335788,422597844150000;5744590,122533086700000;6,616969169000072;51,827969451000058;0
240109;5;5;15;0;2019;5;18;5;3;5;2;0;1;1;0;0;0;0;406128,618999999950000;5758081,206000000200000;7,633639462000076;51,965486447000046;1
240110;5;5;15;0;2019;5;15;5;3;6;4;0;1;0;1;0;0;0;405473,519536470990000;5754603,937882771700000;7,625063353000030;51,934120213000028;0
240111;5;5;15;0;2019;5;14;5;3;3;2;0;1;1;0;0;0;0;406884,241013913420000;5756847,488895410700000;7,644969147000040;51,954524262000064;0
240112;5;3;15;0;2019;5;16;7;3;3;2;0;1;1;0;0;0;0;355515,641406173820000;5643407,058226248200000;6,944184581000059;50,924188217000051;0
240115;5;3;34;36;2019;5;11;5;3;1;5;0;1;1;0;0;0;0;297742,286547319960000;5633129,214979436200000;6,128777428000035;50,814524629000061;0
240118;5;3;34;4;2019;5;7;5;3;5;3;0;1;1;0;0;0;0;300193,400723959320000;5638052,904494697200000;6,160843096000065;50,859598439000081;0
240121;5;3;78;4;2019;5;15;5;3;0;1;0;1;0;0;0;0;0;369560,411951453420000;5649212,045134656100000;7,141824289000056;50,979709105000040;0
240123;5;3;15;0;2019;5;16;5;3;1;5;0;1;1;0;0;0;0;366176,118440915830000;5637747,270139386900000;7,097849977000067;50,875891204000027;0
240124;5;3;15;0;2019;5;7;5;3;5;3;0;1;1;0;0;0;0;361538,191042691470000;5645213,118490437000000;7,029135738000036;50,941896644000053;0
240126;5;3;15;0;2019;5;10;5;3;5;3;0;1;1;0;0;0;0;362150,193852812980000;5651683,436870349600000;7,035388885000032;51,000193725000031;0
240128;5;3;15;0;2019;5;10;5;3;1;5;0;1;1;0;0;0;0;358689,161000002180000;5639082,089000001500000;6,990983661000030;50,886105289000056;0
240129;5;3;15;0;2019;5;19;5;2;0;1;0;1;0;0;0;0;0;355239,757596803830000;5642097,981057863700000;6,940781352000045;50,912354630000038;0
240130;5;3;15;0;2019;5;15;5;3;0;7;0;1;0;0;0;0;0;354445,679190400060000;5643578,508356133500000;6,928902632000074;50,925460050000027;0
240131;5;3;15;0;2019;5;15;5;3;3;2;0;1;1;0;0;0;0;356008,573563616720000;5645051,774810761200000;6,950543787000072;50,939092273000028;0
240132;5;3;14;0;2019;5;18;5;3;0;7;0;1;0;0;0;0;0;369742,139000001360000;5616502,516000000800000;7,156035849000034;50,685754766000059;0
240133;5;3;14;0;2019;5;14;5;3;5;2;0;1;0;0;0;0;0;369619,366999999620000;5616416,042999999600000;7,154329320000045;50,684950020000031;0
240136;5;1;70;8;2019;5;16;5;3;5;2;0;1;1;0;0;0;0;345363,483923951160000;5714844,806506464300000;6,768990202000055;51,563453131000074;0
240139;5;1;66;4;2019;5;7;5;3;8;7;0;1;0;0;0;0;0;303875,835454921240000;5685996,963039161600000;6,187093379000032;51,291475061000028;0
240140;5;1;62;22;2019;5;7;5;3;5;2;0;1;0;0;0;0;1;339090,830193285830000;5678859,770578784900000;6,694888056000025;51,238389242000039;0
240141;5;1;16;0;2019;5;16;5;3;0;1;0;1;0;0;0;0;0;320907,704758957960000;5671178,322027716800000;6,438502628000038;51,163968339000064;0
240142;5;1;14;0;2019;5;18;5;3;5;3;0;1;1;0;0;0;0;331192,646000000650000;5693715,772000001700000;6,574820157000033;51,369573489000061;0
240143;5;1;14;0;2019;5;15;5;3;4;2;0;1;1;0;0;0;0;330814,433000001130000;5689872,467000000200000;6,571219106000058;51,334933216000081;0
240144;5;3;14;0;2019;5;12;7;3;5;7;0;1;1;0;0;0;0;367901,277522062880000;5616361,093163218300000;7,130041374000030;50,684068583000055;0
240145;5;1;14;0;2019;5;13;5;3;3;2;0;1;1;0;0;0;0;330028,940980010670000;5689359,011105166700000;6,560198734000039;51,330086166000058;0
240149;5;3;82;12;2019;5;17;7;3;5;3;0;1;1;0;0;0;0;354720,198000001720000;5627693,791000003000000;6,939109525000049;50,782775111000035;1
240151;5;1;24;0;2019;5;13;5;3;5;3;0;1;1;0;0;0;0;375653,719321935440000;5682605,954598229400000;7,217057279000073;51,281200669000043;0
240152;5;1;24;0;2019;5;7;5;3;1;5;0;1;1;0;0;0;0;371865,024942362680000;5680217,664112519500000;7,163618525000061;51,258896409000045;0
240164;5;1;11;0;2019;5;8;5;3;5;3;0;1;1;0;0;0;0;344446,844859650360000;5679169,076063936600000;6,771418223000069;51,242653847000042;0
240168;5;7;54;28;2019;5;15;5;3;5;3;0;1;1;0;0;0;0;451488,420020374470000;5743319,823035936800000;8,295880258000068;51,838585159000047;0