OBJECTID;ULAND;UREGBEZ;UKREIS;UGEMEINDE;UJAHR;UMONAT;USTUNDE;UWOCHENTAG;UKATEGORIE;UART;UTYP1;ULICHTVERH;IstRad;IstPKW;IstFuss;IstKrad;IstGkfz;IstSonstige;LINREFX;LINREFY;XGCSWGS84;YGCSWGS84;STRZUSTAND
240170;5;7;54;12;2019;5;7;5;3;0;7;0;1;0;0;0;0;1;455830,972000001000000;5768104,648000003800000;8,355720187000031;52,061772735000034;0
240171;5;7;66;44;2019;5;12;5;3;5;3;0;1;1;0;0;0;0;493549,996312038040000;5764191,533132620200000;8,905986514000063;52,028313800000035;0
240173;5;7;66;20;2019;5;14;5;3;5;3;0;1;1;0;0;0;0;490542,183262191710000;5753789,506269963500000;8,862432361000060;51,934746446000077;1
240175;5;7;11;0;2019;5;18;5;3;0;3;0;1;1;0;0;0;0;465982,583455272020000;5767630,191783916200000;8,503838932000065;52,058223542000064;1
240177;5;1;70;20;2019;5;20;7;2;0;1;0;1;0;0;0;0;0;329832,837945245210000;5706848,059031922400000;6,548995878000028;51,487143228000036;1
240178;5;9;78;20;2019;5;16;5;3;5;3;0;1;1;0;0;0;0;409407,328384192660000;5714284,942978175400000;7,692773245000069;51,572348001000080;0
240180;5;9;74;40;2019;5;6;5;3;5;3;1;1;1;0;0;0;0;436071,119367270730000;5713658,859380513400000;8,077573307000023;51,570373763000077;0
240183;5;9;58;4;2019;5;19;5;3;0;2;1;1;1;0;0;0;0;435301,778176775200000;5694363,339146692300000;8,070009736000031;51,396808406000048;1
240187;5;9;15;0;2019;5;23;5;3;0;1;2;1;0;0;0;0;0;417302,550253164950000;5724770,609264999600000;7,804195875000062;51,667823285000054;1
240191;5;9;14;0;2019;5;7;5;3;5;3;0;1;1;0;0;0;0;395674,952945832160000;5691055,994547314900000;7,501543609000066;51,361176329000045;0
240196;5;9;11;0;2019;5;7;5;2;5;2;0;1;1;0;0;0;0;379928,673988970000000;5703349,707249144100000;7,271313839000072;51,468559341000059;0
240200;5;5;66;68;2019;5;7;4;3;5;2;0;1;1;0;0;0;0;374699,425598794590000;5784132,298106240100000;7,166818536000051;52,193393446000073;0
240201;5;5;66;12;2019;5;19;4;3;0;7;1;1;1;0;0;0;0;403937,703033712690000;5771688,212932780400000;7,597939311000062;52,087415089000046;0
240207;5;5;54;44;2019;5;8;4;3;1;3;0;1;1;0;0;0;0;368164,915808696300000;5744512,117898795800000;7,086527566000029;51,835847765000040;0
240209;5;5;15;0;2019;5;7;4;3;5;7;0;1;1;0;0;0;0;404684,906000001360000;5761718,734999999400000;7,611621235000030;51,997936154000058;0
240210;5;5;15;0;2019;5;20;4;3;5;3;0;1;1;0;0;0;0;406067,292309206910000;5757544,204551240400000;7,632893961000036;51,960649275000037;0
240212;5;5;12;0;2019;5;12;4;3;5;2;0;1;1;0;0;0;0;358612,549448652190000;5708794,134188462000000;6,962434282000061;51,512559247000070;0
240213;5;5;13;0;2019;5;16;4;3;5;3;0;1;1;0;0;0;0;367594,224727202210000;5712582,351720323800000;7,090366989000074;51,548779068000044;0
240215;5;1;58;16;2019;5;6;7;3;1;7;0;1;1;0;0;0;0;355930,157974483450000;5669219,069111090200000;6,939812405000055;51,156255340000030;0
240216;5;3;58;8;2019;5;12;4;3;5;2;0;1;1;0;0;0;0;321114,584936563860000;5633357,714410770700000;6,460085113000048;50,824267818000067;0
240220;5;3;34;2;2019;5;17;4;3;0;1;0;1;0;0;0;0;0;294255,007163421250000;5628926,228624872900000;6,081694166000034;50,775548981000043;0
240223;5;3;78;8;2019;5;19;4;3;5;7;0;1;0;0;0;0;0;371068,341310082930000;5662891,355178259300000;7,158424169000057;51,102995629000077;0
240225;5;3;62;36;2019;5;7;4;3;4;6;0;1;0;0;0;0;0;345801,658999999990000;5651423,548000004100000;6,802676417000043;50,993709711000065;0
240226;5;3;62;36;2019;5;11;4;3;5;3;0;1;1;0;0;0;0;346010,122025219720000;5651792,732138853500000;6,805488141000069;50,997082980000073;0
240230;5;3;15;0;2019;5;19;4;3;0;5;0;1;1;0;0;0;0;358035,166866499000000;5651874,863678636000000;6,976705950000053;51,000913480000065;0
240232;5;3;15;0;2019;5;8;4;3;1;5;0;1;1;0;0;0;0;352257,504666973840000;5643500,209704794000000;6,897820986000056;50,924200199000040;0
240233;5;3;15;0;2019;5;14;4;2;0;1;0;1;0;0;0;0;0;354854,377571455200000;5643809,785510633100000;6,934621899000035;50,927641453000035;0
240234;5;3;15;0;2019;5;20;4;3;0;7;0;1;0;0;0;0;0;355351,367507107560000;5645208,106870682900000;6,941134027000032;50,940332710000064;0
240235;5;3;14;0;2019;5;12;4;3;3;7;0;1;1;0;0;0;0;370714,505492155440000;5616958,586691349700000;7,169633859000044;50,690070993000063;0
240240;5;1;70;8;2019;5;8;4;3;5;3;0;1;1;0;0;0;0;345782,495414881040000;5714648,901501813900000;6,775116497000056;51,561807684000030;0
240243;5;1;58;16;2019;5;13;4;3;1;5;0;1;1;0;0;0;0;355751,348756578750000;5671185,096710313100000;6,936468706000028;51,173877821000076;0
240244;5;1;66;4;2019;5;17;4;3;4;1;0;1;0;0;1;0;0;302527,216569944280000;5680117,067952331200000;6,171022511000047;51,238201096000068;0
240246;5;1;62;24;2019;5;22;4;3;5;3;2;1;1;0;0;0;0;339836,517205752430000;5674541,250302687300000;6,707490252000071;51,199797360000048;0
240247;5;1;62;24;2019;5;19;4;3;5;3;0;1;0;0;0;0;0;340426,786857301370000;5669687,975501721700000;6,718086736000032;51,156355462000079;0
240249;5;1;62;22;2019;5;9;4;2;5;3;0;1;0;0;0;0;1;334772,410986692640000;5682147,118923947200000;6,631562544000076;51,266690006000033;0
240253;5;1;70;52;2019;5;18;4;3;0;3;0;1;1;0;0;0;0;323227,722072106790000;5726083,713053848600000;6,444280999000057;51,657905457000027;0
240254;5;1;70;24;2019;5;12;4;2;0;5;0;1;1;0;0;0;0;335220,480541809460000;5702119,028298547500000;6,628728556000056;51,446252771000047;0
240255;5;1;70;44;2019;5;18;4;2;5;3;0;1;1;0;0;0;0;339476,396483961490000;5718974,122276157100000;6,682240395000065;51,598907142000030;0
240256;5;1;70;48;2019;5;15;4;2;5;2;0;1;1;0;0;0;0;335230,465648655780000;5725984,202121565100000;6,617692376000036;51,660658078000040;0
240259;5;1;66;36;2019;5;16;4;3;0;6;0;1;1;0;0;0;0;328397,731920287940000;5680135,093495938900000;6,541238973000077;51,246730926000055;0
240262;5;1;62;8;2019;5;13;4;3;5;3;0;1;1;0;0;0;0;331645,303599068890000;5663947,906012991400000;6,595307370000057;51,102268507000076;0
240264;5;1;62;24;2019;5;13;4;3;5;3;0;1;0;0;0;0;0;339100,526497470210000;5672973,183391904500000;6,697667286000069;51,185501592000037;0
240266;5;1;16;0;2019;5;17;4;3;3;5;0;1;1;0;0;0;0;321210,168188338170000;5674652,521577412300000;6,441095692000033;51,195272555000031;0
240267;5;1;16;0;2019;5;11;4;3;5;3;0;1;0;0;0;0;1;324660,722781232560000;5678475,331747669700000;6,488561270000048;51,230684036000071;0
240269;5;1;14;0;2019;5;18;4;3;3;2;0;1;1;0;0;0;0;330567,460568879730000;5689143,965411024200000;6,568023530000062;51,328314910000074;0
240275;5;1;13;0;2019;5;16;4;2;3;2;0;1;1;0;0;0;0;359726,583999999800000;5702041,533000001700000;6,981160234000072;51,452156970000033;0
240277;5;1;12;0;2019;5;8;4;3;5;2;0;1;1;0;0;0;0;345509,990000000220000;5699484,276999998800000;6,777826208000022;51,425479736000057;0
240279;5;1;11;0;2019;5;15;4;3;6;4;0;1;0;1;0;0;0;346143,494000001810000;5674145,998999999800000;6,797861997000041;51,197979078000060;0
240280;5;1;11;0;2019;5;16;4;3;3;3;0;1;1;0;0;0;0;344572,704113558870000;5681359,716354439000000;6,772268499000063;51,262371733000066;0
240283;5;7;54;8;2019;5;19;4;3;0;1;0;1;0;0;0;0;0;456151,796456626620000;5751651,641098922100000;8,362503445000073;51,913878808000050;0
240286;5;7;11;0;2019;5;20;4;3;2;6;0;1;0;0;0;0;0;472058,692257346590000;5755726,970353981500000;8,593430199000068;51,951544728000044;0
240287;5;7;11;0;2019;5;20;4;3;4;7;0;1;1;0;0;0;0;467253,898611800750000;5762968,664821056600000;8,522827416000041;52,016390271000034;0
240288;5;7;11;0;2019;5;12;4;3;5;3;0;1;1;0;0;0;0;468128,066756860350000;5763761,479195322800000;8,535491415000024;52,023569076000058;0
240290;5;9;62;24;2019;5;7;4;3;0;3;0;1;1;0;0;0;0;410288,854824049400000;5692207,402265654900000;7,711095816000068;51,374023320000049;0
240293;5;9;13;0;2019;5;17;4;3;0;3;0;1;1;0;0;0;0;399304,529408670030000;5712167,932126842400000;7,547647043000040;51,551604788000077;0
240298;5;5;58;16;2019;5;19;3;2;5;3;0;1;1;0;0;0;0;380589,704375226980000;5743029,447573617100000;7,267280537000033;51,825317639000048;0
240299;5;5;54;8;2019;5;15;3;3;5;3;0;1;1;0;0;0;0;335473,798464701510000;5744615,426448980300000;6,612395607000053;51,828104207000081;1
240302;5;5;62;12;2019;5;8;3;3;4;5;0;1;1;0;0;0;0;357342,770544248630000;5735279,417709799500000;6,933356771000035;51,750228933000074;0
240305;5;3;70;16;2019;5;11;3;3;5;3;0;1;1;0;0;0;0;299464,725000000560000;5659780,445000000300000;6,138533123000059;51,054489750000073;0
240316;5;3;15;0;2019;5;16;3;3;0;5;0;1;1;0;0;0;0;356167,889913254420000;5646385,787382319600000;6,952282995000076;50,951120589000027;1
240317;5;3;82;56;2019;5;7;4;3;5;2;0;1;1;0;0;0;0;372091,877563719640000;5627310,570056211200000;7,185530820000054;50,783423277000054;0
240318;5;3;15;0;2019;5;8;3;3;5;3;0;1;1;0;0;0;0;356402,941869972270000;5645424,073064578700000;6,956006328000058;50,942536411000049;1
240320;5;3;14;0;2019;5;12;3;3;5;3;0;1;0;0;0;0;1;362885,879464275200000;5618863,722770590300000;7,058158405000029;50,705401488000064;1
240322;5;3;14;0;2019;5;15;3;3;5;3;0;1;1;0;0;0;0;367084,381000000980000;5622917,057000001900000;7,116122972000028;50,742808106000041;1
240326;5;1;58;32;2019;5;6;3;3;6;6;0;1;0;1;0;0;0;364792,239537304270000;5690023,375063361600000;7,058599325000046;51,345385667000073;1
240330;5;1;62;24;2019;5;18;3;2;1;5;0;1;1;0;0;0;0;338742,206999999470000;5673813,997999999700000;6,692166999000051;51,192955265000080;1
240333;5;1;14;0;2019;5;16;3;3;1;1;0;1;1;0;0;0;0;329904,326396948660000;5690555,944753881500000;6,557840135000049;51,340801932000034;1
240334;5;1;14;0;2019;5;12;3;3;0;7;0;1;0;0;0;0;0;330627,588794472630000;5689896,545657722300000;6,568527964000055;51,335093913000037;1
240337;5;3;78;4;2019;5;11;4;2;0;1;0;1;0;0;0;0;0;368125,958008204590000;5650904,241673082100000;7,120787280000059;50,994591278000030;0
240340;5;1;13;0;2019;5;14;3;3;0;3;0;1;0;0;0;0;1;357146,174866197630000;5692118,086142253100000;6,948044667000033;51,362338864000037;1
240343;5;1;13;0;2019;5;11;3;3;0;5;0;1;0;0;0;1;0;363373,507171407340000;5699987,111355667900000;7,034406763000050;51,434586630000069;1
240349;5;1;11;0;2019;5;8;3;3;5;3;0;1;1;0;0;0;0;353095,696065402590000;5667475,995167063500000;6,900019988000054;51,139871021000033;1
240353;5;1;11;0;2019;5;11;3;3;0;7;0;1;0;0;0;0;0;345192,010150543410000;5678936,635670289400000;6,782185958000071;51,240767983000069;1
240357;5;7;74;32;2019;5;14;3;3;4;5;0;1;1;0;0;0;0;484524,755046512930000;5729523,935597803400000;8,775991905000069;51,716436071000032;1
240360;5;7;58;12;2019;5;16;3;2;5;3;0;1;1;0;0;0;0;477303,915437439460000;5775542,764677429600000;8,668435548000048;52,129942291000077;1
240361;5;7;54;32;2019;5;10;3;3;5;5;0;1;1;0;0;0;0;461351,399419617840000;5745387,807197989900000;8,438796604000061;51,857947680000052;0
240362;5;7;54;8;2019;5;7;3;2;5;3;0;1;1;0;0;0;0;455967,877685963180000;5750714,939736567400000;8,359949412000049;51,905442849000053;1
240363;5;7;11;0;2019;5;16;3;3;0;2;0;1;1;0;0;0;0;467237,371684932150000;5762887,942861834500000;8,522594322000032;52,015663555000060;0
240365;5;9;70;24;2019;5;18;3;3;5;1;0;1;1;0;0;0;0;432941,495142284780000;5646529,393609706300000;8,045015988000046;50,966461322000043;0
240370;5;3;66;28;2019;5;16;4;2;5;3;0;1;0;0;1;0;0;331680,010212074970000;5606037,596710017000000;6,622408850000056;50,581959871000038;0
240376;5;5;66;28;2019;5;15;2;3;5;3;0;1;1;0;0;0;0;412735,323869355020000;5792509,206707274500000;7,720948731000021;52,276020506000066;0
240377;5;5;66;8;2019;5;17;2;3;5;7;0;1;1;0;0;0;0;400163,760999999940000;5780000,333000002400000;7,540437216000044;52,161455342000068;0
240378;5;5;54;28;2019;5;16;2;3;5;3;0;1;1;0;0;0;0;356797,803000000310000;5743732,691999999800000;6,921978702000047;51,826045743000066;0
240379;5;5;15;0;2019;5;7;2;3;0;1;0;1;0;0;0;0;0;405111,898998384360000;5759736,367686597600000;7,618387481000070;51,980191060000038;0
240380;5;5;15;0;2019;5;5;2;2;0;1;0;1;0;0;0;0;0;406763,546254553830000;5754990,197088284400000;7,643717043000038;51,937809737000066;0
240381;5;5;15;0;2019;5;13;2;3;3;6;0;1;1;0;0;0;0;405558,611496788450000;5757937,473614234500000;7,625384725000060;51,964097974000026;0
240382;5;5;15;0;2019;5;8;2;3;6;1;0;1;0;1;0;0;0;405953,937124269080000;5753034,228281175700000;7,632478072000026;51,920092261000036;0
240386;5;5;62;32;2019;5;15;2;3;1;3;0;1;1;0;0;0;0;376975,419959995900000;5715698,832325838500000;7,224504684000067;51,578911280000057;0
240389;5;3;70;4;2019;5;10;2;3;3;6;0;1;1;0;0;0;0;311702,405486724340000;5661912,936119625300000;6,311831965000067;51,077787511000054;0
240390;5;3;70;12;2019;5;17;2;3;9;1;0;1;0;0;0;0;0;297528,003207013940000;5649609,522372568000000;6,116608867000025;50,962464555000054;0
240393;5;3;15;0;2019;5;16;4;3;5;3;0;1;1;0;0;0;0;366208,711817265490000;5636168,338423144100000;7,098890490000031;50,861707712000054;0
240396;5;3;34;2;2019;5;21;2;3;6;4;2;1;0;1;0;0;0;292521,571999999690000;5628451,869000000900000;6,057408970000040;50,770671369000070;1
240398;5;3;78;24;2019;5;7;2;3;0;1;0;1;0;0;0;0;0;381040,910917205740000;5646466,573434429200000;7,306187437000062;50,957517623000058;1
240399;5;3;78;4;2019;5;17;2;3;5;3;0;1;1;0;0;0;0;366907,954189541750000;5651036,039563911000000;7,103392481000071;50,995495425000058;0
240405;5;3;15;0;2019;5;16;2;3;5;3;0;1;1;0;0;0;0;356716,696351355870000;5642292,044683743300000;6,961700356000051;50,914467206000040;0
240406;5;3;14;0;2019;5;18;2;3;5;3;0;1;1;0;0;0;0;365544,509392925540000;5623456,329019617300000;7,094113609000033;50,747300503000076;0
240408;5;1;54;36;2019;5;18;2;2;5;3;0;1;1;0;0;0;0;300867,179999999700000;5740501,658000001700000;6,113175544000058;51,779903631000082;0
240410;5;1;62;24;2019;5;13;2;2;5;3;0;1;1;0;0;0;0;338283,532065376640000;5673350,170938188200000;6,685817281000027;51,188658234000059;0
240413;5;1;16;0;2019;5;17;2;3;3;6;0;1;1;0;0;0;0;321333,091475969180000;5671912,390191635100000;6,444215622000058;51,170695691000049;0
240414;5;1;14;0;2019;5;17;2;3;5;3;0;1;1;0;0;0;0;332938,348612259140000;5687746,175211628900000;6,602677355000026;51,316458347000037;0
240424;5;1;12;0;2019;5;7;2;3;5;2;0;1;1;0;0;0;0;348694,201000001280000;5707683,601000001700000;6,820082866000064;51,500011984000082;0
240427;5;3;15;0;2019;5;18;4;3;5;2;0;1;1;0;0;0;0;353386,233648691330000;5648039,603833489100000;6,912042563000057;50,965281923000077;0
240433;5;7;54;48;2019;5;17;2;2;0;7;0;1;0;0;0;0;0;441646,889365281910000;5765874,291413571700000;8,149224014000026;52,040409575000069;0
240435;5;3;15;0;2019;5;8;4;3;5;3;0;1;1;0;0;0;0;352566,544999999930000;5642868,449000002800000;6,902470456000060;50,918601881000029;0
240437;5;9;74;40;2019;5;20;2;3;0;3;1;1;1;0;0;0;0;438378,266037117690000;5714116,989514602300000;8,110778252000046;51,574749497000028;0
240438;5;9;15;0;2019;5;13;2;3;4;6;0;1;0;0;0;0;0;420023,422980768610000;5722903,923908645300000;7,843958012000030;51,651436350000040;1
240439;5;3;15;0;2019;5;19;4;3;0;1;0;1;0;0;0;0;0;354196,760948250070000;5643373,068842513500000;6,925445392000029;50,923550968000029;0
240441;5;9;13;0;2019;5;15;2;3;5;2;0;1;1;0;0;0;0;397273,923673995770000;5708399,741871470600000;7,519469062000042;51,517367696000065;0
240444;5;5;70;40;2019;5;15;1;2;5;3;0;1;0;0;0;0;0;418726,166113146580000;5744771,388851506600000;7,820099350000021;51,847826635000047;0
240448;5;5;66;12;2019;5;17;1;2;7;7;0;1;0;0;0;0;1;405035,067385192960000;5771695,519625403000000;7,613948566000033;52,087670135000053;0
240450;5;5;58;32;2019;5;23;1;3;0;1;2;1;0;0;0;0;0;387154,437000000850000;5753978,257000001100000;7,358916505000025;51,925084204000029;0
240453;5;5;62;14;2019;5;19;1;3;5;3;1;1;1;0;0;0;0;361247,634422185830000;5713214,175615746500000;6,998642271000051;51,552931858000079;0
240458;5;3;82;20;2019;5;17;1;3;5;7;0;1;1;0;0;0;0;384482,400143002160000;5625302,864213416400000;7,361849232000054;50,767976872000077;0
240460;5;3;15;0;2019;5;22;4;2;8;1;2;1;0;0;0;0;0;356394,983857333660000;5646013,886881439000000;6,955660570000021;50,947835001000044;0
240461;5;3;78;28;2019;5;14;1;3;5;3;0;1;1;0;0;0;0;371630,323525283490000;5639316,179130008400000;7,174781148000022;50,891230032000067;0
240464;5;3;62;36;2019;5;10;1;3;3;6;0;1;0;0;0;0;0;343960,036953062750000;5656630,889841834100000;6,774214291000021;51,040004916000044;0
240465;5;3;15;0;2019;5;10;1;3;0;7;0;1;0;1;0;0;0;362849,993783338930000;5644008,573887666700000;7,048249668000040;50,931384488000049;0
240469;5;3;14;0;2019;5;16;1;3;5;3;0;1;1;0;0;0;0;366591,445099846460000;5620048,556224484000000;7,110178343000030;50,716912917000059;1
240470;5;3;14;0;2019;5;13;1;3;3;7;0;1;0;0;0;0;0;364536,047000001180000;5625343,917999999600000;7,079132801000071;50,764031383000031;0
240472;5;1;70;48;2019;5;16;1;2;2;6;0;1;0;0;0;0;0;335736,003966399470000;5727836,215419713400000;6,624124173000041;51,677444043000037;0
240473;5;3;15;0;2019;5;17;4;3;4;6;0;1;0;0;0;0;0;355853,528511513020000;5642707,309558562900000;6,949265523000065;50,917984196000077;0
240475;5;1;58;32;2019;5;16;1;3;1;5;0;1;1;0;0;0;0;362572,523791631680000;5689218,782249799000000;7,027057909000064;51,337622711000051;0
240477;5;1;66;16;2019;5;18;1;2;5;2;0;1;1;0;0;0;0;310142,750000000000000;5688361,884999997900000;6,275607476000062;51,314840094000033;1
240478;5;1;62;12;2019;5;15;1;3;1;5;0;1;1;0;0;0;0;325995,443842813370000;5663923,438747694700000;6,514699442000051;51,100361911000050;0
240480;5;3;82;24;2019;5;18;4;2;1;6;0;1;1;0;0;0;0;377336,796511689200000;5615195,064294712600000;7,263927311000032;50,675653076000060;0
240481;5;1;62;8;2019;5;13;1;3;1;5;0;1;0;0;0;0;1;329795,429999998770000;5662269,223000003000000;6,569701204000069;51,086640620000026;0
240482;5;1;14;0;2019;5;20;1;3;5;2;0;1;0;0;0;0;0;334362,663000000640000;5689767,593000004100000;6,622157674000050;51,335035680000033;0
240485;5;1;13;0;2019;5;0;1;2;0;1;2;1;0;0;0;0;0;365053,581274364140000;5700770,488264640800000;7,058263753000063;51,442029227000035;0
240486;5;1;11;0;2019;5;13;1;3;5;3;0;1;1;0;0;0;0;345080,434000000360000;5674216,746000003100000;6,782628133000060;51,198327530000029;0
240488;5;7;74;32;2019;5;12;1;2;0;6;0;1;0;0;0;0;0;480729,831727197390000;5737761,613174663900000;8,720603402000052;51,790385375000028;0
240490;5;7;74;28;2019;5;16;1;3;9;1;0;1;0;0;0;0;0;486154,655000001190000;5715911,063000004700000;8,800124082000025;51,594079436000072;0
240491;5;7;70;40;2019;5;16;1;3;0;7;0;1;0;0;1;0;0;473783,551743326710000;5809216,368774898400000;8,614389244000051;52,432523138000079;0
240492;5;7;70;8;2019;5;9;1;3;5;3;0;1;1;0;0;0;0;474686,551666807380000;5803238,211858412300000;8,628123122000034;52,378821190000053;0
240497;5;9;11;0;2019;5;12;1;3;0;1;0;1;0;0;0;0;0;373149,458512522280000;5700992,073046371300000;7,174609872000076;51,445891699000072;0
240498;5;5;70;48;2019;5;19;7;3;5;3;0;1;0;0;0;0;0;448471,226886312480000;5731879,944446448200000;8,253790276000075;51,735464416000070;0
240500;5;5;70;32;2019;5;11;7;2;0;1;0;1;0;0;0;0;0;420609,604000000280000;5765815,281999999700000;7,842577282000036;52,037265817000048;0
240502;5;5;66;84;2019;5;17;7;3;5;2;0;1;1;0;0;0;0;390024,392000001860000;5775773,025000002200000;7,393632019000052;52,121536865000053;0
240503;5;3;14;0;2019;5;10;4;3;1;7;0;1;1;0;0;0;0;365626,051413045260000;5623261,693125374600000;7,095339777000049;50,745570011000041;1
240505;5;5;54;68;2019;5;14;7;2;5;3;0;1;1;0;0;0;0;351490,115293367770000;5767460,193434594200000;6,834775636000074;52,037843956000074;0
240506;5;5;54;64;2019;5;17;7;2;8;1;0;1;0;0;0;0;0;358863,215926192700000;5753007,592209411800000;6,948138986000060;51,909909998000046;0
240510;5;3;34;2;2019;5;1;7;3;1;5;2;1;1;0;0;0;0;294097,646074384450000;5629526,079595528500000;6,079129386000034;50,780880498000045;0
240511;5;3;62;28;2019;5;9;7;3;5;3;0;1;1;0;0;0;0;347650,218246346340000;5639756,179452356000000;6,833877461000043;50,889357374000042;0
240518;5;3;15;0;2019;5;16;7;3;5;3;0;1;1;0;0;0;0;354433,531864676620000;5649878,816065695100000;6,926210585000035;50,982075854000072;0
240519;5;3;15;0;2019;5;0;7;2;8;7;2;1;1;0;0;0;0;353497,077016568740000;5647026,552204433800000;6,914027847000057;50,956206237000060;0
240521;5;3;15;0;2019;5;14;7;3;0;4;0;1;0;1;0;0;0;356538,176582083110000;5643340,026530141000000;6,958750328000065;50,923840981000069;0
240524;5;3;14;0;2019;5;16;7;3;0;3;0;1;1;0;0;0;0;369415,595663907010000;5616608,114044250900000;7,151378471000044;50,686630714000046;0
240525;5;1;70;44;2019;5;18;7;3;3;3;0;1;1;0;0;0;0;340237,750000000000000;5718983,365999998500000;6,693219560000046;51,599206641000080;0
240526;5;1;70;48;2019;5;15;7;3;5;3;0;1;1;0;0;0;0;334725,144584038290000;5726109,607782864900000;6,610333772000047;51,661636317000045;0
240531;5;1;58;16;2019;5;19;1;2;4;6;0;1;1;0;0;0;0;354702,995283757340000;5672527,103872561800000;6,920939550000071;51,185672093000051;0
240532;5;1;62;8;2019;5;10;7;3;4;7;0;1;1;0;0;0;0;330690,833245936780000;5663551,016004826900000;6,581873304000055;51,098421656000028;0
240535;5;1;14;0;2019;5;14;7;2;4;6;0;1;0;0;0;0;0;325935,111639133650000;5693894,986495483700000;6,499275861000058;51,369596431000048;0
240540;5;1;13;0;2019;5;13;7;3;8;7;0;1;0;0;0;0;0;360957,059463060460000;5695523,942228917000000;7,001415134000069;51,393891028000041;0
240541;5;1;13;0;2019;5;19;7;3;5;3;0;1;1;0;0;0;0;359124,737552272160000;5702415,237464705500000;6,972355346000029;51,455365720000032;0
240542;5;1;16;0;2019;5;13;1;2;3;7;0;1;1;0;0;0;0;321013,168000000530000;5674417,171000002000000;6,438396483000076;51,193096685000057;0
240546;5;1;12;0;2019;5;9;7;3;5;3;0;1;1;0;0;0;0;343421,123368855570000;5710592,121980888800000;6,742882327000075;51,524708266000061;0
240548;5;1;11;0;2019;5;22;7;3;0;6;2;1;1;0;0;0;0;343261,904173426330000;5676012,417655216500000;6,755836330000022;51,213966184000071;0
240549;5;1;11;0;2019;5;18;7;3;4;5;0;1;1;0;0;0;0;350662,427263808440000;5675269,376615418100000;6,862024711000061;51,209272653000028;0
240551;5;1;11;0;2019;5;15;7;2;5;2;0;1;0;0;0;0;1;347409,030180453320000;5682303,233598180100000;6,812486694000029;51,271616001000041;0
240552;5;1;11;0;2019;5;13;7;2;0;7;0;1;0;0;0;0;1;342254,926133599130000;5683757,117493325800000;6,738017495000065;51,283275913000068;0
240555;5;7;58;12;2019;5;15;7;3;5;3;0;1;1;0;0;0;0;477349,824455936440000;5775731,382029658200000;8,669093653000061;52,131639959000040;0
240557;5;9;74;28;2019;5;11;7;3;0;3;0;1;1;0;0;0;0;453297,492973541840000;5723609,108438169600000;8,324783602000025;51,661525975000075;0
240558;5;9;70;4;2019;5;12;7;3;5;5;0;1;1;0;0;0;0;457569,336877596560000;5656139,312382800500000;8,394591556000023;51,055214348000050;0
240559;5;9;66;16;2019;5;15;7;3;5;3;0;1;1;0;0;0;0;435856,141995115210000;5653797,133551349900000;8,085233740000035;51,032140111000047;0
240560;5;9;14;0;2019;5;20;7;3;0;1;0;1;0;0;0;0;0;392761,031986188140000;5690449,070939621000000;7,459888981000063;51,355178219000038;0
240561;5;9;14;0;2019;5;10;7;3;4;7;0;1;0;1;0;0;0;393575,302088060420000;5695213,289211133500000;7,470151523000027;51,398155523000071;0
240564;5;5;70;4;2019;5;11;6;3;5;3;0;1;0;0;0;0;0;423130,304421324280000;5734787,621412623700000;7,886237471000072;51,758700836000060;0
240572;5;5;54;8;2019;5;20;6;3;5;3;0;1;0;0;0;0;1;335866,844472212720000;5745980,401812668900000;6,617446774000030;51,840481978000071;0
240573;5;5;15;0;2019;5;9;6;3;4;1;0;1;0;0;0;0;0;405555,346696821970000;5757716,000999504700000;7,625398125000061;51,962106729000027;0
240574;5;5;15;0;2019;5;8;6;3;5;2;0;1;1;0;0;0;0;407444,343280105850000;5757311,353890907000000;7,652992410000024;51,958787232000077;0
240575;5;5;15;0;2019;5;17;6;3;4;7;0;1;0;0;0;0;0;398683,727916748260000;5753964,318535801000000;7,526524759000040;51,927176610000060;0
240576;5;5;62;16;2019;5;10;6;3;0;1;0;1;0;0;0;0;0;374522,555974205960000;5733770,765984768000000;7,182636443000035;51,740782516000081;0
240577;5;7;74;36;2019;5;20;1;3;0;3;0;1;1;0;0;0;0;477711,011529902000000;5720706,355130333500000;8,677925540000047;51,636925034000058;0
240578;5;3;58;36;2019;5;16;6;3;5;3;0;1;1;0;0;0;0;304702,126165904100000;5649198,522608045500000;6,218864592000045;50,961249160000079;1
240579;5;3;58;28;2019;5;18;6;3;4;3;0;1;1;0;0;0;0;324527,038935916500000;5622986,570319348900000;6,513436807000062;50,732134034000069;0
240582;5;3;34;2;2019;5;15;6;3;5;3;0;1;1;0;0;0;0;296588,477218203250000;5628718,965529773400000;6,114861895000047;50,774510420000070;0
240584;5;3;34;16;2019;5;11;6;3;5;3;0;1;1;0;0;0;0;294020,834999999960000;5636789,114000000100000;6,073965094000073;50,846083035000049;0
240585;5;3;34;2;2019;5;15;6;3;0;6;0;1;1;0;0;0;0;294245,901815989050000;5627889,217975255100000;6,082145145000027;50,766232171000070;0
240587;5;3;82;60;2019;5;11;6;3;8;1;0;1;0;0;0;0;0;376356,634546577000000;5629814,524769146000000;7,245155821000026;50,806855487000064;0