OBJECTID;ULAND;UREGBEZ;UKREIS;UGEMEINDE;UJAHR;UMONAT;USTUNDE;UWOCHENTAG;UKATEGORIE;UART;UTYP1;ULICHTVERH;IstRad;IstPKW;IstFuss;IstKrad;IstGkfz;IstSonstige;LINREFX;LINREFY;XGCSWGS84;YGCSWGS84;STRZUSTAND
240591;5;3;15;0;2019;5;9;6;3;4;3;0;1;1;0;0;0;0;360093,420037487520000;5644730,301367037000000;7,008769501000074;50,937208724000072;0
240592;5;3;15;0;2019;5;21;6;3;5;2;1;1;1;0;0;0;0;359341,314703368580000;5644562,404110359000000;6,998136886000054;50,935516854000070;0
240593;5;3;15;0;2019;5;17;6;3;3;2;0;1;0;0;0;0;0;358684,832972598260000;5641970,922414425800000;6,989804222000032;50,912066522000032;0
240597;5;3;15;0;2019;5;13;6;3;0;3;0;1;1;0;0;0;0;361424,771230488080000;5652429,637086272200000;7,024771979000036;51,006725682000081;0
240598;5;3;15;0;2019;5;21;6;3;5;3;1;1;1;0;0;0;0;356861,457664601500000;5649906,512011751500000;6,960765100000060;50,982933484000057;0
240599;5;7;70;24;2019;5;15;1;3;6;7;0;1;0;1;0;0;0;494000,923450795000000;5792692,395277267300000;8,912055561000045;52,284561790000055;0
240601;5;3;15;0;2019;5;9;6;2;5;3;0;1;1;0;1;0;0;355368,134000000540000;5648327,129999999000000;6,940133260000039;50,968366820000028;0
240603;5;7;62;28;2019;5;14;1;3;4;6;0;1;1;0;0;0;0;507908,701999149290000;5739856,679200667900000;9,114716032000047;51,809498664000046;0
240604;5;3;15;0;2019;5;16;6;3;0;7;0;1;1;0;0;0;0;354147,152950501070000;5646611,941501071700000;6,923443518000056;50,952645168000060;0
240605;5;3;15;0;2019;5;17;6;3;5;2;0;1;0;0;0;0;1;352373,639368699860000;5645468,157285766700000;6,898675122000043;50,941914992000079;0
240608;5;3;14;0;2019;5;8;6;3;4;2;0;1;1;0;0;0;0;370439,988685952500000;5616214,452492166300000;7,166010346000064;50,683321361000026;0
240612;5;7;54;8;2019;5;0;1;3;0;6;2;1;1;0;0;0;0;457520,003576806750000;5750472,838321659700000;8,382539507000047;51,903386740000030;0
240613;5;1;70;8;2019;5;14;6;3;5;3;0;1;0;0;0;0;0;341958,108029904780000;5716032,209269234900000;6,719366768000043;51,573177402000056;0
240615;5;1;58;28;2019;5;12;6;3;0;7;0;1;0;0;0;0;0;349802,432445398530000;5684862,928931668400000;6,845695575000036;51,295252501000050;0
240616;5;1;58;28;2019;5;21;6;2;0;1;1;1;0;0;0;0;0;350278,765446476640000;5684935,422006854800000;6,852492122000058;51,296029353000051;0
240617;5;1;54;16;2019;5;16;6;3;7;4;0;1;0;0;0;0;1;303976,397145900880000;5731996,743007030300000;6,162981116000026;51,704624442000068;0
240618;5;1;54;16;2019;5;17;6;3;5;3;0;1;0;0;0;0;0;303135,999455916700000;5729071,408684220200000;6,152484573000038;51,678059866000069;0
240621;5;1;66;36;2019;5;17;6;3;1;5;0;1;1;0;0;0;0;327451,618659720760000;5679930,463105775400000;6,527794941000025;51,244607170000052;0
240622;5;1;66;16;2019;5;11;6;3;5;3;0;1;1;0;0;0;0;308175,647233565340000;5689081,586439041400000;6,247027776000039;51,320644506000065;0
240624;5;1;62;22;2019;5;10;6;3;2;2;0;1;0;0;0;1;0;334558,567595972680000;5686043,385392099600000;6,626695592000033;51,301633383000080;0
240626;5;1;16;0;2019;5;12;6;2;5;3;0;1;1;0;0;0;0;321206,528138848950000;5675021,076947990800000;6,440860116000067;51,198582230000056;0
240627;5;1;16;0;2019;5;16;6;3;6;6;0;1;0;1;0;0;0;322029,425150725060000;5672736,731605909800000;6,453757840000037;51,178318127000068;0
240630;5;1;14;0;2019;5;7;6;3;5;3;0;1;1;0;0;0;0;334893,995000001970000;5692550,767999999200000;6,628487258000064;51,360194970000066;0
240632;5;9;58;4;2019;5;18;1;3;0;1;0;1;1;0;0;0;0;429842,665319985710000;5702202,325223850100000;7,989998582000055;51,466635430000053;0
240636;5;9;15;0;2019;5;0;1;2;3;6;2;1;1;0;0;0;0;414158,308488183650000;5722238,835363937500000;7,759363121000035;51,644592610000075;0
240637;5;1;17;0;2019;5;14;6;3;5;7;0;1;1;0;0;0;0;350841,703914554790000;5699008,567315138900000;6,854658647000065;51,422633503000043;0
240640;5;1;12;0;2019;5;11;6;3;5;2;0;1;1;0;0;0;0;345674,554653391240000;5699984,016843764100000;6,779973697000060;51,430014773000039;0
240642;5;1;11;0;2019;5;11;6;3;0;7;0;1;0;0;0;0;0;347216,026223754510000;5673840,142131298800000;6,813331213000026;51,195518558000060;0
240644;5;1;11;0;2019;5;17;6;3;5;2;0;1;1;0;0;0;0;352570,826223278420000;5674623,308198068300000;6,889591558000063;51,203962846000081;0
240648;5;1;11;0;2019;5;11;6;3;0;1;0;1;0;0;0;0;0;347201,163678445850000;5677375,657034894500000;6,811612657000069;51,227283352000029;0
240654;5;7;58;12;2019;5;18;6;3;0;2;0;1;1;0;0;0;0;478760,018182942640000;5773297,682654861400000;8,689847367000027;52,109815446000027;0
240657;5;7;54;28;2019;5;18;6;3;0;7;0;1;1;0;0;0;0;451547,730854069810000;5744407,256373750000000;8,296588690000021;51,848366900000030;0
240658;5;7;54;28;2019;5;14;6;3;0;2;0;1;1;0;0;0;0;450804,178322091700000;5744676,406695270900000;8,285756677000052;51,850721658000055;0
240659;5;7;66;20;2019;5;10;6;2;3;6;0;1;0;0;0;1;0;493315,772967646830000;5753602,399397211100000;8,902778866000062;51,933104388000061;0
240660;5;9;78;32;2019;5;7;6;3;7;1;0;1;1;0;0;0;0;394478,520814684220000;5728093,201526014100000;7,473268960000041;51,693864765000058;0
240661;5;9;78;20;2019;5;13;6;3;5;3;0;1;1;0;0;0;0;407068,067267800680000;5717198,360935851900000;7,658256912000070;51,598156332000030;0
240663;5;9;78;12;2019;5;10;6;3;0;7;0;1;0;0;0;0;0;415669,521999999880000;5703044,289000002700000;7,785802888000035;51,472269821000054;0
240664;5;9;74;40;2019;5;12;6;3;0;1;0;1;0;0;0;0;0;437896,416442664340000;5711782,329008387400000;8,104238468000062;51,553706784000042;0
240665;5;9;13;0;2019;5;16;1;3;0;4;0;1;0;1;0;0;0;398025,406311172060000;5705142,081945354100000;7,531237732000022;51,488221524000039;0
240666;5;9;66;20;2019;5;13;6;3;5;3;0;1;1;0;0;0;0;435376,030000002120000;5661874,798999998700000;8,076944133000040;51,104714452000053;0
240669;5;9;15;0;2019;5;7;6;3;2;6;0;1;1;0;0;0;0;415114,765268145130000;5724869,313535586000000;7,772544269000036;51,668384292000042;0
240671;5;9;54;36;2019;5;8;1;3;5;3;0;1;1;0;0;0;0;385080,678386767390000;5700722,897582897900000;7,346307691000050;51,446019248000027;0
240674;5;9;54;36;2019;5;19;6;2;5;7;0;1;1;0;0;0;0;389421,371000000280000;5701047,110999999600000;7,408642653000072;51,449797608000040;0
240676;5;9;11;0;2019;5;8;6;3;5;3;0;1;1;0;0;0;0;378473,096649387850000;5705301,450219037000000;7,249696655000037;51,485790027000064;0
240677;5;5;70;4;2019;5;14;5;3;4;6;0;1;0;0;1;0;0;422448,606705192480000;5735875,693665603200000;7,876119540000047;51,768388171000026;0
240678;5;5;70;24;2019;5;17;5;2;7;7;0;1;0;0;0;0;0;419592,685300476850000;5752806,696563147000000;7,830803583000034;51,920183638000026;0
240679;5;5;58;4;2019;5;20;5;2;0;1;0;1;0;0;0;0;0;403094,406187449580000;5742577,446153078200000;7,593846153000072;51,825611795000043;0
240680;5;5;54;8;2019;5;17;5;3;5;3;0;1;1;0;0;0;0;337122,668000000530000;5745619,114000003800000;6,635829555000044;51,837604009000074;0
240681;5;5;54;8;2019;5;14;5;2;5;3;0;1;1;0;0;0;0;339790,153942048550000;5750096,897711372000000;6,672437580000064;51,878602869000076;0
240682;5;5;15;0;2019;5;12;5;3;0;5;0;1;1;0;0;0;0;406493,049944003110000;5757128,053232831900000;7,639201865000075;51,956980473000044;0
240683;5;5;62;28;2019;5;16;5;2;5;3;0;1;1;0;0;0;0;379407,136026583610000;5721891,399400113200000;7,257451729000024;51,635091910000028;0
240686;5;5;62;32;2019;5;13;5;3;5;3;0;1;1;0;0;0;0;374389,818588576280000;5719531,698770027600000;7,185836844000050;51,612787259000072;0
240687;5;5;62;32;2019;5;8;5;3;0;7;0;1;0;0;0;0;1;380674,327058076860000;5718477,627003183600000;7,276916172000028;51,604680967000036;0
240691;5;5;70;36;2019;5;16;7;3;5;3;0;1;1;0;0;0;0;433938,978716484270000;5765976,503876034200000;8,036840734000066;52,040463549000037;0
240692;5;3;34;2;2019;5;7;5;3;5;3;0;1;1;0;0;0;0;299697,019487389360000;5630925,852584911500000;6,157691846000034;50,795413856000039;0
240693;5;3;34;2;2019;5;8;5;3;5;3;0;1;1;0;0;0;0;298023,294010653160000;5629928,591607073300000;6,134521292000045;50,785876128000041;0
240700;5;5;66;8;2019;5;23;7;3;5;2;2;1;1;0;0;0;0;399225,848000000230000;5780803,727000000000000;7,526491692000036;52,168505607000043;0
240702;5;3;16;0;2019;5;7;5;3;5;3;0;1;1;0;0;0;0;360809,301542394790000;5658796,781099064300000;7,013558875000058;51,063798884000050;0
240704;5;5;66;64;2019;5;21;7;2;0;7;2;1;0;0;0;0;0;394054,905086589980000;5770778,584953736500000;7,454033377000030;52,077436339000030;0
240705;5;3;15;0;2019;5;11;5;3;2;2;0;1;1;0;0;0;0;354375,112952134570000;5643285,902166400100000;6,928016099000047;50,922812668000063;0
240706;5;3;15;0;2019;5;9;5;3;3;5;0;1;1;0;0;0;1;354365,277140414340000;5642465,273659929600000;6,928203903000053;50,915435411000033;0
240707;5;3;15;0;2019;5;20;5;3;1;5;0;1;1;0;0;0;0;356129,582928339950000;5643091,235356647500000;6,953038757000059;50,921503381000036;0
240711;5;3;14;0;2019;5;16;5;3;2;2;0;1;1;0;0;0;0;368814,902212200690000;5618694,465878330200000;7,142138576000036;50,705248210000036;0
240712;5;1;70;8;2019;5;18;5;3;5;3;0;1;1;0;0;0;0;343651,134450201880000;5716517,193128103400000;6,743561727000042;51,578006842000036;0
240713;5;5;58;36;2019;5;13;7;3;5;3;0;1;1;0;0;0;0;387411,277326249520000;5729260,846719304100000;7,370683189000033;51,702986316000079;0
240714;5;1;70;8;2019;5;15;5;3;5;3;0;1;1;0;0;0;0;344326,186116382480000;5716283,297824677100000;6,753399706000039;51,576092193000079;0
240715;5;1;58;16;2019;5;18;5;3;0;3;0;1;1;0;0;0;0;354568,356651993470000;5672461,811609387400000;6,919040794000068;51,185051119000036;0
240718;5;1;54;12;2019;5;13;5;3;5;3;0;1;1;0;0;0;0;314552,852648642850000;5711386,438174720900000;6,326771364000024;51,523103252000055;0
240719;5;1;62;8;2019;5;18;5;3;2;6;0;1;0;0;0;0;0;332102,198463764040000;5662157,109377291100000;6,602659854000024;51,086313123000082;0
240720;5;1;14;0;2019;5;17;5;3;0;6;0;1;1;0;0;0;0;335677,033687860700000;5692022,773509495000000;6,639968129000067;51,355678335000050;0
240723;5;1;11;0;2019;5;8;1;3;5;3;0;1;1;0;0;0;0;348278,586291485470000;5672364,942801676700000;6,829150153000057;51,182545907000076;0
240724;5;1;14;0;2019;5;15;5;3;5;2;0;1;1;0;0;0;0;329305,789978526530000;5688093,429133627600000;6,550434751000068;51,318499883000072;0
240725;5;1;24;0;2019;5;19;5;3;0;7;0;1;0;0;0;0;0;364791,828000000680000;5677287,872000005100000;7,063415175000046;51,230932867000035;0
240727;5;5;54;12;2019;5;16;7;3;5;3;0;1;1;0;0;0;0;351760,762954118660000;5745595,303814608600000;6,848142520000067;51,841467405000060;0
240728;5;1;13;0;2019;5;12;5;2;0;1;0;1;0;0;0;0;0;363842,809172824030000;5699326,436651237300000;7,041408163000028;51,428762405000043;0
240730;5;1;12;0;2019;5;12;5;3;2;7;0;1;1;0;0;0;0;337816,007000001150000;5699070,866000000400000;6,667441901000075;51,419616164000047;0
240731;5;1;12;0;2019;5;14;5;2;0;6;0;1;0;0;0;0;0;341982,371494864110000;5712974,763037160000000;6,721090675000028;51,545714537000038;0
240732;5;1;11;0;2019;5;10;5;3;5;3;0;1;1;0;0;0;0;344305,792182290930000;5673101,605121361100000;6,772033114000067;51,188096990000076;0
240734;5;1;11;0;2019;5;7;5;3;5;3;0;1;1;0;0;0;0;348567,199129401710000;5675246,277075476900000;6,832061219000025;51,208513404000030;0
240735;5;1;11;0;2019;5;18;5;2;4;6;0;1;1;0;0;0;0;346481,382807650600000;5676890,097883511300000;6,801520032000042;51,222727208000038;0
240737;5;1;11;0;2019;5;14;5;3;5;3;0;1;1;0;0;0;0;343600,273571835830000;5680366,753604777200000;6,758776193000074;51,253183793000062;0
240740;5;5;54;8;2019;5;15;7;3;5;2;0;1;0;0;0;0;1;337169,196692369880000;5745572,390346150800000;6,636526289000074;51,837197831000026;0
240741;5;7;58;16;2019;5;15;5;2;0;1;0;1;1;0;0;0;0;476729,951000000350000;5778780,768000001100000;8,659828983000068;52,159029942000075;0
240743;5;7;54;8;2019;5;7;5;3;5;3;0;1;1;0;0;0;0;459045,498598742300000;5750143,940539732600000;8,404750838000041;51,900543977000041;0
240746;5;7;66;44;2019;5;13;5;2;0;7;0;1;0;0;0;0;0;492584,652212717570000;5761833,325935274400000;8,891967032000025;52,007099292000078;0
240748;5;7;66;40;2019;5;16;5;2;5;3;0;1;1;0;0;0;0;485694,203908458350000;5760224,180360619000000;8,791648960000032;51,992496797000058;0
240750;5;9;54;32;2019;5;9;5;3;0;1;0;1;0;0;0;0;0;386705,709815237670000;5693197,233898127500000;7,372086400000057;51,378704325000058;0
240753;5;9;14;0;2019;5;11;5;3;4;3;0;1;1;0;0;0;0;392389,153745716440000;5693074,732683971500000;7,453755519000026;51,378709077000053;0
240754;5;9;13;0;2019;5;17;5;3;1;3;0;1;0;0;0;0;0;392187,654930855150000;5707019,094598343600000;7,446614148000037;51,504010012000037;0
240755;5;9;11;0;2019;5;13;5;2;4;6;0;1;0;0;0;0;0;376187,984389715830000;5698020,208863209900000;7,219350500000076;51,419854576000034;0
240758;5;5;66;28;2019;5;17;4;3;5;3;0;1;1;0;0;0;0;412148,587470088150000;5794525,736489182300000;7,711825577000070;52,294052127000043;0
240760;5;5;58;44;2019;5;17;4;3;6;4;0;1;0;1;0;0;0;395807,934933705260000;5746131,998855849700000;7,487083047000056;51,856249022000043;0
240761;5;5;58;44;2019;5;13;4;3;0;1;0;1;0;0;0;0;0;396112,221749618650000;5746575,132696948900000;7,491366545000062;51,860288661000027;0
240762;5;5;15;0;2019;5;14;4;3;4;6;0;1;1;0;0;0;0;404025,196690955200000;5758857,471552556400000;7,602815474000067;51,972104610000031;0
240765;5;1;20;0;2019;5;13;1;3;3;2;0;1;1;0;0;0;0;373456,985909177920000;5671696,542618494500000;7,189429393000069;51,182667074000051;0
240766;5;5;12;0;2019;5;13;4;3;5;3;0;1;1;0;0;0;0;355608,923776295040000;5712115,438700897600000;6,917817351000053;51,541644047000034;0
240769;5;5;62;32;2019;5;13;4;3;1;5;0;1;1;0;0;0;0;374102,428256680260000;5715310,365905199200000;7,183202991000030;51,574785712000050;0
240772;5;5;62;24;2019;5;17;7;3;5;3;0;1;1;0;0;0;0;370749,513638485220000;5727555,774570498600000;7,130325272000050;51,684073367000053;0
240776;5;1;70;48;2019;5;15;1;3;5;3;0;1;1;0;0;0;0;334767,719000000510000;5727583,782000001500000;6,610251643000026;51,674892290000059;0
240777;5;3;15;0;2019;5;11;1;3;5;3;0;1;1;0;0;0;0;354954,935721300540000;5641553,193542348200000;6,936949080000034;50,907387226000026;0
240778;5;5;15;0;2019;5;8;4;3;5;3;0;1;0;0;0;0;0;406806,541010748590000;5758499,785699641300000;7,643390455000031;51,969362909000040;0
240779;5;5;15;0;2019;5;8;4;2;5;2;0;1;1;0;0;0;0;405400,642936989670000;5758858,627942515500000;7,622832366000068;51,972350826000081;0
240787;5;5;13;0;2019;5;14;4;3;5;3;0;1;1;0;0;0;0;363296,190000000410000;5714882,003000000500000;7,027523032000033;51,568419553000069;0
240790;5;3;58;48;2019;5;13;4;3;5;7;0;1;1;0;0;0;0;321002,976687102580000;5637024,409016607300000;6,456710905000023;50,857174493000059;1
240793;5;3;34;2;2019;5;21;4;3;0;1;2;1;0;0;0;0;0;293367,062849313020000;5629499,008304420900000;6,068795209000029;50,780377540000075;0
240794;5;3;34;2;2019;5;17;4;3;5;2;0;1;1;0;0;0;1;294753,484494820240000;5628496,826528450500000;6,088994453000055;50,771869008000067;0
240795;5;3;34;2;2019;5;17;4;3;0;3;0;1;1;0;0;0;0;293184,685246959330000;5631477,318319536700000;6,065098460000058;50,798079784000038;0
240796;5;3;82;16;2019;5;17;4;3;0;1;0;1;0;0;0;0;0;390498,719651999880000;5625344,108787145500000;7,447119793000070;50,769514521000076;0
240800;5;3;62;28;2019;5;7;4;3;1;5;0;1;1;0;0;0;0;352818,343474213030000;5639913,591168295600000;6,907241603000045;50,892111918000069;0
240804;5;3;15;0;2019;5;23;4;2;0;7;2;1;0;0;0;0;0;357481,116169032640000;5644830,141770353500000;6,971575331000054;50,937466300000040;0
240805;5;3;15;0;2019;5;21;4;3;0;1;1;1;0;0;0;0;0;357638,283480273560000;5649494,532033316800000;6,971986142000048;50,979423675000078;0
240808;5;3;15;0;2019;5;15;4;3;5;2;0;1;1;0;0;0;0;351738,563519459220000;5655281,105543032300000;6,885638064000034;51,029935166000030;0
240809;5;3;15;0;2019;5;17;4;3;5;3;0;1;1;0;0;0;0;348423,289283442310000;5648024,922527933500000;6,841423115000055;50,963865620000036;0
240811;5;3;15;0;2019;5;14;4;3;5;3;0;1;1;0;0;0;0;355544,832999999630000;5643883,713000001400000;6,944410801000061;50,928479138000057;0
240812;5;3;15;0;2019;5;11;4;3;4;6;0;1;0;0;0;0;0;356375,145999999720000;5646565,706000002100000;6,955160681000052;50,952789171000063;0
240813;5;3;15;0;2019;5;15;4;3;0;4;0;1;0;1;0;0;0;355746,451076773000000;5644915,136966506000000;6,946869606000064;50,937798820000069;0
240819;5;1;70;24;2019;5;8;4;2;5;2;0;1;1;0;0;0;0;335550,245953070930000;5702798,316230112700000;6,633154017000038;51,452451427000028;0
240820;5;1;70;24;2019;5;15;4;3;4;2;0;1;1;0;0;0;0;334442,121000001210000;5706188,465000001700000;6,615632278000021;51,482585586000027;0
240822;5;1;70;24;2019;5;12;4;3;6;6;0;1;0;1;0;0;0;336015,136196403760000;5702410,795620141600000;6,640018451000060;51,449104700000078;0
240823;5;1;70;44;2019;5;17;4;2;5;3;0;1;1;0;0;0;0;339426,122905472290000;5718858,214878026400000;6,681568199000026;51,597851477000063;0
240824;5;1;58;26;2019;5;15;4;3;5;2;0;1;0;0;1;0;0;352722,614039465790000;5665397,996727772100000;6,895539909000036;51,121101813000053;0
240826;5;1;58;16;2019;5;11;4;3;1;5;0;1;1;0;0;0;0;356247,327589573340000;5669676,824182294300000;6,944161883000049;51,160448707000057;0
240828;5;1;58;28;2019;5;2;4;3;0;5;2;1;1;0;0;0;0;351838,229089266620000;5685360,431667646400000;6,874667069000054;51,300256360000049;0
240829;5;1;58;32;2019;5;16;4;3;5;3;0;1;1;0;0;0;0;369147,059009211140000;5690803,635734174400000;7,120805026000028;51,353417265000076;0
240832;5;1;66;16;2019;5;13;4;3;5;2;0;1;1;0;0;0;0;305211,870364790780000;5689719,191843928800000;6,204198581000071;51,325364078000064;0
240833;5;1;62;4;2019;5;15;4;3;3;2;0;1;1;0;0;0;0;347085,235000000340000;5663015,610000001300000;6,816058112000064;51,098217349000038;0
240838;5;1;62;16;2019;5;13;4;3;5;2;0;1;1;0;0;0;0;334188,067974156700000;5677134,316754527400000;6,625515450000023;51,221483369000055;0
240840;5;1;14;0;2019;5;16;4;3;1;7;0;1;1;0;0;0;0;330794,373000000600000;5690688,121000001200000;6,570543858000065;51,342254991000061;0
240843;5;1;14;0;2019;5;13;4;3;0;5;0;1;1;0;0;0;0;330480,313559585250000;5689172,747768685200000;6,566760170000066;51,328547519000040;0
240848;5;1;17;0;2019;5;17;4;3;5;7;0;1;1;0;0;0;0;350660,860365917910000;5702188,358591198900000;6,850718453000070;51,451157891000037;0
240850;5;1;13;0;2019;5;19;4;3;5;3;0;1;0;0;0;0;1;361931,386516117490000;5701956,710710223800000;7,012904565000042;51,451936650000050;0
240852;5;1;12;0;2019;5;17;4;3;3;2;0;1;0;0;0;0;1;344510,264999998730000;5700187,080000001900000;6,763149507000037;51,431521025000052;0
240861;5;1;11;0;2019;5;15;4;3;6;7;0;1;0;1;0;0;0;345526,143594858240000;5676866,395238217000000;6,787861540000051;51,222256549000065;0
240862;5;7;74;32;2019;5;16;4;3;5;2;0;1;1;0;0;0;0;481929,034962977280000;5729149,806009341000000;8,738437996000073;51,712994525000056;0
240863;5;7;70;28;2019;5;20;4;3;0;1;0;1;1;0;0;0;0;499163,341485262850000;5798414,744332620900000;8,987720634000027;52,336040577000063;0
240865;5;7;54;12;2019;5;11;4;3;5;3;0;1;1;0;0;0;0;455618,779652802270000;5766915,999370548900000;8,352779669000029;52,051069470000073;0
240867;5;9;78;16;2019;5;14;4;3;5;2;0;1;1;0;0;0;0;405238,440479052250000;5707468,311308149200000;7,634470846000056;51,510387251000054;0
240874;5;9;13;0;2019;5;11;4;2;5;2;0;1;1;0;0;0;0;398194,587506581100000;5709717,864445732900000;7,532352441000057;51,529382639000062;0
240878;5;9;54;36;2019;5;17;4;3;5;3;0;1;1;0;0;0;0;385383,053579366770000;5700154,045260356700000;7,350841156000058;51,440967634000060;0
240880;5;5;66;60;2019;5;15;3;3;1;7;0;1;1;0;0;0;0;388813,553999998610000;5789120,793000001500000;7,371576937000043;52,241251797000075;0
240881;5;5;66;12;2019;5;12;3;3;0;7;0;1;1;0;0;0;0;405425,053806846960000;5771599,646228836800000;7,619665377000047;52,086875180000050;0
240882;5;5;54;8;2019;5;12;3;3;5;2;0;1;1;0;0;0;0;335872,083000000570000;5746106,390000002500000;6,617462969000030;51,841615322000052;0
240883;5;5;54;8;2019;5;7;3;3;5;3;0;1;1;0;0;0;0;336420,768493155950000;5746497,394292352700000;6,625235558000043;51,845288888000027;1
240884;5;5;15;0;2019;5;17;3;3;5;3;0;1;1;0;0;0;0;406480,043934116140000;5757356,510079871900000;7,638950455000042;51,959031767000056;0
240885;5;5;15;0;2019;5;12;3;3;6;4;0;1;0;1;0;0;0;403976,006043996660000;5756990,709479790200000;7,602621560000046;51,955317026000046;0
240886;5;5;62;16;2019;5;13;3;3;0;3;0;1;1;0;0;0;0;374856,514796632340000;5733446,758846966500000;7,187587288000032;51,737945386000035;1
240888;5;3;58;40;2019;5;9;3;3;5;3;0;1;1;0;0;0;0;325877,495709595270000;5633290,535040937400000;6,527675319000025;50,825116147000074;0
240890;5;3;34;4;2019;5;12;3;2;0;1;0;1;0;0;0;0;0;299999,012841137130000;5639210,337843146200000;6,157451982000055;50,869926895000049;1
240894;5;3;62;24;2019;5;7;3;3;0;7;0;1;0;0;0;0;0;344981,829089233650000;5641483,453745404300000;6,795234693000054;50,904168758000026;0
240896;5;3;15;0;2019;5;7;3;3;5;3;0;1;1;0;0;0;0;359265,296539219100000;5647003,421666523400000;6,996112382000035;50,957435929000042;0
240897;5;3;15;0;2019;5;6;3;3;5;7;0;1;0;0;0;0;0;359212,060727443550000;5649704,533098857800000;6,994309268000052;50,981697909000047;0
240899;5;3;15;0;2019;5;15;3;3;5;3;0;1;1;0;0;0;0;355807,666758581060000;5648742,747192958400000;6,946224056000062;50,972212065000065;0
240900;5;3;15;0;2019;5;16;3;3;0;1;0;1;0;0;0;0;0;356493,302295064550000;5638424,303956082100000;6,960044383000025;50,879652508000049;0
240903;5;3;14;0;2019;5;15;3;3;4;2;0;1;1;0;0;0;0;369339,399695069530000;5618222,410216976000000;7,149729480000076;50,701123356000039;0
240904;5;3;14;0;2019;5;8;3;3;3;2;0;1;1;0;0;0;0;368841,944420364690000;5617806,758438706400000;7,142836615000022;50,697275390000073;0
240906;5;1;58;16;2019;5;15;3;3;0;7;0;1;0;0;0;0;0;356420,740455140360000;5668973,478731922800000;6,946920848000048;51,154171655000027;0
240908;5;1;66;12;2019;5;9;3;2;5;3;0;1;1;0;0;0;0;320218,666000001130000;5694535,720000000700000;6,416913998000041;51,373571275000074;0
240912;5;1;62;8;2019;5;14;3;3;3;2;0;1;1;0;0;0;0;333555,422043989410000;5666939,087329596300000;6,621184895000056;51,129700686000035;0
240913;5;1;62;24;2019;5;7;3;3;5;3;0;1;1;0;0;0;0;340005,366370444190000;5673896,861258491900000;6,710192184000050;51,194054828000048;0
240914;5;1;16;0;2019;5;14;3;3;6;4;0;1;0;1;0;0;0;320762,095905669030000;5674524,741272855600000;6,434753385000022;51,193984322000063;0
240915;5;1;16;0;2019;5;13;3;3;1;7;0;1;1;0;0;0;0;321567,917814799580000;5675732,353329233800000;6,445673721000048;51,205084766000027;1
240919;5;1;17;0;2019;5;13;3;3;5;3;0;1;1;0;0;0;0;353736,503960629930000;5699254,573953019500000;6,896162503000028;51,425598443000069;1
240923;5;1;12;0;2019;5;12;3;3;0;7;0;1;0;0;0;0;0;341378,951546262950000;5697701,852332409500000;6,719253108000032;51,408324088000029;1
240924;5;1;11;0;2019;5;19;3;3;1;1;0;1;1;0;0;0;0;345207,483889341350000;5678301,072216929900000;6,782682137000052;51,235061394000070;0
240927;5;7;74;20;2019;5;9;3;3;5;3;0;1;1;0;0;0;0;470396,095532902520000;5735205,343351695700000;8,570997162000026;51,766950373000043;0
240928;5;7;74;32;2019;5;13;3;3;5;3;0;1;1;0;0;0;0;483637,293612402860000;5732440,661711152600000;8,763008686000035;51,742636032000064;0
240930;5;7;54;36;2019;5;17;3;3;5;3;0;1;0;0;1;0;0;472368,165183056150000;5752023,913649266600000;8,598230644000068;51,918266611000035;1
240931;5;7;54;8;2019;5;12;3;3;0;7;0;1;1;0;0;0;0;455437,718586504460000;5750706,745108854000000;8,352244612000050;51,905327017000047;0
240935;5;9;74;52;2019;5;17;3;3;0;1;0;1;0;0;0;0;0;423504,225696020760000;5711735,916234951500000;7,896697894000056;51,551521529000070;1
240937;5;9;58;4;2019;5;9;3;3;0;3;0;1;1;0;0;0;0;427958,275504157880000;5700751,369673281900000;7,963170818000037;51,453354111000067;1
240943;5;5;70;4;2019;5;16;2;3;0;5;0;1;1;0;0;0;0;423826,365008081310000;5735268,400791309800000;7,896215248000033;51,763117990000069;0
240944;5;5;66;48;2019;5;5;2;3;0;7;1;1;1;0;0;0;0;426384,246620589870000;5792695,109367650000000;7,920920385000045;52,279688794000037;1
240945;5;5;66;76;2019;5;10;2;3;1;5;0;1;1;0;0;0;0;396793,379897495730000;5787435,180145250600000;7,488917344000072;52,227656463000073;0
240946;5;5;54;8;2019;5;14;2;3;0;3;0;1;1;0;0;0;0;336265,095066991630000;5744898,068520700600000;6,623734529000046;51,830875773000059;0
240947;5;5;54;20;2019;5;22;2;3;5;3;1;1;1;0;0;0;0;366438,812379782090000;5786239,290112605300000;7,045206516000064;52,210386759000073;0
240948;5;5;15;0;2019;5;10;2;3;5;3;0;1;1;0;0;0;0;400089,200080238280000;5761041,965859286500000;7,544899309000073;51,991045406000069;0
240950;5;5;13;0;2019;5;14;2;3;1;5;0;1;1;0;0;0;0;364917,079368442300000;5716225,533038388900000;7,050379270000065;51,580883692000043;0
240952;5;3;34;2;2019;5;18;2;2;0;3;0;1;1;0;0;0;0;295638,511251081710000;5629164,227896321600000;6,101158771000030;50,778175588000067;0