OBJECTID;ULAND;UREGBEZ;UKREIS;UGEMEINDE;UJAHR;UMONAT;USTUNDE;UWOCHENTAG;UKATEGORIE;UART;UTYP1;ULICHTVERH;IstRad;IstPKW;IstFuss;IstKrad;IstGkfz;IstSonstige;LINREFX;LINREFY;XGCSWGS84;YGCSWGS84;STRZUSTAND
240954;5;3;34;2;2019;5;16;2;3;5;2;0;1;1;0;0;0;0;297592,037312219850000;5628455,298588462200000;6,129222104000064;50,772493312000051;0
240958;5;3;16;0;2019;5;8;2;3;1;5;0;1;1;0;0;0;0;361869,770410868340000;5656263,071822153400000;7,029650454000034;51,041284342000040;1
240960;5;3;15;0;2019;5;18;2;3;1;5;0;1;1;0;0;0;0;359764,841066159310000;5648867,196267303100000;7,002502164000021;50,974307614000054;0
240966;5;3;15;0;2019;5;7;2;2;5;3;0;1;1;0;0;0;0;355097,943237290720000;5641287,150009442100000;6,939087354000037;50,905032254000048;1
240967;5;3;15;0;2019;5;20;2;2;0;6;0;1;0;0;0;0;1;356659,201905565340000;5642589,752067476500000;6,960766041000056;50,917128405000028;0
240968;5;3;14;0;2019;5;12;2;3;1;5;0;1;1;0;0;0;0;369848,850034055300000;5616368,233599577100000;7,157592928000042;50,684571672000061;1
240969;5;1;58;16;2019;5;17;2;2;6;7;0;1;0;1;0;0;0;353862,669992056680000;5670224,331259228300000;6,909860066000022;51,164764614000035;0
240970;5;1;58;12;2019;5;9;2;3;0;1;0;1;0;0;0;0;0;359520,218461919580000;5687813,176292298400000;6,983821368000065;51,324245348000034;1
240972;5;1;54;36;2019;5;15;2;1;5;3;0;1;0;0;0;1;0;302616,027973094020000;5742943,298113886300000;6,137105253000073;51,802449136000064;0
240976;5;1;62;24;2019;5;11;2;2;5;3;0;1;1;0;0;0;0;337543,949000001880000;5673007,800999999000000;6,675397908000036;51,185372379000057;0
240979;5;1;14;0;2019;5;7;2;3;0;2;0;1;1;0;0;0;0;336792,710600558670000;5690338,533298865000000;6,656749534000028;51,340867953000043;1
240983;5;1;11;0;2019;5;8;2;3;5;2;0;1;1;0;0;0;0;348536,242740382440000;5674900,510605145200000;6,831764343000032;51,205398230000071;0
240984;5;1;11;0;2019;5;5;2;3;4;2;1;1;1;0;0;0;0;343356,161777722650000;5681939,000783024400000;6,754592431000049;51,267243728000039;1
240986;5;7;74;32;2019;5;21;2;3;0;7;1;1;0;0;0;0;0;481938,129330950790000;5730316,309863321500000;8,738509140000076;51,723483202000068;0
240988;5;5;66;84;2019;5;6;4;2;0;3;0;1;1;0;0;0;0;386465,166000000200000;5778959,020000003300000;7,340603264000038;52,149449834000052;0
240989;5;7;54;8;2019;5;15;2;3;5;2;0;1;0;0;0;0;0;456794,402999999930000;5749227,859000004800000;8,372149386000046;51,892137859000059;0
240990;5;7;54;8;2019;5;14;2;3;3;6;0;1;0;0;0;0;0;456582,773682409900000;5748668,304597746600000;8,369144696000035;51,887090693000061;0
240994;5;9;74;40;2019;5;17;2;3;3;2;0;1;1;0;0;0;0;438882,461486953310000;5713014,455220647200000;8,118244820000029;51,564891997000075;0
240995;5;5;15;0;2019;5;19;4;3;6;7;0;1;0;1;0;0;0;407743,086007102390000;5749819,510100381400000;7,659346984000024;51,891495646000067;0
240997;5;5;15;0;2019;5;13;4;3;2;2;0;1;1;0;0;0;0;402077,489589863460000;5758101,431265683800000;7,574686118000045;51,964969395000026;0
241001;5;9;11;0;2019;5;6;2;3;5;3;0;1;1;0;0;0;0;373244,623034897260000;5706793,768441226300000;7,173897385000032;51,498054034000063;1
241004;5;5;66;8;2019;5;15;1;3;4;6;0;1;0;0;0;0;0;398518,334284007550000;5780078,216355312600000;7,516367169000034;52,161855298000035;0
241005;5;5;54;20;2019;5;20;1;3;5;2;0;1;0;0;0;0;1;365388,212060853840000;5786441,479398883900000;7,029759407000029;52,211947871000064;0
241006;5;5;54;8;2019;5;4;1;3;0;1;2;1;0;0;0;0;0;335028,458823280410000;5743849,563995176900000;6,606303805000039;51,821092861000068;0
241009;5;3;34;2;2019;5;17;1;3;3;6;0;1;1;0;0;0;0;299377,975142852400000;5624756,885299662100000;6,156533945000035;50,739895320000073;0
241010;5;3;34;2;2019;5;9;1;2;5;3;0;1;0;0;1;0;0;294127,581467819400000;5627729,612013578400000;6,080558820000022;50,764756755000064;0
241011;5;3;78;24;2019;5;13;1;3;0;7;0;1;0;0;0;0;0;381330,386812496930000;5643983,439276486600000;7,311116430000027;50,935257236000041;0
241012;5;3;74;48;2019;5;14;1;2;0;1;0;1;0;0;0;0;0;391567,622862365100000;5644374,377772275400000;7,456635311000071;50,940787361000048;0
241013;5;3;66;40;2019;5;16;1;3;5;1;0;1;1;0;0;0;0;348160,924000001510000;5623481,791000001100000;6,847868273000074;50,743243433000032;0
241014;5;3;62;40;2019;5;16;1;2;0;1;0;1;0;0;0;0;0;357049,097673100420000;5632447,002910688500000;6,970273496000061;50,826071829000057;0
241015;5;3;62;12;2019;5;12;1;3;0;1;0;1;0;0;0;0;0;352403,264947231860000;5633470,676539637100000;6,903942666000035;50,834105578000049;0
241016;5;3;15;0;2019;5;17;1;3;0;3;0;1;1;0;0;0;0;360076,264229363760000;5645263,665533687900000;7,008320641000069;50,941997989000072;0
241017;5;3;15;0;2019;5;2;1;2;0;1;2;1;0;0;0;0;0;362824,661872141060000;5651964,158376943300000;7,044889209000075;51,002877837000028;0
241019;5;3;14;0;2019;5;15;1;3;2;6;0;1;0;0;0;0;0;370789,872280957180000;5617219,770397361400000;7,170608955000034;50,692435359000058;0
241020;5;1;58;20;2019;5;15;1;3;1;5;0;1;1;0;0;0;0;355972,477277854460000;5663804,558201137900000;6,942581315000041;51,107608561000063;0
241021;5;3;14;0;2019;5;19;1;3;5;3;0;1;1;0;0;0;0;366600,957999999630000;5620048,781999999700000;7,110312940000028;50,716917130000070;0
241022;5;3;15;0;2019;5;12;1;3;9;1;0;1;0;0;0;0;0;359489,320007250640000;5639760,220394607600000;7,002091321000023;50,892394960000047;0
241023;5;3;15;0;2019;5;18;1;3;1;5;0;1;1;0;0;0;0;352976,203460579740000;5647363,772699816200000;6,906480483000053;50,959104038000078;0
241024;5;5;54;56;2019;5;16;4;3;5;3;0;1;0;0;1;0;0;355606,094083295200000;5762042,772065877900000;6,897025115000076;51,990256215000045;0
241025;5;3;15;0;2019;5;17;1;3;0;7;0;1;0;0;0;0;0;352542,504425578750000;5643712,529785221400000;6,901787380000030;50,926181143000065;0
241029;5;9;74;52;2019;6;12;2;3;3;6;0;1;1;0;0;0;0;424509,720993473190000;5712318,845361260700000;7,911072224000066;51,556897516000049;0
241031;5;9;58;32;2019;6;16;2;3;0;7;0;1;0;0;0;0;0;450229,133894412780000;5688552,518154105200000;8,285372899000038;51,346068176000074;0
241033;5;9;58;4;2019;6;7;2;3;5;2;0;1;1;0;0;0;0;428888,966675217260000;5698720,008449520900000;7,976971258000049;51,435209074000056;0
241034;5;9;62;40;2019;6;17;2;3;0;7;0;1;0;0;0;1;0;413648,463653738610000;5700110,091183943700000;7,757427353000026;51,445587476000071;0
241044;5;5;66;48;2019;6;18;1;3;1;1;0;1;0;0;0;0;1;425943,560722787860000;5792067,781932098800000;7,914599722000048;52,273990602000026;0
241046;5;7;62;36;2019;5;15;5;2;0;7;0;1;0;0;0;0;0;499597,549966719930000;5711352,297332173200000;8,994195304000073;51,553258791000076;1
241047;5;5;54;20;2019;6;1;1;2;0;1;2;1;0;0;0;0;0;363892,992999999780000;5786502,339000001500000;7,007864472000051;52,212127432000045;0
241049;5;5;15;0;2019;6;14;1;3;5;3;0;1;1;0;0;0;1;406275,604825861750000;5751955,222976639900000;7,637447652000049;51,910447814000065;0
241050;5;5;15;0;2019;6;0;1;2;0;1;2;1;0;0;0;0;0;406202,189765757880000;5756168,145697187600000;7,635232308000070;51,948303379000038;0
241051;5;5;15;0;2019;6;19;1;3;1;5;0;1;1;0;0;0;0;406865,435852525760000;5757306,748515341400000;7,644571076000034;51,958649171000047;0
241054;5;5;13;0;2019;6;18;1;2;0;7;0;1;0;0;0;0;0;364608,877393881790000;5709288,788342854000000;7,048603579000030;51,518473210000082;0
241056;5;3;34;2;2019;6;18;1;2;1;5;0;1;1;0;0;0;0;292089,443214391360000;5629577,648194478800000;6,050652539000055;50,780627217000074;0
241058;5;3;78;4;2019;6;18;1;3;0;7;0;1;0;0;0;0;0;366281,092665716070000;5653072,446239579500000;7,093714543000033;51,013652338000043;0
241063;5;3;15;0;2019;6;22;1;3;0;7;2;1;0;0;0;0;0;355387,565812773070000;5644496,851216396300000;6,941931183000065;50,933949885000061;0
241066;5;1;58;28;2019;6;13;1;3;1;5;0;1;1;0;0;0;0;350332,312996002850000;5684768,572071986300000;6,853329549000023;51,294544164000058;0
241068;5;1;58;32;2019;6;18;1;2;5;3;0;1;1;0;0;0;0;364776,497414493000000;5689617,817654706500000;7,058527483000034;51,341737258000080;0
241069;5;1;54;64;2019;6;12;1;3;0;7;0;1;0;0;0;0;0;305492,633697315120000;5724323,195104079300000;6,189168629000051;51,636238763000051;0
241071;5;1;54;52;2019;6;15;1;3;0;1;0;1;0;0;0;0;0;308104,684674647640000;5696570,663979612300000;6,241971729000056;51,387884037000049;0
241073;5;1;16;0;2019;6;6;1;3;1;5;0;1;1;0;0;0;0;320341,643435178320000;5674526,414113735800000;6,428741536000075;51,193867329000057;0
241074;5;1;14;0;2019;6;18;1;3;0;7;0;1;0;0;0;0;0;330426,424762389620000;5688985,409231087200000;6,566076563000024;51,326848429000052;0
241076;5;1;11;0;2019;6;19;1;3;1;5;0;1;1;0;0;0;0;343971,280386830680000;5675670,097516197700000;6,766133732000071;51,211084588000062;0
241077;5;1;11;0;2019;6;14;1;3;0;2;0;1;1;0;0;0;0;346564,157999999820000;5676197,745000001000000;6,803000775000044;51,216528295000046;0
241078;5;1;11;0;2019;6;14;1;3;3;6;0;1;1;0;0;0;0;347566,890288344580000;5677887,276412319400000;6,816628878000074;51,231978354000034;0
241083;5;9;74;16;2019;6;15;1;3;5;2;0;1;1;0;0;0;0;455057,087352267470000;5720253,444989664500000;8,350652875000037;51,631498948000058;0
241085;5;9;58;44;2019;6;18;1;3;6;6;0;1;0;1;0;0;0;430825,742439428340000;5687030,099036220500000;8,007106779000026;51,330350125000052;0
241087;5;9;62;24;2019;6;17;1;3;1;3;0;1;1;0;0;0;0;410171,349000001330000;5693621,944999998400000;7,709050309000077;51,386720954000054;0
241093;5;5;54;16;2019;6;22;7;2;5;3;2;1;1;0;0;0;0;362724,510886685920000;5757474,035247307300000;7,002455758000053;51,951008618000060;0
241094;5;5;54;12;2019;6;22;7;3;5;3;2;1;0;0;0;0;0;352018,232000001710000;5745685,823000000800000;6,851838405000024;51,842348997000045;0
241095;5;5;15;0;2019;6;13;7;3;4;6;0;1;1;0;0;0;0;405847,600807014850000;5756264,728210054300000;7,630048138000063;51,949111601000027;0
241096;5;5;15;0;2019;6;0;7;3;1;5;2;1;1;0;0;0;0;405048,465480924580000;5758517,477186322200000;7,617801375000056;51,969224375000067;0
241097;5;5;62;4;2019;6;22;7;3;0;3;2;1;0;0;0;0;0;383101,990595953540000;5716451,556580150500000;7,312630605000038;51,586980495000034;0
241098;5;5;62;14;2019;6;11;7;3;0;1;0;1;0;0;0;0;0;360231,635712517430000;5716671,255998130900000;6,982622282000023;51,583746566000059;0
241100;5;3;70;40;2019;6;20;7;3;0;1;0;1;0;0;0;0;0;309966,419732807200000;5669034,563678627800000;6,283327967000048;51,141183372000057;0
241101;5;3;70;40;2019;6;17;7;3;1;7;0;1;1;0;0;0;0;308985,101271015590000;5669229,465463632700000;6,269212952000032;51,142607467000062;0
241102;5;3;70;4;2019;6;15;7;3;1;1;0;1;1;0;0;0;0;312342,496184390040000;5662566,335059182700000;6,320620050000059;51,083866359000069;0
241103;5;3;58;24;2019;6;10;7;2;0;1;0;1;0;0;0;0;0;314469,429380091840000;5645392,767048087000000;6,359732056000041;50,930289630000061;0
241105;5;3;82;52;2019;6;20;7;2;9;7;0;1;0;0;0;0;0;388052,663821712140000;5633190,851509535700000;7,410052644000075;50,839584675000026;0
241107;5;3;66;28;2019;6;14;7;3;5;3;0;1;0;0;0;0;1;333824,419000000690000;5609769,962000004900000;6,651002607000066;50,616111395000075;0
241108;5;3;62;28;2019;6;11;7;2;0;1;0;1;0;0;0;0;0;351977,588352533060000;5640352,372247219100000;6,895117795000033;50,895840215000078;0
241110;5;3;62;24;2019;6;15;7;3;5;3;0;1;1;0;0;0;0;346780,040304023770000;5641196,124582227300000;6,820910675000050;50,902066791000038;0
241111;5;3;15;0;2019;6;12;7;3;0;5;0;1;1;0;0;0;0;360103,851115703580000;5647480,786820849400000;7,007861104000028;50,961930254000038;0
241114;5;3;15;0;2019;6;10;7;3;0;2;0;1;1;0;0;0;0;353607,565880166370000;5653506,395133648100000;6,912989407000055;51,014465807000079;0
241116;5;3;15;0;2019;6;20;7;2;6;6;0;1;0;1;0;0;0;353957,005742215550000;5636447,169128788600000;6,924805272000072;50,861248965000073;0
241117;5;3;15;0;2019;6;15;7;3;0;1;0;1;0;0;0;0;0;354163,032250395040000;5641536,091786395800000;6,925700129000063;50,907034026000076;0
241118;5;3;15;0;2019;6;17;7;3;6;6;0;1;0;1;0;0;0;354727,501036781820000;5644278,009401958400000;6,932631145000073;50,931817327000033;0
241120;5;3;14;0;2019;6;23;7;3;5;3;2;1;1;0;0;0;0;367452,373786401000000;5622274,453907217800000;7,121566868000059;50,737116469000057;0
241122;5;1;70;16;2019;6;11;7;2;0;1;0;1;0;0;0;0;0;345138,383629851040000;5723084,555555557800000;6,762107483000023;51,637423203000026;0
241123;5;1;70;8;2019;6;14;7;3;0;3;0;1;1;0;0;0;0;343168,638877402990000;5714769,715911354900000;6,737384085000031;51,562172428000054;0
241125;5;1;70;24;2019;6;17;7;3;0;3;0;1;1;0;0;0;0;336859,859040219340000;5702163,362974952900000;6,652278316000036;51,447125677000031;0
241128;5;1;66;28;2019;6;17;7;2;1;5;0;1;1;0;0;0;0;324762,143217300060000;5689242,630953826000000;6,484732254000051;51,327442299000040;0
241131;5;1;66;12;2019;6;12;7;3;5;3;0;1;1;0;0;0;0;321764,493981831710000;5693431,382845228500000;6,439654090000033;51,364138379000053;0
241135;5;1;62;16;2019;6;12;7;2;5;3;0;1;1;0;0;0;0;333243,066435852090000;5676650,730976566700000;6,612220167000032;51,216863429000057;0
241136;5;1;19;0;2019;6;19;7;3;5;3;0;1;1;0;0;0;0;352472,912125515750000;5704692,443421773600000;6,875733185000058;51,474133607000056;0
241137;5;1;14;0;2019;6;20;7;3;0;1;0;1;0;0;0;0;0;330591,744651971380000;5689800,569166597000000;6,568059538000057;51,334220994000077;0
241139;5;1;20;0;2019;6;17;7;3;0;3;0;1;1;0;0;0;0;375038,852442595180000;5670698,994179269300000;7,212397640000063;51,174049249000063;0
241143;5;1;17;0;2019;6;18;7;3;0;1;0;1;0;0;0;0;0;351711,106283513830000;5696138,446997284900000;6,868354022000062;51,397071766000067;0
241150;5;1;11;0;2019;6;10;7;3;1;7;0;1;1;0;0;0;0;347545,496499661360000;5681320,278297556600000;6,814860622000026;51,262820140000031;0
241151;5;7;74;36;2019;6;10;7;2;5;3;0;1;1;0;0;0;0;472601,468001085330000;5724691,278282329400000;8,603782389000060;51,672528868000029;0
241152;5;7;74;20;2019;6;10;7;3;5;2;0;1;1;0;0;0;0;470396,299715522680000;5735206,751547552600000;8,571000001000073;51,766963045000068;0
241153;5;7;74;32;2019;6;16;7;3;0;2;0;1;1;0;0;0;0;479619,503985702990000;5731095,252590751300000;8,704896079000037;51,730407391000028;0
241155;5;7;74;32;2019;6;16;7;3;5;2;0;1;0;0;0;0;0;482023,214999999850000;5729703,166999999400000;8,739772603000063;51,717972988000042;0
241159;5;9;58;4;2019;6;15;7;2;0;1;0;1;0;0;0;0;0;429656,129537181930000;5698352,250837428500000;7,988079132000053;51,431998558000032;0
241161;5;9;13;0;2019;6;11;7;3;3;6;0;1;1;0;0;0;0;397201,653090999460000;5706226,269363666000000;7,519061473000022;51,497817838000060;0
241162;5;9;13;0;2019;6;18;7;3;5;3;0;1;1;0;0;0;0;397049,417433086780000;5707126,581645088300000;7,516606349000028;51,505882777000068;0
241164;5;9;13;0;2019;6;14;7;3;0;7;0;1;1;0;0;0;0;389766,750929268080000;5710308,080405695400000;7,410718638000049;51,533105183000032;0
241167;5;5;70;48;2019;5;0;6;3;9;1;2;1;0;0;0;0;0;448571,407687329690000;5730266,299834493500000;8,255479285000035;51,720965958000079;0
241168;5;5;70;4;2019;5;14;6;3;5;3;0;1;1;0;0;0;0;426755,861691853030000;5736522,475466940600000;7,938392279000027;51,774782714000082;0
241170;5;5;66;56;2019;5;13;6;3;5;3;0;1;1;0;0;0;0;416822,857000001710000;5796814,605999998700000;7,779782033000060;52,315353089000041;0
241171;5;5;66;12;2019;5;11;6;3;5;3;0;1;1;0;0;0;0;404921,207222332250000;5773447,892824737400000;7,611798363000048;52,103401218000045;0
241177;5;5;12;0;2019;5;17;6;3;5;3;0;1;1;0;0;0;0;359635,420048421250000;5720450,364417027700000;6,972510139000065;51,617557238000074;0
241178;5;3;58;8;2019;5;12;6;3;0;6;0;1;0;0;0;0;1;322966,536505182270000;5629735,277265870900000;6,488099963000025;50,792292514000053;0
241179;5;3;34;2;2019;5;16;6;2;0;1;0;1;0;0;0;0;0;296401,040605034680000;5628050,612408364200000;6,112576821000062;50,768441903000053;0
241180;5;3;34;2;2019;5;11;6;2;0;1;0;1;0;0;0;0;0;293358,326999999580000;5631270,705000001900000;6,067675372000053;50,796286115000044;0
241181;5;3;78;24;2019;5;20;6;2;5;3;0;1;1;0;0;0;0;377801,270000000480000;5643861,236999999700000;7,260956061000059;50,933421816000077;0
241183;5;3;78;4;2019;5;7;6;3;5;3;0;1;1;0;0;0;0;367276,883886183610000;5650814,825594265000000;7,108727631000022;50,993592448000072;0
241184;5;3;62;12;2019;5;16;6;3;2;6;0;1;1;0;0;0;0;351496,882257686930000;5631952,396327849500000;6,891695092000020;50,820229446000042;0
241185;5;3;62;8;2019;5;10;6;3;7;7;0;1;0;0;0;0;0;334432,162487770430000;5645582,419959202400000;6,643461297000044;50,938069334000033;0
241187;5;3;15;0;2019;5;15;6;3;0;4;0;1;0;1;0;0;0;359357,012831681410000;5644492,643998432900000;6,998387080000043;50,934893741000053;0
241190;5;3;15;0;2019;5;15;6;3;6;4;0;1;0;1;0;0;0;353987,419068879450000;5642829,843729753000000;6,922686353000074;50,918616222000026;0
241192;5;3;15;0;2019;5;12;6;3;0;1;0;1;0;0;0;0;0;354785,940219165760000;5644340,070896526800000;6,933437487000049;50,932389774000058;0
241198;5;1;70;20;2019;5;17;6;3;5;2;0;1;1;0;0;0;0;329836,078475878570000;5708802,911184405900000;6,548099923000052;51,504705611000077;0
241199;5;1;70;24;2019;5;19;6;3;5;3;0;1;1;0;0;0;0;332721,978323500600000;5706698,986771784700000;6,590640350000058;51,486665929000026;0
241200;5;1;70;24;2019;5;12;6;3;5;3;0;1;1;0;0;0;0;335244,902909436260000;5703083,009463910000000;6,628630816000054;51,454920377000064;0
241201;5;1;58;26;2019;5;13;6;2;6;6;0;1;0;1;0;0;0;352249,766963437200000;5661493,335851816500000;6,890386657000022;51,085891869000079;0
241203;5;1;58;16;2019;5;17;6;3;2;6;0;1;1;0;0;0;0;355307,963935146110000;5671572,807943435400000;6,929974278000032;51,177249917000040;0
241205;5;1;58;28;2019;5;12;6;3;0;5;0;1;1;0;0;0;0;349340,431653796700000;5689333,005664605600000;6,837185415000022;51,335296796000080;0
241208;5;1;62;4;2019;5;9;6;3;5;7;0;1;1;0;0;0;0;348911,559401548470000;5665693,537712926000000;6,841000448000045;51,122765194000067;0
241209;5;1;62;24;2019;5;13;6;3;0;3;0;1;1;0;0;0;0;337013,930000000630000;5670541,605000002300000;6,668938662000073;51,163063282000053;0
241212;5;7;58;24;2019;5;20;5;3;2;6;1;1;1;0;0;0;0;484141,688068176620000;5782115,955162329600000;8,768019654000057;52,189278012000045;0
241213;5;1;14;0;2019;5;11;6;3;4;2;0;1;1;0;0;0;0;332100,057883988130000;5687794,498652054000000;6,590636578000044;51,316645742000048;0
241217;5;1;11;0;2019;5;16;6;3;6;7;0;1;0;1;0;0;0;344716,425999999980000;5682428,127000004100000;6,773862803000043;51,272010885000043;0
241218;5;1;11;0;2019;5;14;6;3;5;2;0;1;1;0;0;0;0;350381,188786496410000;5676851,124923659500000;6,857341467000026;51,223412438000082;0
241220;5;1;11;0;2019;5;13;6;3;0;7;0;1;0;0;0;0;0;345191,522826993840000;5678936,011445444100000;6,782179252000049;51,240762241000027;0
241223;5;7;62;28;2019;5;13;6;2;9;1;0;1;0;0;0;0;0;501683,517408077610000;5740239,296661810900000;9,024421370000027;51,812992286000053;0
241225;5;7;54;12;2019;5;18;6;3;5;3;0;1;1;0;0;0;0;457973,705398608930000;5765249,180297480900000;8,387324785000033;52,036267733000045;0
241227;5;9;78;36;2019;5;17;5;2;8;1;0;1;0;0;0;0;0;409688,762000001040000;5710382,947000002500000;7,697835235000071;51,537316878000070;0
241228;5;7;11;0;2019;5;19;6;3;5;2;0;1;1;0;0;0;0;466996,193156661470000;5757377,502847025200000;8,519610527000054;51,966106792000062;0
241230;5;9;74;8;2019;5;10;6;3;0;5;0;1;1;0;0;0;0;442236,526924353090000;5715264,358946755500000;8,166258906000053;51,585473683000032;0
241233;5;9;62;52;2019;5;14;6;2;0;1;0;1;0;0;0;0;0;416790,366118078120000;5678168,511880677200000;7,807757943000070;51,248802926000053;0
241236;5;9;13;0;2019;5;23;5;3;1;7;2;1;0;0;0;0;1;394698,783641300160000;5712228,909665109600000;7,481223668000041;51,551312050000035;0
241237;5;9;54;36;2019;5;20;6;3;0;3;0;1;0;0;1;0;0;386552,401241171170000;5702961,567471928900000;7,366758412000024;51,466437467000048;0
241238;5;9;11;0;2019;5;13;6;3;5;2;0;1;1;0;0;0;0;372426,994628853160000;5699086,345724247400000;7,164905921000070;51,428602251000029;0
241242;5;5;54;56;2019;5;18;5;3;7;7;0;1;0;0;0;0;0;354125,247144873250000;5762651,961640695100000;6,875214608000022;51,995342730000061;0
241248;5;5;62;4;2019;5;10;5;2;5;3;0;1;1;0;0;0;0;383363,974994827990000;5716509,665056446600000;7,316391162000059;51,587557047000075;0
241249;5;3;70;40;2019;5;21;5;2;0;1;0;1;0;0;0;0;0;310401,397308951240000;5668628,799511045200000;6,289752397000029;51,137682910000080;0
241251;5;3;58;8;2019;5;13;5;3;5;3;0;1;1;0;0;0;0;321523,172631114720000;5632738,888439398300000;6,466181496000047;50,818834386000049;0
241252;5;9;74;28;2019;5;2;5;3;3;6;2;1;0;0;0;0;0;454246,257275858890000;5724464,028097527100000;8,338387716000057;51,669290500000045;0
241253;5;3;66;28;2019;5;18;5;2;1;5;0;1;1;0;0;0;0;336618,796766097660000;5611250,948113845700000;6,689816147000045;50,630208606000053;0
241254;5;3;62;32;2019;5;22;5;3;8;1;2;1;1;0;0;0;0;336883,421665229830000;5637725,698072742700000;6,681829613000048;50,868173120000051;0
241258;5;3;15;0;2019;5;22;5;3;6;7;2;1;0;1;0;0;0;362755,878224689510000;5637563,374730456600000;7,049334012000031;50,873436336000054;0
241260;5;3;15;0;2019;5;17;5;2;0;1;0;1;0;0;0;0;0;351456,320000000300000;5641970,495999999300000;6,887052358000062;50,910247696000056;0
241261;5;3;15;0;2019;5;13;5;3;0;7;0;1;0;0;0;0;0;356727,416452339850000;5645175,992950148900000;6,960719412000060;50,940387664000070;0
241263;5;1;70;16;2019;5;18;5;2;0;1;0;1;0;0;0;0;0;345339,706545120110000;5723167,557056153200000;6,764977722000026;51,638224333000039;0
241267;5;1;54;8;2019;5;16;5;2;2;6;0;1;1;0;0;0;0;309061,299032322130000;5747781,478287503100000;6,227800861000048;51,848137059000067;0
241269;5;1;66;16;2019;5;18;5;3;0;1;0;1;0;0;0;0;0;311470,910804918970000;5691071,715653399000000;6,293209696000076;51,339621244000057;0
241270;5;1;66;32;2019;5;15;5;2;0;1;0;1;0;0;0;0;0;318874,689991548660000;5681924,167003873700000;6,404031194000027;51,259857757000077;0
241275;5;1;13;0;2019;5;19;5;3;0;6;0;1;1;0;0;0;0;361452,225195870730000;5700755,669126076600000;7,006483126000035;51,441026614000066;0
241276;5;7;74;32;2019;5;14;5;3;5;3;0;1;1;0;0;0;0;480269,727976067920000;5735034,551792498700000;8,714087491000043;51,765849815000081;0
241278;5;7;66;40;2019;6;19;5;2;2;3;0;1;1;0;0;0;0;482627,962781397630000;5758385,348450107500000;8,747085482000045;51,975876597000081;0
241280;5;9;78;40;2019;6;11;5;3;5;3;0;1;1;0;0;0;0;405410,643000001090000;5724246,618999997200000;7,632430346000035;51,661236990000077;0
241284;5;9;78;24;2019;6;17;5;3;5;3;0;1;1;0;0;0;0;396326,011804416780000;5718889,650063455100000;7,502718058000028;51,611483703000033;0
241285;5;9;13;0;2019;6;17;5;3;5;3;0;1;1;0;0;0;0;394620,711092536340000;5705145,154980059700000;7,482216454000024;51,487624893000032;0
241286;5;9;13;0;2019;6;17;5;3;0;7;0;1;0;1;0;0;0;394502,729962622750000;5708015,292088372600000;7,479659466000044;51,513401294000062;0
241287;5;9;54;36;2019;6;11;5;2;4;5;0;1;1;0;0;0;0;384041,078391792250000;5700393,700440045400000;7,331462467000051;51,442848510000033;0
241289;5;5;70;4;2019;6;7;4;3;5;3;0;1;1;0;0;0;0;422394,583612259480000;5735133,657728927200000;7,875502560000030;51,761710089000076;0
241290;5;5;66;28;2019;6;7;4;3;5;3;0;1;1;0;0;0;0;411553,257532003340000;5792993,772510521100000;7,703500678000069;52,280186988000082;0
241291;5;5;66;12;2019;6;6;4;2;5;3;0;1;1;0;0;0;0;401379,087300289420000;5777153,300857959300000;7,559025084000041;52,136085014000059;0
241293;5;5;58;16;2019;6;7;4;3;5;3;0;1;0;0;0;0;0;382049,182527400550000;5744263,766642201700000;7,288027565000050;51,836720734000039;0
241294;5;5;58;16;2019;6;7;4;3;5;3;0;1;1;0;0;0;0;381695,356719322500000;5743091,697232872200000;7,283295176000024;51,826112300000034;0
241295;5;5;54;4;2019;6;8;4;3;0;1;0;1;0;0;0;0;0;362482,656464456580000;5771560,921210577700000;6,993281737000075;52,077525647000073;0
241296;5;5;54;8;2019;6;15;4;3;1;5;0;1;1;0;0;0;0;336550,674411469140000;5744576,586346957800000;6,628027069000041;51,828071361000070;0
241298;5;5;54;8;2019;6;19;4;3;5;3;0;1;1;0;0;0;0;335627,275818653400000;5747543,554655199900000;6,613229423000064;51,854453925000030;0
241299;5;5;54;20;2019;6;21;4;3;5;3;0;1;1;0;0;0;0;365502,010156016800000;5783399,304980717600000;7,032631700000025;52,184640667000053;0
241300;5;5;15;0;2019;6;14;4;3;0;5;0;1;1;0;0;0;0;411739,271577533330000;5762163,230920361400000;7,714232963000029;52,003097761000049;0
241301;5;5;15;0;2019;6;12;4;3;5;3;0;1;0;0;0;0;0;404286,284013682980000;5755613,225206168400000;7,607518990000074;51,942989167000064;0
241303;5;5;62;14;2019;6;11;4;3;1;5;0;1;1;0;0;0;0;362324,815616095440000;5711973,721929017500000;7,014654807000056;51,542048718000046;0
241304;5;3;70;40;2019;6;15;4;2;0;6;0;1;1;0;0;0;0;310228,704503555780000;5672052,575032567600000;6,285481715000060;51,168378640000071;0
241305;5;3;70;4;2019;6;8;4;3;1;5;0;1;1;0;0;0;0;311594,888062273150000;5662375,182919384900000;6,310057901000050;51,081904336000036;0
241306;5;3;70;16;2019;6;20;4;2;0;1;0;1;0;0;0;0;0;299942,892689131200000;5660460,082728140100000;6,144971423000072;51,060760488000028;0