OBJECTID;ULAND;UREGBEZ;UKREIS;UGEMEINDE;UJAHR;UMONAT;USTUNDE;UWOCHENTAG;UKATEGORIE;UART;UTYP1;ULICHTVERH;IstRad;IstPKW;IstFuss;IstKrad;IstGkfz;IstSonstige;LINREFX;LINREFY;XGCSWGS84;YGCSWGS84;STRZUSTAND
241309;5;3;34;2;2019;6;12;4;3;5;2;0;1;1;0;0;0;0;293862,976999999960000;5629520,331000000200000;6,075808286000040;50,780745510000031;0
241311;5;3;82;44;2019;6;11;4;3;5;3;0;1;0;0;0;0;1;362398,266681531440000;5631006,640946099500000;7,046717369000021;50,814422632000060;0
241314;5;3;78;16;2019;6;19;4;2;4;1;0;1;0;0;0;0;1;361603,860223617400000;5663285,643745040500000;7,023171728000023;51,104332468000052;0
241315;5;3;78;28;2019;6;14;4;3;1;5;0;1;1;0;0;0;0;370866,138970236290000;5640151,164417715700000;7,163626354000030;50,898564568000040;0
241316;5;3;78;20;2019;6;15;4;3;0;2;0;1;0;0;0;0;1;368411,134151216600000;5653385,583709923600000;7,123949082000024;51,016958036000062;0
241318;5;3;62;20;2019;6;17;4;2;0;7;0;1;1;0;0;0;0;346431,515000001530000;5631046,679000001400000;6,820215601000029;50,810769295000057;0
241319;5;1;12;0;2019;6;19;5;3;0;5;0;1;1;0;0;0;0;345716,018744336440000;5709315,350143935500000;6,776495682000075;51,513868155000068;0
241320;5;3;16;0;2019;6;7;4;3;5;3;0;1;1;0;0;0;0;360153,340143931100000;5657291,229419469800000;7,004785276000064;51,050109145000079;0
241321;5;3;16;0;2019;6;14;4;3;5;2;0;1;1;0;0;0;0;360664,506791486400000;5659308,020658224800000;7,011296846000050;51,068358257000057;0
241324;5;3;15;0;2019;6;20;4;3;0;7;0;1;0;0;0;0;0;351641,968490188010000;5652670,136018347000000;6,885329515000024;51,006447186000059;0
241326;5;3;15;0;2019;6;19;4;3;0;5;0;1;1;0;0;0;0;354460,567025099880000;5646374,666959287600000;6,927997427000037;50,950592082000071;0
241327;5;3;15;0;2019;6;11;4;3;4;2;0;1;1;0;0;0;0;357030,101999999960000;5640039,406000003200000;6,967037972000071;50,894300511000040;0
241328;5;3;15;0;2019;6;8;4;3;5;3;0;1;1;0;0;0;0;355760,482000000770000;5644297,207000000400000;6,947313748000056;50,932249102000071;0
241329;5;3;15;0;2019;6;15;4;3;2;2;0;1;1;0;0;0;0;355128,429493888280000;5645284,615660119800000;6,937932594000074;50,940964307000058;0
241330;5;3;15;0;2019;6;14;4;3;5;3;0;1;1;0;0;0;0;355619,421252820640000;5645002,886705014900000;6,945028088000072;50,938555619000056;0
241332;5;3;82;8;2019;6;16;4;3;0;3;0;1;1;0;0;0;0;374651,992741867900000;5610457,823588924500000;7,227551692000077;50,632499291000045;0
241333;5;3;14;0;2019;6;15;4;3;5;3;0;1;1;0;0;0;0;364471,877000002190000;5625261,773000000000000;7,078253675000042;50,763278094000043;0
241337;5;1;58;20;2019;6;10;4;2;2;6;0;1;0;0;0;0;0;356141,042794192210000;5662717,353671638300000;6,945420917000035;51,097880670000052;0
241339;5;1;54;12;2019;6;9;4;3;0;1;0;1;0;0;0;0;0;315136,371597105640000;5710531,190962787700000;6,335621606000075;51,515612724000050;0
241341;5;1;66;16;2019;6;17;4;3;3;6;0;1;1;0;0;0;0;307906,703323035500000;5684952,215065287400000;6,245395412000050;51,283465306000039;0
241342;5;1;62;24;2019;6;12;4;3;1;3;0;1;0;0;0;1;0;337275,979111465630000;5675337,838243885000000;6,670510877000027;51,206230992000030;0
241344;5;1;62;16;2019;6;6;4;3;5;2;0;1;1;0;0;0;0;333799,506322778760000;5677957,280560255100000;6,619574668000041;51,228764211000055;0
241347;5;1;16;0;2019;6;3;4;2;0;1;2;1;0;0;0;0;0;321916,797523316930000;5671406,445462852700000;6,452807072000041;51,166332652000051;0
241349;5;1;22;0;2019;6;19;4;3;5;2;0;1;1;0;0;0;0;363753,626758528870000;5672040,195817783500000;7,050547013000028;51,183525268000039;0
241350;5;1;13;0;2019;6;18;4;3;5;3;0;1;1;0;0;0;0;360056,359264959580000;5698697,829545669300000;6,987224812000022;51,422191158000032;0
241356;5;7;74;32;2019;6;12;4;3;5;3;0;1;1;0;0;0;0;484862,679058657030000;5730177,445443401100000;8,780854999000042;51,722321212000054;0
241358;5;1;11;0;2019;6;18;5;3;5;3;0;1;1;0;0;0;0;349822,219544830730000;5670835,848143635300000;6,851858801000049;51,169213205000062;0
241359;5;7;70;24;2019;6;7;4;3;5;3;0;1;1;0;0;0;0;493294,808000002060000;5794283,104000002100000;8,901672502000054;52,298854892000065;0
241360;5;7;62;24;2019;6;13;4;2;1;7;0;1;1;0;0;0;0;516650,008968048730000;5742967,735832219900000;9,241657753000027;51,837278612000034;0
241362;5;7;58;16;2019;6;15;4;3;5;3;0;1;1;0;0;0;0;474657,207387651320000;5779476,166266748700000;8,629477517000055;52,165190670000072;0
241363;5;7;54;8;2019;6;7;4;3;0;1;0;1;0;0;0;0;0;456674,800224756820000;5748941,609576137700000;8,370447430000070;51,889555025000050;0
241364;5;7;66;20;2019;6;12;4;3;5;2;0;1;1;0;0;0;0;491334,496000000280000;5754586,315999997800000;8,873936750000041;51,941923490000079;0
241366;5;7;11;0;2019;6;17;4;2;5;3;0;1;1;0;0;0;0;465128,613586259070000;5766047,347358238000000;8,491545431000077;52,043939846000058;0
241367;5;9;74;28;2019;6;18;4;3;4;3;0;1;1;0;0;0;0;457924,345359681170000;5726032,981739642100000;8,391381492000051;51,683684404000076;0
241369;5;9;74;40;2019;6;17;4;3;2;1;0;1;0;0;1;0;0;440174,149812893940000;5711931,269527033000000;8,137062315000037;51,555292017000056;0
241370;5;9;70;28;2019;6;14;4;2;0;1;0;1;0;0;0;0;0;453708,405000001190000;5643576,280000004900000;8,341108722000058;50,941950446000078;0
241372;5;9;54;20;2019;6;13;4;3;0;1;0;1;0;0;0;0;0;392246,421343852770000;5696325,860917851300000;7,450718463000044;51,407905106000044;0
241377;5;9;13;0;2019;6;6;4;3;5;3;0;1;1;0;0;0;0;396629,578008003530000;5709135,639597337700000;7,509969960000035;51,523864878000040;1
241380;5;5;70;24;2019;6;7;3;3;3;6;0;1;0;0;0;1;0;420825,480857922700000;5753430,166874129300000;7,848582223000051;51,925964842000042;0
241382;5;5;58;16;2019;6;7;3;3;5;3;0;1;1;0;0;0;0;383681,343719145280000;5742404,236931147100000;7,312330938000059;51,820350880000035;0
241383;5;5;54;20;2019;6;18;3;3;5;3;0;1;1;0;0;0;0;364674,626484291630000;5786765,336541404900000;7,019192305000047;52,214683036000054;0
241384;5;5;54;20;2019;6;13;3;3;5;3;0;1;1;0;0;0;0;366036,184480104600000;5783044,322099274000000;7,040580617000046;52,181580989000054;0
241385;5;5;54;4;2019;6;14;3;3;2;6;0;1;0;0;0;0;0;363130,333013533610000;5772118,906154274900000;7,002502833000051;52,082699820000073;0
241388;5;5;54;8;2019;6;9;3;3;5;3;0;1;1;0;0;0;0;334696,059571521360000;5746442,603595396500000;6,600246836000054;51,844288762000076;0
241389;5;5;62;32;2019;6;13;3;3;1;5;0;1;1;0;0;0;0;376437,597213854080000;5715108,593813879400000;7,216954484000041;51,573489013000028;0
241391;5;3;70;20;2019;6;9;3;3;0;1;0;1;0;0;0;0;0;303351,428960122170000;5660910,362456766900000;6,193307125000047;51,065982120000058;0
241397;5;3;62;4;2019;6;13;3;3;9;7;0;1;1;0;0;0;0;329897,680591926910000;5652261,904997920600000;6,575859216000026;50,996761558000060;0
241398;5;3;15;0;2019;6;11;3;1;0;1;0;1;0;0;0;0;0;363772,738441081720000;5639453,046510262400000;7,063073627000051;50,890660409000077;0
241399;5;3;15;0;2019;6;18;3;3;5;5;0;1;1;0;0;0;0;356560,569755072710000;5643211,366257652600000;6,959119342000065;50,922690291000038;0
241400;5;1;11;0;2019;6;19;5;3;0;2;0;1;1;0;0;0;0;346409,359511385670000;5671725,099081024500000;6,802699429000029;51,176297395000063;0
241401;5;3;14;0;2019;6;20;3;3;1;5;0;1;1;0;0;0;0;369603,792052868750000;5616439,040287934200000;7,154100850000020;50,685153236000076;0
241402;5;3;14;0;2019;6;19;3;3;5;3;0;1;1;0;0;0;0;364430,141270282680000;5624288,951356034700000;7,078020529000071;50,754524810000078;0
241403;5;3;14;0;2019;6;18;3;2;0;1;0;1;0;0;0;0;0;364145,371648192410000;5622624,161832725600000;7,074599798000065;50,739495415000079;0
241405;5;3;14;0;2019;6;10;3;3;4;6;0;1;0;0;0;0;0;366662,168510672640000;5621484,739490266900000;7,110660404000043;50,729837614000076;0
241406;5;1;70;8;2019;6;7;3;3;5;3;0;1;1;0;0;0;0;344020,647275689990000;5715915,524161925500000;6,749157287000060;51,572703414000046;0
241407;5;1;58;16;2019;6;18;3;3;1;7;0;1;1;0;0;0;0;356286,140333197080000;5669019,425801618000000;6,944979142000022;51,154550769000082;0
241413;5;1;66;36;2019;6;18;3;3;5;3;0;1;1;0;0;0;0;327973,400041607210000;5682707,382682764900000;6,533928228000036;51,269711965000056;0
241416;5;1;62;24;2019;6;19;3;3;5;2;0;1;1;0;0;0;0;337952,941000000570000;5672623,230999998700000;6,681418526000073;51,182033163000028;0
241417;5;1;62;22;2019;6;17;3;3;5;3;0;1;1;0;0;0;0;335685,540000000040000;5683861,565000001300000;6,643851632000065;51,282357354000055;0
241418;5;1;14;0;2019;6;10;3;3;5;2;0;1;0;0;0;1;0;330817,597076973880000;5689873,553005803400000;6,571263968000039;51,334943914000064;0
241419;5;1;14;0;2019;6;9;3;3;5;2;0;1;1;0;0;0;0;332274,679820225570000;5690357,002839390200000;6,591933846000075;51,339718905000041;0
241426;5;1;12;0;2019;6;14;3;3;1;1;0;1;1;0;0;0;0;339476,537457314320000;5702090,691017484300000;6,689934280000045;51,447220471000037;0
241427;5;1;11;0;2019;6;14;3;3;5;3;0;1;1;0;0;0;0;349515,006183785390000;5674076,806302031500000;6,846110266000039;51,198255255000049;0
241429;5;1;11;0;2019;6;11;3;3;5;3;0;1;1;0;0;0;0;344007,561204131690000;5676448,738823670900000;6,766314077000061;51,218090848000031;0
241430;5;1;11;0;2019;6;12;3;3;5;3;0;1;1;0;0;0;0;343516,227232683450000;5676177,394331235400000;6,759402737000073;51,215518294000049;0
241431;5;1;11;0;2019;6;6;3;3;3;6;0;1;0;0;0;0;0;350254,071000001390000;5673407,969000002400000;6,856959491000055;51,192439326000056;0
241433;5;1;11;0;2019;6;8;3;2;1;5;0;1;1;0;0;0;0;346477,873979258350000;5677254,324733046800000;6,801313825000023;51,225999034000040;0
241434;5;1;11;0;2019;6;23;3;3;0;7;2;1;0;0;0;0;0;341406,137137022800000;5678974,888550905500000;6,727976945000023;51,240071850000049;1
241435;5;1;11;0;2019;6;16;3;3;5;3;0;1;0;0;1;0;0;346753,429307392800000;5675869,918538350600000;6,805848840000067;51,213633417000040;0
241436;5;7;74;36;2019;6;19;3;3;3;6;0;1;0;0;0;0;0;465042,284758315420000;5726628,400587681700000;8,494277089000036;51,689526148000027;0
241440;5;7;58;12;2019;6;10;3;2;0;1;0;1;0;0;0;0;0;477352,342000000180000;5774266,787000000500000;8,669227937000073;52,118472450000070;1
241444;5;9;74;52;2019;6;11;3;3;5;3;0;1;1;0;0;0;0;424313,373837334100000;5712714,349414533000000;7,908155374000046;51,560426786000050;0
241446;5;9;74;40;2019;6;8;3;3;0;1;0;1;0;0;0;0;0;438354,849484369160000;5713746,997761806500000;8,110505318000037;51,571420515000057;0
241450;5;9;54;8;2019;6;21;3;2;0;1;1;1;0;0;0;0;0;382910,894563190640000;5683364,683841653200000;7,320816323000031;51,289558234000026;0
241453;5;9;13;0;2019;6;12;3;3;0;1;0;1;0;0;0;0;0;392924,722849696870000;5702821,720108714000000;7,458502763000070;51,466422084000044;0
241458;5;9;13;0;2019;6;10;3;3;0;5;0;1;1;0;0;0;0;393602,962070173580000;5709498,307709863400000;7,466249927000035;51,526562603000059;0
241467;5;5;54;68;2019;6;10;2;3;5;3;0;1;1;0;0;0;0;350570,466972831640000;5766897,068194802900000;6,821623943000077;52,032537556000079;0
241468;5;5;54;4;2019;6;8;2;3;6;4;0;1;0;1;0;0;0;363449,801016843880000;5771425,713323907900000;7,007439614000020;52,076550098000041;1
241469;5;5;54;12;2019;6;15;2;3;0;1;0;1;0;0;0;0;0;351899,805901945570000;5747529,475822225200000;6,849330808000048;51,858882547000064;0
241471;5;5;62;14;2019;6;16;2;3;6;7;0;1;0;1;0;0;0;360648,243130288090000;5715719,693283315700000;6,989009071000055;51,575298933000056;0
241476;5;3;70;12;2019;6;15;2;3;4;2;0;1;0;0;0;0;1;297841,355999999680000;5652540,069000002000000;6,119436068000027;50,988894307000066;1
241482;5;3;82;56;2019;6;11;2;3;5;2;0;1;1;0;0;0;0;370514,707693641070000;5628083,257646042900000;7,162897478000048;50,790018274000033;0
241483;5;3;82;68;2019;6;19;2;3;0;7;0;1;0;0;0;0;0;367436,450368179940000;5630221,770203676100000;7,118476890000068;50,808543360000044;0
241484;5;3;82;60;2019;6;16;2;3;0;6;0;1;1;0;0;0;0;373064,437635364940000;5628351,569138333200000;7,198960389000035;50,792993914000078;0
241489;5;3;66;16;2019;6;15;2;3;5;3;0;1;0;0;0;0;1;344127,737701223230000;5614684,666943593000000;6,794460790000073;50,663121368000077;0
241490;5;3;62;28;2019;6;14;2;3;1;5;0;1;1;0;0;0;0;351746,546353016980000;5640175,425065398200000;6,891906568000024;50,894190803000072;0
241491;5;3;15;0;2019;6;10;2;3;0;1;0;1;0;0;0;0;0;363714,309765962880000;5648551,262154521400000;7,058841443000063;50,972416379000038;0
241495;5;3;15;0;2019;6;18;2;3;5;3;0;1;1;0;0;0;0;353174,714830896820000;5645809,751159502200000;6,909931863000054;50,945189309000057;0
241497;5;3;15;0;2019;6;7;2;3;6;4;0;1;0;1;0;0;0;356044,017636036500000;5645039,587184416100000;6,951052739000033;50,938991595000061;1
241499;5;3;14;0;2019;6;10;2;3;5;3;0;1;1;0;0;0;0;370402,377968883140000;5619881,796535693100000;7,164191341000048;50,716276350000044;0
241500;5;3;14;0;2019;6;18;2;3;5;3;0;1;1;0;0;0;0;365325,679091067980000;5623869,996584300000000;7,090862291000065;50,750967781000043;0
241501;5;3;14;0;2019;6;16;2;2;0;7;0;1;0;0;0;0;0;364745,054078431800000;5621316,404816709500000;7,083573565000052;50,727881440000033;0
241502;5;3;14;0;2019;6;14;2;3;1;5;0;1;1;0;0;0;0;366370,619362646710000;5620757,162014650200000;7,106795334000026;50,723231148000082;0
241503;5;1;70;32;2019;6;13;2;3;5;3;0;1;1;0;0;0;0;339489,135519743900000;5710732,410061705900000;6,686187088000054;51,524864904000026;0
241505;5;7;62;20;2019;6;6;5;2;0;1;0;1;0;0;0;0;0;529831,941164229070000;5738222,709330225400000;9,432566667000060;51,794067524000070;1
241507;5;1;54;32;2019;6;13;2;3;5;3;0;1;0;0;0;0;0;309222,373669439000000;5718068,860010683500000;6,246402377000038;51,581344767000076;0
241508;5;1;54;4;2019;6;15;2;3;5;3;0;1;1;0;0;0;0;306035,488045424220000;5738351,890945967300000;6,189202249000061;51,762412603000030;0
241509;5;1;62;4;2019;6;12;2;3;7;7;0;1;0;0;0;0;0;347062,339632156310000;5658088,488792404500000;6,817815843000062;51,053936879000048;0
241512;5;1;14;0;2019;6;17;2;3;5;2;0;1;1;0;0;0;0;329096,366758975200000;5689136,731349280100000;6,546932113000025;51,327809786000046;0
241516;5;1;17;0;2019;6;17;2;3;1;7;0;1;1;0;0;0;0;352950,177986888210000;5702082,060560856000000;6,883686030000035;51,450801883000054;0
241521;5;1;12;0;2019;6;7;2;3;6;6;0;1;0;1;0;0;0;344284,332541641780000;5698469,658863823900000;6,760656619000031;51,416028008000069;1
241522;5;1;12;0;2019;6;15;2;3;5;3;0;1;0;0;0;0;0;345055,646791815760000;5699877,062885154000000;6,771124494000048;51,428884904000029;0
241524;5;1;12;0;2019;6;9;2;2;0;2;0;1;1;0;0;0;0;342635,057000001890000;5702971,361999997900000;6,734957723000036;51,456019550000065;0
241528;5;7;54;28;2019;6;14;2;3;0;7;0;1;0;0;0;0;1;452963,183000001130000;5742072,241999998700000;8,317453584000020;51,827494862000037;1
241532;5;1;24;0;2019;6;12;1;3;2;7;0;1;0;0;0;0;0;372038,597000000070000;5678053,657999999800000;7,166878400000030;51,239486375000070;0
241536;5;1;11;0;2019;6;18;1;3;3;6;0;1;0;0;0;0;0;342878,469383749180000;5672680,954782793300000;6,751809045000073;51,183926755000073;0
241541;5;1;11;0;2019;6;10;1;3;5;2;0;1;1;0;0;0;0;342292,723000000230000;5680719,830000001900000;6,739898822000043;51,255996116000063;0
241549;5;3;15;0;2019;6;12;1;3;0;1;0;1;0;0;0;0;0;351587,928043088880000;5648013,595508653700000;6,886461649000069;50,964587743000038;0
241551;5;9;58;4;2019;6;18;1;2;0;1;0;1;0;0;0;0;0;434787,149406728330000;5696156,311930630400000;8,062283728000068;51,412869504000071;0
241553;5;9;62;16;2019;6;20;1;3;0;1;0;1;0;0;0;0;0;416293,049348057250000;5692722,918138627000000;7,797217084000067;51,379574794000064;0
241555;5;9;15;0;2019;6;13;1;3;0;1;0;1;0;0;0;0;0;413659,935677486470000;5724132,515801101900000;7,751694567000072;51,661539275000052;0
241556;5;9;14;0;2019;6;7;1;2;0;1;0;1;0;0;0;0;0;392542,697995357220000;5690433,613172745300000;7,456759270000021;51,354998021000029;0
241560;5;5;70;4;2019;6;17;7;3;6;7;0;1;1;1;0;0;0;424564,803881458010000;5735070,714192608400000;7,906956315000059;51,761440824000033;0
241561;5;3;15;0;2019;6;9;1;3;3;6;0;1;1;0;0;0;0;356892,023372692990000;5640965,981246305600000;6,964712776000056;50,902593427000056;0
241565;5;5;54;8;2019;6;20;7;3;0;7;1;1;0;0;0;0;0;336719,474658492020000;5747007,668554859200000;6,629327074000059;51,849960361000058;0
241566;5;5;54;8;2019;6;2;7;3;0;1;2;1;0;0;0;0;0;335872,986446422520000;5745827,617439718900000;6,617608331000042;51,839111256000081;0
241567;5;5;62;14;2019;6;13;7;3;5;3;0;1;1;0;0;0;0;359945,933531267570000;5715265,974108424000000;6,979061662000049;51,571047763000081;0
241568;5;5;62;20;2019;6;15;7;3;4;6;0;1;1;0;0;0;0;366730,169306322930000;5720175,614088539000000;7,075030474000073;51,616812725000045;1
241569;5;5;13;0;2019;6;12;7;3;5;3;0;1;1;0;0;0;0;369291,536535430700000;5708912,010565027600000;7,116194677000067;51,516190141000038;0
241571;5;3;34;8;2019;6;13;7;3;0;7;0;1;0;0;0;0;1;303100,913000000640000;5644644,352000001800000;6,198552656000061;50,919799521000073;0
241573;5;3;15;0;2019;6;19;1;3;0;7;0;1;0;0;0;0;0;357018,885165575890000;5642566,430286619800000;6,965888755000037;50,917008043000067;0
241575;5;3;34;28;2019;6;23;7;2;6;7;2;1;0;1;0;0;0;314431,818590039390000;5610560,322637613900000;6,376770812000075;50,617365363000033;0
241578;5;3;16;0;2019;6;11;7;3;0;1;0;1;0;0;0;0;0;356396,726000000720000;5657923,763000002100000;6,950974333000033;51,054866580000066;0
241581;5;3;14;0;2019;6;21;7;3;0;1;1;1;1;0;0;0;0;366627,568027136850000;5621577,806540478000000;7,110136747000070;50,730666160000055;0
241584;5;1;58;4;2019;6;18;7;3;9;7;0;1;0;1;0;0;0;355413,313934853300000;5673899,313376281400000;6,930543910000040;51,198183339000082;0
241585;5;1;66;36;2019;6;18;7;3;5;3;0;1;1;0;0;0;0;328140,158324558290000;5682511,692211013300000;6,536410465000074;51,268004236000081;1
241587;5;1;62;24;2019;6;10;7;3;5;3;0;1;1;0;0;0;0;338969,786516959780000;5674256,407806610700000;6,695222753000053;51,196994452000069;0
241588;5;1;22;0;2019;6;9;7;2;0;7;0;1;0;0;0;0;0;360059,805999999870000;5668883,938000001000000;6,998957209000025;51,154268472000069;1
241589;5;1;12;0;2019;6;2;7;3;0;7;2;1;0;0;0;0;0;346796,188963421620000;5698404,905286347500000;6,796778616000040;51,416130504000080;0
241597;5;7;74;32;2019;6;10;7;3;5;3;0;1;1;0;0;0;0;482405,087172435600000;5730131,310595221800000;8,745278800000051;51,721834667000053;0
241602;5;7;66;44;2019;6;17;7;2;1;3;0;1;0;0;0;0;1;492727,587000001220000;5763970,269000001300000;8,894004026000062;52,026314262000028;0
241603;5;7;11;0;2019;6;0;7;3;1;1;2;1;1;0;0;0;0;468469,810684030880000;5763154,427940836200000;8,540527816000065;52,018130829000029;0
241607;5;9;70;20;2019;6;22;7;2;0;1;2;1;0;0;0;0;0;441282,466724869800000;5646779,569251580200000;8,163745357000039;50,969621493000034;0
241618;5;5;70;52;2019;6;11;6;2;0;7;0;1;1;0;0;0;0;430380,218358788640000;5756552,614542314800000;7,986877447000040;51,955311521000056;0
241619;5;5;58;16;2019;6;7;6;3;5;3;0;1;1;0;0;0;0;379938,206303809770000;5744616,665299885000000;7,257280933000061;51,839442431000066;0
241620;5;5;54;4;2019;6;13;6;3;0;1;0;1;0;0;0;0;0;362422,802486442960000;5771453,115717697900000;6,992452370000024;52,076542113000073;0
241621;5;5;54;8;2019;6;15;6;3;8;1;0;1;0;0;0;0;0;335177,719267394390000;5745484,577470030600000;6,607689043000050;51,835824850000051;0
241622;5;5;54;8;2019;6;11;6;3;5;7;0;1;1;0;0;0;0;335415,990000001150000;5745007,728000002000000;6,611370951000026;51,831611383000052;0
241623;5;5;15;0;2019;6;9;6;3;5;2;0;1;1;0;0;0;0;407293,653845431280000;5757322,583252297700000;7,650796979000063;51,958863063000081;0
241624;5;5;15;0;2019;6;13;6;3;5;3;0;1;0;0;0;0;0;405329,425000000750000;5755077,161000000300000;7,622837833000062;51,938349265000056;0
241625;5;5;62;4;2019;6;15;6;3;5;3;0;1;1;0;0;0;0;382982,585994470860000;5714625,377466416000000;7,311516362000020;51,570542567000075;0
241626;5;5;62;14;2019;6;15;6;3;5;3;0;1;1;0;0;0;0;361482,825089586900000;5715007,284531237600000;7,001325924000071;51,569102813000029;0
241628;5;3;70;40;2019;6;13;6;2;3;2;0;1;0;0;1;0;0;303651,080809132200000;5666972,072976877900000;6,194283230000053;51,120528403000037;0
241630;5;3;34;16;2019;6;15;6;2;8;1;0;1;0;0;0;0;0;294919,928000001240000;5636467,396999999900000;6,086899567000046;50,843513016000031;0
241636;5;3;66;16;2019;6;12;6;3;0;1;0;1;0;0;0;0;0;348137,685235857960000;5610276,855082247400000;6,852963744000022;50,624569166000072;0
241637;5;3;62;40;2019;6;12;6;3;5;3;0;1;1;0;0;0;0;358083,961844727400000;5631094,565376583500000;6,985480798000026;50,814171785000042;0
241639;5;3;15;0;2019;6;20;6;3;0;7;0;1;1;0;0;0;0;354326,250632678160000;5646457,312764000100000;6,926053476000050;50,951300864000075;0
241642;5;3;15;0;2019;6;16;6;3;0;7;0;1;0;0;0;0;0;352755,272569892930000;5648280,722719857500000;6,902965739000024;50,967287824000039;0
241643;5;3;15;0;2019;6;15;6;2;1;3;0;1;1;0;0;0;0;358974,026223608290000;5639876,070092091300000;6,994724467000026;50,893310532000044;0
241654;5;3;82;48;2019;6;15;1;3;5;3;0;1;1;0;0;0;0;354584,636689608920000;5610646,847570240500000;6,943902034000075;50,629537853000045;0
241655;5;1;70;48;2019;6;13;6;3;8;7;0;1;0;0;0;0;0;335002,154625945720000;5726067,764884669300000;6,614354996000031;51,661341803000028;0
241656;5;1;58;26;2019;6;17;6;3;0;7;0;1;0;0;0;0;0;352473,203127612360000;5662361,177167950200000;6,893220178000036;51,093748038000058;0
241657;5;1;58;26;2019;6;8;6;3;5;3;0;1;1;0;0;0;0;352054,751479297880000;5661229,022191368000000;6,887712430000022;51,083466418000057;0
241659;5;1;58;8;2019;6;12;6;3;5;3;0;1;1;0;0;0;0;359637,952000000510000;5672360,809000002200000;6,991571685000054;51,185410791000038;0
241660;5;1;58;28;2019;6;16;6;3;5;7;0;1;1;0;0;0;0;349282,442638276140000;5685262,493081716800000;6,838074269000060;51,298705438000070;0
241661;5;1;58;32;2019;6;7;6;3;5;3;0;1;1;0;0;0;0;369701,916281723420000;5690101,340522944900000;7,129025984000066;51,347233136000057;0
241662;5;1;54;16;2019;6;13;6;3;5;3;0;1;1;0;0;0;0;303239,176000000910000;5728762,524000000200000;6,154148983000027;51,675322119000043;0
241664;5;1;66;32;2019;6;7;6;3;1;5;0;1;1;0;0;0;0;314098,387895545920000;5680797,863590298200000;6,336238538000032;51,248203618000048;0
241665;5;1;62;8;2019;6;16;6;3;5;7;0;1;0;0;0;0;0;331851,900999999610000;5661253,202999997900000;6,599509892000071;51,078118691000043;1
241666;5;3;78;16;2019;6;16;1;3;0;7;0;1;0;1;0;0;0;360508,209612469190000;5662437,440888075200000;7,007859482000072;51,096444193000082;0
241669;5;1;62;22;2019;6;11;6;2;4;7;0;1;0;0;0;0;0;338275,361991845070000;5686155,561952695300000;6,679915770000036;51,303709277000053;0
241670;5;1;16;0;2019;6;5;6;3;5;3;0;1;1;0;0;0;0;320214,874917323700000;5672478,105017002700000;6,427954149000072;51,175427211000056;0
241671;5;1;14;0;2019;6;11;6;3;0;1;0;1;0;0;0;0;0;326417,162472271360000;5694188,459987167300000;6,506050933000040;51,372380360000079;0
241672;5;1;14;0;2019;6;18;6;3;5;3;0;1;1;0;0;0;0;331588,313000001010000;5686812,158000001700000;6,583763896000050;51,307669144000045;0
241676;5;1;20;0;2019;6;14;6;3;4;1;0;1;1;0;0;0;0;378414,648000001910000;5672609,063000002900000;7,260018685000034;51,191944840000076;0
241677;5;1;24;0;2019;6;16;6;3;1;7;0;1;1;0;0;0;0;374583,717576478610000;5681777,972504233900000;7,202013704000024;51,273524496000050;0
241680;5;1;13;0;2019;6;14;6;3;5;3;0;1;1;0;0;0;0;361667,344133776610000;5701939,452448910100000;7,009113657000057;51,451717115000065;0
241682;5;1;12;0;2019;6;11;6;3;5;3;0;1;1;0;0;0;0;339987,543917873870000;5702337,727600503700000;6,697169986000063;51,449584589000040;0
241689;5;1;11;0;2019;6;11;6;3;1;5;0;1;1;0;0;0;0;349613,226355738010000;5674431,146588986700000;6,847366569000030;51,201465161000044;0
241694;5;1;11;0;2019;6;10;6;3;6;4;0;1;0;1;0;0;0;346444,107904832810000;5677395,146950697500000;6,800770287000034;51,227255313000057;0
241699;5;7;66;8;2019;6;20;6;2;1;1;0;1;1;0;0;0;0;483030,572531324810000;5770264,325824793400000;8,752357641000060;52,082690902000081;1
241700;5;9;78;40;2019;6;7;6;3;1;5;0;1;0;0;0;0;1;405699,313017725010000;5725302,172419425100000;7,636317767000037;51,670773793000080;0
241701;5;9;78;36;2019;6;12;6;3;0;3;0;1;1;0;0;0;0;408111,529674116520000;5710517,930554090100000;7,675064947000067;51,538275724000073;0
241702;5;9;78;36;2019;6;10;6;3;8;5;0;1;1;0;0;0;0;409274,237412943500000;5712532,303652139400000;7,691305750000026;51,556571633000033;0
241703;5;9;74;28;2019;6;17;6;3;3;7;0;1;1;0;0;0;0;454706,611459548590000;5722855,467832161100000;8,345252583000047;51,654865416000064;0
241704;5;9;74;28;2019;6;12;6;3;4;2;0;1;1;0;0;0;0;455210,235222191550000;5724187,315298089800000;8,352361623000036;51,666880289000062;0
241705;5;9;74;24;2019;6;9;6;3;1;3;0;1;1;0;0;0;0;440529,391680710950000;5724001,815162543200000;8,140137865000042;51,663850400000058;0
241711;5;9;58;4;2019;6;19;6;3;4;5;0;1;1;0;0;0;1;432162,216539905410000;5697225,144118744900000;8,024340180000024;51,422170882000046;1