OBJECTID;ULAND;UREGBEZ;UKREIS;UGEMEINDE;UJAHR;UMONAT;USTUNDE;UWOCHENTAG;UKATEGORIE;UART;UTYP1;ULICHTVERH;IstRad;IstPKW;IstFuss;IstKrad;IstGkfz;IstSonstige;LINREFX;LINREFY;XGCSWGS84;YGCSWGS84;STRZUSTAND
241714;5;9;62;8;2019;6;15;6;2;5;3;0;1;1;0;0;0;0;418833,674645242280000;5686047,244884261900000;7,835237796000058;51,319928825000034;0
241717;5;3;14;0;2019;6;0;1;3;3;7;2;1;0;0;0;0;0;366804,575106412170000;5619455,671882424500000;7,113409722000029;50,711632920000056;0
241718;5;9;15;0;2019;6;11;6;3;0;3;0;1;1;0;0;0;0;419002,524945899840000;5728110,894055532300000;7,827996780000035;51,698098645000073;0
241719;5;9;15;0;2019;6;13;6;3;6;6;0;1;0;1;0;0;0;420538,738836062140000;5722916,359994623800000;7,851402334000056;51,651621224000053;0
241725;5;9;13;0;2019;6;18;6;3;0;7;0;1;0;0;0;0;1;396958,548876309770000;5710240,565785564500000;7,514386907000073;51,533856802000059;0
241726;5;9;13;0;2019;6;17;6;2;0;7;0;1;0;0;0;0;0;393220,853998174890000;5705801,064355816700000;7,461863576000042;51,493257927000059;0
241727;5;9;13;0;2019;6;15;6;3;1;5;0;1;1;0;0;0;0;392379,502549383790000;5707175,873110266400000;7,449329403000036;51,505455771000072;0
241732;5;9;11;0;2019;6;13;6;3;1;5;0;1;1;0;0;0;0;376887,248054594730000;5702997,508256748300000;7,227670861000036;51,464740433000031;0
241734;5;5;70;52;2019;6;7;5;3;5;3;0;1;0;0;0;0;0;430138,419977348300000;5756744,735132444600000;7,983320274000050;51,957008285000029;1
241735;5;5;66;56;2019;6;13;5;3;5;3;0;1;1;0;0;0;0;416992,501000000160000;5797566,405000001200000;7,782084596000061;52,322136264000051;0
241738;5;5;66;76;2019;6;15;5;3;5;7;0;1;1;0;0;0;0;396894,472490235230000;5787710,563446486400000;7,490312952000068;52,230150401000060;0
241739;5;5;66;84;2019;6;13;5;3;3;7;0;1;1;0;0;0;0;386818,088715393100000;5779399,793634187400000;7,345612303000053;52,153483496000035;0
241740;5;5;66;24;2019;6;15;5;3;5;2;0;1;1;0;0;0;0;383541,605000000450000;5771300,311999999000000;7,300513357000057;52,080013667000060;0
241743;5;3;34;28;2019;6;14;5;3;5;3;0;1;1;0;0;0;0;308791,605009991680000;5609212,989986456900000;6,297826627000063;50,603440614000078;0
241748;5;3;66;40;2019;6;19;5;3;5;3;0;1;1;0;0;0;0;344099,450000000190000;5619879,928000003100000;6,791869582000061;50,709800011000027;0
241751;5;3;62;8;2019;6;15;5;3;1;7;0;1;0;0;0;0;1;336898,405193707910000;5650673,020212488200000;6,676250736000043;50,984512015000064;0
241752;5;3;15;0;2019;6;16;5;3;1;5;0;1;1;0;0;0;0;364857,451546252710000;5645747,908837055800000;7,076154801000030;50,947490652000056;0
241753;5;3;15;0;2019;6;20;1;3;5;3;0;1;1;0;0;0;0;360822,685620820150000;5644594,518436180400000;7,019194040000059;50,936164882000071;0
241758;5;3;15;0;2019;6;19;5;3;5;2;0;1;1;0;0;0;0;355113,670720259660000;5642008,575381627300000;6,939024501000063;50,911519521000059;0
241759;5;3;15;0;2019;6;9;5;3;0;1;0;1;0;0;0;0;0;353912,422687992450000;5643227,466903006700000;6,921460869000043;50,922170562000076;0
241760;5;3;15;0;2019;6;14;1;3;6;4;0;1;0;1;0;0;0;362371,847758823070000;5648149,721102934300000;7,039884215000029;50,968488387000036;0
241763;5;3;15;0;2019;6;23;5;2;5;3;2;1;1;0;0;0;0;355855,892145393420000;5644471,300016388300000;6,948601755000027;50,933837500000038;0
241764;5;3;15;0;2019;6;0;5;2;5;3;2;1;1;0;0;0;0;356687,612055693750000;5644911,789027366800000;6,960257163000051;50,938003400000071;1
241765;5;3;14;0;2019;6;8;5;3;2;3;0;1;1;0;0;0;0;369966,895000000480000;5617581,604000002100000;7,158836067000038;50,695504244000062;0
241767;5;1;58;32;2019;6;18;1;2;0;1;0;1;0;0;0;0;0;362333,586531942710000;5689614,564460352100000;7,023476839000068;51,341121648000069;0
241768;5;1;70;52;2019;6;15;5;3;0;3;0;1;1;0;0;0;0;322221,775092156600000;5725331,725476954100000;6,430135333000067;51,650833544000079;0
241769;5;1;70;24;2019;6;7;5;3;5;3;0;1;1;0;0;0;0;337190,224999999630000;5701688,434000002200000;6,657246745000066;51,442953845000034;0
241770;5;1;70;48;2019;6;17;5;3;3;2;0;1;1;0;0;0;0;334705,908203489150000;5727895,533734507900000;6,609210966000035;51,677674766000052;0
241772;5;1;58;16;2019;6;21;5;3;5;2;0;1;1;0;0;0;0;354844,183315666390000;5670569,487457385300000;6,923749007000026;51,168116206000036;0
241773;5;1;54;52;2019;6;15;5;2;0;7;0;1;0;0;0;0;0;309052,741000000390000;5696901,150000002200000;6,255403185000034;51,391172057000063;0
241776;5;1;62;16;2019;6;16;1;3;0;7;0;1;0;0;0;0;0;332687,455921581010000;5674400,176007861300000;6,605321255000035;51,196481202000029;0
241777;5;1;66;24;2019;6;18;5;3;5;3;0;1;1;0;0;0;0;309514,543869473970000;5677903,159874441100000;6,272175142000037;51,220691293000073;0
241779;5;1;16;0;2019;6;15;1;3;0;7;0;1;0;0;0;0;0;322388,006940076130000;5675708,856885725600000;6,457412830000067;51,205129252000063;0
241780;5;1;62;8;2019;6;15;5;3;5;2;0;1;1;0;0;0;0;332736,062197937630000;5663435,041253738100000;6,611110273000065;51,097979916000043;0
241781;5;1;62;16;2019;6;18;5;3;1;5;0;1;1;0;0;0;0;332546,650804935020000;5678423,527068544200000;6,601429418000066;51,232586903000026;0
241782;5;1;14;0;2019;6;20;5;3;1;5;0;1;1;0;0;0;0;330203,603667573070000;5690122,002873722500000;6,562339755000039;51,336992936000058;0
241783;5;1;14;0;2019;6;9;5;2;0;3;0;1;0;0;0;0;0;330079,456693636250000;5689835,174669362600000;6,560696025000027;51,334379034000051;0
241792;5;1;19;0;2019;6;9;5;3;5;2;0;1;1;0;0;0;0;350908,648706073870000;5703952,352955130900000;6,853538230000027;51,467073519000053;0
241801;5;1;12;0;2019;6;4;5;3;6;7;1;1;0;1;0;0;0;343947,710038009100000;5699130,768197720900000;6,755528592000076;51,421875489000058;0
241803;5;1;12;0;2019;6;15;5;3;5;3;0;1;1;0;0;0;0;343604,367682239970000;5706821,590712687000000;6,747193799000058;51,490881743000045;0
241805;5;1;11;0;2019;6;8;5;3;5;3;0;1;1;0;0;0;0;349389,447322507390000;5675869,293312998500000;6,843562121000048;51,214329118000080;0
241807;5;1;11;0;2019;6;15;5;3;5;3;0;1;1;0;0;0;0;344454,152971134520000;5676553,335985327100000;6,772658347000061;51,219152528000052;0
241809;5;7;54;36;2019;6;7;5;3;5;2;0;1;0;0;0;0;1;474629,628690272570000;5749629,528171924900000;8,631288080000047;51,896846532000040;0
241811;5;7;54;28;2019;6;18;5;3;3;6;0;1;0;0;0;0;0;452212,368645407260000;5742977,031538918600000;8,306434502000059;51,835565700000075;0
241812;5;7;54;8;2019;6;20;5;2;6;6;0;1;0;1;0;0;0;457423,597503895870000;5751592,882582059100000;8,380999879000058;51,913449221000064;0
241813;5;7;66;44;2019;6;16;5;3;0;7;0;1;0;0;0;0;0;491511,676774518560000;5762587,846429782000000;8,876316367000072;52,013867754000046;0
241816;5;9;74;52;2019;6;14;5;3;5;3;0;1;1;0;0;0;0;423313,511847531420000;5712637,670898187900000;7,893751108000060;51,559602380000058;0
241820;5;9;54;16;2019;6;20;5;3;0;1;0;1;0;0;0;0;0;373241,128814651630000;5695932,741847459200000;7,177738119000026;51,400442549000047;0
241821;5;9;62;48;2019;6;12;5;3;5;2;0;1;1;0;0;0;0;414474,119966127910000;5681607,954104226100000;7,773755768000058;51,279380949000029;0
241823;5;9;62;32;2019;6;19;5;3;0;3;0;1;1;0;0;0;0;402524,923287188630000;5675822,493885152000000;7,604059050000046;51,225453651000066;0
241825;5;9;13;0;2019;6;19;5;3;1;2;0;1;1;0;0;0;0;396095,493000000720000;5704884,815000003200000;7,503526590000035;51,485557698000036;1
241829;5;5;66;40;2019;6;11;4;3;5;3;0;1;1;0;0;0;0;420367,002161414360000;5783492,212454097300000;7,834905460000073;52,196127639000053;1
241830;5;5;66;28;2019;6;17;4;3;5;3;0;1;1;0;0;0;0;413189,572046737190000;5794267,101912353200000;7,727152179000029;52,291892919000077;0
241831;5;5;66;76;2019;6;10;4;3;5;3;0;1;1;0;0;0;0;393619,258999999610000;5793708,530999999500000;7,440485742000021;52,283432577000042;0
241832;5;5;58;16;2019;6;13;4;3;5;2;0;1;1;0;0;0;0;381521,213665911000000;5743851,331000788100000;7,280509409000047;51,832902354000055;1
241833;5;5;54;4;2019;6;19;4;3;6;4;0;1;0;1;0;0;0;364231,801656586120000;5771063,606487682100000;7,018987355000036;52,073488688000054;0
241834;5;5;54;4;2019;6;17;4;3;5;3;0;1;0;0;0;0;1;363062,474000000390000;5771677,354000000300000;7,001690396000072;52,078715534000082;0
241835;5;5;54;8;2019;6;16;4;3;0;1;0;1;0;0;0;0;0;338861,549594677980000;5746905,430718492700000;6,660447373000068;51,849664283000038;1
241836;5;5;54;8;2019;6;16;4;3;4;1;0;1;0;0;0;0;0;333895,892007815650000;5745833,577901577600000;6,588934146000042;51,838580293000064;0
241837;5;5;54;8;2019;6;13;4;2;5;2;0;1;1;0;0;0;0;336799,130318689160000;5746919,634773621300000;6,630524082000022;51,849192801000072;1
241838;5;5;54;12;2019;6;18;4;3;0;7;0;1;0;0;0;0;1;357613,236000001430000;5743755,230999998700000;6,933793934000050;51,826456667000059;0
241840;5;5;15;0;2019;6;6;4;3;0;7;0;1;1;0;0;0;0;406366,845604337750000;5757244,758518366100000;7,637333978000072;51,958008239000037;0
241842;5;5;15;0;2019;6;17;4;3;5;3;0;1;1;0;0;0;0;409784,753619759340000;5753871,963738914600000;7,687946220000072;51,928256299000054;0
241843;5;5;15;0;2019;6;19;4;3;5;3;0;1;0;0;0;0;0;405142,444196035150000;5751290,726630082400000;7,621161984000025;51,904283164000049;1
241845;5;5;62;20;2019;6;15;4;3;5;3;0;1;1;0;0;0;0;369446,240000000220000;5719578,004000000700000;7,114461309000035;51,612078699000051;1
241847;5;5;62;32;2019;6;18;4;3;1;5;0;1;1;0;0;0;0;375550,422118043530000;5715582,736368514600000;7,203991016000032;51,577555077000056;0
241849;5;3;58;8;2019;6;19;4;3;5;3;0;1;1;0;0;0;0;321771,390352920630000;5626448,191723803100000;6,472752887000070;50,762394843000038;0
241853;5;3;82;44;2019;6;8;4;3;5;3;0;1;1;0;0;0;0;361017,899849249050000;5633009,444065921000000;7,026376166000034;50,832093105000069;0
241854;5;1;54;36;2019;6;16;5;3;5;3;0;1;1;0;0;0;0;302977,704404477030000;5741689,369240690000000;6,143056310000077;51,791316280000046;0
241856;5;3;82;68;2019;6;17;4;3;0;7;0;1;0;0;0;0;1;367342,641475968990000;5629948,504341526000000;7,117244949000053;50,806065789000058;0
241858;5;3;62;24;2019;6;19;4;3;0;7;0;1;0;0;0;0;0;344339,117744972000000;5642531,560151793100000;6,785653918000037;50,913414038000042;0
241861;5;3;15;0;2019;6;12;4;2;5;2;0;1;0;0;0;0;1;354121,930852802470000;5648889,692676551600000;6,922171440000057;50,973108118000027;1
241863;5;3;14;0;2019;6;17;4;3;0;1;0;1;0;0;0;0;0;368758,843231704090000;5616736,067181734400000;7,142040902000076;50,687633010000070;0
241864;5;3;14;0;2019;6;9;4;3;0;1;0;1;0;0;0;0;0;370592,196318220350000;5617861,218862224400000;7,167587030000050;50,698156990000030;0
241867;5;3;14;0;2019;6;14;4;3;0;3;0;1;1;0;0;0;0;363004,101733283140000;5619599,559880647800000;7,059558587000026;50,712042905000033;0
241870;5;3;14;0;2019;6;12;4;2;0;3;0;1;0;0;0;0;1;364003,458561799490000;5623650,017649238900000;7,072211047000053;50,748682387000031;1
241872;5;3;15;0;2019;6;7;5;3;0;1;0;1;0;0;0;0;0;357776,741710981350000;5644170,538139116000000;6,976037482000038;50,931611438000061;0
241873;5;1;54;12;2019;6;10;4;3;5;3;0;1;1;0;0;0;0;313858,687964378860000;5710701,427632618700000;6,317138523000040;51,516722278000032;0
241875;5;1;62;24;2019;6;18;4;2;5;2;0;1;0;0;0;0;0;344331,203000001610000;5671339,422000000300000;6,773159800000030;51,172269953000068;0
241883;5;3;15;0;2019;6;15;5;3;1;5;0;1;1;0;0;0;0;358656,971168942750000;5637152,483100079000000;6,991272281000022;50,868755745000044;0
241884;5;1;12;0;2019;6;13;4;3;5;2;0;1;1;0;0;0;0;343131,269670215440000;5702076,825861258400000;6,742490657000076;51,448120014000040;1
241886;5;1;11;0;2019;6;12;4;3;1;1;0;1;1;0;0;0;0;343194,243054595780000;5675824,949672525700000;6,754950316000077;51,212263160000077;0
241889;5;1;11;0;2019;6;20;4;2;6;2;0;1;0;1;0;0;0;341849,350568843070000;5685276,796137115000000;6,731533611000032;51,296817771000065;0
241890;5;1;11;0;2019;6;15;4;2;6;7;0;1;0;1;0;0;0;345985,385766956020000;5677610,005667798200000;6,794113337000056;51,229062328000055;0
241892;5;1;58;20;2019;6;19;5;3;5;3;0;1;1;0;0;0;0;356906,208972427060000;5664833,299536963900000;6,955502391000039;51,117087305000041;1
241893;5;7;70;20;2019;6;7;4;3;0;6;0;1;1;0;0;0;0;473325,424543781210000;5795317,414556387800000;8,608756513000060;52,307546861000048;0
241894;5;7;58;8;2019;6;14;4;3;5;1;0;1;1;0;0;0;0;467715,816999998870000;5777719,349000003200000;8,528161780000062;52,149033769000027;1
241896;5;7;54;28;2019;6;16;4;3;5;3;0;1;1;0;0;0;0;450897,967000001110000;5745918,453000001600000;8,286941730000024;51,861896512000044;1
241901;5;9;74;28;2019;6;16;4;3;5;3;0;1;1;0;0;0;0;455004,614000000990000;5725108,771000001600000;8,349269941000046;51,675148560000082;0
241902;5;9;74;28;2019;6;15;4;3;1;6;0;1;1;0;0;0;0;453507,025516364720000;5724059,793678129100000;8,327752795000038;51,665595396000072;1
241903;5;9;74;8;2019;6;12;4;3;1;1;0;1;1;0;0;0;0;443738,247788386420000;5713209,045388437800000;8,188261190000048;51,567146911000066;1
241907;5;9;14;0;2019;6;16;4;3;3;1;0;1;1;0;0;0;0;390412,132309937850000;5689457,312869591600000;7,426474250000069;51,345815519000041;1
241908;5;9;14;0;2019;6;19;4;3;0;7;0;1;0;0;0;0;0;394206,551391572690000;5689837,808811919800000;7,480822660000058;51,349954725000032;0
241910;5;9;14;0;2019;6;15;4;3;5;3;0;1;1;0;0;0;0;392388,760868153530000;5693074,660183301200000;7,453749898000069;51,378708351000057;0
241920;5;5;70;28;2019;6;15;3;3;0;7;0;1;0;0;0;0;0;441203,717978189700000;5742247,514665303800000;8,146801801000038;51,827956678000078;0
241921;5;5;70;48;2019;6;6;3;2;5;3;0;1;1;0;0;0;0;442770,762000001040000;5732018,940000003200000;8,171225447000040;51,736160954000070;1
241922;5;5;66;92;2019;6;18;3;2;0;1;0;1;0;0;0;0;0;423363,795844443140000;5796387,993794450500000;7,875814612000056;52,312470480000059;0
241923;5;5;66;76;2019;6;5;3;2;5;3;1;1;1;0;0;0;0;392187,959999999960000;5792995,227000000000000;7,419739963000041;52,276743144000079;1
241924;5;5;66;84;2019;6;16;3;3;5;3;0;1;0;0;0;0;0;388948,146502866410000;5775548,071799349000000;7,377991943000041;52,119300023000051;0
241925;5;3;15;0;2019;6;11;5;3;3;2;0;1;1;0;0;0;0;359135,665482150390000;5650117,705002693500000;6,993061488000024;50,985392401000070;0
241928;5;5;62;12;2019;6;10;3;3;9;1;0;1;0;0;0;0;0;359460,572999999860000;5726072,385000001600000;6,967728171000033;51,668032260000075;0
241930;5;1;66;4;2019;6;7;5;3;5;2;0;1;1;0;0;0;0;304555,767313838940000;5684729,256217550500000;6,197526331000063;51,280323148000036;0
241934;5;3;58;24;2019;6;10;3;3;8;1;0;1;0;0;0;0;0;316013,226384672340000;5643994,435348069300000;6,382382541000027;50,918222550000053;0
241938;5;3;34;2;2019;6;17;3;3;5;3;0;1;1;0;0;0;0;299774,816313942890000;5628373,411382878200000;6,160184501000060;50,772515283000075;0
241939;5;3;82;56;2019;6;15;3;2;5;3;0;1;1;0;0;0;0;372458,611883498730000;5627619,542614515900000;7,190623220000020;50,786281218000056;0
241941;5;3;62;40;2019;6;13;3;3;0;7;0;1;0;0;0;0;0;357750,845948157830000;5632085,518093587800000;6,980371047000062;50,822995948000028;0
241945;5;3;15;0;2019;6;18;3;3;5;3;0;1;1;0;0;0;0;359556,945000001230000;5644985,653999999200000;7,001040612000054;50,939373204000049;0
241947;5;3;15;0;2019;6;15;3;2;0;1;0;1;0;0;0;0;0;357197,643234621730000;5650183,460449446000000;6,965442530000075;50,985505862000082;0
241948;5;3;15;0;2019;6;18;3;3;2;6;0;1;1;0;0;0;0;350842,458974139760000;5644399,548836160500000;6,877333521000026;50,931917958000042;0
241950;5;3;15;0;2019;6;18;3;3;0;1;0;1;0;0;0;0;0;357293,588132387030000;5641557,869478119500000;6,970188619000055;50,908012117000055;0
241953;5;3;15;0;2019;6;15;3;3;1;5;0;1;1;0;0;0;0;354189,385121819560000;5641972,859024884200000;6,925900197000033;50,910965798000063;0
241954;5;3;15;0;2019;6;18;3;3;1;5;0;1;1;0;0;0;0;355620,358381142840000;5644895,799693558400000;6,945083851000049;50,937593483000057;0
241955;5;3;15;0;2019;6;10;3;3;0;7;0;1;0;0;0;0;0;356411,173756051810000;5645665,299543289500000;6,956028328000059;50,944706329000041;0
241956;5;3;14;0;2019;6;22;3;3;3;7;2;1;1;0;0;0;0;370709,280179455880000;5615938,092896021900000;7,169916882000052;50,680897230000028;0
241958;5;1;58;16;2019;6;17;3;3;5;3;0;1;1;0;0;0;0;353494,217526062390000;5670714,001337792700000;6,904394535000051;51,169070652000073;0
241959;5;1;54;8;2019;6;17;3;3;5;3;0;1;1;0;0;0;0;312103,736639284530000;5746996,786860570300000;6,272345195000071;51,842121887000076;0
241963;5;1;54;8;2019;6;7;5;3;5;3;0;1;1;0;0;0;0;309972,715229438620000;5746991,790472680700000;6,241450784000051;51,841355988000032;0
241965;5;1;14;0;2019;6;16;3;3;6;4;0;1;0;1;0;0;0;330857,031518388540000;5689886,858865538600000;6,571823214000062;51,335075184000061;0
241973;5;1;11;0;2019;6;16;3;3;0;1;0;1;0;0;0;0;0;344414,952000000510000;5674061,164999999100000;6,773178177000034;51,196748749000051;0
241978;5;7;54;8;2019;6;6;3;3;5;3;0;1;1;0;0;0;0;458267,653310261670000;5748778,190240547100000;8,393611308000061;51,888207321000039;1
241979;5;7;54;4;2019;6;16;3;2;0;1;0;1;0;0;0;0;0;452584,197111891580000;5772474,663372851900000;8,307756564000044;52,100791559000072;0
241980;5;7;11;0;2019;6;18;3;3;5;3;0;1;1;0;0;0;0;464688,372823864220000;5759615,308490274500000;8,485790005000069;51,986084263000066;0
241982;5;9;78;28;2019;6;15;3;3;3;6;0;1;1;0;0;0;0;399325,014346235430000;5700857,004791421800000;7,551170503000037;51,449936297000079;0
241983;5;9;78;28;2019;6;13;3;3;5;2;0;1;1;0;0;0;0;400123,357000001710000;5700063,777000000700000;7,562879563000024;51,442947374000028;0
241987;5;3;14;0;2019;6;17;5;3;3;6;0;1;1;0;0;0;0;367554,883601757700000;5622588,033645818000000;7,122906078000028;50,739958334000050;0
241990;5;9;13;0;2019;6;16;3;2;0;3;0;1;0;0;0;0;0;388056,352283477780000;5714607,354749159900000;7,384701158000041;51,571410822000075;0
241991;5;3;15;0;2019;6;9;5;3;0;1;0;1;0;0;0;0;0;355257,310987205240000;5642307,473987810300000;6,940947772000072;50,914241708000077;0
241997;5;5;66;12;2019;6;17;2;2;0;7;0;1;0;0;0;0;0;404814,948326639830000;5772323,037089902900000;7,610561646000065;52,093272559000070;0
241998;5;5;66;8;2019;6;0;2;3;0;5;0;1;0;0;0;0;0;399279,571244445630000;5782467,259916545800000;7,526782987000047;52,183466774000067;0
241999;5;5;58;24;2019;6;0;2;2;0;1;2;1;0;0;0;0;0;393160,671157019210000;5735415,027336854500000;7,451962505000040;51,759424775000070;0
242000;5;5;58;16;2019;6;20;2;2;9;1;0;1;0;0;0;0;0;382209,895570225080000;5743465,212169513100000;7,290630895000049;51,829577878000066;1
242001;5;1;58;26;2019;6;16;5;3;5;3;0;1;1;0;0;0;0;352166,764999999660000;5661811,282999998000000;6,889072290000058;51,088727640000059;0
242002;5;5;15;0;2019;6;14;2;2;0;7;0;1;0;0;0;0;0;398612,819000001070000;5758014,100999999800000;7,524299560000031;51,963563387000079;0
242003;5;5;62;8;2019;6;15;2;3;0;5;0;1;1;0;0;0;0;385623,349969181230000;5723998,003893895100000;7,346544944000073;51,655323886000076;0
242005;5;3;70;36;2019;6;14;2;3;0;1;0;1;0;0;0;0;0;301541,328852483070000;5666537,914803851400000;6,164414278000038;51,115902305000077;0
242009;5;3;34;2;2019;6;17;2;2;0;7;0;1;0;0;0;0;0;299561,218639797530000;5624613,315505407800000;6,159205772000064;50,738669066000057;0
242010;5;3;34;2;2019;6;15;2;2;6;7;0;1;0;1;0;0;0;295138,496129048060000;5629280,070953939100000;6,094011313000067;50,779039620000049;0
242011;5;3;82;20;2019;6;16;2;3;5;3;0;1;1;0;0;0;0;379352,959999999960000;5625702,800999999000000;7,289011545000051;50,770527749000053;0
242012;5;3;62;40;2019;6;9;2;3;0;7;0;1;0;0;0;0;0;358012,046225331720000;5631306,112225154400000;6,984378756000069;50,816055377000055;0
242014;5;1;66;12;2019;6;18;5;3;0;1;0;1;0;0;0;0;0;320667,985957093540000;5692421,662810156100000;6,424428903000035;51,354723110000066;0
242015;5;3;15;0;2019;6;10;2;3;1;6;0;1;1;0;0;0;0;352482,773265657020000;5644929,955244090400000;6,900445345000037;50,937106344000028;0
242022;5;1;13;0;2019;6;16;2;2;3;1;0;1;1;0;0;0;0;358944,126803622580000;5702273,815591940700000;6,969813930000044;51,454049913000063;0
242031;5;7;58;8;2019;6;19;2;3;0;1;0;1;0;0;0;0;0;466267,717042335310000;5776547,522371880700000;8,507114733000037;52,138412016000075;1
242033;5;7;54;4;2019;6;12;2;3;5;3;0;1;1;0;0;0;0;452900,984710391610000;5772825,881432980300000;8,312332558000037;52,103976126000077;0
242035;5;9;58;40;2019;6;11;2;3;0;1;0;1;1;0;0;0;0;455754,250167444350000;5667515,628411781000000;8,367300175000025;51,157370773000082;0
242040;5;9;54;36;2019;6;13;2;3;1;5;0;1;1;0;0;0;0;383911,623276929370000;5699640,174558766200000;7,329847680000057;51,436049303000061;0
242041;5;9;11;0;2019;6;16;2;3;0;1;0;1;0;0;0;0;0;382998,370275645520000;5703993,056808540600000;7,315274915000032;51,474984736000067;0
242047;5;5;62;20;2019;6;15;1;3;4;6;0;1;0;0;0;0;1;371503,546329010280000;5715079,526006622200000;7,145804525000074;51,572124790000032;0
242051;5;1;54;16;2019;6;13;5;3;6;6;0;1;0;1;0;0;0;303694,047714575190000;5729278,710631731900000;6,160429169000054;51,680116805000068;0
242052;5;1;54;8;2019;6;20;1;3;0;7;0;1;0;0;0;0;1;309689,907770162450000;5746038,201032513800000;6,237874978000036;51,832695742000055;0
242053;5;1;66;28;2019;6;12;1;3;2;3;0;1;0;0;1;0;0;323815,174525344740000;5688133,442056899900000;6,471702391000065;51,317185652000035;0
242054;5;1;66;8;2019;6;14;1;3;2;6;0;1;1;0;0;0;0;314559,588169574740000;5690314,129196789100000;6,337897729000076;51,333832209000036;0
242058;5;1;17;0;2019;6;10;1;2;7;1;0;1;0;0;0;0;0;353744,099000001330000;5703965,156999999700000;6,894324860000040;51,467928467000036;0
242061;5;1;12;0;2019;6;15;1;3;8;6;0;1;0;0;0;0;0;347382,662999998780000;5696256,438000001000000;6,806130422000024;51,396984115000066;0
242064;5;1;12;0;2019;6;19;1;3;5;7;0;1;1;0;0;0;0;342399,906974053940000;5712715,344316039200000;6,727223391000052;51,543500523000034;0
242065;5;1;12;0;2019;6;16;1;3;0;5;0;1;1;0;0;0;0;342180,705612421970000;5703139,165578721100000;6,728348631000074;51,457400750000033;0
242066;5;1;11;0;2019;6;0;1;3;5;3;2;1;1;0;0;0;0;342828,263077327050000;5682273,142548812600000;6,746884660000035;51,270100710000065;0
242069;5;7;54;44;2019;6;16;1;3;5;3;0;1;1;0;0;0;0;463182,085856336170000;5749013,747417904400000;8,464991363000024;51,890671431000044;0
242071;5;9;70;44;2019;6;19;1;2;0;1;0;1;0;0;0;0;0;437762,727565565150000;5630471,871792772800000;8,116402785000048;50,822619804000055;0
242074;5;9;66;4;2019;6;17;1;2;0;1;0;1;0;0;0;0;0;427967,998130171560000;5665232,910434903600000;7,970478045000050;51,134023690000049;0
242076;5;9;66;24;2019;6;10;1;2;4;1;0;1;0;0;0;0;0;421066,509999999780000;5655589,752000002200000;7,873965192000071;51,046415933000048;0
242078;5;9;58;8;2019;6;14;1;3;0;7;0;1;0;0;0;0;0;456630,473069040100000;5689945,570908557600000;8,377109426000061;51,359118296000076;0
242079;5;9;58;32;2019;6;11;1;3;5;3;0;1;1;0;0;0;0;449225,332000001330000;5689349,787000002300000;8,270847440000068;51,353147803000070;0
242083;5;9;13;0;2019;6;2;1;3;0;1;2;1;0;0;0;0;0;392907,472023793500000;5710158,408265916600000;7,456027372000051;51,532364389000065;0
242084;5;9;11;0;2019;6;15;1;3;0;6;0;1;1;0;0;0;0;382543,479407730510000;5703768,174997638900000;7,308802692000029;51,472869272000082;0
242085;5;5;70;16;2019;6;14;7;3;0;7;0;1;0;0;0;0;0;413091,132000001150000;5739405,502000002200000;7,739659808000056;51,798743562000027;0
242087;5;5;13;0;2019;6;18;1;2;5;3;0;1;1;0;0;0;0;367679,488743522200000;5706487,189807409400000;7,093884901000024;51,494023626000057;0
242089;5;5;66;12;2019;6;11;7;3;0;3;0;1;1;0;0;0;0;400773,244000000880000;5776389,842000000200000;7,550398784000038;52,129114671000082;1
242092;5;5;15;0;2019;6;11;7;2;5;3;0;1;0;0;0;0;0;404574,692223162390000;5754023,861717980400000;7,612154451000038;51,928752850000080;1
242093;5;5;15;0;2019;6;7;7;3;1;7;0;1;1;0;0;0;0;404767,859676751310000;5758871,299064623200000;7,613619762000042;51,972356650000052;0
242094;5;5;15;0;2019;6;9;7;3;3;7;0;1;1;0;0;0;0;406617,558053249490000;5761320,492119880400000;7,639872462000028;51,994684974000052;0
242099;5;3;58;4;2019;6;18;7;3;6;4;0;1;0;1;0;0;0;307626,702136098410000;5640395,719753826000000;6,265103682000074;50,883163065000076;0
242101;5;3;34;2;2019;6;10;7;3;5;3;0;1;1;0;0;0;0;293992,012637099250000;5627541,587441798300000;6,078744248000021;50,763019964000080;0
242102;5;3;82;56;2019;6;15;7;3;0;7;0;1;0;0;0;0;1;368519,525224084030000;5626899,490474654400000;7,135029714000041;50,778929388000051;0
242103;5;3;82;28;2019;6;17;7;3;5;3;0;1;1;0;0;0;0;378710,331000001170000;5632916,254999999000000;7,277519356000028;50,835233620000054;0
242104;5;3;78;32;2019;6;12;7;2;3;6;0;1;0;0;0;0;0;371986,463080914690000;5663544,712838308900000;7,171299069000042;51,109073601000034;1
242105;5;3;78;12;2019;6;13;7;2;0;1;0;1;0;0;0;0;0;374434,995274541900000;5655741,765202393800000;7,208968559000027;51,039482520000035;0
242106;5;3;66;40;2019;6;15;7;2;5;3;0;1;1;0;0;0;0;347519,233000000940000;5624496,323000000800000;6,838359998000044;50,752192358000059;0