OBJECTID;ULAND;UREGBEZ;UKREIS;UGEMEINDE;UJAHR;UMONAT;USTUNDE;UWOCHENTAG;UKATEGORIE;UART;UTYP1;ULICHTVERH;IstRad;IstPKW;IstFuss;IstKrad;IstGkfz;IstSonstige;LINREFX;LINREFY;XGCSWGS84;YGCSWGS84;STRZUSTAND
242107;5;3;62;28;2019;6;17;7;3;5;3;0;1;1;0;0;0;0;352870,301588932050000;5639943,101097669500000;6,907967978000045;50,892390351000074;0
242108;5;3;62;36;2019;6;17;7;2;0;3;0;1;0;0;0;0;0;345562,972575424240000;5651634,477305909600000;6,799188130000061;50,995541095000078;0
242116;5;3;15;0;2019;6;13;7;2;0;1;0;1;0;0;0;0;0;356755,958173376510000;5642042,041432073300000;6,962356652000040;50,912230188000080;0
242117;5;3;15;0;2019;6;1;7;2;0;1;2;1;0;0;0;0;0;354854,253066057340000;5643809,724532052900000;6,934620153000026;50,927640873000030;1
242119;5;3;14;0;2019;6;1;7;3;0;1;2;1;0;0;0;0;0;368148,913000000640000;5620086,690999999600000;7,132214713000053;50,717611111000053;1
242124;5;1;14;0;2019;6;19;7;3;0;1;0;1;0;0;0;0;0;329450,384559545670000;5690988,136859504500000;6,551121988000034;51,344548639000038;0
242128;5;1;24;0;2019;6;0;7;2;0;1;2;1;0;0;0;0;0;373514,125406538140000;5682118,112749595200000;7,186567697000044;51,276345106000065;1
242134;5;1;12;0;2019;6;22;7;3;1;1;2;1;1;0;0;0;0;343004,267138243650000;5710348,780317721900000;6,736986722000040;51,522406199000045;0
242138;5;1;11;0;2019;6;5;7;2;1;1;1;1;1;0;0;0;0;343708,805093145000000;5678387,344866277600000;6,761194238000030;51,235428068000033;1
242140;5;7;54;44;2019;6;19;7;3;9;1;0;1;0;0;0;0;0;466254,846338525410000;5747302,740733269600000;8,509807779000028;51,875482610000063;0
242141;5;7;66;48;2019;6;12;7;2;2;6;0;1;1;0;0;0;0;479139,687522009020000;5762545,081153674100000;8,696048245000043;52,013156084000059;0
242143;5;7;66;20;2019;6;11;7;3;5;3;0;1;1;0;0;0;0;491042,905578363690000;5755406,872363081200000;8,869673407000050;51,949296509000078;0
242145;5;7;11;0;2019;6;10;7;3;5;2;0;1;0;0;0;0;1;471268,058000002060000;5755017,001000002000000;8,581985474000021;51,945121252000035;0
242148;5;9;74;28;2019;6;10;7;3;5;3;0;1;1;0;0;0;0;454517,144885479470000;5725267,436531754200000;8,342199920000041;51,676535837000074;0
242152;5;9;54;16;2019;6;16;7;3;4;6;0;1;0;0;0;0;0;374424,021781142800000;5696790,281922958800000;7,194430484000066;51,408412714000065;0
242153;5;9;15;0;2019;6;20;7;3;5;7;0;1;1;0;0;0;0;415846,234758643430000;5725448,083849653600000;7,782979427000043;51,673697151000056;0
242156;5;3;82;56;2019;6;19;1;3;7;7;0;1;0;1;0;0;0;371610,414313339630000;5625942,722646990800000;7,179182203000039;50,771022243000061;0
242158;5;9;13;0;2019;6;13;7;3;0;6;0;1;0;1;0;0;0;396818,281651478260000;5705129,732425745600000;7,513861116000044;51,487891534000028;0
242160;5;9;13;0;2019;6;12;7;3;0;2;0;1;1;0;0;0;0;398900,284239440230000;5712802,901531083500000;7,541636007000022;51,557240060000026;0
242162;5;9;13;0;2019;6;9;7;3;3;6;0;1;1;0;0;0;0;393500,484297279270000;5709883,389875108400000;7,464656802000036;51,530004578000046;1
242166;5;9;16;0;2019;6;20;7;3;0;1;0;1;1;0;0;0;0;376238,157933034930000;5711222,472051207000000;7,215445727000031;51,538519629000064;0
242168;5;5;66;60;2019;6;8;6;2;0;1;0;1;0;0;0;0;0;390818,032570937650000;5786272,750647315800000;7,401841325000021;52,216057380000052;0
242169;5;5;66;68;2019;6;15;6;3;0;2;0;1;1;0;0;0;0;376099,101000000720000;5785147,701000003100000;7,186913637000032;52,202834289000066;0
242170;5;5;54;68;2019;6;4;6;3;5;3;1;1;0;0;0;0;1;350611,883042193020000;5766829,954681782100000;6,822256540000069;52,031945738000047;0
242171;5;5;54;56;2019;6;9;6;3;5;3;0;1;1;0;0;0;0;356313,557929808270000;5762246,894068747800000;6,907235745000037;51,992273703000080;0
242172;5;5;54;16;2019;6;23;6;3;5;3;2;1;1;0;0;0;0;363678,854597412050000;5757158,464971048800000;7,016458880000073;51,948407726000028;0
242176;5;5;62;36;2019;6;7;6;3;1;7;0;1;1;0;0;0;0;390046,221943466920000;5719927,221662070600000;7,411734881000029;51,619618051000032;0
242177;5;5;62;16;2019;6;16;6;3;0;5;0;1;1;0;0;0;0;374582,934316075410000;5733711,198422085500000;7,183531937000055;51,740260708000051;0
242178;5;5;62;14;2019;6;14;6;3;5;3;0;1;1;0;0;0;0;359019,682891665030000;5715941,395917216300000;6,965434126000048;51,576886224000077;0
242179;5;5;62;20;2019;6;11;6;2;5;3;0;1;1;0;0;0;0;371088,099015800280000;5717820,094546010700000;7,138806733000024;51,596659034000027;0
242180;5;5;13;0;2019;6;13;6;2;1;5;0;1;1;0;0;0;0;364463,856914040630000;5715718,676932742800000;7,044037719000073;51,576220094000064;0
242182;5;3;70;4;2019;6;15;6;3;0;7;0;1;0;0;0;0;1;311738,361804503020000;5661284,778346281500000;6,312671755000054;51,072156891000077;0
242184;5;3;78;4;2019;6;14;1;2;1;1;0;1;1;0;0;0;0;367305,478801055810000;5649636,143470645000000;7,109565370000041;50,983005498000068;0
242186;5;3;34;2;2019;6;16;6;3;0;2;0;1;1;0;0;0;0;294532,528510372150000;5631143,130440961600000;6,084385995000048;50,795557749000068;0
242188;5;3;78;4;2019;6;14;6;3;4;6;0;1;1;0;0;0;0;368878,505992275660000;5651114,469519099200000;7,131429107000031;50,996652705000031;0
242189;5;3;74;44;2019;6;11;1;2;0;1;0;1;0;0;0;0;0;402497,085036870090000;5635983,690831244000000;7,614388865000024;50,867306981000070;0
242192;5;3;16;0;2019;6;12;6;3;5;2;0;1;1;0;0;0;0;363104,131058994680000;5655292,945079665600000;7,047613485000056;51,032861043000025;0
242195;5;3;74;44;2019;6;22;1;3;0;1;2;1;0;0;0;0;0;402543,203573371280000;5636775,821329463300000;7,614832965000062;50,874436067000033;0
242197;5;3;15;0;2019;6;18;6;3;4;3;0;1;0;0;0;0;1;352749,642795985560000;5644712,600261341800000;6,904328706000058;50,935221272000035;0
242198;5;3;15;0;2019;6;7;6;2;5;3;0;1;1;0;0;0;0;356436,613000000830000;5636024,790000001000000;6,960180818000026;50,858074004000059;0
242199;5;3;15;0;2019;6;10;6;3;1;3;0;1;1;0;0;0;0;354723,858275467530000;5642268,213709637500000;6,933379985000045;50,913754853000057;0
242200;5;3;15;0;2019;6;19;6;3;0;1;0;1;0;0;0;0;0;354678,057133486490000;5642271,664288623300000;6,932727521000061;50,913774332000060;0
242201;5;3;15;0;2019;6;17;6;3;2;6;0;1;1;0;0;0;0;356855,673823747780000;5641273,796676781000000;6,964075464000075;50,905350743000042;0
242202;5;3;15;0;2019;6;12;6;3;0;1;0;1;0;0;0;0;0;356182,930487759410000;5642811,842859447000000;6,953907427000047;50,919005813000069;0
242206;5;3;14;0;2019;6;9;6;3;5;3;0;1;1;0;0;0;0;366467,785128809510000;5620917,829434126600000;7,108112967000068;50,724697568000067;0
242209;5;3;14;0;2019;6;16;6;2;6;4;0;1;0;1;0;0;0;366409,100019905720000;5622192,738873338300000;7,106820040000059;50,736142970000060;0
242210;5;3;14;0;2019;6;8;6;3;3;6;0;1;0;0;0;0;0;364126,307962923310000;5621196,335787311200000;7,074856065000063;50,726657896000063;0
242215;5;1;58;16;2019;6;15;6;3;0;7;0;1;0;0;0;0;1;355414,352816101160000;5669291,881764804900000;6,932412312000054;51,156779563000043;0
242219;5;1;54;36;2019;6;8;6;3;0;3;0;1;1;0;0;0;0;301812,350254938940000;5740591,512209352100000;6,126807738000025;51,781045981000034;0
242220;5;1;54;36;2019;6;7;6;3;5;2;0;1;1;0;0;0;0;301095,992371233180000;5740288,681465081900000;6,116610105000063;51,778072478000070;0
242221;5;1;54;36;2019;6;13;6;3;0;3;0;1;0;0;0;0;0;301891,432000000960000;5743240,189000001200000;6,126440169000034;51,804859004000036;0
242222;5;3;15;0;2019;6;18;1;3;5;3;0;1;0;0;0;0;0;360898,645000000480000;5646708,837000003100000;7,019466874000045;50,955185032000031;0
242223;5;1;66;32;2019;6;16;6;3;0;2;0;1;1;0;0;0;0;317876,429581200700000;5680954,620043369000000;6,390233017000071;51,250830550000046;0
242224;5;1;62;24;2019;6;15;6;3;5;2;0;1;1;0;0;0;0;337410,959045600150000;5675737,902637759200000;6,672260190000031;51,209863907000056;0
242225;5;1;62;24;2019;6;16;6;2;5;3;0;1;1;0;0;0;0;338050,406475232910000;5675418,793827306500000;6,681550962000074;51,207178450000072;0
242229;5;1;16;0;2019;6;14;6;3;6;6;0;1;0;1;0;0;0;324654,382594115100000;5669925,363321710400000;6,492645120000020;51,153872844000034;0
242230;5;1;14;0;2019;6;11;6;3;0;1;0;1;1;0;0;0;0;331553,991936768410000;5687551,458919314700000;6,582922814000028;51,314300876000061;0
242234;5;1;17;0;2019;6;19;6;3;0;7;0;1;0;0;0;0;0;354517,135014005010000;5700862,022045783700000;6,906722641000044;51,440243613000064;0
242236;5;1;13;0;2019;6;13;6;3;6;4;0;1;0;1;0;0;0;362695,783529128880000;5700311,676881762200000;7,024536973000068;51,437339494000071;0
242237;5;1;12;0;2019;6;15;6;3;3;6;0;1;0;0;0;0;0;343729,900999999610000;5700137,998999999800000;6,751954232000060;51,430865369000060;0
242240;5;1;11;0;2019;6;6;6;3;5;2;0;1;1;0;0;0;0;342955,211439309640000;5675913,928737888100000;6,751491873000020;51,212996977000046;0
242244;5;1;11;0;2019;6;14;6;3;5;3;0;1;1;0;0;0;0;344916,881815174590000;5678237,729228068100000;6,778550196000026;51,234413329000063;0
242246;5;3;15;0;2019;6;20;1;3;4;6;0;1;1;0;0;0;0;356121,120953488160000;5647474,358803007800000;6,951187307000055;50,960891707000030;0
242248;5;7;74;32;2019;6;15;6;2;0;3;0;1;1;0;0;0;0;482670,452032894830000;5728842,459421496800000;8,749184555000056;51,710254472000031;0
242250;5;3;15;0;2019;6;9;1;3;1;5;0;1;1;0;0;0;0;356729,315870253370000;5651156,180628325800000;6,958391002000042;50,994131145000040;0
242251;5;7;70;40;2019;6;19;6;3;1;3;0;1;1;0;0;0;0;474380,455000001010000;5809584,970000000700000;8,623140460000059;52,435865200000080;0
242253;5;7;54;28;2019;6;2;6;3;0;7;2;1;0;0;0;0;0;451356,453185028400000;5745155,379914660000000;8,293706736000047;51,855076271000030;0
242255;5;7;11;0;2019;6;16;6;3;8;7;0;1;1;0;0;0;0;467896,980974205770000;5764064,084286481100000;8,532095250000054;52,026276358000075;0
242256;5;7;11;0;2019;6;14;6;3;3;2;0;1;1;1;0;0;0;468318,077690347100000;5764847,883444996600000;8,538159968000059;52,033347411000079;0
242258;5;9;78;28;2019;6;7;6;3;3;2;0;1;0;0;0;0;0;399637,160000001080000;5701205,032000001500000;7,555562366000061;51,453120108000064;0
242259;5;9;74;16;2019;6;18;6;3;8;6;0;1;0;0;0;0;1;455500,330809878190000;5720864,576848724900000;8,356978842000046;51,637028844000042;0
242262;5;9;54;20;2019;6;12;6;3;5;3;0;1;0;0;0;0;1;388961,583266930650000;5697164,268109280600000;7,403245909000020;51,414807339000049;0
242267;5;9;14;0;2019;6;19;6;3;0;2;0;1;1;0;0;0;0;394413,928000000310000;5695781,574000002800000;7,482033035000029;51,403420392000044;0
242268;5;9;54;36;2019;6;10;6;3;1;5;0;1;0;0;0;0;1;385854,123999999840000;5700468,324000001000000;7,357514772000059;51,443887536000034;0
242270;5;9;11;0;2019;6;12;6;3;0;5;0;1;1;0;0;0;0;375668,655219572600000;5705623,456641407700000;7,209212987000058;51,488074407000056;0
242278;5;5;54;56;2019;6;15;5;3;5;3;0;1;1;0;0;0;0;356938,406691393810000;5763097,587263541300000;6,915975004000075;52,000078489000032;0
242280;5;5;54;8;2019;6;16;5;3;5;2;0;1;1;0;0;0;0;335779,268776169980000;5744570,432118000500000;6,616845794000028;51,827789872000039;1
242281;5;5;15;0;2019;6;21;5;3;1;7;0;1;1;0;0;0;0;404414,759911369530000;5761196,759500183200000;7,607833039000070;51,993198038000060;1
242282;5;1;70;52;2019;6;17;1;3;0;1;0;1;0;0;0;0;0;324226,483956998210000;5726382,284806929500000;6,458555325000020;51,660900607000031;0
242284;5;5;15;0;2019;6;12;5;3;0;1;0;1;0;0;0;0;0;404664,341479633000000;5757232,147674692800000;7,612568303000046;51,957605598000043;0
242285;5;5;62;12;2019;6;10;5;3;3;2;0;1;1;0;0;0;0;359053,668684322390000;5725383,167988766000000;6,962126114000057;51,661737184000060;0
242288;5;5;62;20;2019;6;18;5;3;1;5;0;1;1;0;0;0;0;370431,665488041940000;5718397,628641186300000;7,129121432000034;51,601698597000052;0
242289;5;5;62;32;2019;6;16;5;2;5;3;0;1;1;0;0;0;0;377338,735729876910000;5716520,176148394100000;7,229458431000069;51,586372129000040;0
242291;5;3;70;12;2019;6;11;5;2;5;3;0;1;1;0;0;0;0;302187,226024257020000;5653232,556459013400000;6,180902352000032;50,996623649000071;0
242292;5;3;58;24;2019;6;14;5;2;0;7;0;1;0;0;0;0;1;312302,150336696770000;5642313,650645175900000;6,330509335000045;50,901929289000066;0
242295;5;3;34;36;2019;6;12;5;3;5;3;0;1;0;0;0;0;1;300833,145439543760000;5634349,248404335200000;6,171934981000049;50,826553712000077;0
242297;5;3;34;32;2019;6;7;5;2;5;3;0;1;1;0;0;0;0;304145,788035618140000;5629164,721305403900000;6,221678411000028;50,781115195000041;0
242301;5;3;34;2;2019;6;9;5;1;5;3;0;1;0;0;0;1;0;298024,968276853670000;5629928,163480356300000;6,134545249000041;50,785872866000034;0
242302;5;3;34;2;2019;6;8;5;3;0;1;0;1;0;0;0;0;0;296492,965029533020000;5627769,215107198800000;6,114034342000025;50,765946798000073;0
242304;5;1;58;28;2019;6;0;1;3;0;1;2;1;0;0;0;0;0;349892,230722533540000;5685310,899937640900000;6,846794201000023;51,299301508000042;0
242305;5;3;82;60;2019;6;11;5;3;5;3;0;1;1;0;0;0;0;374654,949498467150000;5628275,854508541500000;7,221541700000046;50,792659503000039;0
242306;5;3;78;32;2019;6;16;5;3;5;3;0;1;1;0;0;0;0;375267,480271376670000;5667266,413770420500000;7,216856582000048;51,143247500000030;0
242308;5;3;16;0;2019;6;19;5;3;0;7;0;1;1;0;0;0;0;362956,627093314190000;5655857,511489771300000;7,045297584000025;51,037899764000031;0
242312;5;5;70;52;2019;6;17;3;2;1;6;0;1;1;0;0;0;0;429836,325170264580000;5756461,286392029400000;7,978982595000048;51,954422158000057;0
242313;5;5;66;84;2019;6;17;3;3;3;2;0;1;1;0;0;0;0;385865,086122502570000;5778894,995199408400000;7,331858171000022;52,148750759000052;0
242314;5;1;11;0;2019;6;15;4;3;5;3;0;1;1;0;0;0;0;345563,429725533350000;5674420,928817559000000;6,789447905000031;51,200292968000042;0
242315;5;5;66;96;2019;6;14;3;3;5;3;0;1;1;0;0;0;0;385266,418048099610000;5785680,551974382300000;7,320816820000061;52,209607323000057;0
242316;5;5;66;64;2019;6;7;3;3;1;5;0;1;1;0;0;0;0;395850,697807259860000;5771439,287719028100000;7,480026053000074;52,083715221000034;0
242318;5;5;54;20;2019;6;14;3;3;0;7;0;1;1;0;0;0;0;364251,415503567080000;5787531,647178949800000;7,012694229000033;52,221464398000080;0
242319;5;5;54;20;2019;6;8;3;3;5;3;0;1;1;0;0;0;0;366441,266548873860000;5786231,868091508700000;7,045245340000065;52,210320664000051;0
242321;5;5;54;4;2019;6;7;3;2;4;6;0;1;0;0;0;0;0;362209,391718060710000;5772098,692853940700000;6,989079567000033;52,082289751000076;0
242322;5;5;54;8;2019;6;16;3;3;0;1;0;1;0;0;0;0;0;336928,776467008520000;5745880,276092849700000;6,632894706000059;51,839893589000042;0
242323;5;5;15;0;2019;6;15;3;3;5;2;0;1;1;0;0;0;0;405074,178918631750000;5761169,407731790100000;7,617441795000048;51,993065297000044;0
242325;5;5;62;36;2019;6;13;3;3;2;6;0;1;1;0;0;0;0;388968,237217394640000;5720501,694205272900000;7,395988013000022;51,624569788000031;0
242326;5;5;62;24;2019;6;8;3;2;5;3;0;1;1;0;0;0;0;368826,664723857310000;5727077,900619400700000;7,102706144000024;51,679333078000070;0
242327;5;5;62;32;2019;6;9;3;3;0;7;0;1;0;0;0;0;0;376227,165658133100000;5714945,861360106600000;7,213976809000030;51,571980336000081;0
242330;5;5;13;0;2019;6;16;3;3;5;3;0;1;1;0;0;0;0;362969,408260614610000;5710874,577925734200000;7,024372034000066;51,532328327000073;0
242331;5;5;13;0;2019;6;8;3;3;5;3;0;1;1;0;0;0;0;367440,230702537110000;5709404,671484716200000;7,089343700000029;51,520186157000069;0
242332;5;3;58;60;2019;6;18;3;3;1;5;0;1;1;0;0;0;0;330659,105383313260000;5623038,836336806400000;6,600225285000022;50,734423602000049;0
242334;5;3;34;12;2019;6;21;3;3;0;7;1;1;0;1;0;0;0;307017,806965628640000;5633484,407737661200000;6,260100008000052;50,820879698000056;0
242335;5;3;82;56;2019;6;11;3;3;5;2;0;1;1;0;0;0;0;371546,736981984230000;5628316,445033252200000;7,177450165000039;50,792343841000047;0
242336;5;1;11;0;2019;6;9;4;3;5;3;0;1;1;0;0;0;0;344465,342000000180000;5676661,732999999100000;6,772771417000058;51,220129563000057;0
242340;5;3;78;4;2019;6;13;3;3;5;3;0;1;1;0;0;0;0;368492,941133826040000;5650373,663139551900000;7,126205914000025;50,989906577000056;0
242341;5;3;78;4;2019;6;11;3;3;0;1;0;1;0;0;0;0;1;367430,902422917080000;5646476,048765586700000;7,112503013000037;50,954632531000073;0
242344;5;3;62;24;2019;6;6;3;3;5;3;1;1;1;0;0;0;0;346544,139290836640000;5642113,922843422700000;6,817172462000031;50,910251585000026;0
242345;5;3;62;32;2019;6;16;3;2;5;3;0;1;1;0;0;0;0;338946,585932990540000;5642778,721483752100000;6,708898091000037;50,914155412000071;0
242350;5;3;15;0;2019;6;16;3;3;0;1;0;1;0;0;0;0;0;354974,418082369490000;5654047,381766796100000;6,932245681000040;51,019673758000067;0
242351;5;3;15;0;2019;6;8;3;2;0;1;0;1;0;0;0;0;0;351940,493767451490000;5649373,772696871300000;6,890925154000058;50,976901622000071;0
242352;5;3;15;0;2019;6;20;3;3;5;3;0;1;0;0;0;0;0;354580,874658968300000;5646274,342178337300000;6,929749084000036;50,949720858000035;0
242353;5;3;15;0;2019;6;16;3;3;5;3;0;1;1;0;0;0;0;355336,953425015320000;5644818,286504196000000;6,941083782000021;50,936825863000081;0
242355;5;3;14;0;2019;6;18;3;3;0;1;0;1;0;0;0;0;0;365770,045500118290000;5621768,291071642200000;7,097923573000060;50,732180707000055;0
242356;5;3;14;0;2019;6;7;3;3;5;5;0;1;1;0;0;0;0;365618,896747342310000;5620715,949246812600000;7,096166516000039;50,722687361000055;0
242357;5;3;14;0;2019;6;13;3;3;0;7;0;1;0;0;0;0;0;365884,378000000490000;5621594,861000003300000;7,099605838000059;50,730648334000080;0
242360;5;1;70;48;2019;6;13;3;3;4;7;0;1;0;0;0;0;0;335506,909715607760000;5727157,826048120900000;6,621133165000060;51,671282556000051;0
242361;5;1;58;26;2019;6;8;3;2;1;3;0;1;1;0;0;0;0;353609,982695322480000;5662305,358231242700000;6,909465148000038;51,093537737000077;0
242363;5;1;58;4;2019;6;13;3;3;5;3;0;1;1;0;0;0;0;353720,288111470640000;5676452,025485323700000;6,905288170000063;51,220691493000061;0
242365;5;1;54;16;2019;6;14;3;3;5;3;0;1;1;0;0;0;0;302632,662000002340000;5729379,519999999600000;6,145039701000030;51,680650180000043;0
242366;5;1;54;36;2019;6;8;3;3;4;3;0;1;1;0;0;0;0;301619,772218734030000;5740794,013576060500000;6,123903942000027;51,782796211000061;0
242367;5;1;66;36;2019;6;11;3;3;5;3;0;1;1;0;0;0;0;323018,779904413040000;5683353,223324963800000;6,462655664000067;51,273996789000080;0
242368;5;1;66;36;2019;6;13;3;3;0;6;0;1;0;0;0;0;1;328183,820914100860000;5681584,586563698900000;6,537481124000067;51,259688488000052;0
242369;5;1;66;8;2019;6;14;3;2;0;3;0;1;0;0;0;0;0;314713,152156628670000;5690796,157150995000000;6,339848926000059;51,338211976000082;0
242370;5;1;66;12;2019;6;7;3;2;4;4;0;1;1;1;0;0;0;322827,601124816570000;5695631,400359686500000;6,453812590000041;51,384233798000082;0
242372;5;7;74;32;2019;6;15;4;3;2;6;0;1;1;0;0;0;0;481054,725396255960000;5729453,956669809300000;8,725766715000077;51,715700383000069;0
242373;5;1;62;24;2019;6;18;3;3;0;7;0;1;1;0;0;0;0;338142,666000001130000;5676256,660000000100000;6,682492536000041;51,214732671000036;0
242374;5;1;62;16;2019;6;11;3;3;4;3;0;1;0;0;0;0;0;334659,278021174480000;5677240,057315839500000;6,632208387000048;51,222570052000037;0
242377;5;1;14;0;2019;6;11;3;3;1;5;0;1;1;0;0;0;0;331050,181066856720000;5689498,949018405800000;6,574777333000043;51,331647654000051;0
242378;5;1;22;0;2019;6;12;3;3;5;5;0;1;1;0;0;0;0;364795,780666289850000;5666989,371069531900000;7,067347641000026;51,138380311000049;0
242389;5;1;13;0;2019;6;19;3;3;1;2;0;1;1;0;0;0;0;359113,877798628990000;5702194,239972339900000;6,972287165000068;51,453377099000079;0
242390;5;7;74;8;2019;6;11;4;3;5;3;0;1;0;0;0;0;0;487593,533195086750000;5737068,946519931800000;8,820143744000063;51,784351794000031;0
242394;5;1;11;0;2019;6;1;3;3;0;1;2;1;0;0;0;0;0;351044,728000000120000;5670124,089999999900000;6,869627333000040;51,163137021000068;0
242396;5;1;11;0;2019;6;9;3;3;5;3;0;1;1;0;0;0;0;350573,086135924790000;5677650,079913571500000;6,859754412000029;51,230642008000075;0
242400;5;7;74;32;2019;6;10;3;2;5;3;0;1;0;0;0;1;0;481606,772153104660000;5732282,019780939400000;8,733608085000071;51,741146664000041;0
242401;5;7;70;4;2019;6;21;4;3;5;3;0;1;1;0;0;0;0;488214,504644272850000;5784921,729455910600000;8,827500104000023;52,214605717000040;0
242408;5;7;54;40;2019;6;14;3;3;5;3;0;1;1;0;0;0;0;459712,830775241370000;5761802,980427740100000;8,413082591000034;52,005413924000038;0
242409;5;7;54;12;2019;6;13;3;3;5;3;0;1;0;0;0;0;0;456640,373248360120000;5767292,131354749200000;8,367629042000033;52,054531894000036;0
242411;5;7;54;8;2019;6;21;3;3;5;3;0;1;0;0;0;0;0;457189,453000000680000;5750853,203000001600000;8,377687895000065;51,906781133000038;0
242413;5;9;74;28;2019;6;14;3;3;5;3;0;1;1;0;0;0;0;454867,264000001360000;5724803,396999999900000;8,347323168000060;51,672391960000027;0
242414;5;9;74;28;2019;6;8;3;3;5;3;0;1;1;0;0;0;0;454763,184041853990000;5724353,376723373300000;8,345876427000064;51,668337510000072;0
242416;5;9;74;40;2019;6;17;3;2;6;4;0;1;0;1;0;0;0;436845,466602707280000;5713608,754410460600000;8,088753802000042;51,570010571000068;0
242418;5;9;62;4;2019;6;17;3;3;0;1;0;1;0;0;0;0;0;411372,985000002200000;5684490,513000000300000;7,728588581000054;51,304820642000038;0
242420;5;9;13;0;2019;6;13;3;3;4;2;0;1;1;0;0;0;0;399381,649063660760000;5709862,630546044600000;7,549418064000065;51,530896702000064;0
242423;5;9;13;0;2019;6;11;3;3;6;4;0;1;0;1;0;0;0;392297,955439119600000;5708272,487934280200000;7,447819882000033;51,515297059000034;0
242426;5;9;11;0;2019;6;18;3;2;2;6;0;1;1;0;0;0;0;377167,770760186020000;5699975,392614064700000;7,232756474000041;51,437640064000050;0
242428;5;9;11;0;2019;6;18;3;3;1;1;0;1;1;0;0;0;0;375909,532349926420000;5703873,265021264600000;7,213295526000024;51,472397679000039;0
242431;5;5;66;28;2019;6;16;2;3;4;7;0;1;0;0;0;0;0;412398,977545668370000;5792751,572705492400000;7,715957228000036;52,278145465000080;0
242432;5;5;66;76;2019;6;13;2;3;3;6;0;1;0;0;0;0;0;392350,934330826630000;5792262,478063043200000;7,422361655000032;52,270189773000027;0
242433;5;5;54;8;2019;6;11;2;3;0;5;0;1;1;0;0;0;0;335348,890079513190000;5745843,908691745300000;6,610000171000024;51,839103343000033;0
242434;5;5;54;8;2019;6;7;2;3;0;7;0;1;1;0;0;0;0;337006,791440302510000;5745722,468571195400000;6,634100459000024;51,838498694000066;0
242435;5;5;54;8;2019;6;9;2;3;4;6;0;1;0;0;0;0;0;336126,213087672370000;5745755,447062980400000;6,621314815000062;51,838537276000068;0
242436;5;5;54;8;2019;6;7;2;3;5;3;0;1;0;0;0;0;0;335670,109838704580000;5744624,687023196400000;6,615237417000060;51,828245173000028;0
242437;5;5;15;0;2019;6;14;2;2;1;5;0;1;1;0;0;0;0;405969,451899383220000;5758595,031693592700000;7,631182671000033;51,970078038000054;0
242439;5;5;15;0;2019;6;17;2;3;0;7;0;1;1;0;0;0;0;409366,074886031450000;5753041,761425329400000;7,682077469000035;51,920725851000043;0
242441;5;5;62;4;2019;6;16;2;3;5;3;0;1;1;0;0;0;0;383782,888423614200000;5709873,024638934100000;7,324628892000021;51,527994901000056;0
242445;5;5;13;0;2019;6;9;2;3;5;2;0;1;1;0;0;0;0;369697,499999049120000;5710540,935030497600000;7,121439685000041;51,530922834000080;0
242446;5;5;13;0;2019;6;12;2;3;4;5;0;1;1;0;0;0;0;369599,557756061670000;5709436,819279473300000;7,120437198000047;51,520977706000053;0
242448;5;3;70;16;2019;6;18;2;3;4;6;0;1;0;0;0;1;0;294642,809364221060000;5658843,566525120300000;6,070354987000030;51,044372267000028;0
242451;5;3;34;2;2019;6;13;2;3;4;6;0;1;1;0;0;0;0;296711,698401161470000;5628566,197600264100000;6,116691698000068;50,773181536000038;0
242452;5;3;34;2;2019;6;9;2;3;3;6;0;1;0;0;0;0;1;292859,806930824180000;5629776,540769331200000;6,061453235000045;50,782689118000064;0
242453;5;3;74;40;2019;6;1;2;3;1;5;2;1;1;0;0;0;0;407281,235719215120000;5641243,424338622000000;7,681021532000045;50,915380672000026;0
242456;5;3;62;36;2019;6;23;2;2;0;7;2;1;0;0;0;0;0;342961,476568066520000;5647694,984637390800000;6,763847062000025;50,959438100000057;0
242457;5;3;15;0;2019;6;20;2;3;4;6;0;1;0;0;0;0;0;361533,369378333910000;5636260,560050256600000;7,032462383000052;50,861435835000066;0
242460;5;3;15;0;2019;6;12;2;3;0;3;0;1;1;0;0;0;0;359190,547604227440000;5646103,419002544100000;6,995396869000047;50,949329289000048;0
242461;5;3;15;0;2019;6;15;2;3;5;3;0;1;1;0;0;0;0;357306,439026439560000;5645113,448740510300000;6,968979921000027;50,939969166000026;0
242463;5;3;15;0;2019;6;16;2;3;0;7;0;1;1;0;0;0;0;355819,402483157810000;5648646,765059534500000;6,946429152000064;50,971352434000039;0
242464;5;3;15;0;2019;6;8;2;3;5;3;0;1;0;0;0;0;1;352624,172000001180000;5654139,680999999900000;6,898722619000068;51,019905616000074;0
242465;5;3;15;0;2019;6;21;2;3;5;2;0;1;1;0;0;0;0;352519,828000000680000;5652771,009000001500000;6,897792348000053;51,007579402000033;0
242466;5;3;15;0;2019;6;18;2;3;5;3;0;1;1;0;0;0;0;349405,741184847430000;5658086,081176241900000;6,851228196000022;51,054534523000029;0
242468;5;7;66;44;2019;6;10;4;3;6;4;0;1;0;1;0;0;0;489083,810765161180000;5762483,725079942500000;8,840943303000074;52,012889158000064;0