OBJECTID;ULAND;UREGBEZ;UKREIS;UGEMEINDE;UJAHR;UMONAT;USTUNDE;UWOCHENTAG;UKATEGORIE;UART;UTYP1;ULICHTVERH;IstRad;IstPKW;IstFuss;IstKrad;IstGkfz;IstSonstige;LINREFX;LINREFY;XGCSWGS84;YGCSWGS84;STRZUSTAND
242470;5;3;15;0;2019;6;7;2;3;5;2;0;1;0;0;0;1;0;352350,787039402870000;5646444,569659167900000;6,897954218000052;50,950683696000056;0
242471;5;3;15;0;2019;6;19;2;2;2;6;0;1;1;0;0;0;0;358714,403911858800000;5640235,188338553500000;6,990896358000043;50,896474523000052;0
242472;5;3;15;0;2019;6;9;2;3;0;3;0;1;0;0;0;0;0;354526,658576515500000;5644204,914179807500000;6,929804128000058;50,931109819000028;0
242473;5;3;15;0;2019;6;20;2;3;0;3;0;1;1;0;0;0;0;354989,477252878250000;5642766,271693998900000;6,936957944000028;50,918297597000048;0
242476;5;3;15;0;2019;6;12;2;3;3;7;0;1;1;0;0;0;0;355147,296454010530000;5644058,363465802700000;6,938688388000060;50,929948996000064;0
242477;5;3;15;0;2019;6;16;2;3;5;3;0;1;1;0;0;0;0;355661,732060456650000;5644937,994297510000000;6,945655592000037;50,937983035000059;0
242480;5;3;14;0;2019;6;9;2;2;5;3;0;1;1;0;0;0;0;367837,457400073300000;5617946,436470679900000;7,128571427000054;50,698303439000028;0
242481;5;3;82;48;2019;6;17;2;3;5;3;0;1;1;0;0;0;0;354605,202301884070000;5610606,046410040900000;6,944208619000051;50,629176291000078;0
242482;5;3;14;0;2019;6;7;2;3;5;2;0;1;1;0;0;0;0;368369,771999999880000;5622842,186000002500000;7,134357831000045;50,742427976000045;0
242483;5;7;11;0;2019;6;17;4;3;3;6;0;1;1;0;0;0;0;464760,932798083870000;5766012,048288643400000;8,486188203000040;52,043599236000034;0
242484;5;3;14;0;2019;6;7;2;3;3;7;0;1;0;0;0;0;1;364634,167000001300000;5618445,122000001400000;7,083056638000073;50,702048808000029;0
242485;5;1;70;20;2019;6;7;2;3;5;2;0;1;1;0;0;0;0;329605,143276058140000;5708926,688570078500000;6,544715855000050;51,505747986000074;0
242486;5;1;70;28;2019;6;14;2;3;5;3;0;1;1;0;0;0;0;328640,790403862480000;5700910,782751003300000;6,534720259000039;51,433446087000050;0
242487;5;1;70;24;2019;6;10;2;3;5;3;0;1;0;0;0;0;1;336867,352575190370000;5701744,451634870800000;6,652579139000068;51,443364228000064;0
242488;5;1;70;24;2019;6;7;2;3;0;3;0;1;0;0;0;0;0;335337,643299820830000;5702218,855197005000000;6,630366597000034;51,447183702000075;0
242489;5;1;70;48;2019;6;10;2;3;5;2;0;1;1;0;0;0;0;335613,068178671410000;5725543,030885390900000;6,623426517000041;51,656806740000036;0
242491;5;1;58;28;2019;6;15;2;2;0;1;0;1;0;0;0;0;0;348081,805999999870000;5684362,550000000700000;6,821248344000026;51,290299860000061;0
242493;5;1;66;28;2019;6;18;2;2;0;7;0;1;0;0;0;0;0;325908,694711971100000;5689270,454424038500000;6,501158772000053;51,328044339000030;0
242494;5;1;66;32;2019;6;7;2;3;0;7;0;1;0;0;0;0;0;318110,206829389560000;5680053,001612789900000;6,394037315000048;51,242806087000076;0
242495;5;1;62;4;2019;6;18;2;3;5;3;0;1;0;0;0;0;0;347471,643884809690000;5663345,331756644000000;6,821433251000030;51,101283093000063;0
242496;5;1;62;8;2019;6;15;2;3;0;2;0;1;1;1;0;0;0;331422,576000001280000;5662303,450000001100000;6,592896690000032;51,087428599000077;0
242500;5;1;16;0;2019;6;16;2;3;5;3;0;1;0;0;1;0;0;324038,514329476280000;5675768,410340916400000;6,480986707000056;51,206175029000065;0
242503;5;1;22;0;2019;6;9;2;3;0;2;0;1;0;0;0;0;0;366665,190000002270000;5670642,681000001700000;7,092699974000027;51,171652012000038;0
242504;5;1;22;0;2019;6;6;2;3;0;3;0;1;1;0;0;0;0;360161,904160242530000;5670041,768126800700000;6,999966151000024;51,164698585000053;0
242507;5;9;78;16;2019;6;9;4;3;0;2;0;1;0;0;0;1;0;404161,142706490120000;5707930,533549208200000;7,618825973000071;51,514360498000030;0
242510;5;1;11;0;2019;6;11;2;2;5;2;0;1;1;0;0;0;0;343556,192492835220000;5675287,226211793700000;6,760362732000033;51,207530821000034;0
242511;5;9;74;28;2019;6;8;4;3;7;6;0;1;1;0;0;0;0;454231,924397981730000;5724509,774028649600000;8,338174480000021;51,669700628000044;0
242514;5;1;11;0;2019;6;7;2;3;2;6;0;1;0;0;0;0;0;344440,286000001240000;5682036,174000000600000;6,770077837000031;51,268413772000031;0
242516;5;1;11;0;2019;6;20;2;3;5;3;0;1;1;0;0;0;0;344786,285649170170000;5681598,421743888400000;6,775223680000067;51,264574766000067;0
242517;5;1;11;0;2019;6;18;2;3;0;3;0;1;0;0;1;0;0;344973,187023784030000;5678545,173458984100000;6,779223020000075;51,237191130000042;0
242519;5;1;11;0;2019;6;14;2;3;5;3;0;1;1;0;0;0;0;347771,087741503490000;5676749,501379501100000;6,820034697000040;51,221809230000076;0
242521;5;9;66;4;2019;6;16;4;3;5;3;0;1;1;0;0;0;0;427017,645707037300000;5662036,255252501000000;7,957544530000064;51,105162781000047;0
242523;5;7;74;32;2019;6;9;2;2;5;2;0;1;0;0;0;0;0;482656,549354226330000;5729391,791699929200000;8,748955997000053;51,715193262000071;0
242524;5;7;70;4;2019;6;7;2;3;5;3;0;1;1;0;0;0;0;486307,512000000100000;5782403,127999998600000;8,799690175000023;52,191917904000036;0
242526;5;7;62;4;2019;6;18;2;3;5;3;0;1;1;0;0;0;0;501627,022355863820000;5731463,310717267900000;9,023560720000035;51,734084880000069;0
242527;5;7;58;4;2019;6;15;2;3;0;6;0;1;1;0;0;0;0;471447,830779648390000;5782837,652164278600000;8,582273288000067;52,195255216000078;0
242528;5;7;54;36;2019;6;9;2;3;4;6;0;1;1;0;0;0;1;476121,558448325840000;5746163,111989991700000;8,653209994000065;51,865745998000079;0
242529;5;7;54;28;2019;6;18;2;3;5;3;0;1;1;0;0;0;0;452495,150946708400000;5743066,449678134200000;8,310526061000076;51,836393746000056;0
242530;5;7;54;8;2019;6;18;2;3;0;7;0;1;0;0;0;0;0;456656,566366663200000;5750612,011370290100000;8,369972474000065;51,904571476000058;0
242532;5;1;11;0;2019;6;12;4;3;1;5;0;1;1;0;0;0;0;348534,315537979830000;5675105,478926418300000;6,831650253000021;51,207239510000079;0
242536;5;7;11;0;2019;6;7;2;3;5;2;0;1;1;0;0;0;0;467676,999564344060000;5763683,696497643400000;8,528925047000030;52,022843661000081;0
242538;5;9;78;28;2019;6;19;2;3;5;7;0;1;1;0;0;0;0;400103,615677130410000;5699759,821914879600000;7,562681386000065;51,440211644000044;0
242539;5;9;74;28;2019;6;11;2;3;0;7;0;1;0;0;0;0;1;454750,739616375420000;5724689,514563506500000;8,345652950000044;51,671358683000051;0
242540;5;9;74;28;2019;6;8;2;3;0;7;0;1;0;0;0;0;0;455283,023432573300000;5723662,697120504500000;8,353481172000045;51,662169297000048;0
242541;5;9;70;24;2019;6;14;2;3;1;1;0;1;1;0;0;0;0;425986,643864850510000;5645758,509606778600000;7,946145463000050;50,958678611000039;0
242544;5;9;13;0;2019;6;17;4;3;5;3;0;1;1;0;0;0;0;398704,579913549130000;5709721,687830278600000;7,539700920000030;51,529508732000068;0
242546;5;9;54;16;2019;6;15;2;3;5;3;0;1;1;0;0;0;0;372872,956501087170000;5696025,225449137400000;7,172415095000076;51,401191335000078;0
242549;5;9;62;16;2019;6;9;2;2;0;1;0;1;0;0;0;0;0;413571,676297490490000;5694586,380491916100000;7,757669852000049;51,395919084000070;0
242551;5;9;15;0;2019;6;17;2;3;4;3;0;1;1;0;0;0;0;416186,138989056460000;5725029,560674984000000;7,787994319000063;51,669985679000035;0
242561;5;9;16;0;2019;6;11;2;3;5;2;0;1;1;0;0;0;0;377006,263738511130000;5711307,231308220000000;7,226485901000046;51,539449282000078;0
242565;5;5;66;40;2019;6;14;1;3;0;7;0;1;0;0;0;0;1;419285,323652744290000;5779722,482765320700000;7,819980465000072;52,162085092000041;0
242568;5;5;15;0;2019;6;2;1;3;0;1;2;1;0;0;0;0;0;405353,473301611840000;5757920,590852061300000;7,622404478000021;51,963911337000070;0
242569;5;5;15;0;2019;6;9;1;3;5;6;0;1;0;0;0;0;0;406514,101006175390000;5758201,578719016200000;7,639215923000052;51,966633374000025;0
242572;5;9;70;24;2019;6;19;7;2;8;1;0;1;0;0;0;0;0;430195,371000000280000;5643474,359000003000000;8,006500296000070;50,938666583000042;0
242575;5;1;54;8;2019;6;10;7;3;5;2;0;1;0;0;0;0;0;310333,806438950820000;5746409,833610324200000;6,247005073000025;51,836252284000068;0
242576;5;9;66;4;2019;6;15;7;3;4;6;0;1;1;0;0;0;0;429647,542000002230000;5666072,292000001300000;7,994315066000070;51,141779312000040;0
242577;5;9;54;20;2019;6;15;7;3;0;1;0;1;0;0;0;0;0;390925,788000001570000;5699087,129000002500000;7,430888157000027;51,432472223000048;0
242578;5;9;14;0;2019;6;18;7;2;0;1;0;1;0;0;0;0;0;395158,964702703990000;5689313,010272612800000;7,494648677000043;51,345413906000033;0
242582;5;9;11;0;2019;6;13;7;3;5;3;0;1;1;0;0;0;0;378709,882670558990000;5700680,325041450600000;7,254690872000026;51,444308027000034;0
242584;5;9;16;0;2019;6;11;7;3;1;5;0;1;1;0;0;0;0;372747,618230517020000;5708662,588154507800000;7,166066876000059;51,514737656000079;0
242586;5;5;66;8;2019;6;12;6;3;5;2;0;1;0;0;0;1;0;399716,910847014750000;5781445,353519795500000;7,533479761000024;52,174361835000070;0
242587;5;5;66;12;2019;6;9;6;3;5;3;0;1;1;0;0;0;0;404501,693015437570000;5772119,807126319000000;7,606047386000057;52,091391925000039;0
242588;5;5;54;20;2019;6;16;6;2;0;1;0;1;0;0;0;0;0;367148,033297423270000;5784727,497819893100000;7,056173170000022;52,196974030000035;0
242589;5;5;54;20;2019;6;11;6;3;5;5;0;1;1;0;0;0;0;366548,616496296600000;5786656,842941366100000;7,046647975000042;52,214165241000046;0
242590;5;5;54;12;2019;6;11;6;3;0;1;0;1;0;0;0;0;0;351933,296428333040000;5747535,814941851400000;6,849814062000064;51,858948389000034;0
242592;5;5;54;8;2019;6;15;6;3;5;2;0;1;0;0;1;0;0;336850,378297601830000;5745659,971229741300000;6,631861635000064;51,837891579000029;0
242593;5;5;54;8;2019;6;10;6;3;5;3;0;1;1;0;0;0;0;336125,753990076480000;5745760,586319819100000;6,621305723000035;51,838583309000057;0
242594;5;5;54;20;2019;6;7;6;3;2;1;0;1;1;0;0;0;0;365222,144000000320000;5785588,589999999900000;7,027669817000060;52,204243806000079;0
242596;5;5;62;4;2019;6;19;6;3;1;5;0;1;1;0;0;0;0;383863,508021450600000;5717533,497920000900000;7,323259605000033;51,596862164000072;0
242598;5;5;62;12;2019;6;12;6;3;0;2;0;1;1;0;0;0;0;363041,813931027430000;5731250,415973782500000;7,017448379000030;51,715446659000065;0
242599;5;5;62;24;2019;6;17;6;3;5;3;0;1;1;0;0;0;0;370855,684752538800000;5725207,043546879700000;7,132728663000023;51,662990502000071;0
242600;5;5;62;24;2019;6;11;6;3;5;3;0;1;0;0;0;0;1;370245,940438916910000;5725214,568151639800000;7,123914780000064;51,662917669000080;0
242603;5;3;34;28;2019;6;14;6;3;0;1;0;1;0;0;0;0;0;314362,015997921120000;5610240,622198045300000;6,375945081000054;50,614471073000061;0
242604;5;3;34;2;2019;6;13;6;3;5;2;0;1;1;0;0;0;0;294154,220557849850000;5628585,173921281500000;6,080457434000039;50,772450157000037;0
242610;5;3;74;16;2019;6;16;6;2;1;5;0;1;1;0;0;0;0;382871,756459956990000;5667482,153973272100000;7,325443774000064;51,146793135000053;0
242613;5;3;66;44;2019;6;10;6;2;5;3;0;1;1;0;0;0;0;334666,947014396080000;5618899,269135773200000;6,658824988000049;50,698382476000063;0
242615;5;3;16;0;2019;6;16;6;3;5;3;0;1;1;0;0;0;0;358654,760943884960000;5655441,561188861700000;6,984140704000026;51,033119601000067;0
242617;5;3;15;0;2019;6;18;6;3;0;5;0;1;1;0;0;0;0;350670,839433951300000;5644419,526707140700000;6,874884807000058;50,932053081000049;0
242618;5;1;58;32;2019;6;16;7;3;1;1;0;1;1;0;0;0;0;367466,830000001010000;5684790,408000001700000;7,098925737000059;51,298986742000068;0
242620;5;3;15;0;2019;6;15;6;3;1;5;0;1;1;0;0;0;0;354695,249858775180000;5646862,731413539500000;6,931141405000062;50,955037383000047;0
242621;5;1;14;0;2019;6;12;7;3;5;3;0;1;1;0;0;0;0;331999,997000000440000;5686689,978000003800000;6,589722327000061;51,306693135000046;0
242622;5;3;15;0;2019;6;20;6;3;5;3;0;1;0;0;0;0;0;355243,330236653800000;5643680,091113900800000;6,940204243000039;50,926573649000034;0
242623;5;3;14;0;2019;6;14;6;3;5;3;0;1;1;0;0;0;0;369248,665410399440000;5617029,717976059800000;7,148867468000049;50,690382718000080;0
242624;5;3;14;0;2019;6;12;6;3;5;3;0;1;1;0;0;0;0;370036,745326421220000;5618434,085114587100000;7,159524569000041;50,703182231000028;0
242627;5;3;82;24;2019;6;23;6;2;4;6;1;1;0;0;0;0;0;371130,947999999860000;5617557,684000002200000;7,175317509000024;50,695548330000065;0
242628;5;1;70;20;2019;6;12;6;3;1;3;0;1;1;0;0;0;0;330129,151565717530000;5708182,750498857300000;6,552617296000051;51,499222548000034;0
242629;5;1;70;24;2019;6;9;6;3;5;2;0;1;1;0;0;0;0;335048,690977805290000;5702871,503994185500000;6,625907906000066;51,452963067000042;0
242631;5;1;58;8;2019;6;16;6;3;0;7;0;1;1;0;0;0;0;362911,533894634810000;5674512,285620115700000;7,037561776000075;51,205540423000059;0
242632;5;1;54;12;2019;6;7;6;3;1;2;0;1;1;0;0;0;0;314415,275291950440000;5711855,434344539400000;6,324543468000059;51,527270534000081;0
242633;5;1;66;12;2019;6;18;6;2;5;2;0;1;0;0;0;0;0;320670,751307293770000;5694939,040726948500000;6,423198940000020;51,377337180000040;0
242636;5;1;62;4;2019;6;12;6;3;5;3;0;1;1;0;0;0;0;349061,832480474380000;5662877,687834549700000;6,844324167000025;51,097501702000045;0
242638;5;1;62;24;2019;6;8;6;3;5;3;0;1;1;0;0;0;0;337828,253000000490000;5675298,160000002000000;6,678427961000068;51,206031551000081;0
242647;5;1;13;0;2019;6;12;6;2;6;4;0;1;0;1;0;0;0;361982,981232102030000;5702729,714111844100000;7,013345011000070;51,458895737000034;0
242648;5;1;12;0;2019;6;14;6;3;5;3;0;1;1;0;0;0;0;341962,034904110250000;5700700,517930800100000;6,726292739000030;51,435429182000064;0
242649;5;1;12;0;2019;6;7;6;3;5;3;0;1;1;0;0;0;0;339987,535000001080000;5702336,544999999900000;6,697170392000032;51,449573961000056;1
242650;5;1;12;0;2019;6;8;6;3;2;7;0;1;1;0;0;0;0;341251,917938202620000;5697890,788845133000000;6,717343533000076;51,409986087000050;0
242656;5;1;11;0;2019;6;21;6;3;5;2;0;1;1;0;0;0;0;345006,414491895590000;5676150,176363933800000;6,780734351000035;51,215680161000080;0
242659;5;1;11;0;2019;6;14;6;3;5;3;0;1;1;0;0;0;0;345506,469274229370000;5680395,259936200500000;6,786057850000020;51,253959548000068;0
242669;5;7;66;8;2019;6;15;6;3;5;3;0;1;1;0;0;0;0;482716,375940394590000;5768196,052180632900000;8,747877245000041;52,064085831000057;0
242670;5;1;54;20;2019;6;18;7;3;1;5;0;1;1;0;0;0;0;322344,664000000800000;5713066,587000001200000;6,438119715000028;51,540700010000080;0
242676;5;9;74;28;2019;6;14;6;3;5;3;0;1;1;0;0;0;0;453492,261979254890000;5725668,769777406000000;8,327325082000073;51,680060223000055;0
242681;5;9;62;36;2019;6;17;6;3;0;1;0;1;0;0;0;0;0;404740,155360462140000;5662612,470228621700000;7,639273093000043;51,107073560000060;0
242684;5;9;16;0;2019;6;17;6;3;5;3;0;1;1;0;0;0;0;379529,735663081520000;5711021,141326427500000;7,262952956000049;51,537422279000054;0
242686;5;9;11;0;2019;6;10;6;3;0;1;0;1;0;0;0;0;0;384201,520692340100000;5703029,204941110700000;7,332907189000025;51,466569224000068;0
242687;5;5;70;40;2019;6;20;5;3;1;1;0;1;1;0;0;0;0;419261,663000000640000;5744983,172000000300000;7,827822255000058;51,849808126000028;0
242690;5;3;34;36;2019;6;19;5;3;6;6;0;1;0;1;0;0;0;298207,838823259810000;5633607,071274228400000;6,135114728000076;50,818978874000038;0
242693;5;3;82;60;2019;6;11;5;3;1;1;0;1;1;0;0;0;0;372414,416085632520000;5630148,756581515100000;7,189117948000046;50,809004877000064;0
242696;5;3;62;8;2019;6;18;5;2;0;1;0;1;0;0;0;0;0;334282,517421949650000;5646971,115120992100000;6,640701520000050;50,950503718000050;0
242697;5;3;16;0;2019;6;20;5;3;5;3;0;1;1;0;0;0;0;363611,042999999600000;5654780,109000003000000;7,055031503000066;51,028372572000080;0
242698;5;3;15;0;2019;6;14;5;3;5;3;0;1;1;0;0;0;0;360341,839999999850000;5641490,896000001600000;7,013543470000059;50,908155735000037;1
242699;5;3;15;0;2019;6;1;5;3;5;2;2;1;1;0;0;0;0;359820,308816918170000;5645681,627770515200000;7,004518865000023;50,945692096000073;0
242700;5;3;15;0;2019;6;22;5;3;3;6;2;1;0;0;0;0;0;364401,566825086250000;5649871,090823223800000;7,068131961000063;50,984440448000043;0
242701;5;3;15;0;2019;6;15;5;3;1;1;0;1;1;0;0;0;0;355020,655614268030000;5643950,013569705200000;6,936930578000045;50,928943464000042;1
242702;5;3;14;0;2019;6;14;5;2;4;2;0;1;0;0;0;0;0;371072,899821045810000;5616242,762722007900000;7,174954801000069;50,683716409000056;0
242704;5;1;58;32;2019;6;18;5;2;0;1;0;1;0;0;0;0;0;362330,282549544240000;5689629,266467150300000;7,023423748000027;51,341252969000038;0
242705;5;1;62;8;2019;6;10;5;3;0;7;0;1;1;0;0;0;0;331425,415359649810000;5660329,159440819200000;6,593857930000070;51,069691540000065;0
242707;5;1;12;0;2019;6;15;7;3;5;3;0;1;1;0;0;0;0;341662,366966605190000;5712942,551742430800000;6,716494046000037;51,545335444000045;0
242708;5;1;14;0;2019;6;17;5;3;0;7;0;1;1;0;0;0;0;327880,742902092640000;5688453,366861032300000;6,529831002000037;51,321304124000051;0
242709;5;1;14;0;2019;6;17;5;3;0;1;0;1;0;0;0;0;0;329249,891281853430000;5689088,499440904700000;6,549156675000063;51,327422592000062;1
242710;5;1;20;0;2019;6;12;5;3;0;7;0;1;0;0;0;0;0;378043,072739485650000;5672905,876851538200000;7,254602980000072;51,194533432000071;0
242717;5;1;12;0;2019;6;19;5;3;5;3;0;1;1;0;0;0;0;339925,096310319380000;5698240,450513239900000;6,698123655000075;51,412754687000074;1
242722;5;7;74;24;2019;6;15;5;3;2;6;0;1;0;0;0;0;0;478249,008338518440000;5739014,448160935200000;8,684556114000031;51,801558816000068;0
242724;5;7;74;32;2019;6;2;5;3;0;1;2;1;0;0;0;0;0;484461,873516746800000;5730645,486141126600000;8,775031646000059;51,726518549000048;0
242725;5;1;54;36;2019;6;13;7;3;0;5;0;1;1;0;0;0;0;301165,292048975830000;5739894,917955145200000;6,117838788000029;51,774561135000056;0
242728;5;7;54;44;2019;6;19;5;3;8;1;0;1;0;0;0;0;0;463418,531588968820000;5748703,861405268300000;8,468459913000061;51,887900895000030;0
242733;5;9;74;44;2019;6;16;5;3;5;3;0;1;1;0;0;0;0;455052,997000000440000;5698997,512000003800000;8,353307845000074;51,440384471000073;0
242734;5;9;70;4;2019;6;11;5;2;0;1;0;1;0;0;0;0;0;457281,629646075890000;5656641,431419545800000;8,390427462000048;51,059708020000073;1
242736;5;9;66;8;2019;6;20;5;2;0;7;0;1;0;0;0;0;0;416214,285398375240000;5654050,540839474600000;7,805116910000038;51,031890381000039;1
242738;5;9;58;4;2019;6;20;5;3;9;1;0;1;0;0;0;0;0;426620,210609836500000;5700531,719665272200000;7,943962351000039;51,451207543000066;1
242739;5;1;11;0;2019;6;10;7;3;5;3;0;1;1;0;0;0;0;345604,128596022730000;5675632,294584201600000;6,789508769000065;51,211188677000052;0
242745;5;5;70;40;2019;6;7;4;3;0;2;0;1;1;0;0;0;0;419518,198111317120000;5744060,800158107700000;7,831760542000041;51,841553673000078;0
242746;5;5;70;52;2019;6;7;4;3;5;3;0;1;1;0;0;0;0;428800,162992401980000;5752785,643056923500000;7,964668002000053;51,921247956000059;0
242748;5;5;66;28;2019;6;14;4;3;2;6;0;1;1;0;0;0;0;417152,657399892810000;5791178,312808208200000;7,786004927000022;52,264741186000037;0
242749;5;5;66;76;2019;6;13;4;3;5;3;0;1;1;0;0;0;0;393749,809485083450000;5794755,493527377000000;7,442068711000047;52,292867082000043;0
242750;5;5;66;8;2019;6;17;4;3;5;3;0;1;1;0;0;0;0;398992,971850002180000;5781046,049884066000000;7,523015695000026;52,170640962000050;0
242751;5;5;58;44;2019;6;17;4;3;5;7;0;1;1;0;0;0;0;396383,237120316360000;5747052,614292729600000;7,495157480000046;51,864630688000034;0
242752;5;5;15;0;2019;6;11;4;2;0;1;0;1;0;0;0;0;0;412691,130968645220000;5752461,248842246800000;7,730561779000027;51,916039030000036;0
242755;5;5;15;0;2019;6;14;4;3;0;7;0;1;0;0;0;0;0;407071,836873149500000;5758349,540906338000000;7,647291847000076;51,968056852000075;0
242756;5;5;15;0;2019;6;10;4;3;5;3;0;1;1;0;0;0;0;403576,168265624900000;5758496,016831209900000;7,596382239000036;51,968778022000038;0
242757;5;5;15;0;2019;6;9;4;3;0;1;0;1;0;0;0;0;0;409464,623000000600000;5761513,541999999400000;7,681277286000068;51,996891688000062;0
242759;5;5;62;36;2019;6;13;4;3;0;1;0;1;0;0;0;0;0;390543,110305124890000;5720656,105110153600000;7,418681642000024;51,626266191000070;0
242760;5;5;62;4;2019;6;17;4;2;1;5;0;1;1;0;0;0;0;382836,934823811050000;5711337,008911510900000;7,310511322000025;51,540957361000039;0
242763;5;3;58;24;2019;6;7;4;3;5;2;0;1;1;0;0;0;0;310799,709100705570000;5646701,130412865400000;6,306890468000063;50,940850349000073;0
242767;5;3;34;16;2019;6;17;4;3;8;1;0;1;0;0;0;0;0;296584,774248597210000;5641215,260533018000000;6,107876691000058;50,886742392000031;1
242768;5;3;34;4;2019;6;17;4;3;0;7;0;1;1;0;0;0;0;300313,730000001380000;5640305,132000003000000;6,161321332000057;50,879868740000063;0
242771;5;7;70;44;2019;6;11;7;2;5;3;0;1;1;0;0;0;0;463773,018735779450000;5809153,788695411800000;8,467159725000045;52,431388800000036;0
242776;5;3;34;2;2019;6;18;4;3;5;2;0;1;1;0;0;0;0;293313,056230678220000;5629535,656300799900000;6,068009565000068;50,780687434000072;1
242780;5;3;62;36;2019;6;13;4;3;5;3;0;1;1;0;0;0;0;346150,782999999820000;5647974,160000000100000;6,809107341000072;50,962807119000047;0
242781;5;3;16;0;2019;6;8;4;3;0;2;0;1;1;0;0;0;0;359732,949444836010000;5654290,909328388100000;6,999952966000024;51,023042887000031;0
242782;5;3;16;0;2019;6;8;4;3;5;2;0;1;1;0;0;0;0;360284,963257269930000;5655090,703669680300000;7,007510700000069;51,030365068000037;0
242786;5;7;54;32;2019;6;20;7;3;5;3;0;1;1;0;0;0;0;458776,620031415480000;5734111,900581281600000;8,402752584000041;51,756384380000043;0
242789;5;3;15;0;2019;6;6;4;3;4;2;0;1;0;0;0;0;0;353363,538000000640000;5650364,734999999400000;6,910781816000053;50,986171070000069;0
242790;5;3;15;0;2019;6;13;4;3;6;4;0;1;0;1;0;0;0;355576,648966178300000;5648644,293926361900000;6,942974965000076;50,971269409000058;0
242792;5;3;15;0;2019;6;8;4;3;0;1;0;1;0;0;0;0;0;354655,364196999000000;5643385,288717106000000;6,931961185000034;50,923776498000052;0
242793;5;3;15;0;2019;6;18;4;3;3;2;0;1;1;0;0;0;0;355504,383000001310000;5643362,278999997300000;6,944042244000059;50,923782974000062;0
242794;5;3;15;0;2019;6;9;4;3;1;5;0;1;1;0;0;0;0;356367,246906070040000;5645331,975919487000000;6,955534898000053;50,941699855000081;0
242795;5;3;15;0;2019;6;7;4;3;0;5;0;1;0;0;0;0;1;355568,336079348810000;5645184,113282488700000;6,944229648000032;50,940171473000078;0
242797;5;7;54;16;2019;6;12;7;3;1;5;0;1;1;0;0;0;0;446749,725151362830000;5757001,752036673900000;8,224993358000063;51,961157904000061;0
242799;5;3;14;0;2019;6;7;4;2;5;3;0;1;0;0;0;0;0;369904,169631787580000;5616432,767958289000000;7,158352882000031;50,685164100000065;0
242803;5;1;70;52;2019;6;19;4;2;1;3;0;1;0;0;0;0;0;324716,614187527450000;5726858,370166556900000;6,465395704000059;51,665330188000041;1
242804;5;1;70;32;2019;6;16;4;3;5;2;0;1;1;0;0;0;0;329765,076033052060000;5712518,997567959100000;6,545282662000034;51,538067475000048;0
242806;5;1;58;20;2019;6;0;4;3;0;7;2;1;0;0;0;0;0;357288,205713530070000;5661849,681824913200000;6,962136333000046;51,090369864000081;0
242810;5;1;54;28;2019;6;14;4;3;5;3;0;1;0;0;0;0;1;317534,067622168920000;5703756,025486702100000;6,373640264000073;51,455535699000052;0
242814;5;1;62;22;2019;6;15;4;3;5;2;0;1;1;0;0;0;0;337979,519428771920000;5686635,822509713500000;6,675457295000058;51,307940110000061;1
242817;5;1;16;0;2019;6;21;4;3;1;1;1;1;1;0;0;0;0;319774,657710035330000;5675977,798512680500000;6,419906988000037;51,206726694000054;1
242818;5;1;16;0;2019;6;9;4;2;0;7;0;1;0;0;0;0;0;314903,164278621790000;5670202,376935184000000;6,353220338000028;51,153290668000068;0
242820;5;9;78;4;2019;6;21;7;3;4;5;0;1;0;0;0;0;1;402741,845373540190000;5719933,516392616600000;7,595056177000060;51,622011826000062;0
242822;5;1;14;0;2019;6;16;4;3;5;2;0;1;1;0;0;0;0;330838,437588118020000;5689045,995379269100000;6,571955798000033;51,327515415000050;0
242823;5;1;22;0;2019;6;20;4;3;0;6;0;1;0;0;0;0;0;366580,440000000410000;5671028,126000002000000;7,091345324000031;51,175096333000056;0
242824;5;1;22;0;2019;6;9;4;3;0;2;0;1;1;0;0;0;0;365377,141896917480000;5670226,422845693300000;7,074441925000031;51,167609278000043;0
242825;5;1;22;0;2019;6;9;4;3;5;2;0;1;1;0;0;0;0;366544,522545494140000;5670714,731821684200000;7,090948156000025;51,172271404000071;0
242830;5;1;13;0;2019;6;18;4;3;5;2;0;1;1;0;0;0;0;359501,754458680750000;5694216,786268726000000;6,981027864000055;51,381786021000039;0
242832;5;1;13;0;2019;6;9;4;3;0;2;0;1;1;0;0;0;0;361789,322999999860000;5699876,995000002900000;7,011673351000070;51,433212845000071;0
242833;5;1;12;0;2019;6;5;4;3;8;1;0;1;0;0;0;0;0;339889,946000002320000;5696513,390000004300000;6,698398107000060;51,397227797000028;0
242836;5;1;70;8;2019;6;7;3;3;3;6;0;1;0;0;0;0;0;341505,073395439420000;5714998,946303699200000;6,713300832000073;51,563766927000074;0
242837;5;1;70;20;2019;6;7;3;3;4;6;0;1;0;0;0;0;0;329744,548498338090000;5708521,815997852000000;6,546918032000065;51,502152836000050;0
242838;5;1;58;16;2019;6;12;3;3;0;3;0;1;1;0;0;0;0;354779,748999999840000;5672936,875000000000000;6,921871380000027;51,189373920000037;0
242839;5;1;58;16;2019;6;7;3;3;5;3;0;1;1;0;0;0;0;354228,592057588510000;5672053,601806934900000;6,914348224000037;51,181296300000042;0
242840;5;1;58;28;2019;6;6;3;3;5;3;0;1;1;0;0;0;0;348616,416000000200000;5688574,742000000600000;6,827121936000026;51,328291104000073;0