OBJECTID;ULAND;UREGBEZ;UKREIS;UGEMEINDE;UJAHR;UMONAT;USTUNDE;UWOCHENTAG;UKATEGORIE;UART;UTYP1;ULICHTVERH;IstRad;IstPKW;IstFuss;IstKrad;IstGkfz;IstSonstige;LINREFX;LINREFY;XGCSWGS84;YGCSWGS84;STRZUSTAND
242841;5;1;66;28;2019;6;19;3;2;5;3;0;1;1;0;0;0;0;324422,052121203390000;5688293,095369661200000;6,480323565000049;51,318807459000027;0
242842;5;1;66;4;2019;6;10;3;3;5;3;0;1;1;0;0;0;0;303802,974911081600000;5680649,295440888000000;6,188983688000064;51,243421258000069;0
242843;5;1;62;4;2019;6;7;3;3;6;7;0;1;0;1;0;0;0;347008,945416280070000;5658949,724405635100000;6,816690481000023;51,061661615000048;0
242844;5;1;62;24;2019;6;6;3;3;3;6;0;1;1;0;0;0;0;340684,493384161960000;5670096,601662017400000;6,721587912000075;51,160098832000074;0
242845;5;1;62;24;2019;6;14;3;3;5;3;0;1;1;0;0;0;0;341884,917859068140000;5669801,406736427900000;6,738870835000057;51,157779434000076;0
242846;5;1;19;0;2019;6;18;3;3;0;5;0;1;1;0;0;0;0;352660,697214770130000;5704931,612451246000000;6,878335398000047;51,476331616000039;0
242847;5;1;22;0;2019;6;13;3;3;0;1;0;1;0;0;0;0;0;366025,759551240130000;5670746,432049550100000;7,083519990000070;51,172435003000032;0
242850;5;1;20;0;2019;6;21;3;3;8;7;0;1;0;0;0;0;0;377905,414756874550000;5672922,952236916900000;7,252628051000045;51,194657508000034;0
242852;5;1;13;0;2019;6;14;3;3;5;3;0;1;1;0;0;0;0;360790,256265488450000;5705715,622015034800000;6,995011533000024;51,485435837000068;0
242853;5;1;13;0;2019;6;16;3;3;5;7;0;1;1;0;0;0;0;357153,386000000870000;5703873,315999999600000;6,943411753000021;51,467974046000052;0
242854;5;1;13;0;2019;6;16;3;3;5;3;0;1;1;0;0;0;0;356665,453999999910000;5707082,248999999800000;6,935089417000029;51,496685867000053;0
242855;5;1;13;0;2019;6;18;3;3;0;1;0;1;0;0;0;0;0;361294,369966814290000;5699993,721208328400000;7,004511773000047;51,434140840000055;0
242859;5;1;12;0;2019;6;13;3;3;6;7;0;1;0;1;0;0;0;340807,496677109970000;5696230,622455397600000;6,711703502000034;51,394945410000048;0
242861;5;5;58;16;2019;6;14;3;3;1;5;0;1;1;0;0;0;0;381565,196004262190000;5744736,392210425800000;7,280844442000046;51,840865867000048;0
242863;5;1;11;0;2019;6;10;3;3;5;3;0;1;1;0;0;0;0;344928,164495333100000;5678240,246351415300000;6,778710592000039;51,234439013000042;0
242865;5;1;11;0;2019;6;9;3;3;0;3;0;1;1;0;0;0;0;342308,606383658010000;5679280,945783764100000;6,740760174000059;51,243071968000038;0
242866;5;1;11;0;2019;6;9;3;3;4;7;0;1;0;0;0;0;0;344052,718363246880000;5676518,460215220200000;6,766929841000035;51,218729653000082;0
242868;5;7;70;36;2019;6;8;3;3;5;3;0;1;1;0;0;0;0;465746,044099137190000;5795539,804468372800000;8,497569102000057;52,309125673000040;0
242870;5;7;54;28;2019;6;15;3;3;0;7;0;1;0;0;0;0;0;451361,814672931100000;5744499,066054523000000;8,293876934000025;51,849176147000037;0
242872;5;7;54;12;2019;6;19;3;3;5;3;0;1;1;0;0;0;0;456864,187858440910000;5765798,862812826400000;8,371081510000067;52,041124367000066;0
242876;5;7;66;20;2019;6;10;3;3;5;3;0;1;0;0;0;0;0;494050,808000000190000;5753666,240000002100000;8,913468729000044;51,933686725000030;0
242880;5;9;58;32;2019;6;8;3;3;0;7;0;1;0;0;0;0;0;449964,032672247850000;5688856,282884826900000;8,281524095000066;51,348776122000061;0
242882;5;5;54;8;2019;6;16;3;2;0;1;0;1;0;0;0;0;0;335498,801925608890000;5745709,482397444500000;6,612238097000045;51,837939914000060;0
242885;5;5;15;0;2019;6;21;3;3;6;6;1;1;0;1;0;0;0;404474,909169807100000;5761679,455885371200000;7,608574300000043;51,997547013000030;0
242888;5;9;13;0;2019;6;14;3;3;5;2;0;1;1;0;0;0;0;392767,040897748430000;5705728,293852144900000;7,455351131000043;51,492517937000059;0
242894;5;5;70;28;2019;6;10;2;2;0;5;0;1;1;0;0;0;0;440929,267807803120000;5741748,334538005300000;8,142904890000068;51,823439985000050;0
242898;5;5;15;0;2019;6;13;3;3;4;2;0;1;1;0;0;0;0;406001,112298502590000;5756604,942439759200000;7,632188047000057;51,952195570000072;0
242900;5;5;66;76;2019;6;6;2;3;5;3;0;1;1;0;0;0;0;394224,531999998730000;5794119,275000000400000;7,449226449000037;52,287240846000032;0
242901;5;5;58;12;2019;6;8;2;3;6;7;0;1;0;1;0;0;0;374000,901497208510000;5756355,479029189800000;7,166857659000073;51,943625611000073;0
242902;5;5;54;8;2019;6;19;2;3;5;3;0;1;1;0;0;0;0;336119,136681828650000;5745360,361477734500000;6,621399316000066;51,834985966000033;0
242903;5;5;54;56;2019;6;18;2;3;0;7;0;1;1;0;0;0;0;356999,402169452050000;5762277,202132483900000;6,917205136000064;51,992723026000078;0
242904;5;5;15;0;2019;6;16;2;3;0;1;0;1;0;0;0;0;0;405730,632353342140000;5757227,497361743800000;7,628082608000057;51,957745592000038;0
242905;5;5;15;0;2019;6;10;2;3;5;7;0;1;1;0;0;0;0;405773,921010190620000;5758002,531125694500000;7,628499780000027;51,964719274000061;0
242907;5;5;62;36;2019;6;16;2;3;1;6;0;1;1;0;0;0;0;388640,538558229800000;5719072,426324361900000;7,391710202000070;51,611658774000034;0
242911;5;5;62;32;2019;6;15;2;3;1;3;0;1;1;0;0;0;0;375280,302613400850000;5718522,508396640400000;7,199050078000028;51,603915532000030;0
242912;5;5;13;0;2019;6;17;2;3;1;3;0;1;1;0;0;0;0;367159,443997113030000;5710767,289841588600000;7,084785139000076;51,532365579000043;0
242913;5;5;13;0;2019;6;14;2;2;5;3;0;1;1;0;0;0;0;366141,372143049720000;5708654,987046888100000;7,070918627000026;51,513142727000059;0
242915;5;3;58;24;2019;6;8;2;3;5;3;0;1;1;0;0;0;0;311814,060148208400000;5644408,567950921100000;6,322495453000045;50,920588687000077;0
242916;5;5;15;0;2019;6;11;3;3;0;5;0;1;1;0;0;0;0;403282,697792975230000;5756851,078149288900000;7,592574850000062;51,953941829000030;0
242921;5;3;62;28;2019;6;8;2;3;0;3;0;1;0;0;0;0;0;349160,904412222090000;5639114,163704840500000;6,855605375000039;50,883984432000034;0
242922;5;3;62;28;2019;6;15;2;3;5;2;0;1;1;0;0;0;0;352102,389466988850000;5640370,844093265000000;6,896883711000044;50,896038188000034;0
242926;5;3;15;0;2019;6;9;2;3;5;3;0;1;1;0;0;0;0;366179,519990951750000;5637457,286663398100000;7,098004420000052;50,873285697000028;0
242927;5;5;62;14;2019;6;10;3;3;0;7;0;1;1;0;0;0;0;361352,724863880310000;5712559,858107313500000;7,000414982000052;51,547077885000078;1
242928;5;3;15;0;2019;6;15;2;3;0;7;0;1;0;0;0;0;0;350057,361568279560000;5645115,162518441700000;6,865874595000037;50,938145158000054;0
242931;5;3;15;0;2019;6;8;2;3;0;7;0;1;1;0;0;0;0;355772,677085386590000;5644599,299463531000000;6,947367629000041;50,934967004000043;0
242932;5;3;15;0;2019;6;7;2;3;5;3;0;1;0;0;0;0;1;356178,820049896840000;5646052,077254978900000;6,952570310000056;50,948124320000034;0
242933;5;3;14;0;2019;6;9;2;3;8;7;0;1;0;0;0;0;1;368430,911000000310000;5616092,920000003700000;7,137629953000044;50,681778183000063;1
242934;5;3;70;36;2019;6;17;3;3;0;1;0;1;0;0;0;0;0;299263,745013517330000;5666436,332512000600000;6,131972015000031;51,114196796000044;0
242935;5;3;14;0;2019;6;9;2;3;8;7;0;1;0;0;0;0;1;368432,006000313910000;5616093,550449524100000;7,137645220000024;50,681784097000047;1
242937;5;3;70;32;2019;6;15;3;3;0;7;0;1;1;0;0;0;0;291550,987220142970000;5663832,707834223300000;6,023435231000065;51,088062771000068;0
242938;5;3;14;0;2019;6;18;2;3;2;6;0;1;0;0;0;0;0;362265,524022736590000;5619306,092302557100000;7,049213164000037;50,709230761000072;0
242940;5;3;14;0;2019;6;8;2;3;1;5;0;1;1;0;0;0;0;365837,434304165650000;5623197,322180699600000;7,098357669000052;50,745040334000066;0
242942;5;3;58;8;2019;6;7;3;3;0;7;0;1;0;0;0;0;0;323965,097142112440000;5631264,830734219400000;6,501520859000038;50,806338509000057;0
242944;5;1;70;28;2019;6;10;2;2;5;3;0;1;0;0;0;1;0;330194,066610675310000;5702101,012622417900000;6,556473893000032;51,444606289000035;0
242947;5;1;70;48;2019;6;23;2;2;2;3;2;1;1;0;0;0;0;335912,531252883370000;5725967,217909745900000;6,627552815000058;51,660705031000077;0
242952;5;1;62;24;2019;6;1;2;3;0;1;2;1;0;0;0;0;0;338838,141999999990000;5674121,908000001700000;6,693400576000045;51,195748870000045;0
242955;5;1;14;0;2019;6;16;2;3;5;2;0;1;1;0;0;0;0;331523,505304614080000;5690102,574773609600000;6,581279745000074;51,337211028000070;0
242960;5;1;13;0;2019;6;14;2;2;0;1;0;1;0;0;0;0;0;360899,208124272530000;5698409,699598914000000;6,999452424000026;51,419809385000065;0
242961;5;1;13;0;2019;6;16;2;3;5;3;0;1;1;0;0;0;0;363866,308562827300000;5699230,914990888900000;7,041782691000037;51,427909637000027;0
242964;5;1;12;0;2019;6;9;2;3;5;3;0;1;1;0;0;0;0;337209,367075365040000;5696622,585187533900000;6,659848613000065;51,397446055000046;0
242965;5;1;12;0;2019;6;16;2;3;5;7;0;1;1;0;0;0;0;342564,975545013320000;5702788,832444952800000;6,734031089000041;51,454360083000040;0
242970;5;1;11;0;2019;6;8;2;3;4;2;0;1;1;0;0;0;0;346005,143245396200000;5677833,682666026100000;6,794299963000071;51,231077503000051;0
242974;5;7;74;32;2019;6;17;2;3;5;2;0;1;1;0;0;0;0;480913,915205733850000;5728315,798331400400000;8,723790846000043;51,705462087000058;0
242975;5;7;70;4;2019;6;8;2;3;0;1;0;1;0;0;0;0;0;488763,199888819830000;5782303,084077933800000;8,835618006000061;52,191073961000029;0
242978;5;7;54;44;2019;6;8;2;1;2;6;0;1;1;0;0;0;0;463108,557567448360000;5746574,392157694300000;8,464183743000035;51,868734937000056;0
242979;5;7;54;16;2019;6;11;2;1;5;3;0;1;0;0;0;1;0;451213,919277904560000;5756741,123557303100000;8,289996799000051;51,959224435000067;0
242980;5;7;54;8;2019;6;8;2;3;5;2;0;1;1;0;0;0;0;455794,425606435160000;5751346,993227513500000;8,357347184000048;51,911111610000034;0
242981;5;7;66;8;2019;6;12;2;3;5;3;0;1;0;0;0;0;0;483489,334061619830000;5770142,753574444000000;8,759058372000027;52,081611749000047;0
242982;5;3;34;2;2019;6;17;3;3;5;3;0;1;1;0;0;0;0;293103,097988040190000;5631221,221174510200000;6,064086515000042;50,795750659000078;0
242985;5;7;66;20;2019;6;7;2;3;2;6;0;1;1;0;0;0;0;490188,691090615470000;5753720,657197237000000;8,857292659000052;51,934121302000051;0
242986;5;7;11;0;2019;6;8;2;3;0;3;0;1;1;0;0;0;0;471982,242230169480000;5754200,084503749400000;8,592442257000073;51,937812932000043;0
242990;5;9;78;16;2019;6;7;2;3;0;7;0;1;0;0;0;0;0;403980,907869426530000;5704113,876653756900000;7,617268025000044;51,480021547000035;0
242992;5;9;74;28;2019;6;17;2;3;5;3;0;1;1;0;0;0;0;455493,376656537880000;5724028,213249962800000;8,356475700000033;51,665472319000060;0
242993;5;9;74;28;2019;6;13;2;2;5;3;0;1;1;0;0;0;0;454253,696589707400000;5722935,088369177700000;8,338695433000055;51,655544596000027;0
242995;5;9;74;40;2019;6;6;2;3;8;6;0;1;1;0;0;0;0;439272,066588960590000;5712725,725996486800000;8,123914912000032;51,562338248000060;0
242996;5;3;82;44;2019;6;15;3;3;5;2;0;1;0;0;0;0;1;362902,570205624220000;5628481,493455398800000;7,054814518000057;50,791847173000065;0
242999;5;9;58;4;2019;6;21;2;3;5;3;0;1;0;0;0;0;0;430295,920639312830000;5698744,907860014600000;7,997203933000037;51,435607798000035;0
243000;5;9;15;0;2019;6;7;2;3;5;3;0;1;1;0;0;0;0;418366,791092810220000;5726129,788202347200000;7,819263534000072;51,680197333000081;0
243001;5;9;13;0;2019;6;18;2;3;4;6;0;1;1;0;0;0;0;390927,950000000190000;5703793,469000000500000;7,429468012000029;51,474775206000061;0
243004;5;9;11;0;2019;6;17;2;3;5;3;0;1;1;0;0;0;0;382908,782860620880000;5703042,211392372800000;7,314300593000041;51,466420119000077;0
243005;5;5;58;16;2019;6;17;1;3;0;1;0;1;0;0;0;0;0;381689,858603220430000;5744286,339014682900000;7,282807039000034;51,836847592000026;0
243007;5;5;54;8;2019;6;17;1;3;5;3;0;1;1;0;0;0;0;336663,395546028390000;5745689,608497053400000;6,629136070000072;51,838103174000082;0
243009;5;5;15;0;2019;6;11;1;3;5;3;0;1;1;0;0;0;0;409050,136507417080000;5764761,783335652200000;7,674379045000023;52,026020881000079;0
243010;5;5;15;0;2019;6;12;1;3;4;6;0;1;1;0;0;0;0;399926,880666189830000;5756219,219283741000000;7,543941916000051;51,947668869000040;0
243011;5;3;74;48;2019;6;7;3;2;0;1;0;1;0;0;0;0;0;399492,287189851510000;5645556,399355860400000;7,569065125000066;50,952849437000054;0
243013;5;5;13;0;2019;6;20;1;3;2;6;0;1;1;0;0;0;0;369254,717000000180000;5708215,715000001700000;7,115922576000060;51,509924123000076;0
243016;5;3;34;36;2019;6;17;1;3;5;2;0;1;1;0;0;0;0;297850,281999999660000;5635230,848000001200000;6,129150198000048;50,833438099000034;0
243017;5;3;34;8;2019;6;19;1;3;8;1;0;1;0;0;0;0;0;303623,436834034510000;5645011,138633517500000;6,205780105000031;50,923272008000026;0
243019;5;3;82;56;2019;6;4;1;3;0;1;1;1;1;0;0;0;0;368493,625672860070000;5626960,593182152100000;7,134640696000076;50,779472711000039;0
243020;5;3;78;32;2019;6;9;1;3;0;6;0;1;0;0;0;0;0;376119,498000000600000;5667468,593000000300000;7,228960989000029;51,145249698000043;0
243021;5;3;62;36;2019;6;11;1;3;5;3;0;1;1;0;0;0;0;345916,059547070410000;5652074,804663475600000;6,804029014000037;50,999592475000043;0
243022;5;3;15;0;2019;6;16;1;3;0;7;0;1;0;0;0;0;0;361870,035758581940000;5636681,654816716900000;7,037084268000058;50,865300920000038;0
243025;5;3;14;0;2019;6;15;1;3;6;4;0;1;0;1;0;0;0;367041,186749367040000;5621867,962392950400000;7,115889615000071;50,733368914000039;0
243026;5;3;14;0;2019;6;9;1;3;4;6;0;1;1;0;0;0;0;366261,903938640840000;5621267,711075609500000;7,105070851000050;50,727794951000078;0
243028;5;1;54;16;2019;6;11;1;3;5;3;0;1;1;0;0;0;0;303397,319425062280000;5731411,717361550800000;6,154941124000061;51,699168169000075;0
243029;5;1;54;36;2019;6;12;1;3;3;2;0;1;0;0;0;0;0;302406,497560816820000;5739755,389701627200000;6,135885448000067;51,773747621000041;0
243030;5;1;66;36;2019;6;16;1;2;0;1;0;1;0;0;0;0;0;328396,416508805940000;5681109,768568055700000;6,540752831000020;51,255486839000071;0
243031;5;1;66;32;2019;6;14;1;3;5;3;0;1;1;0;0;0;0;318893,869648119430000;5681847,796756483600000;6,404344444000060;51,259177826000041;0
243036;5;1;22;0;2019;6;10;1;3;0;7;0;1;0;0;0;0;0;359967,033513518050000;5666465,764512326600000;6,998571854000034;51,132514173000061;0
243038;5;1;13;0;2019;6;14;1;3;0;7;0;1;0;0;0;0;0;363085,739210870120000;5706610,165540177400000;7,027704366000023;51,494034958000043;0
243042;5;1;11;0;2019;6;11;1;3;1;5;0;1;1;0;0;0;0;352289,899646634240000;5674625,968209309500000;6,885572009000043;51,203914177000058;0
243043;5;7;74;32;2019;6;15;1;3;0;1;0;1;0;0;0;0;0;483603,344480469820000;5729763,046975739300000;8,762643118000028;51,718559814000059;0
243046;5;7;58;12;2019;6;16;1;3;1;5;0;1;1;0;0;0;0;478650,639000002290000;5775078,546000000100000;8,688138489000039;52,125822344000028;0
243047;5;3;62;36;2019;6;7;3;3;8;7;0;1;0;0;0;0;0;345684,265321320850000;5647807,553394023300000;6,802539763000027;50,961185243000045;0
243049;5;7;54;8;2019;6;15;1;3;5;2;0;1;1;0;0;0;0;457893,650808550420000;5750671,818256512300000;8,387945940000066;51,905204053000034;0
243050;5;3;62;36;2019;6;7;3;3;5;3;0;1;0;0;0;0;0;346393,711828475820000;5651667,763878369700000;6,811003270000072;50,996062541000072;0
243051;5;7;11;0;2019;6;18;1;3;5;3;0;1;1;0;0;0;0;467955,869798625820000;5764504,240280639400000;8,532912302000057;52,030237037000063;0
243052;5;9;78;40;2019;6;1;1;3;0;1;2;1;0;0;0;0;0;405539,818625774230000;5726801,160446867300000;7,633606506000035;51,684221245000060;0
243053;5;9;74;40;2019;6;13;1;3;4;2;0;1;1;0;0;0;0;438091,112194274550000;5713314,128950050100000;8,106776552000042;51,567499895000026;0
243054;5;9;54;20;2019;6;16;1;3;2;1;0;1;1;0;0;0;0;390849,716010664590000;5695429,876149300500000;7,430920355000069;51,399584430000061;0
243057;5;9;15;0;2019;6;5;1;3;0;2;0;1;0;0;0;0;0;418366,001000001100000;5726132,177999999400000;7,819251550000047;51,680218701000058;0
243060;5;9;78;24;2019;6;18;1;3;5;3;0;1;1;0;0;0;0;398621,951298530210000;5719895,460169546300000;7,535573722000038;51,620942666000076;0
243062;5;9;13;0;2019;6;2;1;3;0;1;2;1;0;0;0;0;0;395081,013503928670000;5708026,332458786700000;7,487986800000044;51,513608223000062;0
243064;5;3;15;0;2019;6;11;3;3;1;3;0;1;1;0;0;0;0;348249,960840241050000;5644654,716752506800000;6,840361125000072;50,933534712000039;0
243069;5;5;54;4;2019;6;9;7;3;5;3;0;1;1;0;0;0;0;363320,427169521340000;5771233,835489789000000;7,005629869000075;52,074794083000029;0
243070;5;5;54;40;2019;6;11;7;3;4;3;0;1;1;0;0;0;0;351093,994000000880000;5739224,335000002800000;6,841209051000021;51,784047805000057;0
243071;5;5;54;12;2019;6;22;7;3;0;7;2;1;0;0;0;0;0;352947,289607509970000;5746275,362131908500000;6,865064153000049;51,847891412000081;0
243074;5;5;15;0;2019;6;13;7;3;0;4;0;1;0;1;0;0;0;405087,724999999630000;5757067,760000001600000;7,618773331000057;51,956200442000068;0
243076;5;5;62;24;2019;6;17;7;2;0;1;0;1;0;0;0;0;0;364014,073180585170000;5725516,622339583900000;7,033747914000060;51,664158594000071;0
243078;5;5;62;24;2019;6;9;7;3;0;1;0;1;0;0;0;0;0;370579,702376279050000;5726885,995280966200000;7,128118567000058;51,678015187000028;0
243079;5;3;70;4;2019;6;13;7;3;5;3;0;1;1;0;0;0;0;311586,817718530070000;5662693,900611491900000;6,309776647000035;51,084764552000081;0
243080;5;3;82;20;2019;6;20;7;2;0;1;0;1;0;0;0;0;0;378448,159517241640000;5627317,332793105400000;7,275652308000076;50,784851507000042;0
243081;5;3;82;20;2019;6;17;7;3;5;3;0;1;1;0;0;0;0;379068,724424804560000;5626071,266632346400000;7,284861357000068;50,773780632000069;0
243084;5;3;14;0;2019;6;9;3;3;0;7;0;1;0;0;0;0;0;364677,832000002260000;5621384,060000000500000;7,082596836000050;50,728473863000033;0
243086;5;3;15;0;2019;6;13;7;2;8;1;0;1;0;0;0;0;0;359573,229557964950000;5645042,078538788500000;7,001250494000033;50,939884264000057;0
243090;5;3;15;0;2019;6;1;7;3;0;7;2;1;0;0;0;0;0;356608,600957599470000;5642912,483634432800000;6,959919787000047;50,920016197000052;0
243091;5;3;15;0;2019;6;0;7;3;7;1;2;1;0;0;0;0;0;354897,197665758430000;5645163,274610882600000;6,934691910000026;50,939815702000033;0
243099;5;7;11;0;2019;6;14;4;3;5;2;0;1;0;0;0;0;0;466718,669547965750000;5765186,219934897500000;8,514812713000026;52,036295566000035;0
243100;5;7;11;0;2019;6;7;4;3;1;5;0;1;1;0;0;0;0;475217,295005673540000;5765961,772112892900000;8,638649411000074;52,043713338000032;0
243102;5;9;58;4;2019;6;18;4;3;5;3;0;1;1;0;0;0;0;430099,485000000340000;5698012,265000004300000;7,994522996000057;51,428996807000033;0
243105;5;1;58;16;2019;6;19;6;3;5;3;0;1;1;0;0;0;0;354530,853570655920000;5672099,956774205000000;6,918651059000069;51,181789849000040;0
243107;5;1;58;28;2019;6;17;6;3;0;1;0;1;0;0;0;0;0;348368,514641588550000;5685717,711706243500000;6,824781379000058;51,302553153000076;0
243108;5;1;54;16;2019;6;6;6;3;9;3;0;1;1;0;0;0;0;303578,268968620340000;5729204,415251750500000;6,158798434000062;51,679409131000057;0
243109;5;1;66;36;2019;6;22;6;2;4;1;2;1;0;0;0;0;0;328932,420097708700000;5682015,073407661200000;6,547993819000055;51,263781020000067;0
243110;5;1;66;32;2019;6;17;6;3;5;2;0;1;1;0;0;0;0;314389,701999833810000;5681271,288372771800000;6,340162421000059;51,252550984000038;0
243112;5;1;62;24;2019;6;16;6;3;5;3;0;1;1;0;0;0;0;339589,709277926940000;5674731,774476336300000;6,703875445000051;51,201439973000049;0
243114;5;1;19;0;2019;6;16;6;3;8;2;0;1;0;0;0;0;1;350051,637228523380000;5704677,604156702800000;6,840901549000023;51,473363756000026;0
243117;5;1;19;0;2019;6;14;6;3;6;6;0;1;0;1;0;0;0;352597,340262025590000;5705292,897052824500000;6,877272986000037;51,479561466000064;0
243118;5;1;14;0;2019;6;15;6;3;5;2;0;1;1;0;0;0;0;329775,440181394110000;5689666,896322025000000;6,556416370000022;51,332776327000033;0
243119;5;1;14;0;2019;6;22;6;3;0;1;1;1;0;0;0;0;0;329967,201855881140000;5689717,963333470700000;6,559142062000035;51,333292473000029;0
243121;5;1;14;0;2019;6;19;6;3;6;4;0;1;0;1;0;0;0;331801,776839422060000;5687622,546234970900000;6,586441428000057;51,315012822000028;0
243122;5;1;22;0;2019;6;17;6;3;6;7;0;1;0;1;0;0;0;365852,561789751050000;5671350,178029794200000;7,080818589000046;51,177820375000067;0
243126;5;1;13;0;2019;6;20;6;3;0;1;0;1;0;0;0;0;0;366472,121999998580000;5694776,501000000200000;7,080920281000033;51,388498628000036;0
243127;5;1;13;0;2019;6;18;6;2;5;3;0;1;1;0;0;0;0;358528,475558045320000;5698293,898071168000000;6,965425677000042;51,418182080000065;0
243130;5;1;12;0;2019;6;11;6;3;0;5;0;1;1;0;0;0;0;344675,360345069320000;5694091,802372323300000;6,768191271000035;51,376799991000041;0
243131;5;1;12;0;2019;6;16;6;3;0;3;0;1;1;0;0;0;0;346015,078000000680000;5699709,725999999800000;6,784987533000049;51,427642872000035;0
243135;5;1;12;0;2019;6;19;6;3;5;3;0;1;1;0;0;0;0;345642,544378995900000;5709185,587623434100000;6,775494461000051;51,512682180000070;0
243137;5;1;11;0;2019;6;16;6;3;3;6;0;1;0;0;0;0;1;344428,111657779660000;5674907,679645169500000;6,772999474000073;51,204358599000045;0
243140;5;1;11;0;2019;6;14;6;3;5;2;0;1;1;0;0;0;0;347674,903264265510000;5676160,020464763000000;6,818908807000071;51,216486712000062;0
243141;5;1;11;0;2019;6;21;6;3;1;5;1;1;1;0;0;0;0;346142,316249305380000;5689108,774845993100000;6,791407518000028;51,332425631000035;0
243142;5;1;11;0;2019;6;20;6;3;3;6;0;1;0;0;0;0;0;345701,373312594370000;5679196,429017657400000;6,789365429000043;51,243240326000034;0
243144;5;1;11;0;2019;6;1;6;3;5;3;2;1;0;0;0;0;1;341662,671166477720000;5678833,752166926900000;6,731711369000038;51,238874982000027;0
243146;5;7;74;32;2019;6;9;6;3;5;2;0;1;1;0;0;0;0;482428,968737591060000;5729188,686818743100000;8,745672078000041;51,713359999000033;0
243148;5;7;70;24;2019;6;20;6;3;0;6;0;1;0;0;0;0;0;493966,078877461140000;5794215,603377770600000;8,911517471000025;52,298255813000026;0
243149;5;7;58;24;2019;6;16;6;3;5;2;0;1;1;0;0;0;0;485044,617999999780000;5783550,127000002200000;8,781164578000073;52,202197295000076;0
243151;5;7;54;8;2019;6;17;6;3;4;2;0;1;1;0;0;0;0;457893,650808550420000;5750671,818256512300000;8,387945940000066;51,905204053000034;0
243152;5;7;54;8;2019;6;17;6;2;5;2;0;1;1;0;0;0;0;458092,445017004390000;5750654,001941442500000;8,390837585000043;51,905058865000058;0
243153;5;7;54;8;2019;6;10;6;3;8;1;0;1;1;0;0;0;0;457844,580000001010000;5749991,537999998800000;8,387315907000073;51,899084218000041;0
243155;5;7;66;44;2019;6;14;6;3;5;2;0;1;1;0;0;0;0;488192,298999998720000;5764892,671000000100000;8,827870277000045;52,034529452000072;0
243157;5;7;66;20;2019;6;18;6;3;5;3;0;1;1;0;0;0;0;491662,071128256620000;5754226,002113051700000;8,878710943000044;51,938688903000070;0
243160;5;7;11;0;2019;6;10;6;2;5;3;0;1;0;0;0;0;1;474794,573466131460000;5755383,271741643500000;8,633263877000047;51,948585311000045;0
243162;5;9;78;4;2019;6;19;6;3;5;3;0;1;1;0;0;0;0;403227,336516584270000;5719162,759585879700000;7,602279980000049;51,615167292000081;0
243166;5;9;15;0;2019;6;20;6;3;5;3;0;1;1;0;0;0;0;420106,114325016740000;5722075,575753692500000;7,845342246000030;51,644001530000025;0
243169;5;9;14;0;2019;6;14;6;3;5;3;0;1;1;0;0;0;0;393547,324065797960000;5690628,908964667500000;7,471123151000029;51,356942611000079;0
243174;5;9;16;0;2019;6;17;6;3;5;3;0;1;1;0;0;0;0;372107,453511320050000;5711336,237088931700000;7,155875350000031;51,538621255000066;0
243175;5;9;11;0;2019;6;13;6;3;1;5;0;1;1;0;0;0;0;373664,728566231210000;5702375,226146817200000;7,181526678000068;51,458437650000064;0
243177;5;5;66;76;2019;6;20;5;2;5;3;0;1;1;0;0;0;0;394737,554549118500000;5792901,792411722200000;7,457125060000067;52,276397516000031;0
243182;5;5;62;16;2019;6;7;5;3;3;6;0;1;0;0;0;0;1;374527,309510259890000;5733757,537452479800000;7,182710025000063;51,740664698000046;0
243183;5;5;62;24;2019;6;12;5;3;3;6;0;1;0;0;1;0;0;369134,281125519420000;5725279,546781325700000;7,107826616000068;51,663243834000070;0
243184;5;5;12;0;2019;6;15;5;3;1;5;0;1;1;0;0;0;0;357212,207365023900000;5712906,946632750300000;6,940600060000065;51,549164295000026;0
243185;5;5;62;14;2019;6;15;5;3;1;5;0;1;1;0;0;0;0;361671,773349777800000;5715979,286942910400000;7,003667757000073;51,577883760000077;0
243188;5;3;58;8;2019;6;13;5;3;0;6;0;1;1;0;0;0;0;322083,990258553070000;5629981,421146031500000;6,475471403000029;50,794233697000038;0
243190;5;3;82;56;2019;6;21;5;3;0;7;0;1;0;0;0;0;0;372088,607995869590000;5627129,039490956800000;7,185547632000066;50,781790901000079;0
243191;5;3;82;68;2019;6;20;5;3;5;2;0;1;1;0;0;0;0;371833,445903621610000;5631102,803678240600000;7,180543166000064;50,817451843000072;0
243193;5;3;78;4;2019;6;9;5;2;0;1;0;1;0;0;0;0;0;369184,947644663040000;5651496,724047042400000;7,135655915000029;51,000158053000064;0
243194;5;3;74;12;2019;6;15;5;2;4;6;0;1;1;0;0;0;0;396499,521731078620000;5648511,183413686200000;7,525631044000022;50,978881984000054;0
243196;5;3;62;24;2019;6;17;5;3;0;7;0;1;0;0;0;0;0;346775,544492322020000;5642196,728321079200000;6,820426762000068;50,911057157000073;0
243201;5;3;15;0;2019;6;20;5;2;0;7;0;1;0;0;0;0;0;351045,991978721690000;5646089,246528780100000;6,879537063000043;50,947154908000073;0