OBJECTID;ULAND;UREGBEZ;UKREIS;UGEMEINDE;UJAHR;UMONAT;USTUNDE;UWOCHENTAG;UKATEGORIE;UART;UTYP1;ULICHTVERH;IstRad;IstPKW;IstFuss;IstKrad;IstGkfz;IstSonstige;LINREFX;LINREFY;XGCSWGS84;YGCSWGS84;STRZUSTAND
243203;5;3;15;0;2019;6;10;5;3;9;1;0;1;0;0;0;0;0;355538,779387899670000;5644477,153750814500000;6,944089522000070;50,933810763000054;0
243204;5;3;15;0;2019;6;22;5;3;5;2;2;1;0;0;0;0;0;356392,994445572610000;5645431,733088869600000;6,955861811000034;50,942602773000033;0
243205;5;3;14;0;2019;6;13;5;3;5;3;0;1;0;0;0;0;1;362364,766153240580000;5618145,611533541200000;7,051050474000022;50,698824155000068;0
243214;5;1;66;16;2019;6;15;5;3;4;7;0;1;1;0;0;0;0;304675,441867373880000;5689301,552639596200000;6,196737932000076;51,321429230000035;0
243216;5;1;62;24;2019;6;16;5;3;0;5;0;1;1;0;0;0;0;338152,255563777870000;5674793,239686815100000;6,683289866000052;51,201586823000071;0
243217;5;1;62;24;2019;6;9;5;2;5;3;0;1;1;0;0;0;0;338070,635000000710000;5676952,441999997900000;6,681147889000044;51,220963708000056;0
243218;5;1;62;24;2019;6;7;5;3;5;3;0;1;1;0;0;0;0;338038,120109410960000;5674561,909801691800000;6,681761930000050;51,199476020000077;0
243224;5;1;14;0;2019;6;22;5;3;0;7;0;1;0;0;0;0;0;332923,047550448220000;5689348,134195137800000;6,601707054000030;51,330846043000065;0
243230;5;1;13;0;2019;6;8;5;3;0;3;0;1;1;0;0;0;0;360683,554999315180000;5700092,899491431200000;6,995691034000060;51,434882224000035;0
243233;5;1;12;0;2019;6;15;5;3;1;3;0;1;1;0;0;0;0;344695,040099067610000;5707007,140366621300000;6,762809863000030;51,492849494000041;0
243234;5;1;11;0;2019;6;15;5;3;5;3;0;1;1;0;0;0;0;344196,996306741610000;5675381,412548678000000;6,769488059000025;51,208552272000077;0
243235;5;1;11;0;2019;6;19;5;3;1;5;0;1;1;0;0;0;0;344994,353776094500000;5678607,667440429300000;6,779498947000036;51,237758413000051;0
243236;5;1;11;0;2019;6;13;5;3;5;2;0;1;1;0;0;0;0;346258,677939902060000;5678058,511772075700000;6,797832039000070;51,233166060000030;0
243237;5;1;11;0;2019;6;8;5;3;4;6;0;1;1;0;0;0;0;347569,283741549590000;5677185,067469000800000;6,816961829000036;51,225669215000039;0
243240;5;7;74;32;2019;6;3;5;2;0;1;2;1;0;0;0;0;0;482468,852809015660000;5729048,860534831900000;8,746256400000050;51,712104025000031;0
243241;5;7;70;20;2019;6;23;5;3;1;5;2;1;1;0;0;0;0;475664,531306011600000;5795408,744582044000000;8,643057488000068;52,308476595000059;0
243244;5;7;58;12;2019;6;19;5;3;0;3;0;1;1;0;0;0;0;479690,763516831210000;5773612,707722235500000;8,703419398000051;52,112682697000082;0
243245;5;7;54;28;2019;6;7;5;3;5;3;0;1;1;0;0;0;0;453758,616033170370000;5742882,953697124500000;8,328886839000063;51,834850058000029;0
243246;5;7;54;20;2019;6;15;5;3;5;3;0;1;1;0;0;0;0;446234,403000000860000;5750162,414000004500000;8,218562829000064;51,899621104000062;0
243251;5;7;11;0;2019;6;18;5;3;5;2;0;1;1;0;0;0;0;466081,517788548020000;5766172,272980302600000;8,505426622000073;52,045122125000034;0
243254;5;9;58;4;2019;6;15;5;3;0;1;0;1;0;0;0;0;0;428336,789435525420000;5699941,856147084400000;7,968781443000069;51,446124344000054;0
243255;5;9;15;0;2019;6;16;5;2;1;5;0;1;1;0;0;0;0;415425,624188750050000;5727239,322816830100000;7,776464125000075;51,689736137000068;0
243256;5;9;15;0;2019;6;15;5;3;6;4;0;1;1;1;0;0;0;416349,436651241970000;5727259,191316820700000;7,789820908000024;51,690053158000069;0
243259;5;9;78;24;2019;6;11;5;3;5;3;0;1;1;0;0;0;0;398328,940441477110000;5717558,791709480800000;7,532020365000051;51,599886424000033;0
243260;5;9;78;24;2019;6;15;5;3;6;7;0;1;0;1;0;0;0;397780,087400295770000;5718972,894524186800000;7,523686291000047;51,612497849000079;0
243261;5;9;13;0;2019;6;0;5;3;0;1;2;1;0;0;0;0;0;393270,042892536150000;5708246,177167868200000;7,461831922000044;51,515245062000076;0
243262;5;9;54;36;2019;6;17;5;3;0;1;0;1;0;0;0;0;0;383437,311562480400000;5699890,503649253400000;7,322944526000072;51,438201860000049;0
243266;5;9;11;0;2019;6;13;5;3;0;1;0;1;0;0;0;0;0;377164,980177057910000;5701436,462994396700000;7,232209253000065;51,450770875000046;0
243271;5;5;66;8;2019;6;12;4;3;5;2;0;1;1;0;0;0;0;399905,532235357910000;5781395,621041936800000;7,536251821000064;52,173949101000062;0
243272;5;5;58;12;2019;6;7;4;3;5;3;0;1;1;0;0;0;0;374462,706634041850000;5755562,986616108600000;7,173861982000062;51,936608288000059;0
243273;5;5;54;56;2019;6;13;4;2;5;3;0;1;1;0;0;0;0;355434,240467002620000;5761518,716332946000000;6,894744933000027;51,985502925000048;0
243274;5;5;54;8;2019;6;18;4;3;0;7;0;1;0;0;0;0;0;327773,502201153900000;5748518,555382888800000;6,498817612000039;51,860844112000052;0
243275;5;5;54;8;2019;6;12;4;3;5;3;0;1;0;0;0;0;0;335749,186637884010000;5745838,927030673300000;6,615807620000055;51,839176459000043;0
243276;5;5;62;32;2019;6;18;4;2;1;5;0;1;1;0;0;0;0;376281,998417205180000;5717657,753805205200000;7,213811963000069;51,596364765000033;0
243277;5;5;13;0;2019;6;18;4;3;5;3;0;1;1;0;0;0;0;363193,885616558600000;5710486,003225464400000;7,027757301000065;51,528890896000064;0
243278;5;5;13;0;2019;6;17;4;3;6;7;0;1;0;1;0;0;0;368024,898300910370000;5708054,853980138900000;7,098271192000027;51,508192599000040;0
243279;5;3;70;20;2019;6;13;4;3;5;3;0;1;1;0;0;0;0;305215,657015230510000;5660301,550269929700000;6,220208645000071;51,061149398000055;0
243280;5;3;70;20;2019;6;11;4;3;0;1;0;1;1;0;0;0;0;305054,947535831480000;5659939,402286550000000;6,218113118000076;51,057842120000032;0
243281;5;9;14;0;2019;6;15;4;3;5;1;0;1;1;0;0;0;0;393201,235975810330000;5690703,503279026600000;7,466132134000077;51,357548162000057;0
243285;5;3;82;56;2019;6;11;4;2;0;5;0;1;0;0;0;0;1;373110,334297684950000;5625518,833089981200000;7,200588981000067;50,767542202000072;0
243286;5;3;82;44;2019;6;21;4;3;0;7;0;1;0;0;0;0;0;364156,443388982680000;5626441,866845795900000;7,073347866000063;50,773810743000070;0
243288;5;9;13;0;2019;6;20;4;3;0;1;0;1;0;0;0;0;0;391745,843977279030000;5703700,432350970800000;7,441268697000055;51,474096051000060;0
243289;5;3;62;28;2019;6;21;4;3;3;6;0;1;1;0;0;0;0;348308,987621165810000;5639118,932796759500000;6,843501315000026;50,883804250000026;0
243290;5;3;62;20;2019;6;15;4;3;5;3;0;1;1;0;0;0;0;344477,608828436580000;5634070,551264463000000;6,791220975000044;50,837420799000029;0
243293;5;3;15;0;2019;6;17;4;3;5;6;0;1;1;0;0;0;0;355828,533232269810000;5647222,547963470200000;6,947123522000027;50,958555601000057;0
243294;5;3;15;0;2019;6;12;4;3;5;3;0;1;1;0;0;0;0;352496,479039088820000;5644627,085539825300000;6,900762868000072;50,934388094000042;0
243295;5;3;15;0;2019;6;12;4;3;6;6;0;1;1;1;0;0;0;353136,439713081340000;5644098,917298518100000;6,910076971000024;50,929804968000042;0
243297;5;3;15;0;2019;6;16;4;3;0;1;0;1;0;0;0;0;0;355266,558524057270000;5641729,989975715100000;6,941308281000033;50,909054279000031;0
243300;5;3;14;0;2019;6;19;4;3;4;5;0;1;1;0;0;0;0;366323,045154194350000;5619569,281155046100000;7,106552111000042;50,712543507000078;0
243301;5;3;14;0;2019;6;17;4;2;5;3;0;1;1;0;0;0;0;365736,619575005020000;5621477,866231318600000;7,097555964000037;50,729562657000031;0
243302;5;9;13;0;2019;6;19;4;3;4;6;0;1;1;0;0;0;0;393239,341635309160000;5709477,891866792000000;7,461016431000076;51,526310466000041;0
243303;5;3;14;0;2019;6;6;4;3;5;3;0;1;1;0;0;0;0;364815,396109566090000;5622680,141335234000000;7,084069506000049;50,740154914000072;0
243304;5;1;70;32;2019;6;18;4;3;3;7;0;1;1;0;0;0;0;329735,691336962390000;5712584,254074176800000;6,544827804000022;51,538644839000028;0
243305;5;1;70;20;2019;6;17;4;2;5;3;0;1;1;0;0;0;0;329785,524708401410000;5706431,340399244800000;6,548515941000062;51,483385393000049;0
243308;5;1;66;28;2019;6;12;4;3;5;3;0;1;1;0;0;0;0;324943,830776630900000;5688163,656825931700000;6,487867299000072;51,317805445000033;0
243309;5;1;66;16;2019;6;11;4;3;5;3;0;1;1;0;0;0;0;308814,771306431850000;5688866,343841765100000;6,256304297000042;51,318926390000058;0
243312;5;1;62;24;2019;6;20;4;2;0;1;0;1;0;0;0;0;0;338756,819000001070000;5673832,001000000200000;6,692367853000064;51,193121143000042;0
243315;5;5;66;68;2019;6;11;3;3;5;3;0;1;1;0;0;0;0;376358,792469048870000;5785589,186234936100000;7,190550551000058;52,206859855000062;0
243316;5;5;70;44;2019;6;8;3;3;5;3;0;1;1;0;0;0;0;416161,652999999930000;5760020,745000001000000;7,779165180000064;51,984524612000030;0
243317;5;1;16;0;2019;6;14;4;3;1;5;0;1;1;0;0;0;0;320408,151088175360000;5673074,348793661200000;6,430418296000028;51,180844102000037;0
243318;5;1;14;0;2019;6;10;4;3;5;3;0;1;1;0;0;0;0;330118,584440153090000;5689470,819146622000000;6,561430932000064;51,331117415000051;0
243320;5;9;13;0;2019;6;14;4;3;5;2;0;1;0;0;0;0;0;392021,870042533610000;5708987,876910341900000;7,443623371000058;51,521674542000028;0
243323;5;1;17;0;2019;6;11;4;3;5;3;0;1;1;0;0;0;0;351147,032406599260000;5697000,214665990300000;6,859890031000020;51,404667554000071;0
243325;5;5;70;20;2019;6;11;3;3;5;3;0;1;1;0;0;0;0;432724,343000001270000;5743848,272000001700000;8,023463635000041;51,841390510000053;0
243326;5;1;13;0;2019;6;13;4;3;0;7;0;1;1;0;0;0;0;361483,965937542730000;5706916,935573142000000;7,004524838000066;51,496401515000059;0
243329;5;1;13;0;2019;6;7;4;3;5;7;0;1;1;0;0;0;0;363491,897056171670000;5701191,266263544600000;7,035644597000044;51,445436344000029;0
243330;5;1;12;0;2019;6;17;4;3;1;1;0;1;1;0;0;0;0;344298,234208499080000;5694832,327053718300000;6,762452345000042;51,383350346000043;0
243335;5;1;11;0;2019;6;18;4;3;4;7;0;1;0;0;0;0;0;343542,773149545300000;5676278,430148750500000;6,759738441000025;51,216433404000043;0
243336;5;1;11;0;2019;6;16;4;2;4;6;0;1;0;0;0;0;1;345176,736013800840000;5680120,139695247600000;6,781455488000063;51,251398064000057;0
243337;5;1;11;0;2019;6;9;4;3;1;7;0;1;1;0;0;0;0;345247,497162677350000;5680234,821390288000000;6,782419057000027;51,252447727000060;0
243338;5;1;11;0;2019;6;8;4;3;5;2;0;1;1;0;0;0;0;344963,389232744460000;5679874,415945140600000;6,778507231000049;51,249132192000047;0
243339;5;1;11;0;2019;6;6;4;3;5;3;0;1;1;0;0;0;0;342530,163340521980000;5685242,808324890200000;6,741305821000026;51,296701085000052;0
243341;5;7;74;32;2019;6;14;4;3;5;3;0;1;1;0;0;0;0;482825,100773680960000;5731227,134948978200000;8,751305207000030;51,731700568000065;0
243350;5;1;66;36;2019;7;15;2;3;0;2;0;1;0;0;0;0;0;329515,644381968300000;5681940,899198792900000;6,556380681000064;51,263289364000059;0
243351;5;1;66;32;2019;7;4;2;2;0;1;1;1;0;0;0;0;0;318799,347284087910000;5680993,903579436200000;6,403423612000040;51,251477390000048;0
243353;5;1;62;24;2019;7;17;2;3;5;3;0;1;1;0;0;0;0;337289,851046339610000;5673081,287192609200000;6,671731924000028;51,185960368000053;0
243354;5;1;14;0;2019;7;9;2;3;3;2;0;1;1;0;0;0;0;336058,740036723200000;5691986,754420422000000;6,645461876000070;51,355464988000051;0
243357;5;1;66;36;2019;7;16;2;3;5;7;0;1;1;0;0;0;0;327825,280637502670000;5682603,640253594100000;6,531856946000062;51,268735245000073;0
243366;5;1;12;0;2019;7;14;2;3;1;5;0;1;0;0;0;0;1;340847,828559503890000;5695050,775047555600000;6,712811602000045;51,384356120000064;0
243368;5;1;11;0;2019;7;12;2;3;5;2;0;1;1;0;0;0;0;345244,024655984710000;5673684,862143475600000;6,785197000000039;51,193592635000073;0
243369;5;3;15;0;2019;6;18;6;3;3;7;0;1;0;0;0;0;0;358860,819875752550000;5647935,974884746600000;6,989995195000063;50,965717881000046;0
243376;5;7;74;32;2019;7;20;2;3;5;2;0;1;1;0;0;0;0;482603,171702818010000;5728896,348424144100000;8,748208108000029;51,710736923000070;0
243377;5;7;74;32;2019;7;9;2;2;1;5;0;1;1;0;0;0;0;482578,302745458670000;5728812,680357657400000;8,747852355000021;51,709983865000027;0
243379;5;7;62;36;2019;7;11;2;3;0;7;0;1;0;0;0;0;1;508973,081967889330000;5703921,483344061300000;9,129232883000043;51,486372107000079;0
243381;5;7;54;28;2019;7;8;2;2;5;3;0;1;1;0;0;0;0;451070,285000000150000;5745117,767000002800000;8,289557308000042;51,854713096000069;0
243382;5;7;54;8;2019;7;18;2;3;6;6;0;1;0;1;0;0;0;455460,931000001730000;5750494,868999999000000;8,352609389000065;51,903423995000026;0
243383;5;7;54;44;2019;7;8;2;2;2;6;0;1;1;0;0;0;0;462598,293362524360000;5748295,750258684200000;8,456586419000075;51,884177245000046;0
243384;5;7;66;20;2019;7;14;2;3;3;6;0;1;1;0;0;0;0;490942,786088931370000;5755559,144735747900000;8,868212650000032;51,950663970000051;0
243387;5;7;11;0;2019;7;15;2;3;5;3;0;1;1;0;0;0;0;466939,993013444360000;5765544,088461523900000;8,518004521000023;52,039526253000076;0
243389;5;7;11;0;2019;7;6;2;3;5;3;0;1;1;0;0;0;0;468571,515890261160000;5765587,522136298900000;8,541786329000047;52,040011640000046;0
243392;5;9;74;52;2019;7;8;2;3;3;6;0;1;1;0;0;0;0;423803,421343904920000;5712047,060966961100000;7,900944937000077;51,554359207000061;0
243394;5;9;74;40;2019;7;11;2;3;5;3;0;1;1;0;0;0;0;439453,788180137980000;5714617,337439617100000;8,126210165000032;51,579364458000043;0
243399;5;9;62;40;2019;7;16;2;3;0;1;0;1;0;0;0;0;0;418430,188000000080000;5696016,953999999900000;7,827161496000031;51,409499337000057;0
243404;5;9;13;0;2019;7;8;2;3;5;7;0;1;1;0;0;0;0;389320,754646086130000;5705688,266351599200000;7,405741624000029;51,491494010000054;0
243406;5;9;13;0;2019;7;16;2;3;5;2;0;1;1;0;0;0;0;393007,292006009260000;5712183,051607066800000;7,456850410000072;51,550581621000049;0
243410;5;9;16;0;2019;7;12;2;3;1;5;0;1;1;0;0;0;0;376414,423891974610000;5712022,440035959700000;7,217705106000040;51,545747809000034;0
243412;5;9;11;0;2019;7;17;2;3;1;5;0;1;1;0;0;0;0;375873,773767508570000;5703103,092502150700000;7,213051426000050;51,465467988000057;0
243414;5;5;70;8;2019;6;20;1;3;0;3;0;1;1;0;0;0;0;432833,966407294390000;5739094,022101234600000;8,025976758000070;51,798663318000081;0
243417;5;5;58;32;2019;6;13;1;3;0;1;0;1;0;0;0;0;0;386451,137000001040000;5753789,866999998700000;7,348755316000052;51,923248078000029;0
243418;5;5;54;12;2019;6;14;1;3;0;1;0;1;0;0;0;0;0;352491,037532069720000;5753136,588988727000000;6,855512953000073;51,909418148000043;0
243419;5;5;15;0;2019;6;12;1;3;4;6;0;1;1;0;0;0;0;404381,690559227020000;5757046,088859792800000;7,608507941000028;51,955884700000070;0
243421;5;5;62;24;2019;6;18;1;3;5;3;0;1;1;0;0;0;0;367938,824425283820000;5723957,931116392800000;7,091051160000063;51,651087491000055;0
243424;5;5;13;0;2019;6;19;1;3;0;1;0;1;0;0;0;0;0;365119,713444710710000;5712634,950585505000000;7,054679917000044;51,548665678000077;0
243425;5;3;70;16;2019;6;16;1;3;1;5;0;1;1;0;0;0;0;301843,974922734310000;5655454,357550917200000;6,174804038000048;51,016460798000026;0
243427;5;3;66;16;2019;6;9;1;3;0;7;0;1;0;0;0;0;0;344205,073917467150000;5614007,395122855900000;6,795839247000060;50,657055852000042;0
243430;5;3;16;0;2019;6;1;1;3;0;7;2;1;0;0;0;0;0;362106,483674053100000;5654993,737435456400000;7,033507983000050;51,029933515000039;0
243435;5;3;15;0;2019;6;20;1;3;0;6;0;1;0;1;0;0;0;358956,758000001310000;5640121,330000001900000;6,994384383000067;50,895510503000025;0
243437;5;3;15;0;2019;6;13;1;3;0;1;0;1;0;0;0;0;0;357314,341853993940000;5639837,603907011400000;6,971155840000051;50,892557204000070;0
243440;5;1;62;16;2019;6;17;1;3;6;6;0;1;0;1;0;0;0;331336,597729870120000;5678175,856276512100000;6,584229889000028;51,230005458000051;0
243441;5;1;14;0;2019;6;15;1;2;5;3;0;1;1;0;0;0;0;326073,965053212830000;5696198,696068026100000;6,500140889000022;51,390334002000031;0
243442;5;1;14;0;2019;6;15;1;3;3;6;0;1;1;0;0;0;0;331328,909959078770000;5691397,298665763800000;6,577875342000027;51,348785043000078;0
243443;5;1;22;0;2019;6;17;1;3;3;2;0;1;0;0;0;0;1;359962,895286727700000;5666440,527639724300000;6,998522555000022;51,132286363000048;0
243446;5;1;24;0;2019;6;19;1;3;1;7;0;1;1;0;0;0;0;375816,468387803060000;5682272,891296053300000;7,219505416000061;51,278242691000059;0
243447;5;1;11;0;2019;6;17;1;3;5;3;0;1;1;0;0;0;0;342594,458983683960000;5688099,675451524600000;6,740966605000040;51,322387901000070;0
243448;5;1;11;0;2019;6;13;1;3;5;3;0;1;1;0;0;0;0;343530,024627992880000;5677431,501652628200000;6,759052789000066;51,226790575000052;0
243449;5;7;74;32;2019;6;8;1;3;5;7;0;1;1;0;0;0;0;479091,208051769990000;5726670,624399030600000;8,697512092000068;51,690604872000051;0
243452;5;7;54;48;2019;6;11;1;3;5;3;0;1;1;0;0;0;0;440251,450182111930000;5764938,386556135500000;8,129044844000021;52,031847283000047;0
243456;5;9;58;36;2019;6;10;1;2;2;5;0;1;1;0;0;0;0;465471,779448664750000;5684414,809700936100000;8,504622312000038;51,309993911000049;0
243458;5;9;62;28;2019;6;15;1;2;3;6;0;1;0;0;0;0;0;401387,197035995310000;5668811,192954067100000;7,589696673000049;51,162230333000082;0
243459;5;9;15;0;2019;6;18;1;2;3;2;0;1;1;0;0;0;0;419296,463078231550000;5730154,908931063500000;7,831775743000037;51,716515740000034;0
243460;5;9;16;0;2019;6;13;1;3;6;6;0;1;0;1;0;0;0;379172,857807973400000;5710987,239682145400000;7,257821367000076;51,537041311000053;0
243463;5;5;54;20;2019;6;14;7;3;5;7;0;1;1;0;0;0;0;363487,015202374200000;5785738,880766073200000;7,002234092000037;52,205167209000081;0
243465;5;5;54;8;2019;6;23;7;3;4;6;2;1;0;0;0;0;0;336839,239345518870000;5746177,698916878600000;6,631455919000075;51,842539340000030;0
243466;5;5;54;60;2019;6;17;7;2;0;3;0;1;0;0;0;0;0;353760,571000002320000;5757160,534000003700000;6,872245883000062;51,945907488000046;0
243467;5;5;15;0;2019;6;22;7;3;5;3;2;1;1;0;0;0;0;405854,274819950570000;5754435,639259534000000;7,630645980000054;51,932672004000040;0
243468;5;5;15;0;2019;6;11;7;3;5;2;0;1;1;0;0;0;0;405578,312846502290000;5754355,198987221300000;7,626655420000077;51,931902219000051;0
243469;5;5;62;16;2019;6;13;7;3;0;7;0;1;0;0;0;0;1;374488,217399508690000;5733163,882065819600000;7,182358270000066;51,735320862000037;0
243470;5;5;62;24;2019;6;10;7;3;5;3;0;1;1;0;0;0;0;370263,867863483730000;5727843,271523628400000;7,123197348000076;51,686545001000070;0
243477;5;3;34;2;2019;6;15;7;3;0;1;0;1;0;0;0;0;0;292956,609374479390000;5628789,691436210600000;6,063380163000034;50,773860772000035;0
243478;5;3;82;68;2019;6;22;7;3;0;7;2;1;0;0;0;0;0;364755,170651454480000;5626436,376744436100000;7,081836468000063;50,773901318000071;0
243480;5;3;62;28;2019;6;0;7;2;1;5;2;1;1;0;0;0;0;348832,951466993430000;5638958,525357075000000;6,851010923000047;50,882500099000026;0
243482;5;3;62;20;2019;6;13;7;2;4;6;0;1;1;0;0;0;0;340290,497090614400000;5636088,567777289100000;6,730923520000033;50,854413735000037;0
243483;5;3;16;0;2019;6;12;7;3;1;6;0;1;1;0;0;0;0;359625,907875369300000;5659067,908752266300000;6,996576024000035;51,065947340000037;0
243484;5;3;15;0;2019;6;18;7;3;5;3;0;1;1;0;0;0;0;363641,087140329180000;5639373,821284059400000;7,061232477000033;50,889917307000076;0
243485;5;3;15;0;2019;6;14;7;3;0;7;0;1;0;0;0;0;0;360644,129962493670000;5641644,634999565800000;7,017781697000032;50,909610482000062;0
243489;5;3;15;0;2019;6;16;7;3;1;5;0;1;1;0;0;0;0;350290,488612351940000;5648745,105778874800000;6,867697348000036;50,970825639000054;0
243492;5;3;15;0;2019;6;13;7;3;6;6;0;1;0;1;0;0;0;359263,112000000660000;5636841,650000000400000;7,000000547000070;50,866110109000033;0
243494;5;3;15;0;2019;6;15;7;3;0;5;0;1;1;0;0;0;0;355110,201999999580000;5644027,477000000000000;6,938173161000066;50,929662110000038;0
243495;5;3;15;0;2019;6;18;7;3;0;5;0;1;1;0;0;0;0;355363,432806492780000;5643932,912747288100000;6,941811746000042;50,928875832000074;0
243496;5;3;14;0;2019;6;19;7;2;0;7;0;1;0;0;0;0;0;362724,167076096870000;5618924,818643104300000;7,055846886000040;50,705912445000081;0
243498;5;3;14;0;2019;6;16;7;3;5;3;0;1;0;0;0;0;0;366513,886384792630000;5622018,170414848300000;7,108367376000047;50,734598042000073;0
243499;5;1;70;8;2019;6;9;7;3;5;2;0;1;1;0;0;0;0;344724,406531382350000;5716454,332738304500000;6,759066261000044;51,577738720000070;0
243502;5;1;54;32;2019;6;11;7;3;5;2;0;1;1;0;0;0;0;308794,926934427580000;5717626,852291319500000;6,240481118000048;51,577230194000037;0
243503;5;1;54;12;2019;6;16;7;3;5;3;0;1;0;0;0;0;0;315447,290251578200000;5712034,939677715300000;6,339310020000028;51,529221028000052;0
243504;5;1;66;16;2019;6;23;7;2;0;7;2;1;0;0;0;0;0;310373,496000001210000;5691063,139000002300000;6,277477267000052;51,339179263000062;0
243505;5;1;66;32;2019;6;17;7;3;0;2;0;1;1;0;0;0;0;317123,913314017470000;5681734,119624117400000;6,379063456000040;51,257591766000075;0
243506;5;1;62;16;2019;6;8;7;3;0;1;0;1;0;0;0;0;0;333864,046681406910000;5677698,095554146900000;6,620618348000050;51,226454382000043;0
243511;5;1;24;0;2019;6;19;7;2;0;2;0;1;1;0;0;0;0;377505,673165415410000;5682183,102957937900000;7,243743056000028;51,277801394000051;0
243512;5;1;24;0;2019;6;12;7;3;0;7;0;1;0;0;0;0;0;377306,098307600240000;5684110,283039929300000;7,240221045000055;51,295079584000064;0
243516;5;1;13;0;2019;6;10;7;3;4;6;0;1;0;0;0;0;0;362050,623819001020000;5698617,674316676300000;7,015920418000064;51,421959712000046;0
243521;5;1;12;0;2019;6;13;7;3;5;3;0;1;1;0;0;0;0;345895,550208136440000;5707716,932315884200000;6,779779402000031;51,499555434000058;0
243522;5;1;12;0;2019;6;14;7;3;3;2;0;1;1;0;0;0;0;344144,420047073630000;5708244,547451326600000;6,754338066000059;51,503815866000082;0
243528;5;1;11;0;2019;6;12;7;3;3;7;0;1;0;0;0;0;1;345232,565068542960000;5682577,369622476400000;6,781191564000039;51,273492286000078;0
243530;5;7;62;20;2019;6;12;7;2;8;1;0;1;0;0;0;0;0;528155,702394206080000;5737433,127964872900000;9,408197601000040;51,787055257000077;0
243532;5;7;58;4;2019;6;10;7;3;5;2;0;1;1;0;0;0;0;470422,998272823170000;5783793,712267361600000;8,567196654000043;52,203796547000081;0
243534;5;7;54;20;2019;6;23;7;3;8;1;2;1;0;0;0;0;0;445290,142246254720000;5753095,666167341200000;8,204374287000064;51,925899785000070;0
243535;5;3;15;0;2019;6;18;6;3;0;5;0;1;1;0;0;0;0;355341,686482119370000;5647296,841978153200000;6,940166499000043;50,959101250000060;0
243536;5;7;54;8;2019;6;18;7;2;5;3;0;1;1;0;0;0;0;453930,526739142840000;5751199,565509427300000;8,330271828000036;51,909635106000053;0
243540;5;9;78;36;2019;6;15;7;3;3;6;0;1;1;0;0;0;0;407975,111387677490000;5710561,841833401500000;7,673087026000076;51,538648228000056;0
243541;5;9;74;28;2019;6;21;7;3;5;3;0;1;1;0;0;0;0;454591,460421983150000;5723048,438495770100000;8,343563047000032;51,656591105000075;0
243545;5;9;62;52;2019;6;16;7;2;0;2;0;1;1;0;0;0;0;421285,982514905740000;5674184,458062630100000;7,873033518000057;51,213622950000058;0
243548;5;9;14;0;2019;6;11;7;3;5;3;0;1;1;0;0;0;0;394335,366592733190000;5691564,734823672100000;7,482158690000063;51,365501668000036;0
243549;5;9;13;0;2019;6;10;7;3;5;3;0;1;1;0;0;0;0;395240,611370686440000;5704972,811411829700000;7,491192712000043;51,486190945000033;0
243552;5;9;78;24;2019;6;11;7;3;5;3;0;1;1;0;0;0;0;399751,027548997660000;5720252,235546257300000;7,551775706000058;51,624351857000079;0
243555;5;5;70;40;2019;6;8;6;3;5;3;0;1;1;0;0;0;0;419252,633400559430000;5744263,046476738500000;7,827859366000041;51,843333388000076;0
243556;5;3;15;0;2019;6;3;6;2;1;1;2;1;1;0;0;0;0;353285,542263951150000;5646341,874635465400000;6,911293994000062;50,949999505000051;0
243557;5;5;70;52;2019;6;14;6;3;5;2;0;1;1;0;0;0;0;430270,005646038800000;5756316,794952007000000;7,985321736000060;51,953177784000047;0
243561;5;5;15;0;2019;6;23;6;3;3;6;2;1;1;0;0;0;0;404470,221563763920000;5756700,657377766400000;7,609891921000042;51,952795046000062;0
243562;5;5;15;0;2019;6;7;6;3;6;4;0;1;0;1;0;0;0;406625,005606205200000;5758806,137618826700000;7,640665332000026;51,972086077000029;0
243563;5;5;15;0;2019;6;13;6;3;5;2;0;1;0;0;0;0;1;407929,758999999610000;5758276,656000001400000;7,659796020000044;51,967544491000069;0
243564;5;3;15;0;2019;6;20;6;3;0;1;1;1;0;0;0;0;0;352855,653761203400000;5641476,701183283700000;6,907141883000065;50,906168552000054;0
243565;5;5;15;0;2019;6;11;6;3;5;2;0;1;1;0;0;0;0;404918,455772668120000;5758375,804297775000000;7,615948670000023;51,967928740000048;0
243566;5;5;15;0;2019;6;16;6;3;0;1;0;1;0;0;0;0;0;406202,341600667690000;5756168,818685375200000;7,635234333000028;51,948309454000082;0
243568;5;5;15;0;2019;6;16;6;3;0;5;0;1;1;0;0;0;0;405793,651568402540000;5757842,185594040900000;7,628830864000065;51,963281362000032;0
243569;5;3;82;32;2019;6;7;6;3;5;2;0;1;1;0;0;0;0;360317,923595091330000;5609688,688160717500000;7,025276236000025;50,622328084000060;0
243572;5;5;62;24;2019;6;10;6;2;0;7;0;1;0;0;0;0;0;367137,564848376440000;5726497,667456658600000;7,078510436000045;51,673721844000056;0
243574;5;3;14;0;2019;6;7;6;3;5;3;0;1;1;0;0;0;0;366494,285000002010000;5619008,752000002200000;7,109178944000064;50,707544800000051;0
243575;5;5;13;0;2019;6;16;6;2;5;3;0;1;1;0;0;0;0;363979,332317646590000;5716980,072900177900000;7,036561177000067;51,587438697000039;0
243583;5;3;58;8;2019;6;9;6;3;0;3;0;1;1;0;0;0;0;323617,064970097500000;5630575,963975425800000;6,496917130000043;50,800043738000056;0