OBJECTID;ULAND;UREGBEZ;UKREIS;UGEMEINDE;UJAHR;UMONAT;USTUNDE;UWOCHENTAG;UKATEGORIE;UART;UTYP1;ULICHTVERH;IstRad;IstPKW;IstFuss;IstKrad;IstGkfz;IstSonstige;LINREFX;LINREFY;XGCSWGS84;YGCSWGS84;STRZUSTAND
243587;5;3;34;12;2019;6;12;6;3;0;1;0;1;1;0;0;0;0;308277,544553054500000;5632473,586204968400000;6,278491893000023;50,812218277000056;0
243588;5;3;34;12;2019;6;12;6;3;5;2;0;1;1;0;0;0;0;307571,279740063470000;5633239,555824760300000;6,268076915000052;50,818864473000076;0
243589;5;3;34;2;2019;6;17;6;3;5;3;0;1;1;0;0;0;0;298982,587999999520000;5625367,835999999200000;6,150604132000069;50,745246030000033;0
243590;5;3;34;2;2019;6;11;6;3;2;6;0;1;1;0;0;0;0;294753,182573554110000;5628496,415076687900000;6,088990406000050;50,771865206000030;0
243592;5;3;74;4;2019;6;20;6;2;0;1;0;1;1;0;0;0;0;408574,995534422810000;5653467,733852328700000;7,696347565000053;51,025486344000058;0
243593;5;3;66;16;2019;6;14;6;3;0;3;0;1;1;0;0;0;0;343046,886205279270000;5614971,867160048300000;6,779057518000059;50,665411902000073;0
243594;5;3;62;12;2019;6;17;6;2;3;3;0;1;1;0;0;0;1;352577,305000000630000;5631452,980000000400000;6,907223622000061;50,816017371000044;0
243595;5;3;62;28;2019;6;7;6;3;5;3;0;1;0;0;1;0;0;351373,735031958670000;5640243,049000887200000;6,886581702000058;50,894702691000077;0
243597;5;3;62;16;2019;6;13;6;3;5;3;0;1;1;0;0;0;0;327726,635000000710000;5646075,449000001000000;6,547879572000056;50,940534809000042;0
243605;5;5;66;68;2019;7;18;4;3;7;1;0;1;0;0;0;0;0;375481,042860690500000;5784648,819880930700000;7,178057703000036;52,198212024000043;0
243607;5;5;54;68;2019;7;14;4;2;8;1;0;1;0;0;0;0;0;351514,277265866290000;5767460,296582773300000;6,835127592000049;52,037851354000054;0
243608;5;5;54;56;2019;7;13;4;3;5;3;0;1;0;0;0;0;1;356579,372833075930000;5761222,215950287900000;6,911532989000023;51,983135675000028;0
243609;5;5;54;4;2019;7;10;4;3;5;3;0;1;1;0;0;0;0;363528,919999999930000;5771368,886000001800000;7,008616104000055;52,076058987000067;0
243610;5;5;15;0;2019;7;7;4;3;0;3;0;1;1;0;0;0;0;404529,107940476390000;5757587,237072832900000;7,610502169000029;51,960774072000049;0
243611;5;5;15;0;2019;7;16;4;3;5;3;0;1;1;0;0;0;0;406285,688313233670000;5759690,601352101200000;7,635485599000049;51,979978917000039;0
243612;5;5;15;0;2019;7;13;4;3;4;6;0;1;0;0;0;0;0;406128,618999999950000;5758081,206000000200000;7,633639462000076;51,965486447000046;0
243613;5;5;62;28;2019;7;20;4;3;5;2;0;1;0;0;0;0;0;379715,023282302540000;5721607,003736255700000;7,261996164000038;51,632601858000044;0
243615;5;5;62;14;2019;7;15;4;3;5;2;0;1;1;0;0;0;0;361741,667172558610000;5716789,178044805300000;7,004356908000034;51,585178706000079;0
243618;5;5;13;0;2019;7;15;4;3;4;5;0;1;1;0;0;0;0;370215,242243643850000;5706864,435197571300000;7,130253289000052;51,498001709000050;0
243620;5;9;74;40;2019;7;13;5;3;0;2;0;1;1;0;0;0;0;437576,913690618240000;5713355,339138286200000;8,099351341000045;51,567813701000034;0
243621;5;3;70;4;2019;7;18;4;3;4;6;0;1;1;0;0;0;0;312130,466212520380000;5661845,160023631500000;6,317971077000038;51,077319006000039;0
243622;5;3;70;16;2019;7;15;4;3;0;1;0;1;0;0;0;0;0;296426,142787056980000;5662280,367000881600000;6,093827697000052;51,075872219000075;0
243623;5;3;58;20;2019;7;18;4;3;7;1;0;1;0;0;0;0;0;314275,963061794640000;5636799,014294918600000;6,361350416000050;50,853028771000027;0
243624;5;3;58;8;2019;7;12;4;3;4;6;0;1;0;0;0;0;0;321391,933684081770000;5629010,645406661600000;6,466133567000043;50,785299397000074;0
243627;5;3;82;56;2019;7;7;4;3;5;3;0;1;1;0;0;0;0;372105,982583573090000;5627292,665529849000000;7,185737033000066;50,783265457000027;0
243628;5;3;82;56;2019;7;14;4;3;1;2;0;1;1;0;0;0;0;371410,549402671870000;5624858,914118884100000;7,176728039000068;50,761236370000063;0
243629;5;3;78;4;2019;7;11;4;3;3;6;0;1;1;0;0;0;0;368094,003938080740000;5647700,394988073000000;7,121494888000029;50,965788774000032;0
243630;5;3;74;44;2019;7;19;4;3;0;1;0;1;0;0;0;0;0;403549,224000001330000;5639226,752000002200000;7,628480356000068;50,896638957000050;0
243636;5;3;62;32;2019;7;16;4;3;5;2;0;1;1;0;0;0;0;337752,408276497390000;5639265,528463535000000;6,693485506000059;50,882253651000042;0
243637;5;3;16;0;2019;7;7;4;2;0;1;0;1;0;0;0;0;0;359931,917342697270000;5658821,924720745500000;7,001035804000026;51,063811450000060;0
243641;5;3;14;0;2019;7;7;4;3;3;6;0;1;1;0;0;0;0;368406,704781893640000;5614996,920200947700000;7,137677511000049;50,671921595000072;0
243642;5;3;82;12;2019;7;14;4;3;4;1;0;1;1;0;0;0;0;356214,396399506370000;5629159,783974017900000;6,959717656000066;50,796322620000069;0
243643;5;9;62;16;2019;7;8;5;3;5;3;0;1;1;0;0;0;0;414446,000244666820000;5693499,002064958200000;7,770496423000054;51,386276275000057;0
243646;5;1;70;52;2019;7;17;4;3;5;3;0;1;1;0;0;0;0;324100,089909096250000;5726141,497499460400000;6,456850934000045;51,658698167000068;0
243647;5;1;70;20;2019;7;9;4;3;5;3;0;1;1;0;0;0;0;327549,126000001100000;5708101,670000001800000;6,515522987000054;51,497713033000082;0
243649;5;1;58;16;2019;7;13;4;2;3;6;0;1;0;0;0;1;0;355839,571000002320000;5671636,016999999100000;6,937549028000035;51,177952217000040;0
243652;5;1;66;36;2019;7;19;4;3;0;3;0;1;0;0;0;0;0;323252,141320241620000;5683698,922449499400000;6,465826853000067;51,277174724000076;0
243653;5;1;66;36;2019;7;7;4;3;0;3;0;1;1;0;0;0;0;327888,830138323830000;5679690,793208010500000;6,534168104000059;51,242586104000054;0
243657;5;1;16;0;2019;7;8;4;3;5;2;0;1;1;0;0;0;0;320263,260252770040000;5675985,382506327700000;6,426890414000070;51,206948767000029;0
243659;5;1;14;0;2019;7;11;4;3;0;7;0;1;1;0;0;0;0;329749,103044968100000;5688169,603218354300000;6,556753969000056;51,319317044000059;0
243660;5;1;14;0;2019;7;9;4;3;5;3;0;1;1;0;0;0;0;331828,840000000780000;5688206,522000001700000;6,586553958000025;51,320267274000059;0
243661;5;1;14;0;2019;7;19;4;3;8;7;0;1;0;0;0;0;0;330849,391524833630000;5689032,106874972600000;6,572119465000071;51,327393900000061;0
243663;5;1;20;0;2019;7;10;4;2;1;5;0;1;1;0;0;0;0;377848,174000001510000;5672970,226000001700000;7,251793167000074;51,195070172000044;0
243666;5;1;13;0;2019;7;18;4;2;5;2;0;1;1;0;0;0;0;361376,338039753960000;5700384,065543821100000;7,005537427000036;51,437668681000048;0
243667;5;1;13;0;2019;7;21;4;3;1;5;0;1;1;0;0;0;0;366582,854747037400000;5701877,452910596500000;7,079837670000075;51,452339531000064;0
243668;5;1;12;0;2019;7;14;4;3;0;2;0;1;1;0;0;0;0;343701,341000000950000;5695991,622000001400000;6,753371336000043;51,393602548000047;0
243670;5;9;62;40;2019;7;16;5;2;0;7;0;1;0;0;0;0;0;416071,036831560540000;5698954,173589225900000;7,792553086000055;51,435560213000031;0
243671;5;1;12;0;2019;7;11;4;2;0;1;0;1;0;0;0;0;0;344441,422105761240000;5708163,359287576700000;6,758649731000048;51,503168225000081;0
243673;5;1;11;0;2019;7;16;4;3;0;3;0;1;1;0;0;0;0;344765,283430953510000;5675249,247472932600000;6,777674399000034;51,207519451000053;0
243675;5;1;11;0;2019;7;7;4;3;1;5;0;1;1;0;0;0;0;346571,818922577430000;5677493,854959342600000;6,802555664000067;51,228176600000040;0
243676;5;1;11;0;2019;7;17;4;3;5;2;0;1;1;0;0;0;0;347265,648506890980000;5676466,084912944600000;6,812923033000061;51,219127563000029;0
243677;5;1;11;0;2019;7;18;4;3;1;5;0;1;1;0;0;0;0;347499,416580481450000;5677191,810801046000000;6,815959136000060;51,225711147000027;0
243680;5;1;11;0;2019;7;13;4;3;5;3;0;1;1;0;0;0;0;345212,974538670850000;5680410,547159275000000;6,781848741000033;51,254017318000081;0
243683;5;7;74;32;2019;7;11;4;3;5;3;0;1;1;0;0;0;0;482639,494017639200000;5732938,974983241400000;8,748532201000046;51,747086470000056;0
243684;5;7;74;32;2019;7;16;4;3;5;2;0;1;0;0;0;0;0;482488,368999999950000;5728974,020000003300000;8,746542633000047;51,711431720000064;0
243685;5;7;70;24;2019;7;11;4;3;5;3;0;1;0;0;0;0;0;492398,301559152080000;5793648,899139571900000;8,888540128000045;52,293141405000028;0
243686;5;7;58;12;2019;7;15;4;3;5;2;0;1;1;0;0;0;0;476764,643528655170000;5773795,184523843200000;8,660676878000061;52,114208061000056;0
243687;5;7;54;8;2019;7;7;4;3;5;3;0;1;1;0;0;0;0;458267,087110375050000;5748777,784780152100000;8,393603130000031;51,888203633000046;0
243688;5;7;66;8;2019;7;19;4;3;5;7;0;1;1;0;0;0;0;482999,818000000900000;5768820,179000003300000;8,751980795000065;52,069705984000052;0
243689;5;7;66;20;2019;7;7;4;3;2;2;0;1;1;0;0;0;0;489601,429977145050000;5753978,331654463000000;8,848743077000052;51,936427396000056;0
243690;5;7;11;0;2019;7;14;4;2;5;3;0;1;1;0;0;0;0;466301,635891042650000;5760262,432181283800000;8,509217885000055;51,992002539000055;0
243691;5;7;11;0;2019;7;7;4;3;4;2;0;1;1;0;0;0;0;465477,434153937730000;5759934,215295575600000;8,497247774000073;51,989001039000073;0
243695;5;9;70;12;2019;7;17;4;3;1;5;0;1;1;0;0;0;0;448438,874422465450000;5648935,790882179500000;8,265351374000034;50,989694953000026;0
243696;5;9;70;4;2019;7;14;4;3;8;1;0;1;0;0;0;0;0;457232,199857518080000;5654841,007476652000000;8,389934903000039;51,043515090000028;0
243697;5;9;70;24;2019;7;22;4;3;6;4;1;1;0;1;0;0;0;427918,808465795590000;5647641,728807397200000;7,973278975000028;50,975855801000080;0
243700;5;9;62;24;2019;7;10;4;3;0;1;0;1;0;0;0;0;0;403843,447047892030000;5691910,942637702500000;7,618601066000053;51,370303323000030;0
243702;5;9;14;0;2019;7;19;4;3;5;3;0;1;1;0;0;0;0;390273,311466961170000;5689661,649381728800000;7,424418791000051;51,347625425000047;0
243703;5;9;14;0;2019;7;13;4;2;0;4;0;1;0;1;0;0;0;393361,245835477490000;5690966,310180949000000;7,468350550000025;51,359940521000055;0
243704;5;9;13;0;2019;7;17;4;3;5;2;0;1;1;0;0;0;0;393303,729654509570000;5703183,339996263400000;7,463847809000072;51,469744106000064;0
243706;5;9;78;24;2019;7;15;4;3;5;3;0;1;1;0;0;0;0;396786,203230089510000;5718683,804750645500000;7,509422425000025;51,609718018000081;0
243707;5;9;13;0;2019;7;17;4;3;0;3;0;1;1;0;0;0;0;394336,091438801960000;5708041,122179348000000;7,477251176000038;51,513602326000068;0
243708;5;9;13;0;2019;7;12;4;3;4;6;0;1;0;0;0;0;1;393633,203830715270000;5708337,570531973600000;7,467036115000042;51,516135046000045;0
243710;5;9;11;0;2019;7;13;4;3;0;1;0;1;0;0;0;0;0;376484,943055411800000;5705250,272220142200000;7,221094701000027;51,484899334000033;0
243711;5;9;11;0;2019;7;19;4;3;4;2;0;1;1;0;0;0;0;376373,737162033100000;5704995,606110785200000;7,219583066000041;51,482586248000075;0
243712;5;5;66;76;2019;7;15;3;3;5;3;0;1;1;0;0;0;0;393345,883735337290000;5796550,751182651100000;7,435579786000062;52,308923062000076;0
243713;5;5;66;68;2019;7;18;3;3;5;3;0;1;1;0;0;0;0;376317,448742507960000;5785912,321831516900000;7,189827784000045;52,209754323000027;0
243714;5;5;66;68;2019;7;7;3;2;5;3;0;1;1;0;0;0;0;375850,641869008540000;5785480,703591385900000;7,183157746000063;52,205770788000052;0
243716;5;5;15;0;2019;7;8;3;3;0;7;0;1;1;0;0;0;0;404494,629355890680000;5756113,409515222500000;7,610410164000030;51,947520827000062;0
243717;5;5;15;0;2019;7;16;3;3;5;3;0;1;1;0;0;0;0;401790,049000000580000;5759253,558000002100000;7,570174073000032;51,975274237000065;0
243718;5;5;62;36;2019;7;7;3;2;0;1;0;1;0;0;0;0;0;390101,773769651540000;5720262,036098899300000;7,412431952000077;51,622638242000050;0
243721;5;5;62;14;2019;7;13;3;3;2;6;0;1;0;0;0;0;0;360473,358638661910000;5716312,631410120100000;6,986251427000070;51,580583848000060;0
243723;5;3;34;4;2019;7;21;3;3;5;3;1;1;1;0;0;0;0;303356,884526190350000;5638933,929588990300000;6,205263701000035;50,868596096000033;0
243729;5;3;78;4;2019;7;9;3;3;2;1;0;1;1;0;0;0;0;368576,861129526050000;5646768,196010455500000;7,128704149000043;50,957520755000075;0
243733;5;9;13;0;2019;7;17;5;2;5;2;0;1;1;0;0;0;0;392300,347872621380000;5708272,972737841300000;7,447854200000052;51,515301872000066;0
243734;5;3;66;16;2019;7;8;3;3;2;6;0;1;1;0;0;0;0;346495,379953420720000;5613318,362593881800000;6,828502755000045;50,651471948000051;0
243736;5;9;13;0;2019;7;15;5;3;5;3;0;1;1;0;0;0;0;400886,723546256310000;5706557,860008921500000;7,572038290000023;51,501456654000037;0
243738;5;3;16;0;2019;7;19;3;3;0;1;0;1;0;0;0;0;0;358196,297177216040000;5655908,735731469500000;6,977423636000026;51,037205085000039;0
243740;5;3;15;0;2019;7;14;3;3;5;3;0;1;1;0;0;0;0;359949,299698223360000;5645374,912850013000000;7,006471820000058;50,942966958000056;0
243741;5;3;15;0;2019;7;8;3;3;5;3;0;1;1;0;0;0;0;354696,786245406610000;5646211,932227045300000;6,931423007000035;50,949189229000069;0
243742;5;3;15;0;2019;7;17;3;3;0;3;0;1;1;0;0;0;0;354535,598488583230000;5645320,275523774300000;6,929486019000024;50,941135517000077;0
243744;5;3;15;0;2019;7;11;3;3;0;1;0;1;0;0;0;0;0;355257,580285891890000;5642310,094289816900000;6,940950561000022;50,914265324000041;0
243745;5;3;15;0;2019;7;20;3;3;3;6;0;1;0;0;0;0;0;354997,314595012930000;5643906,736650204300000;6,936615878000055;50,928548677000038;0
243746;5;1;70;8;2019;7;16;3;3;5;3;0;1;1;0;0;0;0;344036,914582731200000;5716116,888943599500000;6,749302442000044;51,574517110000045;0
243750;5;1;66;12;2019;7;14;3;2;5;3;0;1;1;0;0;0;0;320802,353817693890000;5694523,040997294700000;6,425297668000042;51,373641874000043;0
243751;5;1;66;16;2019;7;16;3;3;0;7;0;1;1;0;0;0;0;308945,069000002000000;5688083,861999999700000;6,258591110000054;51,311942132000070;0
243754;5;1;62;8;2019;7;12;3;3;5;3;0;1;1;0;0;0;0;331611,916933956560000;5661792,776317101000000;6,595835709000028;51,082896090000077;0
243755;5;1;62;24;2019;7;20;3;2;5;3;0;1;1;0;0;0;0;344666,890000001530000;5671082,499000001700000;6,778068922000045;51,170052654000074;0
243756;5;1;62;24;2019;7;19;3;2;3;2;0;1;1;0;0;0;0;337268,895342478530000;5675329,805746942800000;6,670413201000031;51,206156804000045;0
243757;5;1;62;24;2019;7;7;3;3;5;2;0;1;1;0;0;0;0;339612,654297219590000;5671439,792851416400000;6,705673396000066;51,171867990000067;0
243760;5;1;62;22;2019;7;8;3;3;1;5;0;1;1;0;0;0;0;339509,123442219570000;5679547,003211025100000;6,700567154000055;51,244681757000080;0
243764;5;1;22;0;2019;7;7;3;3;5;2;0;1;1;0;0;0;0;360660,570270399560000;5668784,444574561000000;7,007580644000029;51,153520943000046;0
243767;5;1;13;0;2019;7;11;3;2;5;2;0;1;1;0;0;0;0;356075,077980911360000;5704549,415946601000000;6,927622685000074;51,473776188000045;0
243768;5;1;13;0;2019;7;18;3;2;0;1;0;1;0;0;0;0;0;368337,448186230850000;5697700,400714231700000;7,106628100000023;51,415211459000034;0
243769;5;1;13;0;2019;7;9;3;3;0;1;0;1;0;0;0;0;0;364035,765000001530000;5699043,394000005000000;7,044290679000028;51,426265144000070;0
243770;5;1;13;0;2019;7;12;3;3;5;2;0;1;1;0;0;0;0;361802,887404053470000;5701546,126649923600000;7,011216764000039;51,448215637000033;0
243773;5;1;12;0;2019;7;18;3;3;5;3;0;1;1;0;0;0;0;344401,705879079180000;5708288,464968666400000;6,758022768000046;51,504281346000027;0
243774;5;1;11;0;2019;7;17;3;3;5;3;0;1;1;0;0;0;0;345357,693492274730000;5674226,715397320700000;6,786589090000064;51,198492218000069;0
243777;5;1;11;0;2019;7;13;3;3;0;7;0;1;0;0;0;0;0;350048,253565469760000;5678480,773702664300000;6,851895164000041;51,237968811000030;0
243778;5;1;11;0;2019;7;13;3;3;0;3;0;1;0;0;0;0;1;343542,773527739570000;5680088,855325073000000;6,758074378000060;51,250671043000068;0
243780;5;1;11;0;2019;7;19;3;3;0;2;0;1;1;0;0;0;0;343349,242000000550000;5677935,209000000700000;6,756245576000026;51,231266924000067;0
243781;5;7;74;32;2019;7;11;3;3;5;3;0;1;1;0;0;0;0;479564,327024985100000;5731121,404274871600000;8,704095608000046;51,730640519000076;0
243782;5;7;74;32;2019;7;16;3;3;1;5;0;1;1;0;0;0;0;482148,279924160800000;5729739,678257092800000;8,741581120000035;51,718305267000062;0
243785;5;7;54;8;2019;7;16;3;3;7;1;0;1;0;0;0;0;0;455515,055801101960000;5750857,972591791300000;8,353349181000056;51,906692813000063;0
243787;5;7;54;8;2019;7;18;3;3;5;3;0;1;1;0;0;0;0;457549,459672798400000;5751253,637414880100000;8,382871431000069;51,910408822000079;0
243788;5;7;11;0;2019;7;10;3;3;1;7;0;1;1;0;0;0;0;464845,458999999800000;5765420,989000003800000;8,487481385000024;52,038290664000044;0
243790;5;9;78;40;2019;7;7;3;3;5;3;0;1;1;0;0;0;0;405915,188212756070000;5724561,286210512700000;7,639638107000053;51,664150213000028;0
243791;5;9;78;8;2019;7;18;3;3;5;3;0;1;1;0;0;0;0;414111,913457640450000;5717131,598586972800000;7,759944994000023;51,598674376000076;0
243793;5;9;78;28;2019;7;9;3;3;6;7;0;1;0;1;0;0;0;400367,925269440750000;5699886,019481465200000;7,566447496000023;51,441392588000042;0
243794;5;9;74;44;2019;7;6;3;2;4;2;0;1;1;0;0;0;0;454521,969160203820000;5704578,176318408900000;8,344949956000050;51,490518913000074;0
243796;5;9;70;36;2019;7;6;3;2;0;1;0;1;0;0;0;0;0;427606,876266396600000;5625697,475604102000000;7,973182104000046;50,778510648000065;0
243799;5;9;58;36;2019;7;18;3;2;5;3;0;1;1;0;0;0;0;465563,717543823640000;5684091,458383141100000;8,505972519000068;51,307092008000041;0
243800;5;9;58;12;2019;7;14;3;2;5;2;0;1;1;0;0;0;0;470241,350496076980000;5693904,726110484500000;8,572255474000031;51,395593873000053;0
243802;5;9;62;32;2019;7;19;3;3;5;3;0;1;1;0;0;0;0;404915,370000001040000;5674663,605999998700000;7,638589534000062;51,215438939000080;0
243803;5;9;62;32;2019;7;13;3;3;8;7;0;1;0;0;0;0;0;400385,665659801100000;5674437,861115982800000;7,573817528000063;51,212637315000052;0
243804;5;9;15;0;2019;7;9;3;3;5;3;0;1;1;0;0;0;0;417814,409952022140000;5726032,164835281700000;7,811298764000071;51,679239179000035;0
243808;5;9;13;0;2019;7;13;3;3;5;2;0;1;1;0;0;0;0;392300,123205372130000;5708272,927211189600000;7,447850977000030;51,515301420000071;0
243809;5;9;13;0;2019;7;0;3;3;1;7;2;1;1;0;0;0;0;394750,036785860550000;5707974,649750838100000;7,483234240000058;51,513082106000070;0
243810;5;5;70;4;2019;7;15;2;2;0;2;0;1;0;0;0;0;0;423232,175691493790000;5734204,735132517300000;7,887841921000074;51,753474873000073;0
243811;5;5;70;52;2019;7;13;2;3;5;2;0;1;0;0;1;0;0;430576,231728988700000;5757176,389074992400000;7,989603336000073;51,960943525000062;0
243812;5;5;66;60;2019;7;17;2;3;6;7;0;1;0;1;0;0;0;390515,326868237930000;5786221,631876643700000;7,397428863000073;52,215537900000072;0
243813;5;5;66;84;2019;7;19;2;3;4;6;0;1;1;0;0;0;0;389420,756528791040000;5775838,334931973400000;7,384797526000057;52,122003405000044;0
243814;5;5;66;64;2019;7;15;2;3;5;3;0;1;1;0;0;0;0;395674,678961683060000;5771409,555212216500000;7,477467278000063;52,083414851000043;0
243816;5;5;58;8;2019;7;10;2;3;5;3;0;1;1;0;0;0;0;382797,575457170610000;5759916,608279343700000;7,293560489000072;51,977552294000077;0
243817;5;5;54;68;2019;7;10;2;3;1;6;0;1;1;0;0;0;0;350628,607483989560000;5767372,374780820700000;6,822263282000051;52,036823565000077;0
243820;5;5;15;0;2019;7;16;2;3;4;2;0;1;1;0;0;0;0;404578,761855727060000;5757176,526007223900000;7,611338696000075;51,957090970000081;0
243821;5;5;15;0;2019;7;11;2;2;5;3;0;1;0;0;0;0;1;405938,438360046600000;5757038,911585638300000;7,631157541000050;51,956085689000076;0
243822;5;5;15;0;2019;7;18;2;3;6;1;0;1;1;1;0;0;0;405833,750000000930000;5756293,170000001800000;7,629838873000040;51,949364904000049;0
243823;5;5;62;16;2019;7;8;2;3;5;3;0;1;1;0;0;0;0;373964,465990385970000;5733212,112029027200000;7,174760060000040;51,735636772000078;0
243825;5;9;78;40;2019;7;13;5;3;4;6;0;1;0;0;0;0;0;406083,533641623330000;5723885,255869198600000;7,642253118000042;51,658101570000042;0
243826;5;3;70;4;2019;7;15;2;3;5;2;0;1;0;0;1;0;0;311889,961835535240000;5662203,105518246100000;6,314355398000032;51,080455465000057;0
243827;5;3;58;8;2019;7;13;2;3;5;3;0;1;1;0;0;0;0;323937,074615809140000;5631302,203948276100000;6,501105614000039;50,806665765000048;0
243830;5;3;34;2;2019;7;22;2;3;5;3;1;1;1;0;0;0;0;295534,467795934530000;5627992,716289551900000;6,100336091000031;50,767617197000050;0
243832;5;5;70;44;2019;7;8;4;3;5;3;0;1;1;0;0;0;0;417476,653676591810000;5760249,463319711400000;7,798254298000074;51,986777467000081;0
243833;5;3;34;2;2019;7;14;2;3;2;7;0;1;1;0;0;0;0;293989,678823946040000;5629381,544730702400000;6,077680895000071;50,779544071000032;0
243834;5;3;82;56;2019;7;10;2;3;5;3;0;1;1;0;0;0;0;372326,659999999220000;5625352,074999999300000;7,189539537000030;50,765871378000043;0
243837;5;3;62;12;2019;7;14;2;3;0;1;0;1;0;0;0;0;0;352051,077264492400000;5633260,248200085000000;6,899029684000027;50,832124602000079;0
243839;5;3;16;0;2019;7;16;2;3;5;2;0;1;1;0;0;0;0;356777,110994043760000;5658358,248565726000000;6,956226261000040;51,058866159000047;0
243841;5;3;15;0;2019;7;20;2;3;6;4;0;1;0;1;0;0;0;358009,164887248540000;5642489,304185235900000;6,979997531000038;50,916559416000041;0
243845;5;3;15;0;2019;7;15;2;3;1;3;0;1;0;0;0;0;1;352520,548535710200000;5652769,116363812200000;6,897803380000028;51,007562578000034;0
243847;5;3;15;0;2019;7;11;2;3;5;3;0;1;0;0;0;0;0;352372,500918987210000;5648223,016928326300000;6,897541710000041;50,966671285000075;0
243848;5;3;15;0;2019;7;10;2;3;5;3;0;1;1;0;0;0;0;356390,606321226810000;5644342,951826630200000;6,956256970000027;50,932817443000033;0
243850;5;3;15;0;2019;7;12;2;3;0;1;0;1;0;0;0;0;0;355474,326779370200000;5644326,485297562600000;6,943232639000030;50,932440588000077;0
243853;5;3;14;0;2019;7;13;2;3;3;2;0;1;1;0;0;0;0;369182,260598496530000;5617115,250225797300000;7,147897575000059;50,691136576000076;0
243854;5;3;14;0;2019;7;18;2;3;0;5;0;1;1;0;0;0;0;366295,065915480260000;5621069,987834623100000;7,105612138000026;50,726025448000030;0
243856;5;1;70;8;2019;7;9;2;3;3;3;0;1;1;0;0;0;0;342890,664615157060000;5715034,553092036400000;6,733258742000032;51,564474520000033;0
243857;5;5;13;0;2019;7;15;7;3;6;7;0;1;0;1;0;0;0;363897,933945392260000;5716704,304815974100000;7,035493863000056;51,584940906000043;0
243859;5;3;58;24;2019;7;16;7;3;5;3;0;1;1;0;0;0;0;315528,066467614840000;5644103,944299342100000;6,375432426000032;50,919051416000059;0
243860;5;3;34;12;2019;7;13;7;3;5;7;0;1;1;0;0;0;0;307632,502000000330000;5632213,845000000700000;6,269482697000058;50,809671297000079;0
243861;5;3;34;2;2019;7;17;7;3;3;2;0;1;1;0;0;0;0;294829,780610110610000;5629007,856966383800000;6,089790030000074;50,776485682000043;0
243862;5;3;82;68;2019;7;12;7;3;5;3;0;1;0;0;0;0;0;367597,254000000660000;5630584,012000002000000;7,120627241000022;50,811835948000066;0
243863;5;3;82;60;2019;7;13;7;3;5;7;0;1;1;0;0;0;0;374200,368851155040000;5629945,038033286100000;7,214523399000029;50,807564375000027;0
243864;5;3;78;32;2019;7;13;7;3;0;7;0;1;1;0;0;0;0;374797,791978033260000;5666572,164532501300000;7,210386887000027;51,136905129000070;0
243867;5;3;62;28;2019;7;16;7;3;6;6;0;1;0;1;0;0;0;352516,519787722270000;5640165,640771906800000;6,902851315000021;50,894300008000073;0
243868;5;3;16;0;2019;7;21;7;3;1;5;1;1;1;0;0;0;0;360192,014190967190000;5655192,513916015600000;7,006146730000069;51,031257435000043;0
243870;5;3;15;0;2019;7;17;7;3;0;5;0;1;1;0;0;0;0;353703,825042553250000;5645956,456187501500000;6,917399523000029;50,946642204000057;0
243874;5;3;15;0;2019;7;22;7;3;3;6;1;1;0;0;0;0;0;354054,542843717150000;5641136,081838933800000;6,924318047000043;50,903411823000056;0
243878;5;5;54;4;2019;7;11;7;3;3;6;0;1;1;0;0;0;0;361113,702953292990000;5773196,809533793500000;6,972652575000041;52,091882756000075;0
243879;5;1;62;4;2019;7;14;7;3;1;5;0;1;1;0;0;0;0;344401,307465184480000;5665704,484920330300000;6,776597078000066;51,121656368000060;0
243883;5;1;14;0;2019;7;13;7;3;6;7;0;1;0;1;0;0;0;330154,395967369900000;5689672,711833581300000;6,561848236000060;51,332941883000046;0
243887;5;9;74;16;2019;7;9;1;3;5;2;0;1;1;0;0;0;0;455584,605000001380000;5719855,133999999600000;8,358324601000049;51,627959646000079;0
243891;5;1;13;0;2019;7;19;7;3;3;6;0;1;1;0;0;0;0;356726,190000001340000;5704053,434999998700000;6,937192600000060;51,469484590000036;0
243892;5;1;13;0;2019;7;20;7;3;6;4;0;1;0;1;0;0;0;359168,243854335510000;5703636,856550419700000;6,972494566000023;51,466354202000048;1
243896;5;1;11;0;2019;7;23;7;2;1;5;2;1;1;0;0;0;0;344175,245195596480000;5675637,492955576600000;6,769065688000069;51,210847311000066;1
243898;5;1;11;0;2019;7;10;7;2;5;3;0;1;0;0;0;0;1;342347,947000000630000;5685041,765000002500000;6,738783140000066;51,294844281000053;0
243899;5;9;13;0;2019;7;18;1;3;0;1;0;1;0;0;0;0;0;388495,852570179850000;5716204,814666211600000;7,390533048000066;51,585855977000051;0
243904;5;9;78;28;2019;7;10;7;3;5;3;0;1;1;0;0;0;0;399923,718000000340000;5698859,727000001800000;7,560348286000021;51,432088948000057;0
243906;5;9;58;4;2019;7;0;7;3;0;5;2;1;1;0;0;0;0;434818,217143130490000;5693946,766827927900000;8,063136399000030;51,393007777000037;0
243907;5;9;62;4;2019;7;18;7;3;0;1;0;1;0;0;0;0;0;412307,496911215600000;5685717,955821305500000;7,741689450000024;51,315999926000075;0