OBJECTID;ULAND;UREGBEZ;UKREIS;UGEMEINDE;UJAHR;UMONAT;USTUNDE;UWOCHENTAG;UKATEGORIE;UART;UTYP1;ULICHTVERH;IstRad;IstPKW;IstFuss;IstKrad;IstGkfz;IstSonstige;LINREFX;LINREFY;XGCSWGS84;YGCSWGS84;STRZUSTAND
243908;5;9;62;24;2019;7;11;7;2;4;6;0;1;1;0;0;0;0;406882,708107612100000;5691061,271784724700000;7,662473107000039;51,363171774000079;0
243910;5;9;13;0;2019;7;18;7;3;6;7;0;1;0;1;0;0;0;392698,566875628200000;5708749,405940139700000;7,453445939000062;51,519660035000072;0
243912;5;9;13;0;2019;7;15;7;3;5;2;0;1;1;0;0;0;0;392851,830518051980000;5706951,321242202100000;7,456200588000058;51,503527151000071;0
243913;5;5;66;76;2019;7;14;6;3;5;3;0;1;1;0;0;0;0;391646,904864439740000;5792587,506037309800000;7,411943711000049;52,272972551000066;0
243914;5;5;66;84;2019;7;15;6;3;5;3;0;1;1;0;0;0;0;390079,817999999970000;5776673,259999999800000;7,394150395000054;52,129638510000063;0
243915;5;5;66;84;2019;7;14;6;3;3;6;0;1;1;0;0;0;0;390048,601331036540000;5775712,534172412000000;7,394005030000074;52,120998035000071;0
243916;5;5;58;24;2019;7;13;6;3;5;2;0;1;1;0;0;0;0;392933,140279847200000;5737180,524804696400000;7,448122851000051;51,775249641000073;0
243918;5;5;54;12;2019;7;12;6;3;0;1;0;1;0;0;0;0;0;352086,556034822950000;5744788,362002294500000;6,853213168000025;51,834303512000076;0
243919;5;5;54;8;2019;7;8;6;3;0;7;0;1;0;0;0;0;0;333536,922202221120000;5745124,996797967700000;6,584069414000055;51,832108084000026;1
243921;5;5;15;0;2019;7;21;6;3;0;1;1;1;0;0;0;0;0;405075,237027623690000;5755784,553364377500000;7,618946071000039;51,944664311000054;0
243923;5;5;15;0;2019;7;12;6;2;3;6;0;1;0;0;0;0;0;406152,247000000440000;5757433,612000001600000;7,634160236000071;51,959669565000070;0
243927;5;5;62;4;2019;7;17;6;3;6;7;0;1;0;1;0;0;0;383161,835428435360000;5711772,476156294300000;7,315049617000057;51,544938592000051;0
243928;5;3;70;36;2019;7;16;6;3;4;5;0;1;1;0;0;0;0;300546,373544358650000;5666370,602483969200000;6,150309609000033;51,114054247000070;0
243930;5;3;70;4;2019;7;14;6;3;1;1;0;1;1;0;0;0;0;305396,707357724200000;5664809,982337744900000;6,220361758000024;51,101704585000050;0
243931;5;3;70;16;2019;7;21;6;2;0;1;0;1;0;0;0;0;0;293485,466077500950000;5658175,255450425700000;6,054248473000030;51,037955675000035;0
243933;5;3;58;8;2019;7;19;6;3;0;5;0;1;0;0;0;0;0;322772,847119709480000;5630630,181644897900000;6,484922809000068;50,800273281000045;0
243934;5;3;34;2;2019;7;9;6;3;1;5;0;1;1;0;0;0;0;294017,524459641430000;5629492,554352298400000;6,078013161000058;50,780550953000045;0
243936;5;3;66;36;2019;7;14;6;3;1;5;0;1;1;0;0;0;0;323004,651019881480000;5604670,100080912900000;6,500637535000067;50,567108793000045;0
243938;5;9;54;36;2019;7;10;1;3;5;3;0;1;1;0;0;0;0;384457,811936320740000;5698132,468884766100000;7,338193878000027;51,422609629000078;0
243940;5;3;62;28;2019;7;8;6;3;3;6;0;1;1;0;0;0;0;351504,914000000800000;5638707,877999998600000;6,889069539000047;50,880940523000049;0
243943;5;3;15;0;2019;7;21;6;3;3;2;0;1;1;0;0;0;0;359604,371449581350000;5645808,386809352800000;7,001398092000045;50,946778746000064;0
243944;5;3;15;0;2019;7;9;6;3;1;5;0;1;1;0;0;0;0;350705,872260841540000;5645377,355447083700000;6,874990571000069;50,940669591000074;0
243947;5;3;82;8;2019;7;14;6;2;0;1;0;1;0;0;0;0;0;374812,036532427180000;5611084,012287668900000;7,229602110000030;50,638162350000073;0
243949;5;3;14;0;2019;7;11;6;3;0;1;0;1;0;0;0;0;0;366584,385548465890000;5618855,102578986400000;7,110509811000043;50,706184474000054;0
243950;5;3;14;0;2019;7;9;6;3;2;2;0;1;0;0;0;0;0;366458,844129071570000;5622203,938893424300000;7,107520519000047;50,736255076000077;0
243951;5;1;70;52;2019;7;16;6;2;2;6;0;1;0;0;1;0;0;323870,087260618810000;5725634,272573515800000;6,453784605000067;51,654069948000028;0
243953;5;1;70;24;2019;7;19;6;3;5;3;0;1;1;0;0;0;0;337290,937223631890000;5699797,506572032300000;6,659563398000046;51,425994091000064;0
243954;5;1;58;26;2019;7;20;6;3;5;3;0;1;0;0;0;0;0;351936,049841728990000;5661524,495831839700000;6,885897821000071;51,086090993000028;0
243957;5;1;66;8;2019;7;13;6;3;5;3;0;1;1;0;0;0;0;314983,366265088320000;5690875,534181401100000;6,343682655000066;51,339012956000033;0
243959;5;1;62;4;2019;7;16;6;3;0;5;0;1;1;0;0;0;0;348426,734997833150000;5662103,338840346800000;6,835585726000033;51,090375929000061;0
243962;5;1;16;0;2019;7;13;6;3;2;6;0;1;0;0;0;0;0;314597,656161422840000;5675105,393846981200000;6,346328078000056;51,197233551000068;0
243964;5;1;14;0;2019;7;23;6;3;0;1;2;1;0;0;0;0;0;327281,695047296580000;5686616,803982067900000;6,522131806000061;51,304623629000048;0
243969;5;1;22;0;2019;7;19;6;3;4;6;0;1;1;0;0;0;0;365093,962000000290000;5670188,508000001300000;7,070408186000066;51,167201810000051;0
243975;5;1;12;0;2019;7;20;6;2;5;3;0;1;1;0;0;0;0;341509,098634173160000;5697826,878039347000000;6,721066978000067;51,409483799000043;0
243982;5;1;11;0;2019;7;21;6;3;0;1;1;1;0;0;0;0;0;343637,613788462240000;5676333,499638520200000;6,761071310000034;51,216954198000053;0
243984;5;1;11;0;2019;7;18;6;3;5;3;0;1;1;0;0;0;0;343988,947439776730000;5681911,041474431800000;6,763667854000062;51,267166062000058;0
243987;5;7;74;32;2019;7;0;6;2;0;1;2;1;0;0;0;0;0;483362,691219633450000;5729263,846594985600000;8,759183311000072;51,714064258000064;0
243990;5;7;70;24;2019;7;9;6;3;0;1;0;1;0;0;0;0;0;498057,351866221060000;5794335,560683697500000;8,971511942000063;52,299363995000078;0
243992;5;5;66;32;2019;7;18;7;2;5;3;0;1;1;0;0;0;0;413946,771789956840000;5777444,934148907700000;7,742529472000058;52,140806787000031;1
243993;5;7;66;20;2019;7;22;6;2;0;6;1;1;0;0;0;0;0;492811,065646150150000;5753990,919364819300000;8,895429863000061;51,936591297000064;0
243994;5;7;66;20;2019;7;11;6;3;4;7;0;1;0;0;0;0;0;490476,007641248400000;5754595,196692097900000;8,861447501000043;51,941989302000081;0
243996;5;9;78;32;2019;7;20;6;3;0;1;0;1;0;0;0;0;0;393943,792585256510000;5728399,020446844400000;7,465442278000069;51,696512750000068;0
243999;5;9;70;36;2019;7;17;6;2;8;7;0;1;0;0;0;0;0;427327,627999999560000;5626617,502999998600000;7,969040045000043;50,786748033000038;0
244001;5;9;58;4;2019;7;13;6;2;0;1;0;1;0;0;0;0;0;429011,562946393150000;5698649,822082527000000;7,978748742000050;51,434593447000054;0
244002;5;9;62;40;2019;7;5;6;3;5;3;0;1;0;0;0;0;0;415853,837641561400000;5699581,606449816400000;7,789279957000076;51,441168497000035;0
244003;5;9;14;0;2019;7;19;6;3;1;5;0;1;1;0;0;0;0;392719,312096468170000;5690034,996373022000000;7,459414917000061;51,351448351000045;0
244004;5;9;14;0;2019;7;12;6;3;6;7;0;1;0;1;0;0;0;390348,880515013820000;5689432,933363314700000;7,425573923000059;51,345584182000039;0
244005;5;9;13;0;2019;7;22;6;2;0;1;2;1;0;0;0;0;0;385281,896898160690000;5708139,652865529100000;7,346792991000029;51,512721979000048;0
244007;5;9;13;0;2019;7;15;6;3;0;3;0;1;1;0;0;0;0;395075,459120769050000;5709186,841455092700000;7,487561242000027;51,524038501000064;0
244008;5;9;11;0;2019;7;9;6;3;1;5;0;1;1;0;0;0;0;382277,197019848970000;5703887,457070717600000;7,304930685000045;51,473886015000062;0
244010;5;5;70;8;2019;7;7;5;3;5;3;0;1;0;0;0;0;0;433498,227000000890000;5734157,189999999500000;8,036553898000022;51,754360449000046;0
244011;5;5;70;4;2019;7;16;5;3;5;3;0;1;1;0;0;0;0;427162,198812826540000;5736387,041906992000000;7,944309099000066;51,773618225000064;0
244012;5;5;70;44;2019;7;13;5;2;5;2;0;1;0;0;0;0;0;416048,059755687600000;5760637,985090939300000;7,777360370000054;51,990055784000049;0
244013;5;5;58;4;2019;7;9;5;1;1;5;0;1;1;0;0;0;0;407665,309999999590000;5733096,210000002800000;7,662675155000045;51,741160683000032;0
244014;5;5;54;4;2019;7;18;5;3;5;3;0;1;0;0;0;0;0;363412,206654534680000;5771729,165197009200000;7,006769905000056;52,079267461000029;0
244016;5;5;54;48;2019;7;8;5;3;1;7;0;1;1;0;0;0;1;341171,932039234790000;5744909,992406195000000;6,694878246000030;51,832399514000031;0
244017;5;5;15;0;2019;7;23;5;3;0;7;2;1;0;0;0;0;0;406834,713834810070000;5757696,896565256600000;7,644018279000022;51,962150870000073;0
244018;5;5;15;0;2019;7;19;5;3;3;2;0;1;1;0;0;0;0;406289,247936547730000;5751883,050881063600000;7,637665566000067;51,909801386000026;0
244019;5;5;15;0;2019;7;17;5;3;5;3;0;1;1;0;0;0;0;406625,136806610040000;5757650,763257589200000;7,640981442000054;51,961701042000072;0
244021;5;5;62;8;2019;7;16;5;3;5;3;0;1;1;0;0;0;0;385252,287187790500000;5722869,532935330600000;7,341553444000056;51,645105873000034;0
244023;5;5;62;14;2019;7;15;5;3;5;3;0;1;1;0;0;0;0;362823,696678233330000;5712194,840100785700000;7,021758109000075;51,544157223000070;0
244024;5;5;62;20;2019;7;7;5;3;0;3;0;1;1;0;0;0;0;370143,417014933190000;5718846,057374980300000;7,124795667000058;51,605662125000038;0
244025;5;5;62;20;2019;7;16;5;3;0;7;0;1;0;1;0;0;0;372592,811529347670000;5716356,593631332700000;7,161050516000046;51,583848972000055;0
244027;5;5;13;0;2019;7;18;5;3;4;7;0;1;1;0;0;0;0;366868,316063493490000;5713718,815580338200000;7,079473629000063;51,558821201000057;0
244028;5;3;58;24;2019;7;8;5;3;5;3;0;1;1;0;0;0;0;314194,511700537990000;5645223,655804000800000;6,355910366000046;50,928682018000075;0
244029;5;3;34;16;2019;7;18;5;3;5;3;0;1;1;0;0;0;0;294154,597609480840000;5635705,853554975200000;6,076471132000052;50,836401844000079;0
244032;5;3;34;2;2019;7;19;5;2;0;1;0;1;0;0;0;0;0;289350,498945243660000;5629659,864876873800000;6,011807755000064;50,780377281000028;0
244033;5;3;82;16;2019;7;18;5;3;5;2;0;1;1;0;0;0;0;390203,997225218450000;5625562,788752913500000;7,442876589000036;50,771424640000077;0
244034;5;3;78;24;2019;7;12;5;3;4;6;0;1;1;0;0;0;0;375184,418592317030000;5645494,530540529600000;7,223174260000064;50,947541891000071;0
244035;5;3;66;4;2019;7;16;5;3;0;7;0;1;0;0;0;0;0;341683,600586221550000;5603056,583563905200000;6,764864021000051;50,557969261000039;0
244036;5;3;62;40;2019;7;13;5;3;5;3;0;1;1;0;0;0;0;357208,413588048890000;5632517,685661450000000;6,972506547000023;50,826746380000031;0
244038;5;3;62;8;2019;7;16;5;3;3;2;0;1;1;0;0;0;0;337335,869402172040000;5645553,083449529500000;6,684766661000026;50,938632105000067;0
244039;5;3;16;0;2019;7;12;5;3;6;6;0;1;0;1;0;0;0;360097,241759204310000;5659943,470762886100000;7,002959799000053;51,073931016000074;0
244040;5;3;15;0;2019;7;19;5;3;6;4;0;1;0;1;0;0;0;363133,343699656430000;5638868,472583551000000;7,054207046000045;50,885255410000070;0
244043;5;3;15;0;2019;7;11;5;3;5;2;0;1;1;0;0;0;0;363724,772144814950000;5638764,408545823800000;7,062648867000064;50,884459942000035;0
244046;5;3;15;0;2019;7;10;5;3;8;1;0;1;0;0;0;0;0;364884,263713800350000;5648979,090484632200000;7,075336367000034;50,976537130000054;0
244051;5;3;15;0;2019;7;16;5;3;0;1;0;1;0;0;0;0;0;352468,278241950090000;5647196,029535479800000;6,899321160000056;50,957466791000058;0
244052;5;3;15;0;2019;7;19;5;2;5;3;0;1;1;0;0;0;0;356761,065320230090000;5641898,199883425600000;6,962485715000071;50,910938759000032;0
244056;5;3;15;0;2019;7;18;5;3;0;3;0;1;1;0;0;0;0;357435,264882683750000;5637010,965603996100000;6,973976432000029;50,867183909000062;0
244057;5;3;15;0;2019;7;9;5;3;6;6;0;1;0;1;0;0;0;356597,139264935630000;5645342,353249562900000;6,958800873000030;50,941850338000052;0
244058;5;3;14;0;2019;7;16;5;3;5;3;0;1;1;0;0;0;0;368266,214999999850000;5618145,844000002400000;7,134568096000066;50,700193033000062;0
244061;5;3;14;0;2019;7;15;5;2;4;6;0;1;0;0;0;0;0;367003,447606667880000;5619463,884710043700000;7,116221983000060;50,711752274000048;0
244063;5;1;70;48;2019;7;18;5;2;0;1;0;1;0;0;0;0;0;335235,444982133810000;5727802,695385029500000;6,616906758000027;51,676996311000039;0
244065;5;1;58;26;2019;7;8;5;2;5;2;0;1;1;0;0;0;0;352926,443887596950000;5662155,217074848700000;6,899771965000070;51,092013633000079;0
244069;5;1;66;36;2019;7;9;5;3;3;2;0;1;1;0;0;0;0;328190,382824571800000;5682496,648991411600000;6,537136941000028;51,267884232000029;0
244070;5;1;66;12;2019;7;21;5;3;5;2;0;1;1;0;0;0;0;320121,981000000610000;5693672,737000001600000;6,415963019000060;51,365788675000033;0
244071;5;1;66;12;2019;7;16;5;3;5;3;0;1;1;0;0;0;0;319418,686692748220000;5694269,241462150600000;6,405567963000067;51,370923748000052;0
244074;5;1;62;24;2019;7;12;5;3;5;3;0;1;1;0;0;0;0;338383,227000000890000;5671917,927000002900000;6,687886884000022;51,175817881000057;0
244076;5;1;14;0;2019;7;7;5;3;4;2;0;1;1;0;0;0;0;329774,580032312310000;5689670,037793820700000;6,556402534000029;51,332804292000048;0
244077;5;1;14;0;2019;7;20;5;2;1;5;0;1;0;0;0;1;0;337398,070999999530000;5690766,622999997800000;6,665237724000065;51,344887594000056;0
244079;5;1;14;0;2019;7;9;5;3;0;7;0;1;0;0;0;0;0;330721,806750795800000;5688448,266581384500000;6,570567265000022;51,322110776000045;0
244082;5;5;15;0;2019;7;17;7;3;0;7;0;1;0;0;0;0;0;405884,238422472960000;5758351,754470406100000;7,630009280000024;51,967876934000060;1
244086;5;5;15;0;2019;7;9;7;3;5;3;0;1;1;0;0;0;0;403676,375656414780000;5761116,030731502900000;7,597104873000035;51,992344847000027;0
244089;5;5;54;4;2019;7;15;7;3;1;3;0;1;1;0;0;0;0;364191,084000000730000;5772301,513000000300000;7,017900821000069;52,084601856000063;0
244091;5;1;12;0;2019;7;7;5;3;1;5;0;1;1;0;0;0;0;343843,701835568060000;5700980,525041142500000;6,753218472000071;51,438466761000029;0
244094;5;1;11;0;2019;7;10;5;3;2;6;0;1;1;0;0;0;0;348985,690579033460000;5675040,826937962300000;6,838134311000033;51,206778079000060;0
244097;5;1;11;0;2019;7;6;5;3;0;1;0;1;0;0;0;0;0;344521,199000000950000;5674082,543999999800000;6,774688356000070;51,196969768000031;0
244102;5;1;11;0;2019;7;11;5;3;0;1;0;1;0;0;0;0;0;345186,779645902100000;5678929,823778491500000;6,782114030000059;51,240705356000035;0
244104;5;7;74;32;2019;7;16;5;3;5;3;0;1;1;0;0;0;0;483439,183336080050000;5730471,585492238400000;8,760233060000076;51,724925678000034;0
244105;5;7;74;32;2019;7;7;5;3;0;7;0;1;0;0;0;0;0;483761,533758434470000;5731147,804980946700000;8,764868454000066;51,731015200000058;0
244106;5;7;74;32;2019;7;14;5;3;5;2;0;1;1;0;0;0;0;482646,180580732410000;5730005,939876675600000;8,748775315000046;51,720714935000046;0
244107;5;7;74;32;2019;7;8;5;3;1;5;0;1;1;0;0;0;0;483872,465562687260000;5729628,544514851600000;8,766545089000033;51,717358264000040;0
244108;5;7;62;8;2019;7;8;5;2;5;7;0;1;0;0;0;0;0;525652,238959330130000;5724756,156999370100000;9,370969348000074;51,673194676000037;0
244109;5;5;62;32;2019;7;9;7;3;5;2;0;1;1;0;0;0;0;374600,865135014060000;5719816,629484728000000;7,188781358000028;51,615394996000077;0
244110;5;7;58;16;2019;7;15;5;3;5;3;0;1;1;0;0;0;0;472707,751000001100000;5779669,544000001600000;8,600960800000053;52,166836270000033;0
244111;5;7;66;8;2019;7;14;5;3;5;3;0;1;1;0;0;0;0;483318,188479266130000;5769659,889282874800000;8,756584469000075;52,077265304000036;0
244112;5;7;66;60;2019;7;16;5;3;5;3;0;1;1;0;0;0;0;510391,378962281160000;5751442,799922214800000;9,151075768000055;51,913630457000068;0
244113;5;1;16;0;2019;7;11;4;3;3;6;0;1;0;0;0;0;0;321151,534226818010000;5674608,906852142900000;6,440279123000039;51,194862407000073;0
244115;5;1;22;0;2019;7;16;4;3;1;3;0;1;1;0;0;0;0;361670,482141498480000;5668834,907191984400000;7,021992757000021;51,154219459000046;0
244116;5;1;70;48;2019;7;8;4;3;5;2;0;1;1;0;0;0;0;335705,298754772170000;5725989,991908751400000;6,624548627000024;51,660849090000056;0
244118;5;1;17;0;2019;7;9;4;3;5;3;0;1;1;0;0;0;0;352349,913835657760000;5700254,342843102300000;6,875815888000034;51,434222490000082;0
244119;5;1;13;0;2019;7;10;4;3;0;6;0;1;0;1;0;0;0;362379,937028300950000;5697053,939188184200000;7,021260787000074;51,407987272000071;0
244121;5;1;12;0;2019;7;14;4;3;5;3;0;1;1;0;0;0;0;345515,472220169380000;5710363,304033683600000;6,773148442000036;51,523229120000053;0
244124;5;1;11;0;2019;7;10;4;3;5;3;0;1;1;0;0;0;0;353100,776381160130000;5667488,536688994600000;6,900087443000075;51,139985026000033;0
244125;5;1;11;0;2019;7;9;4;3;5;3;0;1;1;0;0;0;0;342921,356000000610000;5675938,858000000900000;6,750996627000063;51,213211661000059;0
244128;5;1;11;0;2019;7;14;4;2;6;4;0;1;0;1;0;0;0;344866,566186521200000;5676874,251837484500000;6,778420279000045;51,222148290000064;0
244129;5;1;11;0;2019;7;14;4;3;4;2;0;1;1;0;0;0;0;347098,289030348880000;5675558,314368788200000;6,810915426000065;51,210925907000046;0
244131;5;7;74;32;2019;7;17;4;2;5;3;0;1;1;0;0;0;0;481037,343315049070000;5731440,186847457700000;8,725406942000063;51,733558545000051;0
244132;5;7;74;32;2019;7;16;4;3;5;3;0;1;1;0;0;0;0;482185,568354989400000;5730030,175198407800000;8,742106038000031;51,720918397000048;0
244136;5;7;11;0;2019;7;17;4;3;5;3;0;1;1;0;0;0;0;466890,460232690910000;5758977,613194344600000;8,517917218000036;51,980486586000040;0
244137;5;7;11;0;2019;7;8;4;3;7;7;0;1;0;0;0;0;1;470051,771000000650000;5763745,980999998700000;8,563528353000038;52,023536932000070;0
244139;5;9;66;8;2019;7;12;4;2;0;7;0;1;0;0;0;0;0;411911,883541956540000;5655554,468142483400000;7,743409271000076;51,044767732000082;0
244141;5;9;13;0;2019;7;16;4;3;1;6;0;1;0;0;0;0;1;402709,742951035500000;5703792,666951619100000;7,599056818000065;51,476916946000074;0
244143;5;9;78;24;2019;7;11;4;3;1;6;0;1;1;0;0;0;0;399554,019803877920000;5716487,699237361600000;7,550009218000071;51,590478520000033;0
244145;5;9;54;36;2019;7;12;4;3;3;6;0;1;0;0;0;0;0;385725,843566434460000;5700463,628117898500000;7,355671232000020;51,443819461000032;0
244147;5;5;58;16;2019;7;22;3;2;0;1;2;1;0;0;0;0;0;381259,995127980600000;5745216,208568794700000;7,276251688000059;51,845113223000055;0
244150;5;5;54;4;2019;7;18;3;3;5;3;0;1;0;0;0;0;1;362413,699915231210000;5771137,468811856600000;6,992446904000076;52,073703663000060;0
244151;5;5;54;8;2019;7;16;3;3;5;3;0;1;1;0;0;0;0;336312,567625358700000;5746743,824057096600000;6,623549565000076;51,847470970000074;0
244152;5;5;15;0;2019;7;9;3;3;5;3;0;1;1;0;0;0;0;404555,250925108790000;5754268,109330156800000;7,611804042000074;51,930944918000080;0
244154;5;5;62;32;2019;7;16;3;3;0;1;0;1;0;0;0;0;0;374221,737017191020000;5719389,583667213100000;7,183461585000032;51,611472538000044;0
244155;5;5;13;0;2019;7;9;3;3;1;5;0;1;1;0;0;0;0;368940,633249328470000;5708933,141217540900000;7,111132460000022;51,516298738000046;0
244159;5;3;34;36;2019;7;14;3;3;5;3;0;1;1;0;0;0;0;299067,811999999920000;5633483,990000002100000;6,147375157000056;50,818172388000050;0
244161;5;1;58;4;2019;7;7;4;3;0;7;0;1;0;0;0;0;0;356792,813676911410000;5675006,153436526700000;6,949833263000073;51,208477305000031;0
244162;5;3;34;12;2019;7;13;3;3;0;5;0;1;1;0;0;0;0;308026,316979114900000;5634821,329180311400000;6,273701294000034;50,833223891000046;0
244163;5;3;34;2;2019;7;18;3;3;6;4;0;1;0;1;0;0;0;294439,576059481130000;5629399,393313698500000;6,084044015000075;50,779863997000064;0
244164;5;3;74;48;2019;7;19;3;2;0;1;1;1;0;0;0;0;0;393840,342488078400000;5644848,681578582200000;7,488833504000070;50,945474047000062;0
244166;5;3;66;4;2019;7;14;3;3;8;1;0;1;0;0;0;0;0;341542,266623289320000;5603517,232697857500000;6,762674198000070;50,562070502000040;0
244171;5;3;15;0;2019;7;18;3;3;5;2;0;1;1;0;0;0;0;358026,392351433630000;5643598,330331364600000;6,979810718000067;50,926530503000038;0
244172;5;3;15;0;2019;7;15;3;3;0;1;0;1;0;0;0;0;0;357696,603299781680000;5644152,181525092600000;6,974904969000022;50,931426702000067;0
244174;5;1;66;4;2019;7;15;4;2;4;6;0;1;0;0;0;0;0;307109,854420352730000;5681366,344756538000000;6,235917095000048;51,250989188000062;0
244176;5;3;15;0;2019;7;9;3;3;6;6;0;1;0;1;0;0;0;355492,036716145460000;5647289,102665506300000;6,942308977000039;50,959069424000063;0
244177;5;3;15;0;2019;7;7;3;3;5;2;0;1;1;0;0;0;0;353641,757986809130000;5653526,965187314900000;6,913468214000034;51,014659362000032;0
244178;5;3;15;0;2019;7;20;3;3;0;1;0;1;0;0;0;0;0;353028,722000001000000;5646389,644999999600000;6,907621085000073;50,950363371000037;0
244179;5;3;15;0;2019;7;20;3;3;5;3;0;1;1;0;0;0;0;354530,290221031760000;5646962,251253701700000;6,928754567000055;50,955890122000028;0
244180;5;3;15;0;2019;7;8;3;2;1;5;0;1;1;0;0;0;0;350638,829183017840000;5647391,480169124900000;6,873210811000035;50,958751917000029;0
244181;5;3;15;0;2019;7;11;3;2;5;2;0;1;1;0;0;0;0;352337,443000000900000;5645926,659000001800000;6,897974394000073;50,946026062000044;0
244183;5;3;15;0;2019;7;7;3;2;5;1;0;1;1;0;0;0;0;353599,011000000870000;5642218,956000002100000;6,917409534000058;50,913027958000043;0
244184;5;3;15;0;2019;7;16;3;3;4;2;0;1;1;0;0;0;0;355832,248000000600000;5646065,812000000800000;6,947634474000040;50,948161180000056;0
244190;5;1;58;26;2019;7;16;3;3;5;7;0;1;1;0;0;0;0;352672,113993014210000;5662649,906663307900000;6,895940905000032;51,096393778000049;0
244192;5;1;54;28;2019;7;17;3;3;5;3;0;1;1;0;0;0;0;317062,456468806600000;5704538,742390004900000;6,366454872000077;51,462414110000054;0
244197;5;1;16;0;2019;7;9;3;3;0;7;0;1;0;0;0;0;0;318942,102667013180000;5673125,508829278900000;6,409439339000073;51,180841310000062;0
244199;5;1;14;0;2019;7;17;3;3;6;6;0;1;0;1;0;0;0;329471,121493949550000;5689332,058145416900000;6,552212405000034;51,329677041000082;0
244200;5;1;20;0;2019;7;17;3;2;5;3;0;1;0;0;0;0;0;371415,824441361240000;5669931,860768917900000;7,160871837000059;51,166351353000039;0
244201;5;1;24;0;2019;7;13;3;2;0;1;0;1;0;0;0;0;0;373056,067191741430000;5680297,789282163600000;7,180650376000074;51,259882990000051;0
244206;5;1;17;0;2019;7;19;3;3;4;6;0;1;1;0;0;0;0;352449,957000000400000;5698886,837000001200000;6,877823663000072;51,421960604000049;0
244212;5;1;11;0;2019;7;15;3;3;3;5;0;1;1;0;0;0;0;345226,582714994440000;5675627,887046199300000;6,784109662000049;51,211046881000073;0
244214;5;1;11;0;2019;7;9;3;3;0;3;0;1;1;0;0;0;0;343512,491183341480000;5676180,532405132400000;6,759347917000071;51,215545467000027;0
244215;5;1;11;0;2019;7;12;3;3;5;3;0;1;1;0;0;0;0;351585,439000001180000;5669869,930999999900000;6,877459797000029;51,160993664000046;0
244216;5;1;70;20;2019;7;8;4;3;0;6;0;1;1;0;0;0;0;330578,531898775140000;5708561,318883430200000;6,558903537000049;51,502758296000081;0
244217;5;7;74;32;2019;7;6;3;3;5;3;0;1;1;0;0;0;0;481449,363000000830000;5732877,048000000400000;8,731296595000060;51,746491524000078;0
244221;5;7;54;8;2019;7;7;3;3;5;3;0;1;1;0;0;0;0;458601,871704076420000;5750731,711163505900000;8,398232760000042;51,905795608000062;0
244222;5;7;54;8;2019;7;18;3;2;5;3;0;1;1;0;0;0;0;457846,107564455830000;5749993,050128273700000;8,387337922000029;51,899097929000050;0
244223;5;7;54;8;2019;7;13;3;3;5;3;0;1;1;0;0;0;0;456033,632000000220000;5752188,485999999600000;8,360717057000045;51,918696010000076;0
244225;5;7;11;0;2019;7;17;3;3;5;3;0;1;1;0;0;0;0;468099,600178499710000;5764040,771361686300000;8,535050514000034;52,026078451000046;0
244226;5;1;66;24;2019;7;15;4;3;0;7;0;1;0;0;0;0;1;310082,133574911390000;5677506,731372643300000;6,280503368000041;51,217319638000049;0
244227;5;7;11;0;2019;7;18;3;2;0;3;0;1;1;0;0;0;0;468626,158776991070000;5765645,767637018100000;8,542577626000025;52,040538397000034;1
244233;5;9;13;0;2019;7;15;3;3;1;1;0;1;1;0;0;0;0;388188,986000001430000;5714609,310000002400000;7,386613567000040;51,571454716000062;0
244239;5;1;16;0;2019;7;23;4;2;0;7;2;1;0;0;0;0;0;320407,318884036500000;5675022,373451333500000;6,429432393000070;51,198343243000068;1
244241;5;5;54;4;2019;7;15;2;3;1;5;0;1;1;0;0;0;0;357080,079982651400000;5776825,015618538500000;6,912292264000030;52,123454633000051;1
244242;5;5;62;12;2019;7;16;2;3;5;3;0;1;1;0;0;0;0;359066,524564364930000;5726015,026454811900000;6,962057044000062;51,667418151000049;0
244244;5;5;13;0;2019;7;15;2;3;5;2;0;1;1;0;0;0;0;367893,298000001350000;5710862,434999998700000;7,095323399000051;51,533392809000077;0
244245;5;5;13;0;2019;7;12;2;3;5;3;0;1;1;0;0;0;0;369698,950844085780000;5709295,680334687200000;7,121921189000034;51,519732249000072;0
244249;5;3;70;4;2019;7;15;2;3;5;2;0;1;1;0;0;0;0;311869,058359635990000;5661007,975596398100000;6,314679175000038;51,069713361000026;0
244252;5;3;34;12;2019;7;17;2;3;6;4;0;1;0;1;1;0;0;308300,282861332410000;5631298,587185723700000;6,279427797000039;50,801671196000029;0
244253;5;3;34;2;2019;7;19;2;3;0;5;0;1;1;0;0;0;0;293954,296091202650000;5627716,607078997400000;6,078112179000073;50,764578454000059;0
244254;5;3;34;2;2019;7;12;2;3;5;2;0;1;1;0;0;0;0;293917,073834958490000;5628637,446920985400000;6,077069330000029;50,772835437000026;0
244260;5;3;62;12;2019;7;18;2;3;6;4;0;1;0;1;0;0;0;351899,053999999540000;5631294,200000001100000;6,897666331000039;50,814417415000037;0
244264;5;3;15;0;2019;7;20;2;3;0;1;0;1;0;0;0;0;0;359887,927616767590000;5647605,101269383000000;7,004740447000074;50,962995012000079;0