OBJECTID;ULAND;UREGBEZ;UKREIS;UGEMEINDE;UJAHR;UMONAT;USTUNDE;UWOCHENTAG;UKATEGORIE;UART;UTYP1;ULICHTVERH;IstRad;IstPKW;IstFuss;IstKrad;IstGkfz;IstSonstige;LINREFX;LINREFY;XGCSWGS84;YGCSWGS84;STRZUSTAND
244265;5;3;15;0;2019;7;20;2;3;2;6;0;1;1;0;0;0;0;360361,060030172580000;5647000,024670010400000;7,011705912000025;50,957671971000082;0
244266;5;3;15;0;2019;7;9;2;2;0;1;0;1;0;0;0;0;0;349224,242164274680000;5658097,723268752900000;6,848635560000048;51,054591517000063;0
244269;5;3;15;0;2019;7;16;2;2;5;3;0;1;1;0;0;0;0;355822,357692346910000;5645259,532820981000000;6,947812939000073;50,940912827000034;0
244270;5;3;15;0;2019;7;7;2;3;0;1;0;1;0;0;0;0;0;356651,442200268620000;5645583,772817831500000;6,959478290000050;50,944033451000053;0
244273;5;3;14;0;2019;7;21;2;3;5;3;1;1;1;0;0;0;0;365550,882157058460000;5621750,679764496200000;7,094826220000073;50,731971731000044;0
244274;5;1;58;20;2019;7;11;2;3;1;5;0;1;1;0;0;0;0;356727,075713615860000;5666757,450617389800000;6,952179941000054;51,134334040000056;0
244275;5;1;58;4;2019;7;19;2;3;5;5;0;1;1;0;0;0;0;357281,531519458630000;5674037,384053049600000;6,957210302000021;51,199893825000061;0
244277;5;1;54;8;2019;7;16;2;3;5;3;0;1;1;0;0;0;0;304568,030783310530000;5750431,480068801000000;6,161150891000034;51,870379877000062;0
244280;5;1;66;36;2019;7;10;2;3;0;3;0;1;1;0;0;0;0;324200,842564907860000;5680025,556464577100000;6,481220243000053;51,244468920000031;0
244281;5;1;66;16;2019;7;17;2;3;0;2;0;1;1;0;0;0;0;304013,968520867640000;5688616,958976166300000;6,187633135000056;51,315053306000038;0
244283;5;1;54;36;2019;7;18;4;3;5;3;0;1;1;0;0;0;0;303092,024951638650000;5741638,343797260900000;6,144740765000051;51,790898311000035;1
244284;5;1;66;32;2019;7;8;2;3;5;2;0;1;1;0;0;0;0;318416,453505117450000;5681418,273766119000000;6,397727548000034;51,255167657000072;0
244287;5;1;14;0;2019;7;16;2;3;5;2;0;1;1;0;0;0;0;329017,520373202860000;5689458,837918574000000;6,545646935000036;51,330679808000070;0
244299;5;1;11;0;2019;7;17;2;3;0;1;0;1;0;0;0;0;0;345278,811000000690000;5679427,219000004200000;6,783216505000041;51,245199611000032;0
244300;5;7;74;32;2019;7;7;2;3;5;3;0;1;1;0;0;0;0;479803,607934759930000;5732570,488869601900000;8,707476185000076;51,743678266000074;0
244301;5;7;74;32;2019;7;5;2;3;0;3;0;1;1;0;0;0;0;483907,978917335160000;5732019,337757917100000;8,766948645000070;51,738855629000057;0
244303;5;7;62;20;2019;7;15;2;2;9;1;0;1;0;0;0;0;0;526770,249757212590000;5736585,408609302700000;9,388046608000025;51,779501355000036;0
244304;5;7;54;28;2019;7;7;2;3;5;3;0;1;0;0;0;0;0;451694,189972824420000;5745666,412003221000000;8,298538756000028;51,859700043000032;0
244305;5;7;54;8;2019;7;15;2;3;5;3;0;1;1;0;0;0;0;455584,798877757040000;5750111,372649431200000;8,354459150000025;51,899986045000048;0
244306;5;7;11;0;2019;7;20;2;3;0;6;1;1;1;0;0;0;0;467265,741873921830000;5756544,842639153800000;8,523613184000055;51,958636528000056;0
244307;5;3;14;0;2019;7;0;4;2;0;1;2;1;0;0;0;0;0;366356,088389148940000;5622795,665163535600000;7,105850566000072;50,741549867000060;0
244310;5;7;11;0;2019;7;14;2;3;0;7;0;1;0;1;0;0;0;467572,032000000590000;5772260,053999997700000;8,526580803000059;52,099943771000028;0
244314;5;9;58;32;2019;7;11;2;2;0;1;0;1;0;0;0;0;0;450049,311345196330000;5688777,434554172700000;8,282759593000037;51,348074680000082;0
244316;5;9;15;0;2019;7;10;2;2;5;3;0;1;0;0;0;0;0;418340,345519655380000;5726354,064943015600000;7,818828651000047;51,682209632000081;0
244317;5;9;78;24;2019;7;17;2;3;3;5;0;1;1;0;0;0;0;392753,168956388720000;5717954,384648148000000;7,451424345000021;51,602407998000047;0
244318;5;9;11;0;2019;7;15;2;3;6;7;0;1;0;1;0;0;0;378783,765039808120000;5701032,126392748200000;7,255632973000047;51,447485708000045;0
244320;5;1;58;28;2019;7;19;4;3;5;3;0;1;1;0;0;0;0;348438,853000001980000;5684864,201000001300000;6,826152068000056;51,294902613000033;1
244321;5;5;54;8;2019;7;11;1;3;5;3;0;1;1;0;0;0;0;335329,087272048930000;5747505,174582704900000;6,608921933000033;51,854021255000077;0
244322;5;5;15;0;2019;7;20;1;3;6;7;1;1;0;1;0;0;0;406486,292834926400000;5759180,829408895200000;7,638544506000073;51,975430656000071;0
244323;5;5;15;0;2019;7;14;1;3;0;7;0;1;0;0;0;0;0;406112,864000000060000;5757493,589000003400000;7,633570847000044;51,960202017000029;1
244325;5;5;62;8;2019;7;19;1;3;1;5;0;1;1;0;0;0;0;385001,959049177360000;5722810,094382973400000;7,337956633000033;51,644520517000046;0
244327;5;5;62;14;2019;7;14;1;3;5;3;0;1;0;0;0;0;0;360047,751565466630000;5715377,633944036400000;6,980485406000071;51,572076424000045;0
244330;5;3;70;4;2019;7;13;1;2;0;2;0;1;0;0;0;0;0;314036,604125917890000;5660165,184242906000000;6,346015547000036;51,062849081000081;0
244331;5;3;66;16;2019;7;15;1;3;3;6;0;1;0;0;0;0;0;348882,549587108190000;5609131,994913797800000;6,863953146000029;50,614474016000031;0
244332;5;3;62;12;2019;7;0;1;2;0;1;2;1;0;0;0;0;0;351937,533956781030000;5632208,532304488100000;6,897843145000024;50,822644105000052;0
244336;5;3;15;0;2019;7;23;1;2;5;3;2;1;0;0;0;0;0;356148,030045890250000;5646503,144533544800000;6,951954076000050;50,952170301000081;0
244339;5;3;15;0;2019;7;15;1;3;0;1;0;1;0;0;0;0;0;353968,123629296200000;5646716,871777935000000;6,920854319000057;50,953542806000030;0
244340;5;3;15;0;2019;7;19;1;3;5;2;0;1;1;0;0;0;0;356705,944293378850000;5641750,870777601400000;6,961760021000032;50,909601039000052;0
244341;5;3;15;0;2019;7;1;1;3;5;2;2;1;1;0;0;0;0;355553,257572099570000;5641224,355768313600000;6,945583588000034;50,904582029000039;0
244342;5;3;15;0;2019;7;11;1;3;0;1;0;1;0;0;0;0;0;356205,954613319600000;5645858,088603701400000;6,953032931000053;50,946387745000038;0
244343;5;3;15;0;2019;7;2;1;3;8;7;2;1;0;0;0;0;0;356531,688813248650000;5643413,370440714100000;6,958629223000060;50,924498503000052;0
244345;5;3;82;24;2019;7;14;1;2;0;1;0;1;0;0;0;0;0;371971,535689413550000;5615645,299406472600000;7,187875652000059;50,678544543000044;0
244348;5;1;58;20;2019;7;0;1;2;1;5;2;1;1;0;0;0;0;356070,438692827710000;5662444,144661091300000;6,944522157000051;51,095407744000056;0
244349;5;1;54;52;2019;7;19;1;2;8;1;0;1;0;0;0;0;0;309147,106910739090000;5696941,122774541400000;6,256736405000027;51,391562818000068;0
244350;5;1;66;16;2019;7;14;1;3;5;3;0;1;1;0;0;0;0;310110,745729025450000;5687224,204580107700000;6,275754375000076;51,304610945000036;0
244351;5;1;62;4;2019;7;4;1;3;8;1;2;1;0;0;0;0;0;348144,540283191020000;5662995,841633556400000;6,831183867000050;51,098321232000046;0
244352;5;1;62;8;2019;7;12;1;2;4;6;0;1;1;0;0;0;0;332271,105999999680000;5667018,573999999100000;6,602809687000047;51,130040181000027;0
244353;5;1;62;22;2019;7;0;1;3;0;7;2;1;0;0;0;0;0;335220,967378004450000;5686106,840059975200000;6,636159908000025;51,302395599000079;1
244355;5;1;16;0;2019;7;13;1;3;1;5;0;1;1;0;0;0;0;322401,576070565730000;5670266,833210377000000;6,460296302000074;51,156245760000047;0
244356;5;1;14;0;2019;7;15;1;3;0;7;0;1;0;0;0;0;0;328462,957679781130000;5691899,861504675800000;6,536518397000066;51,352442131000032;0
244357;5;1;17;0;2019;7;12;1;3;0;1;0;1;0;0;0;0;0;352668,955200999980000;5698825,594710668500000;6,880996604000075;51,421467264000057;0
244359;5;1;12;0;2019;7;20;1;3;4;6;0;1;0;0;0;0;0;347599,929000000470000;5704571,895999997900000;6,805672738000055;51,471758900000054;0
244362;5;1;11;0;2019;7;17;1;3;5;3;0;1;0;0;0;0;0;343342,959393833760000;5677832,458954101400000;6,756200585000045;51,230341965000036;0
244363;5;3;14;0;2019;7;18;4;3;5;3;0;1;1;0;0;0;0;363967,268815162590000;5622966,620201723700000;7,071950726000068;50,742531671000052;0
244364;5;1;11;0;2019;7;12;1;3;0;7;0;1;0;0;0;0;0;344330,137241894380000;5677270,317242503200000;6,770572602000073;51,225561052000046;0
244366;5;7;54;20;2019;7;1;1;2;1;5;2;1;1;0;0;0;0;447637,364394247530000;5748403,491439728100000;8,239218794000067;51,883941421000031;1
244367;5;7;11;0;2019;7;8;1;3;7;1;0;1;0;0;0;0;1;469692,799999999810000;5762262,997000003200000;8,558428091000053;52,010184422000066;0
244368;5;1;54;16;2019;7;14;4;3;4;6;0;1;0;0;0;0;0;302877,774000002070000;5729603,057000001900000;6,148454366000067;51,682743680000044;0
244369;5;5;66;40;2019;7;12;7;3;5;3;0;1;1;0;0;0;0;421761,655781332400000;5782455,405228011300000;7,855545279000069;52,187007596000058;0
244370;5;5;54;16;2019;7;17;7;3;0;7;0;1;0;1;0;0;0;363593,244449252260000;5757433,254310060300000;7,015104969000049;51,950855897000054;0
244371;5;5;54;4;2019;7;7;7;3;0;6;0;1;0;0;1;0;0;357001,868985224520000;5771082,798771580700000;6,913560131000054;52,071841534000043;0
244375;5;5;15;0;2019;7;11;7;2;5;3;0;1;0;0;0;0;0;406626,062375670300000;5757617,368203533800000;7,641003987000033;51,961401027000079;0
244377;5;3;78;28;2019;7;18;7;3;5;3;0;1;1;0;0;0;0;372025,735775131730000;5639431,480360142900000;7,180359873000043;50,892354119000061;0
244378;5;3;66;16;2019;7;11;7;3;5;5;0;1;1;0;0;0;0;349013,239017613230000;5616282,505180867400000;6,862884746000020;50,678768025000068;0
244379;5;3;16;0;2019;7;16;1;3;5;3;0;1;0;0;0;0;0;360333,200235879050000;5655189,578190373300000;7,008160065000027;51,031265378000057;0
244380;5;3;62;36;2019;7;9;7;3;1;5;0;1;1;0;0;0;0;346052,673237338660000;5652097,712309099700000;6,805964762000031;50,999834887000077;1
244383;5;3;15;0;2019;7;14;7;3;1;5;0;1;1;0;0;0;0;365595,675428215410000;5643080,792713005100000;7,087641368000050;50,923692320000043;0
244385;5;3;14;0;2019;7;9;7;3;0;3;0;1;1;0;0;0;0;368233,481300692070000;5617484,870214402700000;7,134340615000042;50,694244654000045;0
244388;5;1;58;20;2019;7;16;7;3;1;5;0;1;1;0;0;0;0;355763,013143367130000;5664091,849675096600000;6,939476367000054;51,110137639000072;0
244401;5;1;13;0;2019;7;16;7;3;5;3;0;1;1;0;0;0;0;361749,200000002050000;5696789,721999999100000;7,012300712000069;51,405459484000062;0
244403;5;1;12;0;2019;7;13;7;3;5;3;0;1;1;0;0;0;0;345046,277999999930000;5703908,854000002100000;6,769224479000059;51,465107960000068;0
244409;5;1;11;0;2019;7;18;7;3;5;3;0;1;1;0;0;0;0;350062,256039526310000;5679295,994330562700000;6,851754256000049;51,245297901000072;0
244410;5;1;11;0;2019;7;14;7;3;8;1;0;1;0;0;0;0;0;348260,801525506190000;5679674,846901306900000;6,825802993000025;51,248225765000029;0
244411;5;1;11;0;2019;7;7;7;3;2;6;0;1;0;0;0;0;0;346398,975297627040000;5676013,998249622100000;6,800716144000035;51,214832821000073;0
244412;5;7;74;32;2019;7;15;7;3;3;7;0;1;1;0;0;0;0;478250,877856747250000;5726366,264144860200000;8,685374184000068;51,687836348000076;0
244413;5;7;58;4;2019;7;9;7;3;5;3;0;1;1;0;0;0;0;470224,314000002110000;5783449,232999999100000;8,564319665000028;52,200688846000048;0
244416;5;9;74;40;2019;7;17;7;3;0;1;0;1;0;0;0;0;0;438436,774550261910000;5714234,370739258800000;8,111601864000022;51,575811210000040;0
244419;5;5;70;8;2019;7;5;6;3;0;1;0;1;0;0;0;0;0;436084,983397478240000;5734367,711412640300000;8,073985499000060;51,756554237000046;0
244420;5;5;70;4;2019;7;17;6;3;0;1;0;1;0;0;0;0;1;423743,377664525990000;5733761,072864752300000;7,895343676000039;51,749556329000029;1
244421;5;5;70;52;2019;7;12;6;3;0;7;0;1;0;0;0;0;0;431513,265357134860000;5755354,457352155800000;8,003601842000023;51,944681179000042;0
244423;5;5;70;52;2019;7;11;6;3;0;2;0;1;1;0;0;0;0;430033,970932831060000;5756397,576077891500000;7,981871206000051;51,953874330000076;1
244426;5;5;66;84;2019;7;9;6;2;5;3;0;1;1;0;0;0;0;390608,170089742170000;5776222,182459816300000;7,402011015000028;52,125689391000037;0
244427;5;5;66;84;2019;7;7;6;3;1;5;0;1;1;0;0;0;0;389205,442053172740000;5776071,513617575200000;7,381577913000058;52,124055912000074;1
244428;5;5;54;8;2019;7;15;6;3;6;4;0;1;0;1;0;0;0;335686,908851220270000;5745853,327063627500000;6,614897629000041;51,839287502000047;1
244429;5;5;15;0;2019;7;16;6;3;0;3;0;1;1;0;0;0;0;405600,586317708720000;5757439,477444315300000;7,626132362000021;51,959628899000052;1
244430;5;5;15;0;2019;7;10;6;3;5;3;0;1;1;0;0;0;0;404887,599999998700000;5755715,978000002000000;7,616235983000024;51,944015878000073;1
244432;5;5;15;0;2019;7;6;6;3;5;3;1;1;1;0;0;0;0;403803,285663848740000;5761689,326029973100000;7,598791763000065;51,997519780000061;0
244435;5;3;70;20;2019;7;11;6;3;3;7;0;1;1;0;0;0;0;305362,353750589300000;5659701,820625536100000;6,222622077000040;51,055812469000045;0
244436;5;3;58;8;2019;7;14;6;3;0;6;0;1;1;0;0;0;0;318939,184758550490000;5630987,823065046200000;6,430399763000025;50,802301209000063;0
244437;5;3;58;8;2019;7;11;6;3;2;6;0;1;1;0;0;0;0;321008,794141921210000;5633157,007420992500000;6,458682559000067;50,822431991000030;0
244440;5;3;34;2;2019;7;18;6;3;5;2;0;1;1;0;0;0;0;294218,059584124010000;5629067,199814256300000;6,081091950000030;50,776801961000047;1
244441;5;3;82;44;2019;7;1;6;3;1;5;2;1;1;0;0;0;0;362521,493580246340000;5627741,372169492800000;7,049687907000021;50,785104991000026;0
244443;5;3;78;4;2019;7;9;6;3;1;6;0;1;1;0;0;0;0;366985,712786166000000;5646564,132493060100000;7,106135985000037;50,955321617000038;0
244445;5;3;62;28;2019;7;10;6;3;5;3;0;1;1;0;0;0;0;350564,577754351310000;5638447,657274534900000;6,875818354000046;50,878359630000034;0
244449;5;3;15;0;2019;7;17;6;3;0;7;0;1;0;0;0;0;0;356498,492999999780000;5644596,638000002100000;6,957691400000044;50,935124144000042;0
244450;5;3;14;0;2019;7;7;6;3;5;3;0;1;1;0;0;0;0;368472,006517263130000;5618603,772362612200000;7,137317481000025;50,704355570000075;0
244452;5;3;14;0;2019;7;14;6;3;5;3;0;1;1;0;0;0;0;370006,095397180880000;5617762,973115522400000;7,159326982000039;50,697143211000082;0
244455;5;3;14;0;2019;7;20;6;3;0;1;0;1;0;0;0;0;0;367658,335382031280000;5622571,170039683600000;7,124377479000032;50,739830349000044;1
244456;5;3;14;0;2019;7;8;6;3;0;5;0;1;1;0;0;0;0;366110,465984561480000;5621744,512657051900000;7,102753239000037;50,732045555000070;0
244458;5;3;14;0;2019;7;16;6;3;5;2;0;1;1;0;0;0;0;364415,970590128560000;5620812,909495826800000;7,079098686000066;50,723279383000033;0
244461;5;1;54;36;2019;7;8;6;3;0;5;0;1;1;0;0;0;0;301724,834587064570000;5740405,719794111300000;6,125646820000043;51,779346575000034;1
244462;5;1;54;40;2019;7;10;6;3;5;2;0;1;1;0;0;0;0;293232,389755982910000;5741918,387829083900000;6,001810614000021;51,789856341000075;0
244465;5;1;62;24;2019;7;7;6;3;2;3;0;1;1;0;0;0;0;338612,140324693170000;5675197,211646622000000;6,689685308000037;51,205346554000073;0
244468;5;1;14;0;2019;7;17;6;3;5;3;0;1;1;0;0;0;0;336685,087302920410000;5694898,602438787000000;6,653111711000065;51,381806524000069;0
244470;5;1;14;0;2019;7;15;6;3;6;4;0;1;0;1;0;0;0;330901,276633549480000;5689900,148206478000000;6,572451465000029;51,335207734000051;0
244473;5;1;22;0;2019;7;11;6;3;0;7;0;1;1;0;0;0;0;361072,907427819450000;5667424,172221534000000;7,013997781000057;51,141396612000051;0
244478;5;1;17;0;2019;7;10;6;2;0;7;0;1;0;0;0;0;0;355973,923630694860000;5700851,693173583600000;6,927673006000021;51,440523070000040;0
244484;5;1;62;22;2019;7;13;1;3;5;3;0;1;0;0;0;0;0;338652,298573706300000;5679448,112263023900000;6,688346250000052;51,243551535000051;0
244486;5;7;70;24;2019;7;12;6;3;1;5;0;1;1;0;0;0;0;494291,854537307280000;5792285,758882667900000;8,916327394000064;52,280909018000045;0
244489;5;7;11;0;2019;7;9;6;3;3;5;0;1;1;0;0;0;0;467782,961810645650000;5765249,292705994100000;8,530321835000052;52,036925491000034;0
244494;5;5;15;0;2019;7;9;1;3;0;1;0;1;0;0;0;0;0;404952,064372570250000;5757006,181484671300000;7,616816763000031;51,955623778000074;1
244496;5;9;15;0;2019;7;10;6;3;0;1;0;1;0;0;0;0;0;415972,738921403880000;5724979,923482546600000;7,784921095000073;51,669507590000080;0
244498;5;1;12;0;2019;7;12;1;3;5;3;0;1;1;0;0;0;0;342604,256590004080000;5705495,105740226800000;6,733391000000040;51,478686169000071;0
244499;5;9;14;0;2019;7;21;6;2;0;7;1;1;0;0;0;0;0;395260,305989813060000;5689229,389980584400000;7,496127845000046;51,344680940000046;0
244501;5;9;13;0;2019;7;15;6;3;5;2;0;1;1;0;0;0;0;399452,265000000600000;5704901,881000002800000;7,551850391000073;51,486317913000050;0
244503;5;9;11;0;2019;7;15;6;3;5;2;0;1;1;0;0;0;0;372593,342872481790000;5705619,370273968200000;7,164943820000076;51,487353159000065;0
244505;5;5;70;20;2019;7;15;5;2;5;3;0;1;0;0;0;1;0;433415,401175616310000;5743531,466187866400000;8,033554092000031;51,838625289000049;0
244508;5;5;66;12;2019;7;17;5;3;5;3;0;1;1;0;0;0;0;401013,719871688630000;5775958,985282912900000;7,554036053000061;52,125285299000041;0
244509;5;5;54;16;2019;7;12;5;3;4;2;0;1;1;0;0;0;0;363326,220408886670000;5757225,041103657300000;7,011304741000060;51,948919427000078;0
244510;5;5;54;8;2019;7;7;5;3;5;3;0;1;1;0;0;0;0;336364,815000000410000;5747915,412000000500000;6,623752824000064;51,858011184000077;1
244512;5;5;15;0;2019;7;8;5;3;0;3;0;1;1;0;0;0;0;405301,023007165640000;5756031,923617135700000;7,622161846000040;51,946926264000069;1
244513;5;5;62;36;2019;7;8;5;3;5;2;0;1;1;0;0;0;0;388714,995122491380000;5719065,648202100800000;7,392787224000074;51,611612576000027;1
244516;5;5;12;0;2019;7;10;5;3;0;3;0;1;0;0;0;0;1;354161,254411425440000;5711111,266688631800000;6,897372359000030;51,532248752000044;0
244518;5;3;70;16;2019;7;15;5;3;5;2;0;1;1;0;0;0;0;296024,427555871200000;5661502,425786722500000;6,088539613000023;51,068743084000062;0
244519;5;3;58;24;2019;7;17;5;2;1;1;0;1;1;0;0;0;0;317422,825000000190000;5644489,714000001500000;6,402167160000033;50,923119487000065;0
244521;5;3;82;60;2019;7;16;5;3;5;3;0;1;1;0;0;0;0;375310,740118085410000;5629875,210376523400000;7,230298577000042;50,807176791000074;0
244522;5;3;74;32;2019;7;16;5;2;3;6;0;1;1;0;0;0;0;393360,513444322160000;5638125,048892414200000;7,483971214000064;50,884943546000045;1
244523;5;3;62;40;2019;7;9;5;3;5;3;0;1;1;0;0;0;0;357545,402565198950000;5630826,605552565300000;6,977944965000063;50,811631370000043;0
244526;5;3;62;8;2019;7;17;5;3;5;3;0;1;1;0;0;0;0;337082,843328987250000;5649513,851132961000000;6,679395669000030;50,974148930000069;0
244527;5;1;11;0;2019;7;13;1;3;0;5;0;1;1;0;0;0;0;343270,318640893330000;5678992,477747805400000;6,754653471000040;51,240745053000069;0
244530;5;3;15;0;2019;7;16;5;2;0;1;0;1;0;0;0;0;0;348873,254585270770000;5643182,490340495500000;6,849835120000023;50,920468542000037;0
244535;5;3;14;0;2019;7;13;5;3;1;1;0;1;1;0;0;0;0;363959,312381298280000;5619856,080939622600000;7,072985658000050;50,714572819000068;0
244539;5;1;54;64;2019;7;16;5;3;7;1;0;1;0;0;0;0;0;306016,946711595170000;5722949,573671061500000;6,197496574000070;51,624083625000026;1
244543;5;1;66;36;2019;7;10;5;3;1;5;0;1;1;0;0;0;0;322237,568000001830000;5684225,245000002900000;6,451033694000046;51,281587154000078;0
244544;5;1;66;36;2019;7;17;5;3;5;2;0;1;1;0;0;0;0;328902,807003471070000;5681821,823611116000000;6,547662219000074;51,262036006000073;0
244545;5;1;66;12;2019;7;19;5;3;5;2;0;1;1;0;0;0;0;320011,717000001110000;5694560,708000000600000;6,413931166000054;51,373730179000063;0
244546;5;1;62;24;2019;7;11;5;3;5;2;0;1;1;0;0;0;0;338248,654000001030000;5674907,042000003200000;6,684617230000072;51,202636619000032;0
244547;5;1;62;20;2019;7;20;5;3;1;5;0;1;1;0;0;0;0;325961,303000001240000;5674400,723000001200000;6,509147853000059;51,194477213000027;0
244550;5;1;16;0;2019;7;7;5;3;1;3;0;1;1;0;0;0;0;322558,028625884090000;5675876,024736620500000;6,459761532000073;51,206683813000041;0
244552;5;1;14;0;2019;7;8;5;3;0;1;0;1;0;0;0;0;0;329966,788200709970000;5689717,848860494800000;6,559136184000067;51,333291321000047;0
244553;5;1;14;0;2019;7;7;5;3;5;3;0;1;0;0;0;0;1;332367,691046438180000;5688428,823477741300000;6,594175210000060;51,322423474000061;0
244557;5;1;13;0;2019;7;1;5;2;0;1;2;1;0;0;0;0;0;364328,587729633790000;5707292,606757391200000;7,045334358000048;51,500467326000035;1
244558;5;1;13;0;2019;7;20;5;3;6;7;0;1;0;1;0;0;0;361252,933772399090000;5699788,440027538700000;7,003996462000032;51,432285961000048;0
244561;5;1;11;0;2019;7;22;5;3;6;7;2;1;0;1;0;0;0;346456,203142035750000;5678223,991176726300000;6,800588200000050;51,234706157000062;0
244563;5;1;11;0;2019;7;10;5;3;5;5;0;1;1;0;0;0;0;347382,579640775920000;5681479,196557227500000;6,812459534000027;51,264204512000049;0
244565;5;7;74;32;2019;7;17;5;3;5;3;0;1;1;0;0;0;0;480983,647709100510000;5732409,335794821400000;8,724576430000070;51,742270593000057;0
244572;5;7;66;20;2019;7;16;5;3;3;3;0;1;1;0;0;0;0;491793,064727734770000;5754307,842942673700000;8,880614505000040;51,939426684000068;0
244573;5;7;11;0;2019;7;18;5;3;0;7;0;1;0;0;0;0;0;468044,896838171410000;5763576,513541452600000;8,534296592000032;52,021901334000063;0
244576;5;9;74;52;2019;7;10;5;3;5;3;0;1;1;0;0;0;0;424415,808203383350000;5711938,952927913500000;7,909799478000025;51,553469701000040;1
244577;5;9;54;16;2019;7;7;5;2;0;1;0;1;0;0;0;0;0;372717,095152194610000;5696761,081931110500000;7,169911618000072;51,407769733000066;1
244583;5;9;14;0;2019;7;19;5;2;0;1;0;1;0;0;0;0;0;392364,027985573750000;5695461,749570980700000;7,452670946000069;51,400160296000081;1
244586;5;5;66;8;2019;7;17;4;3;6;1;0;1;0;1;0;0;0;399491,055914803410000;5781520,378439918200000;7,530155850000028;52,174995044000070;0
244588;5;5;15;0;2019;7;11;4;3;5;3;0;1;1;0;0;0;0;405162,398951934650000;5753171,781269796200000;7,620934027000033;51,921194396000033;0
244590;5;5;62;14;2019;7;7;4;3;5;3;0;1;1;0;0;0;0;360662,383777154610000;5713692,855412535400000;6,990016564000030;51,557089089000044;0
244594;5;3;34;2;2019;7;17;4;3;0;1;0;1;0;0;0;0;0;301423,170042402110000;5628751,339565709200000;6,183328974000062;50,776476394000042;0
244595;5;3;34;2;2019;7;18;4;3;1;5;0;1;1;0;0;0;0;293435,560000000520000;5631371,322000002500000;6,068713232000050;50,797217287000080;0
244596;5;3;34;2;2019;7;14;4;3;5;5;0;1;1;0;0;0;0;293359,454696903010000;5629884,387073351100000;6,068470843000057;50,783835938000038;0
244597;5;3;34;2;2019;7;17;4;3;0;3;0;1;1;0;0;0;0;294633,897674419920000;5628290,525268498800000;6,087415852000049;50,769973850000042;0
244598;5;3;82;56;2019;7;16;4;3;5;3;0;1;1;0;0;0;0;371678,495773339640000;5628246,140096386900000;7,179343163000056;50,791741106000075;0
244599;5;3;62;32;2019;7;9;4;3;5;3;0;1;1;0;0;0;0;336470,177570499480000;5642821,994369473300000;6,673680792000027;50,913847907000047;0
244601;5;3;16;0;2019;7;15;4;3;5;2;0;1;1;0;0;0;0;360172,271999999880000;5655043,100999999800000;7,005923006000046;51,029909858000053;0
244602;5;3;16;0;2019;7;14;4;3;0;6;0;1;0;0;0;0;0;356259,899567225020000;5657495,929583324100000;6,949193235000053;51,050987558000031;0
244603;5;9;11;0;2019;7;16;2;3;1;5;0;1;1;0;0;0;0;375987,234098336660000;5705363,716534275600000;7,213890423000066;51,485809981000045;0
244605;5;3;15;0;2019;7;17;4;3;6;4;0;1;0;1;0;0;0;363341,916765305210000;5641237,992450775600000;7,056283835000045;50,906600807000075;0
244607;5;9;11;0;2019;7;15;1;3;5;3;0;1;1;0;0;0;0;378956,565576562660000;5706788,931760551400000;7,256146241000067;51,499262563000059;0
244608;5;3;15;0;2019;7;15;4;3;0;1;0;1;0;0;0;0;0;363165,015000000600000;5644220,657000001500000;7,052650267000047;50,933365386000048;0
244609;5;3;15;0;2019;7;14;4;3;2;6;0;1;0;0;0;0;0;358202,214000000620000;5642144,979000000300000;6,982875909000029;50,913512414000081;0
244610;5;3;15;0;2019;7;17;4;2;1;5;0;1;1;0;0;0;0;358133,971673564050000;5651868,151592478200000;6,978115809000030;51,000877529000036;0
244611;5;3;15;0;2019;7;17;4;3;5;7;0;1;1;0;0;0;0;357680,544995151460000;5644391,078295283000000;6,974583314000029;50,933569700000078;0
244612;5;3;15;0;2019;7;8;4;3;0;1;0;1;0;0;0;0;0;359388,227388012220000;5647546,770899690700000;6,997651670000039;50,962349054000072;0
244614;5;3;15;0;2019;7;15;4;3;5;5;0;1;1;0;0;0;0;356719,511000000870000;5648516,773000003800000;6,959291927000038;50,970408834000068;0
244616;5;3;15;0;2019;7;15;4;3;3;2;0;1;0;0;0;0;1;353032,224288904110000;5645936,001424795000000;6,907853999000054;50,946287561000076;0
244617;5;3;15;0;2019;7;10;4;3;5;3;0;1;0;0;0;0;0;354679,444657495250000;5646856,027023978500000;6,930919203000030;50,954973148000079;0
244618;5;3;15;0;2019;7;20;4;3;1;1;0;1;0;0;1;0;0;355293,773453377190000;5641428,717677258000000;6,941814565000072;50,906353618000026;0
244621;5;3;15;0;2019;7;21;4;3;5;3;0;1;1;0;0;0;0;355888,082145256920000;5644644,637981237800000;6,948991010000043;50,935403303000044;0
244622;5;3;14;0;2019;7;19;4;3;0;7;0;1;0;1;0;0;0;367848,610476728530000;5620280,762745782700000;7,127893570000026;50,719287244000043;0
244623;5;3;14;0;2019;7;8;4;3;4;2;0;1;1;0;0;0;0;370501,035609113980000;5615224,756583020100000;7,167220640000039;50,674439177000068;0
244625;5;3;14;0;2019;7;7;4;3;3;6;0;1;1;0;0;0;0;368294,028425659980000;5617530,799802107700000;7,135181033000038;50,694671192000044;0
244626;5;3;82;12;2019;7;14;4;3;5;3;0;1;1;0;0;0;0;362696,206000000240000;5625567,309000000400000;7,052976625000042;50,765606678000040;0