OBJECTID;ULAND;UREGBEZ;UKREIS;UGEMEINDE;UJAHR;UMONAT;USTUNDE;UWOCHENTAG;UKATEGORIE;UART;UTYP1;ULICHTVERH;IstRad;IstPKW;IstFuss;IstKrad;IstGkfz;IstSonstige;LINREFX;LINREFY;XGCSWGS84;YGCSWGS84;STRZUSTAND
244629;5;5;15;0;2019;7;17;5;3;5;3;0;1;1;0;0;0;0;408009,215250537730000;5751384,445432363100000;7,662795555000059;51,905606311000042;0
244630;5;5;15;0;2019;7;13;5;3;1;7;0;1;1;0;0;0;0;406076,040803713720000;5756638,086418373500000;7,633268965000070;51,952506143000051;0
244631;5;5;15;0;2019;7;10;5;3;4;2;0;1;1;0;0;0;0;409492,717248189260000;5758365,657533513400000;7,682516922000048;51,968601180000064;0
244639;5;3;34;12;2019;7;16;5;3;5;3;0;1;1;0;0;0;0;307191,604977673850000;5632867,001036152200000;6,262888975000067;50,815391724000051;0
244641;5;3;34;2;2019;7;5;5;3;0;1;1;1;0;0;0;0;0;295095,011594954880000;5628848,775725396400000;6,093635619000054;50,775150683000049;0
244644;5;3;78;4;2019;7;15;5;3;6;4;0;1;0;1;0;0;0;368983,656999999660000;5650560,067000001700000;7,133126728000036;50,991693835000035;0
244646;5;7;62;36;2019;7;15;6;2;0;1;0;1;0;0;0;0;0;512634,645188253370000;5703981,461666947200000;9,181969662000029;51,486841453000068;1
244647;5;3;74;36;2019;7;23;5;3;6;6;0;1;0;1;0;0;0;385629,477795245130000;5673547,907368417800000;7,362922812000022;51,201873224000053;0
244650;5;3;16;0;2019;7;17;5;3;3;6;0;1;0;0;0;0;0;360070,795000001790000;5656982,725000001500000;7,003727588000061;51,047316523000063;0
244654;5;3;15;0;2019;7;18;5;3;0;3;0;1;1;0;0;0;0;357526,568679593500000;5643734,470505712600000;6,972650112000054;50,927630768000029;0
244655;5;3;15;0;2019;7;7;5;3;0;4;0;1;0;1;0;0;0;356710,991259761150000;5646426,390097897500000;6,959993820000022;50,951620751000064;0
244656;5;3;15;0;2019;7;15;5;3;5;3;0;1;1;0;0;0;0;352223,981601651760000;5653550,908247541600000;6,893260720000058;51,014511963000075;0
244657;5;3;15;0;2019;7;13;5;3;5;3;0;1;1;0;0;0;0;351349,307000000030000;5646000,000000003700000;6,883888238000054;50,946431193000080;0
244658;5;3;15;0;2019;7;11;5;3;2;3;0;1;1;0;0;0;0;352930,049119000320000;5648266,052071940200000;6,905459029000042;50,967200633000061;0
244659;5;3;15;0;2019;7;20;5;3;0;1;0;1;0;0;0;0;0;354803,797885838900000;5643785,432519014900000;6,933912365000026;50,927409870000076;0
244660;5;3;15;0;2019;7;17;5;3;3;7;0;1;1;0;0;0;0;359592,127400708380000;5638994,742254007600000;7,003846342000031;50,885540449000075;0
244661;5;3;15;0;2019;7;7;5;3;5;3;0;1;0;0;1;0;0;352078,887000001040000;5642446,799000002400000;6,895708530000036;50,914687900000047;0
244662;5;3;15;0;2019;7;15;5;3;5;3;0;1;1;0;0;0;0;354191,751326330010000;5642822,399108946300000;6,925594315000069;50,918600986000058;0
244663;5;3;15;0;2019;7;12;5;3;0;1;0;1;0;0;0;0;0;353633,497575555000000;5642833,468636184900000;6,917653226000027;50,918559137000045;0
244664;5;7;58;12;2019;7;12;6;3;6;4;0;1;0;1;0;0;0;477635,368867719550000;5773873,412012720500000;8,673387358000070;52,114947282000060;0
244667;5;3;14;0;2019;7;10;5;2;9;7;0;1;0;0;0;0;1;372711,093027938160000;5622423,968336466700000;7,196000303000062;50,739636803000053;0
244668;5;3;14;0;2019;7;6;5;3;0;1;0;1;0;0;0;0;0;366432,067730876620000;5620027,566610207800000;7,107929566000053;50,716687655000044;0
244669;5;1;54;36;2019;7;17;5;3;5;3;0;1;1;0;0;0;0;303274,323404047640000;5740969,405567318200000;6,147759856000050;51,784955283000045;0
244671;5;1;16;0;2019;7;18;5;2;5;2;0;1;1;0;0;0;0;321711,295382265930000;5676253,777551941600000;6,447464960000048;51,209813615000030;0
244672;5;1;16;0;2019;7;14;5;3;5;3;0;1;1;0;0;0;0;319046,788784518840000;5674613,702054582500000;6,410185899000055;51,194242919000033;0
244673;5;1;14;0;2019;7;14;5;3;0;1;0;1;0;0;0;0;0;331351,762000001040000;5694977,247999999700000;6,576505243000042;51,380953700000077;0
244678;5;1;12;0;2019;7;5;5;3;0;3;1;1;1;0;0;0;0;345179,531893392090000;5700157,192433314400000;6,772782702000029;51,431435736000026;0
244680;5;1;11;0;2019;7;11;5;3;5;2;0;1;1;0;0;0;0;349519,186816301200000;5670463,284578237700000;6,847683399000061;51,165785742000025;0
244681;5;1;11;0;2019;7;7;5;3;5;2;0;1;1;0;0;0;0;349678,211460663940000;5675805,273909535300000;6,847720340000024;51,213829939000050;0
244682;5;1;11;0;2019;7;15;5;2;0;7;0;1;0;0;0;0;0;347506,434947891160000;5677613,185109689800000;6,815880272000072;51,229499327000042;1
244683;5;1;11;0;2019;7;15;5;3;5;3;0;1;1;0;0;0;0;346017,296639245930000;5684373,463096180900000;6,791658692000056;51,289843462000078;1
244684;5;1;11;0;2019;7;11;5;3;5;2;0;1;1;0;0;0;0;346453,698866914960000;5681128,140892341700000;6,799306645000058;51,260800668000059;0
244685;5;1;11;0;2019;7;15;5;3;3;7;0;1;1;0;0;0;0;346737,140878626150000;5675899,207788135900000;6,805603294000036;51,213892226000041;0
244686;5;1;11;0;2019;7;9;5;3;5;3;0;1;1;0;0;0;0;339574,627723274750000;5678000,131970826500000;6,702197691000038;51,230801711000026;0
244687;5;7;74;32;2019;7;20;5;3;8;7;1;1;0;0;0;0;0;483723,840729768390000;5730643,541104877400000;8,764346244000024;51,726480119000030;0
244690;5;7;54;32;2019;7;18;6;3;0;7;0;1;0;0;0;0;1;460158,724889536390000;5739419,852762410400000;8,422166201000039;51,804207353000038;1
244695;5;7;11;0;2019;7;23;5;3;1;5;2;1;1;0;0;0;0;466584,095716455020000;5762430,106848953300000;8,513120060000063;52,011508370000058;0
244696;5;9;74;16;2019;7;22;5;2;0;6;2;1;0;0;0;0;0;456240,308573995720000;5720710,473693730300000;8,367690097000036;51,635701369000060;0
244697;5;7;66;20;2019;7;15;6;2;3;6;0;1;0;0;0;0;0;488710,464763181280000;5755061,781162010500000;8,835747637000054;51,946151340000029;0
244700;5;9;54;4;2019;7;14;5;2;5;3;0;1;1;0;0;0;0;392945,978483493440000;5684427,511341130400000;7,464353395000046;51,301086767000072;0
244701;5;9;54;16;2019;7;17;5;3;4;6;0;1;1;0;0;0;0;376765,097147520630000;5695183,490952441500000;7,228631830000040;51,394485144000043;0
244702;5;9;13;0;2019;7;16;5;2;5;3;0;1;1;0;0;0;0;404611,334000000730000;5709198,401000002400000;7,624968625000065;51,525833689000081;0
244703;5;7;11;0;2019;7;20;6;3;5;2;0;1;1;0;0;0;0;465956,831004977230000;5766723,066413560900000;8,503553738000051;52,050066415000060;0
244704;5;9;13;0;2019;7;1;5;3;0;1;2;1;0;0;0;0;0;394093,395300557840000;5708845,678529035300000;7,473513179000065;51,520788642000070;0
244707;5;5;70;4;2019;7;17;4;3;5;2;0;1;0;0;1;0;0;423941,298040026800000;5734013,901479756500000;7,898154878000071;51,751856084000053;0
244709;5;5;66;76;2019;7;9;4;3;0;3;0;1;1;0;0;0;0;393879,575568550270000;5796681,668819535500000;7,443363646000023;52,310203039000044;0
244711;5;5;54;20;2019;7;6;4;3;7;1;0;1;0;0;0;0;0;366135,554907361050000;5786007,735950399200000;7,040862420000053;52,208232577000047;0
244713;5;5;54;8;2019;7;18;4;3;3;2;0;1;1;0;0;0;0;336621,124447352250000;5744429,381073588500000;6,629117963000056;51,826769545000047;0
244715;5;5;15;0;2019;7;13;4;2;5;2;0;1;1;0;0;0;0;406997,283657258380000;5755907,069729274100000;7,646868139000048;51,946090198000036;0
244719;5;3;70;20;2019;7;15;4;3;5;3;0;1;1;0;0;0;0;305109,576463009230000;5659807,375843295800000;6,218962787000066;51,056674825000073;1
244722;5;3;34;2;2019;7;14;4;3;8;1;0;1;1;0;0;0;0;297835,472591018300000;5628955,572484331200000;6,132395197000051;50,777071443000068;0
244723;5;3;34;2;2019;7;15;4;3;0;1;0;1;0;0;0;0;0;299720,986722026020000;5629571,394862514000000;6,158769612000071;50,783256727000037;1
244724;5;3;82;68;2019;7;5;4;3;1;7;1;1;1;0;0;0;0;370401,496759193950000;5630001,759293954800000;7,160615140000061;50,807236803000080;0
244725;5;3;74;16;2019;7;14;4;2;5;3;0;1;1;0;0;0;0;382128,177415136250000;5667564,558842932800000;7,314790923000032;51,147381174000031;0
244726;5;3;16;0;2019;7;17;4;3;6;2;0;1;0;1;0;0;0;359148,647192161530000;5656346,404819557400000;6,990828064000027;51,041372604000060;0
244729;5;3;15;0;2019;7;20;4;2;0;1;0;1;0;0;0;0;0;366478,625000000000000;5647691,516000000800000;7,098506614000030;50,965336830000069;0
244730;5;3;15;0;2019;7;8;4;3;0;1;0;1;0;0;0;0;0;362445,401974565350000;5649922,134104549900000;7,040260515000057;50,984435117000032;0
244731;5;3;15;0;2019;7;20;4;3;0;6;0;1;1;0;0;0;0;359094,982198263520000;5639705,638765763500000;6,996508978000065;50,891808359000038;0
244732;5;3;15;0;2019;7;9;4;3;0;1;0;1;0;0;0;0;0;352920,203008661980000;5643193,589835947400000;6,907367228000055;50,921614047000048;0
244734;5;3;15;0;2019;7;18;4;3;5;3;0;1;0;0;0;0;1;356660,405244204220000;5643962,231269495600000;6,960243664000075;50,929463060000046;0
244735;5;3;14;0;2019;7;18;4;3;5;2;0;1;1;0;0;0;0;366965,126351815650000;5624987,773196151500000;7,113685579000048;50,761392408000063;0
244737;5;3;14;0;2019;7;17;4;3;5;3;0;1;1;0;0;0;0;362720,235000000340000;5623666,384000001500000;7,054026037000028;50,748527453000065;0
244738;5;1;66;32;2019;7;17;4;3;0;1;0;1;0;0;0;0;0;317931,706000000240000;5681092,813000001000000;6,390953931000070;51,252089555000055;0
244740;5;1;16;0;2019;7;23;4;2;0;1;2;1;0;0;0;0;0;321035,257560473870000;5673119,189601028300000;6,439358917000050;51,181443550000040;0
244742;5;1;16;0;2019;7;9;4;3;3;6;0;1;0;0;0;0;0;320980,061612517570000;5674271,151919635000000;6,437995971000021;51,191774597000062;0
244743;5;9;58;32;2019;7;9;6;3;0;1;0;1;0;0;0;0;0;451021,816999999810000;5688490,804999999700000;8,296762079000075;51,345582167000032;0
244744;5;1;14;0;2019;7;10;4;3;6;4;0;1;0;1;0;0;0;332436,985850384460000;5690401,501989420500000;6,594240959000047;51,340166547000081;0
244745;5;1;14;0;2019;7;8;4;3;0;1;0;1;0;0;0;0;0;329616,425692972730000;5690774,548036377900000;6,553606015000071;51,342679601000043;0
244752;5;1;13;0;2019;7;17;4;3;0;7;0;1;0;0;0;0;0;366615,539733316750000;5701840,236357387200000;7,080321826000045;51,452012776000061;0
244754;5;1;11;0;2019;7;12;4;3;4;2;0;1;1;0;0;0;0;345130,904867060480000;5674738,977942621300000;6,783124618000045;51,203033703000074;0
244756;5;1;11;0;2019;7;8;4;3;0;3;0;1;1;0;0;0;0;349345,063243264330000;5677385,644646775000000;6,842289905000030;51,227943006000032;0
244757;5;9;62;4;2019;7;19;6;3;0;1;0;1;0;0;0;0;0;411079,380443391390000;5684843,838429236800000;7,724289678000048;51,307951169000034;0
244760;5;1;11;0;2019;7;23;4;3;0;7;2;1;0;0;0;0;0;341336,641897213650000;5678932,731196658700000;6,727000870000040;51,239673742000036;0
244761;5;1;11;0;2019;7;18;4;3;1;5;0;1;1;0;0;0;0;346883,192520936950000;5675882,498490899800000;6,807699932000048;51,213781263000044;0
244762;5;7;70;40;2019;7;14;4;2;1;3;0;1;1;0;0;0;0;474290,883794172670000;5809067,481308300000000;8,621862734000047;52,431208720000029;0
244763;5;7;54;28;2019;7;6;4;3;9;7;0;1;0;0;0;0;0;453814,753000001420000;5742547,239000003800000;8,329746319000037;51,831836428000031;1
244765;5;7;66;32;2019;7;20;4;2;0;1;0;1;0;0;0;0;0;498543,974279868420000;5748655,347444759700000;8,978843208000058;51,888663213000029;0
244766;5;7;66;32;2019;7;18;4;3;3;6;0;1;1;0;0;0;0;495591,375000000930000;5746616,721999999100000;8,935966509000025;51,870318117000068;0
244767;5;7;11;0;2019;7;18;4;3;0;3;0;1;1;0;0;0;0;464238,343376320790000;5759385,115987166800000;8,479260942000053;51,983985901000040;0
244769;5;9;58;4;2019;7;16;4;3;0;6;0;1;0;1;0;0;0;428099,799849387260000;5700457,416516246300000;7,965267037000047;51,450729366000076;0
244770;5;9;14;0;2019;7;19;4;3;1;1;0;1;1;0;0;0;0;390792,109366970140000;5693947,242864517500000;7,430548723000072;51,386246670000048;0
244774;5;5;62;12;2019;7;17;3;3;4;7;0;1;1;0;0;0;0;359416,091449523340000;5725259,284149427000000;6,967412477000039;51,660714762000055;0
244777;5;3;58;8;2019;7;11;3;3;0;1;0;1;0;0;0;0;0;323331,677000000140000;5630319,836000001100000;6,492994471000031;50,797655705000068;0
244778;5;3;34;32;2019;7;20;3;3;1;7;1;1;1;0;0;0;0;304594,230000000450000;5627966,742999998900000;6,228668381000034;50,770505845000059;0
244779;5;3;34;2;2019;7;6;3;2;0;1;0;1;0;0;0;0;0;297419,791151043030000;5631201,388983296200000;6,125269112000069;50,797097231000066;0
244782;5;3;62;28;2019;7;15;3;3;5;3;0;1;1;0;0;0;0;352965,489361432380000;5639209,950813939800000;6,909615519000056;50,885826003000034;0
244785;5;3;15;0;2019;7;13;3;3;5;3;0;1;1;0;0;0;0;357109,843317139890000;5648932,224853163600000;6,964684329000022;50,974239408000074;0
244786;5;9;62;40;2019;7;14;6;3;5;3;0;1;0;0;0;0;0;415372,886572586370000;5699559,483160428700000;7,782366854000031;51,440897955000082;0
244787;5;3;15;0;2019;7;16;3;3;5;2;0;1;0;0;1;0;0;353040,749910176730000;5646559,830166980600000;6,907723507000071;50,951895820000061;0
244788;5;3;15;0;2019;7;13;3;2;0;2;0;1;1;0;0;0;0;351772,941834018570000;5650376,167040709400000;6,888131349000048;50,985866451000049;0
244789;5;3;15;0;2019;7;9;3;3;0;1;0;1;0;0;0;0;0;356661,672675902020000;5641677,330592120100000;6,961159604000045;50,908929146000048;0
244793;5;3;15;0;2019;7;9;3;3;6;6;0;1;0;1;0;0;0;356912,980395518240000;5642940,622724419500000;6,964236337000045;50,920344640000053;0
244797;5;1;70;8;2019;7;13;3;2;0;2;0;1;1;0;0;0;0;342285,285000002010000;5716620,724000001300000;6,723819869000067;51,578556536000065;0
244798;5;1;70;20;2019;7;12;3;2;0;1;0;1;0;0;0;0;0;327734,246320460920000;5708764,303313078400000;6,517863758000033;51,503722094000068;0
244799;5;1;70;48;2019;7;16;3;3;5;3;0;1;1;0;0;0;0;335074,134104317050000;5725381,802386712300000;6,615718347000041;51,655200454000067;0
244800;5;1;54;16;2019;7;18;3;3;5;3;0;1;1;0;0;0;0;303866,050752946180000;5729211,288458295200000;6,162951778000036;51,679571409000062;0
244802;5;1;54;8;2019;7;16;3;3;1;3;0;1;0;0;0;0;1;310398,403092359190000;5747271,945910066400000;6,247469062000050;51,844016691000036;0
244803;5;1;54;36;2019;7;13;3;3;5;3;0;1;1;0;0;0;0;302588,404675261120000;5740159,673189468700000;6,138288823000039;51,777442291000057;0
244806;5;1;62;24;2019;7;21;3;2;0;1;1;1;0;0;0;0;0;339460,174495223910000;5670181,423792112600000;6,704055771000071;51,160518743000068;0
244809;5;1;17;0;2019;7;12;3;3;1;7;0;1;1;0;0;0;0;350347,366136977450000;5700075,022891886500000;6,847103502000039;51,432085828000027;0
244816;5;7;58;24;2019;7;18;3;3;5;3;0;1;1;0;0;0;0;480075,253374946300000;5783873,882485203400000;8,708431929000028;52,204950789000065;0
244817;5;7;58;4;2019;7;11;3;3;5;3;0;1;0;0;0;0;1;472718,724471360450000;5782192,384515184900000;8,600918291000028;52,189518327000030;0
244818;5;7;54;32;2019;7;17;3;3;8;3;0;1;0;0;0;0;0;460475,431700726970000;5739774,385102745100000;8,426718843000060;51,807417364000059;0
244820;5;7;11;0;2019;7;17;3;3;1;7;0;1;1;0;0;0;0;468078,956335225140000;5762844,936685647800000;8,534861169000067;52,015325956000027;0
244822;5;9;78;40;2019;7;11;3;3;2;7;0;1;1;0;0;0;0;405832,985285431150000;5724295,010983703700000;7,638521656000023;51,661742912000079;0
244824;5;9;74;40;2019;7;22;3;2;0;1;2;1;0;0;0;0;0;440630,126492817890000;5712085,240568818500000;8,143612604000055;51,556724492000058;0
244832;5;5;70;4;2019;7;11;2;2;4;6;0;1;1;0;0;0;0;427301,486097279000000;5740023,253119057000000;7,945565478000049;51,806324994000079;0
244833;5;5;54;8;2019;7;14;2;3;5;2;0;1;1;0;0;0;0;336220,701852895320000;5744162,013108937100000;6,623439067000049;51,824250420000055;0
244834;5;5;15;0;2019;7;18;2;3;5;3;0;1;1;0;0;0;0;406680,014478284870000;5754911,452068870900000;7,642523665000056;51,937087933000043;0
244835;5;5;15;0;2019;7;14;2;3;5;3;0;1;1;0;0;0;0;399602,391685309820000;5755088,542522169600000;7,539552414000070;51,937447736000081;0
244836;5;5;15;0;2019;7;12;2;3;0;5;0;1;1;0;0;0;0;403719,295576447620000;5754025,079226540400000;7,599717398000053;51,928616492000060;0
244842;5;3;58;8;2019;7;10;2;3;5;3;0;1;1;0;0;0;0;321235,876076637770000;5633555,008253524100000;6,461709298000073;50,826077753000050;0
244843;5;3;34;36;2019;7;6;2;3;5;3;0;1;1;0;0;0;0;297968,780466574240000;5633531,054412189900000;6,131767162000074;50,818212790000075;0
244847;5;3;16;0;2019;7;15;2;3;5;3;0;1;1;0;0;0;0;358346,122999999670000;5657215,916000003000000;6,979047947000026;51,048989453000047;0
244849;5;3;16;0;2019;7;10;2;3;5;7;0;1;1;0;0;0;0;362966,322720096450000;5655486,356706738500000;7,045576167000036;51,034566432000076;0
244851;5;3;15;0;2019;7;19;2;3;6;7;0;1;0;1;0;0;0;356656,419042687860000;5641668,321345318100000;6,961088465000046;50,908846876000041;0
244852;5;5;70;52;2019;7;16;5;3;5;3;0;1;1;0;0;0;0;424870,534785860220000;5747142,319849815200000;7,908767086000069;51,870000994000065;0
244853;5;3;15;0;2019;7;9;2;3;0;7;0;1;0;0;0;0;1;353967,708442126400000;5644710,226408870900000;6,921652957000049;50,935509657000068;0
244854;5;3;14;0;2019;7;21;2;3;1;5;1;1;1;0;0;0;0;368662,218393944200000;5618453,976021722000000;7,140063005000059;50,703052165000031;0
244855;5;3;14;0;2019;7;8;2;2;2;6;0;1;1;0;0;0;1;366647,807772073890000;5621523,200526662200000;7,110443125000074;50,730180006000069;0
244856;5;1;70;20;2019;7;18;2;3;5;3;0;1;0;0;0;0;0;330324,520000001420000;5708303,885999998100000;6,555371019000063;51,500369446000036;0
244857;5;1;70;48;2019;7;12;2;2;0;1;0;1;0;0;0;0;0;335863,747293867170000;5726289,293450713200000;6,626696883000022;51,663584236000077;0
244859;5;1;62;24;2019;7;16;2;2;0;1;0;1;0;0;0;0;0;337061,337984221060000;5675245,721625577700000;6,667482721000056;51,205342164000058;0
244860;5;1;62;22;2019;7;19;2;3;0;5;0;1;1;0;0;0;0;333188,542116194960000;5684383,194232858700000;6,607836175000045;51,286318108000046;0
244861;5;1;19;0;2019;7;15;2;3;6;4;0;1;0;1;0;0;0;349689,452362314800000;5703058,600588355200000;6,836378878000062;51,458720323000080;0
244863;5;1;16;0;2019;7;7;2;3;5;3;0;1;1;0;0;0;0;324083,532570736480000;5677287,082619685700000;6,480885711000042;51,219831848000069;0
244864;5;1;17;0;2019;7;14;2;3;2;2;0;1;1;0;0;0;0;352867,360000001270000;5702910,222000002900000;6,882150533000072;51,458221939000055;0
244865;5;1;13;0;2019;7;16;2;3;5;3;0;1;1;0;0;0;0;360264,406563306230000;5704838,836425656500000;6,987789825000050;51,477427179000074;0
244871;5;1;12;0;2019;7;20;2;3;5;7;1;1;0;0;0;0;0;347643,648102468810000;5706920,506261855400000;6,805288541000039;51,492873302000078;0
244876;5;7;74;32;2019;7;23;2;2;0;1;2;1;0;0;0;0;0;480959,286675540730000;5729453,351099804000000;8,724385287000075;51,715691707000076;0
244877;5;7;74;32;2019;7;20;2;2;0;7;0;1;0;0;0;0;0;481123,181000000800000;5728856,837999999500000;8,726789949000022;51,710333820000074;0
244883;5;5;66;8;2019;7;10;5;3;5;2;0;1;1;0;0;0;0;399889,366654934360000;5780655,832533776800000;7,536233775000028;52,167297127000040;0
244886;5;9;11;0;2019;7;15;2;3;0;1;0;1;0;0;0;0;0;379030,290900736120000;5701742,292009029500000;7,258936025000025;51,453921144000049;0
244887;5;7;54;8;2019;7;7;3;3;6;6;0;1;0;1;0;0;0;457995,426501851530000;5751633,871344411700000;8,389307944000052;51,913861158000032;0
244888;5;1;70;8;2019;7;13;3;3;5;3;0;1;1;0;0;0;0;343696,964554335920000;5714914,835181029500000;6,744935383000041;51,563622933000033;0
244889;5;7;66;20;2019;7;10;3;3;5;3;0;1;1;0;0;0;0;489399,853664762340000;5754654,124553926300000;8,845790141000066;51,942499659000077;0
244892;5;9;78;28;2019;7;10;3;3;2;6;0;1;1;0;0;0;0;400769,041464193720000;5699849,809211324900000;7,572227163000036;51,441137511000079;0
244896;5;9;58;4;2019;7;20;3;3;5;3;0;1;1;0;0;0;0;428693,178571561350000;5700877,491839384700000;7,973720330000049;51,454581036000036;0
244899;5;9;62;12;2019;7;8;3;3;6;7;0;1;0;1;0;0;0;395458,656232088800000;5671548,847879773000000;7,504143971000076;51,185786854000071;0
244905;5;1;62;24;2019;7;18;3;3;0;1;0;1;0;0;0;0;0;340475,433047658760000;5674450,161201793700000;6,716668091000031;51,199157668000055;0
244907;5;5;70;28;2019;7;15;2;2;0;1;0;1;0;0;0;0;0;441380,219787226060000;5742221,019645892100000;8,149367217000076;51,827737032000073;0
244908;5;5;66;84;2019;7;14;2;2;5;3;0;1;1;0;0;0;0;385950,070231122900000;5778919,596626965300000;7,333091430000025;52,148989407000045;0
244909;5;5;66;64;2019;7;17;2;3;5;2;0;1;1;0;0;0;0;394806,883343162020000;5771072,518522517800000;7,464911441000027;52,080221475000030;0
244911;5;5;54;28;2019;7;9;2;3;8;6;0;1;1;0;0;0;0;357321,636315434240000;5744066,687167920200000;6,929437076000056;51,829180820000033;0
244912;5;5;54;12;2019;7;16;2;3;5;3;0;1;1;0;0;0;0;353013,562821608970000;5747408,022553471800000;6,865543970000033;51,858085751000033;0
244916;5;5;62;14;2019;7;12;2;3;5;3;0;1;1;0;0;0;0;361022,271789898160000;5717933,086932582800000;6,993526902000042;51,595280999000067;0
244920;5;3;70;20;2019;7;10;2;3;5;3;0;1;1;0;0;0;0;305532,001935645940000;5659228,995087258500000;6,225293826000041;51,051623082000049;0
244923;5;1;62;20;2019;7;13;3;3;5;3;0;1;1;0;0;0;0;329447,532984578050000;5674211,001275124000000;6,559084055000028;51,193823841000039;0
244924;5;3;34;2;2019;7;12;2;3;1;5;0;1;1;0;0;0;0;293851,215250912120000;5629594,825355941400000;6,075599905000047;50,781410372000039;0
244925;5;3;78;4;2019;7;20;2;2;0;6;0;1;1;0;0;0;0;369546,099481941200000;5649624,437563685700000;7,141472492000048;50,983412360000045;0
244927;5;3;66;8;2019;7;22;2;2;0;1;2;1;0;0;0;0;0;333403,264000001360000;5590689,158000003500000;6,653578687000049;50,444537785000080;0
244929;5;3;62;8;2019;7;17;2;3;5;3;0;1;1;0;0;0;0;334170,210723599420000;5646518,713512402000000;6,639310087000069;50,946406619000072;0
244934;5;1;70;24;2019;7;9;3;3;5;3;0;1;1;0;0;0;0;334391,655413180590000;5700181,502679491400000;6,617718516000025;51,428604216000053;0
244937;5;1;14;0;2019;7;15;3;3;3;5;0;1;1;0;0;0;0;329986,213424370620000;5690389,321334494300000;6,559094242000072;51,339329513000052;0
244940;5;3;15;0;2019;7;17;2;3;1;5;0;1;0;0;0;0;1;348374,112797695210000;5648564,403437746700000;6,840498473000025;50,968700542000079;0
244941;5;3;15;0;2019;7;9;2;2;0;1;0;1;0;0;0;0;0;354263,697490903550000;5643937,477480607100000;6,926171530000033;50,928640062000056;0
244942;5;3;15;0;2019;7;13;2;3;0;3;0;1;1;0;0;0;0;355501,953570388260000;5645662,510721549400000;6,943095672000027;50,944454099000041;0
244943;5;3;15;0;2019;7;13;2;3;0;5;0;1;0;0;0;1;0;356409,221570623110000;5645720,742127630900000;6,955978700000060;50,945204098000033;0
244945;5;3;14;0;2019;7;12;2;3;1;5;0;1;1;0;0;0;0;366644,600051654500000;5620619,948734812400000;7,110724333000064;50,722060816000067;0
244946;5;1;58;4;2019;7;8;2;3;5;2;0;1;1;0;0;0;0;358655,387441439550000;5674999,404473409100000;6,976482744000066;51,208880637000050;0
244947;5;1;62;8;2019;7;16;2;3;5;3;0;1;1;0;0;0;0;332489,809936823320000;5663142,456514269100000;6,607732271000032;51,095279304000030;0
244950;5;1;14;0;2019;7;8;3;3;3;6;0;1;1;0;0;0;0;332707,781758628790000;5691526,117059472900000;6,597596684000052;51,350349902000062;0
244951;5;1;19;0;2019;7;14;2;3;5;3;0;1;0;0;1;0;0;352256,915689982470000;5705811,960372464700000;6,872157067000046;51,484136726000031;0
244952;5;1;14;0;2019;7;12;2;2;0;1;0;1;0;0;0;0;0;336503,880328042430000;5691804,757549874500000;6,651932879000071;51,353958117000047;0
244954;5;1;14;0;2019;7;17;2;3;2;6;0;1;1;0;0;0;0;334997,346598019820000;5689750,203788073700000;6,631268690000070;51,335063979000040;0
244955;5;1;14;0;2019;7;14;2;3;3;6;0;1;1;0;0;0;0;334948,202746681870000;5689145,370441157400000;6,630844070000023;51,329615717000081;0
244956;5;1;14;0;2019;7;9;2;3;5;3;0;1;1;0;0;0;0;333088,409000000920000;5688452,194000000100000;6,604498138000054;51,322845359000041;0
244957;5;1;14;0;2019;7;11;3;3;5;3;0;1;1;0;0;0;0;329573,961519098840000;5689510,776669945600000;6,553601646000061;51,331313436000073;0
244958;5;1;20;0;2019;7;0;2;3;1;7;2;1;1;0;0;0;0;378201,199848259800000;5673227,167513599600000;7,256755902000066;51,197454930000049;0
244959;5;1;17;0;2019;7;8;2;3;0;1;0;1;0;0;0;0;0;351019,171418298970000;5699821,253029180700000;6,856867517000069;51,429982601000063;0
244961;5;1;17;0;2019;7;16;2;3;5;2;0;1;1;0;0;0;0;350887,900243996640000;5702062,020251406400000;6,854036779000069;51,450082512000051;0
244963;5;1;14;0;2019;7;12;3;3;1;5;0;1;1;0;0;0;0;328226,168441184800000;5687950,189798956700000;6,535025880000035;51,316888146000053;0
244966;5;1;11;0;2019;7;19;2;3;1;5;0;1;1;0;0;0;0;342850,426132701340000;5675768,377670925100000;6,750056604000065;51,211660341000027;0
244968;5;1;11;0;2019;7;10;2;3;0;7;0;1;0;0;0;0;1;346021,039237625900000;5679599,772758562100000;6,793768161000060;51,246950925000078;0
244969;5;1;11;0;2019;7;14;2;3;0;1;0;1;0;0;0;0;0;345199,096563039350000;5678945,712832197500000;6,782283474000053;51,240851467000027;0
244970;5;1;11;0;2019;7;17;2;2;0;7;0;1;0;0;0;0;0;345648,621267663310000;5682726,770476231400000;6,787087016000044;51,274947555000040;0
244972;5;7;74;16;2019;7;16;2;3;4;6;0;1;0;0;0;0;0;469508,928478659130000;5711880,176336849100000;8,560176439000031;51,557181239000045;0
244974;5;7;74;32;2019;7;17;2;3;4;6;0;1;0;0;0;0;0;483534,690000000410000;5729975,168999999800000;8,761639261000028;51,720465058000059;0