OBJECTID;ULAND;UREGBEZ;UKREIS;UGEMEINDE;UJAHR;UMONAT;USTUNDE;UWOCHENTAG;UKATEGORIE;UART;UTYP1;ULICHTVERH;IstRad;IstPKW;IstFuss;IstKrad;IstGkfz;IstSonstige;LINREFX;LINREFY;XGCSWGS84;YGCSWGS84;STRZUSTAND
244975;5;1;70;8;2019;7;21;3;3;3;6;1;1;1;0;0;0;0;342262,175961168480000;5717264,256822960500000;6,723197567000057;51,584331889000055;0
244977;5;7;58;4;2019;7;23;2;3;5;3;2;1;1;0;0;0;0;470072,043941094540000;5783124,073846321600000;8,562120437000033;52,197757292000063;0
244979;5;7;54;8;2019;7;12;2;3;5;3;0;1;1;0;0;0;0;456414,485909199340000;5751483,705516871100000;8,366343611000048;51,912389597000072;0
244980;5;7;66;20;2019;7;13;2;3;5;2;0;1;1;0;0;0;0;491531,435716207140000;5754637,498345775500000;8,876800504000073;51,942386704000057;0
244981;5;7;11;0;2019;7;18;2;3;1;2;0;1;0;0;0;0;1;467693,161317437890000;5763666,274064574400000;8,529162225000050;52,022687964000056;0
244983;5;9;78;36;2019;7;11;2;3;5;3;0;1;1;0;0;0;0;409074,503022301010000;5710810,791478443900000;7,688870419000068;51,541064290000065;0
244984;5;9;74;52;2019;7;15;2;2;0;1;0;1;1;0;0;0;0;424590,293693807910000;5710924,349961258500000;7,912533215000053;51,544371741000077;0
244985;5;9;74;40;2019;7;14;2;3;1;3;0;1;0;0;0;0;0;436990,627585215490000;5717626,966635674200000;8,090126623000060;51,606152382000062;0
244986;5;9;74;40;2019;7;15;2;3;0;1;0;1;0;0;0;0;0;440494,875823850740000;5712086,478848725600000;8,141661691000024;51,556721372000027;0
244987;5;1;58;16;2019;7;11;3;3;2;3;0;1;1;0;0;0;0;355122,929051080720000;5671528,364618089100000;6,927346860000057;51,176803681000081;0
244988;5;9;58;44;2019;7;17;2;3;3;5;0;1;0;0;0;0;0;426770,449750032280000;5683599,045337149900000;7,949614023000038;51,298995430000048;0
244993;5;9;13;0;2019;7;17;2;2;5;2;0;1;1;0;0;0;0;387541,896559816790000;5713659,539241312100000;7,377584295000077;51,562789458000054;0
244996;5;9;16;0;2019;7;18;2;2;5;2;0;1;1;0;0;0;0;372553,319477850570000;5711487,161084689200000;7,162246227000026;51,540078460000075;0
245000;5;5;66;12;2019;7;17;1;3;5;3;0;1;0;0;0;0;1;404962,544218643570000;5774204,391652748000000;7,612190610000027;52,110207850000052;0
245002;5;5;54;8;2019;7;15;1;3;5;3;0;1;1;0;0;0;0;335299,564380702560000;5745845,779352961100000;6,609283964000042;51,839105604000054;0
245007;5;3;58;8;2019;7;17;1;3;5;2;0;1;1;0;0;0;0;322255,234358273450000;5632438,963571880000000;6,476709020000044;50,816364984000074;0
245011;5;3;62;20;2019;7;12;1;3;5;3;0;1;1;0;0;0;0;343337,059000000360000;5624641,160999998500000;6,779056784000034;50,752380266000046;0
245013;5;3;16;0;2019;7;16;1;3;1;5;0;1;1;0;0;0;0;359135,424158890730000;5656193,822410527600000;6,990698906000034;51,039998119000074;0
245014;5;3;16;0;2019;7;11;1;2;3;2;0;1;0;0;0;0;0;358197,053706569600000;5655909,897708367600000;6,977433965000046;51,037215714000070;0
245015;5;1;13;0;2019;7;7;3;3;0;7;0;1;0;0;0;0;0;361309,771018275990000;5701043,033029034700000;7,004322145000060;51,443574107000074;0
245017;5;1;58;28;2019;7;14;1;3;1;7;0;1;1;0;0;0;0;349823,719941253770000;5685776,618622517200000;6,845616215000064;51,303468236000072;0
245018;5;1;54;64;2019;7;14;1;3;5;3;0;1;1;0;0;0;0;305485,830348551270000;5722677,700939483900000;6,189984317000040;51,621458715000074;0
245023;5;1;13;0;2019;7;9;1;3;4;6;0;1;0;0;0;0;0;360778,879757427610000;5699411,587562397100000;6,997329352000065;51,428783159000034;0
245024;5;1;11;0;2019;7;13;1;3;6;4;0;1;1;1;0;0;0;343748,403011864050000;5678274,849891513600000;6,761810065000020;51,234428115000071;0
245026;5;7;74;32;2019;7;0;1;3;9;1;2;1;0;0;0;0;0;477176,013829492030000;5732462,988512033600000;8,669425905000026;51,742610831000036;0
245027;5;7;74;16;2019;7;15;1;2;0;1;0;1;0;0;0;0;0;474003,523799423130000;5709085,292352279600000;8,625214368000059;51,532276207000052;0
245029;5;7;58;12;2019;7;20;1;3;6;4;0;1;0;1;0;0;0;479110,691694011910000;5772470,213577492200000;8,695018684000047;52,102389304000042;0
245031;5;9;70;24;2019;7;13;1;3;4;1;0;1;1;1;0;0;0;428844,459689955230000;5647131,437480248500000;7,986561556000027;50,971382835000043;0
245032;5;9;58;12;2019;7;10;1;3;0;6;0;1;0;0;0;0;0;469385,814000000250000;5694140,019000001300000;8,559938259000035;51,397664012000064;0
245033;5;9;15;0;2019;7;14;1;3;4;6;0;1;0;0;0;0;0;413958,959273917600000;5729312,092025825800000;7,754739862000065;51,708146004000071;0
245037;5;9;11;0;2019;7;16;1;3;0;1;0;1;0;0;0;0;0;378130,203584321770000;5704200,875408822700000;7,245140366000044;51,475824782000075;0
245038;5;5;66;12;2019;7;13;7;3;8;1;0;1;0;0;0;0;0;404511,259900617410000;5772122,941741276500000;7,606186107000042;52,091421750000052;0
245041;5;5;15;0;2019;7;13;7;3;0;3;0;1;1;0;0;0;0;405878,526598888450000;5758306,812089465600000;7,629938482000057;51,967472005000047;1
245042;5;1;66;12;2019;7;12;3;3;0;1;0;1;0;0;0;0;0;320416,205275264570000;5693518,867478685500000;6,420262801000035;51,364499591000026;0
245044;5;5;12;0;2019;7;23;7;2;1;5;2;1;1;0;0;0;0;355958,805614232090000;5717910,709860796100000;6,920483874000070;51,593808029000058;1
245047;5;1;70;52;2019;7;13;3;2;1;5;0;1;1;0;0;0;0;323170,275749645200000;5725123,611656317500000;6,443936811000071;51,649263246000032;0
245048;5;3;82;56;2019;7;9;7;3;9;7;0;1;0;0;0;0;1;370743,366211075340000;5624843,096370969000000;7,167278744000043;50,760945960000072;0
245049;5;3;62;28;2019;7;13;7;3;0;7;0;1;1;0;0;0;0;350088,853100051170000;5637526,056291077300000;6,869438851000041;50,869954476000032;0
245050;5;1;11;0;2019;7;17;3;3;1;3;0;1;1;0;0;0;0;346347,432344003580000;5673914,716535434100000;6,800877632000038;51,195955753000078;0
245052;5;3;15;0;2019;7;11;7;3;5;3;0;1;1;0;0;0;0;352475,199664502400000;5654133,849839156500000;6,896602481000059;51,019815012000038;0
245053;5;3;15;0;2019;7;11;7;2;5;3;0;1;1;0;0;0;0;354472,434000001290000;5651349,414000000800000;6,926175342000022;50,995301398000038;0
245055;5;3;15;0;2019;7;12;7;3;2;6;0;1;1;0;0;0;0;354616,578731580640000;5642309,571036230800000;6,931838467000034;50,914099508000049;0
245059;5;3;15;0;2019;7;18;7;3;3;6;0;1;0;0;0;0;1;356619,171597854230000;5645342,286835501000000;6,959114295000063;50,941855221000026;0
245064;5;1;70;8;2019;7;11;7;3;5;2;0;1;1;0;0;0;0;342767,171067683030000;5714307,586950015300000;6,731803627000033;51,557908619000045;0
245065;5;1;11;0;2019;7;10;3;3;1;5;0;1;1;0;0;0;0;343170,144746907060000;5676010,819957017900000;6,754524306000064;51,213926635000064;0
245067;5;1;58;26;2019;7;12;7;3;5;3;0;1;1;0;0;0;0;352090,291814931670000;5661509,788440048700000;6,888104553000062;51,085998619000065;0
245068;5;1;58;36;2019;7;18;7;3;5;3;0;1;1;0;0;0;0;363633,594566291200000;5683381,952715329800000;7,044513109000036;51,285423963000028;1
245069;5;1;66;16;2019;7;8;7;3;5;3;0;1;1;0;0;0;0;308574,212000001220000;5686344,151999998800000;6,254209553000067;51,296191975000056;0
245071;5;1;62;28;2019;7;12;7;3;0;1;0;1;0;0;0;0;0;337232,808820615520000;5656405,592636067400000;6,678439535000052;51,036114411000028;0
245075;5;1;13;0;2019;7;15;7;2;0;1;0;1;0;0;0;0;0;359139,843015398830000;5706090,459184303900000;6,971107603000064;51,488395509000043;0
245078;5;1;12;0;2019;7;17;7;3;5;3;0;1;1;0;0;0;0;344538,115590546280000;5703899,804134463900000;6,761918741000045;51,464887294000050;0
245081;5;1;11;0;2019;7;20;7;3;3;6;0;1;1;0;0;0;0;345625,206530607310000;5676801,553756650500000;6,789306957000065;51,221700715000054;1
245085;5;7;70;4;2019;7;13;7;2;0;1;0;1;0;0;0;0;0;487771,396819684650000;5784826,638562491200000;8,821017970000071;52,213741137000056;0
245089;5;7;11;0;2019;7;12;7;3;3;2;0;1;0;0;0;0;0;466858,488975325600000;5762226,775073273100000;8,517137576000039;52,009696746000031;0
245091;5;9;78;16;2019;7;16;7;2;0;7;0;1;0;0;0;0;0;406804,933536241760000;5702881,472620636200000;7,658248604000050;51,469415468000079;1
245094;5;9;54;4;2019;7;9;7;2;5;2;0;1;0;0;0;0;1;393065,121000002140000;5680015,491999998700000;7,467382459000021;51,261450215000082;0
245098;5;9;13;0;2019;7;20;7;3;1;5;1;1;1;0;0;0;0;394727,183079740960000;5707976,617988361000000;7,482904430000076;51,513095539000062;1
245100;5;9;16;0;2019;7;11;7;2;6;4;0;1;1;1;0;0;0;376307,195772860200000;5712213,252529710500000;7,216092435000064;51,547439204000057;0
245102;5;5;66;12;2019;7;21;6;3;2;6;2;1;0;0;0;0;0;399879,941699255260000;5776399,433091232600000;7,537350313000047;52,129039766000062;0
245106;5;5;12;0;2019;7;19;6;3;6;6;0;1;0;1;0;0;0;356090,235485223120000;5709659,514224464100000;6,925756734000061;51,519698575000064;0
245107;5;5;12;0;2019;7;15;6;3;5;3;0;1;1;0;0;0;0;358290,846471626310000;5710975,713163958900000;6,956923911000047;51,532082264000053;0
245108;5;5;62;14;2019;7;19;6;3;5;1;0;1;0;0;0;0;0;358707,648708210330000;5717194,686549369200000;6,960429729000055;51,588070044000062;0
245109;5;5;62;14;2019;7;17;6;3;5;2;0;1;1;0;0;0;0;361706,756056995130000;5716015,462645907000000;7,004158047000033;51,578217424000059;0
245110;5;5;13;0;2019;7;9;6;2;5;3;0;1;1;0;0;0;0;363710,775391221980000;5715352,291982647000000;7,033318798000039;51,572746077000033;0
245111;5;5;13;0;2019;7;10;6;3;5;3;0;1;0;0;0;1;0;369102,003384566870000;5708664,919631069500000;7,113556425000070;51,513925692000043;0
245112;5;3;70;12;2019;7;8;6;3;5;3;0;1;1;0;0;0;0;297227,690918722190000;5650939,924292389300000;6,111596389000056;50,974307453000051;0
245113;5;3;70;24;2019;7;11;6;3;5;3;0;1;1;0;0;0;0;281170,280741139320000;5657245,137368619400000;5,879415506000044;51,025047328000028;0
245120;5;3;82;16;2019;7;11;6;3;3;6;0;1;1;0;0;0;0;391731,690064393920000;5622902,612242236700000;7,465316455000050;50,747797781000031;0
245121;5;3;82;20;2019;7;6;6;3;5;3;0;1;1;0;0;0;0;379467,542074475440000;5625680,186631547300000;7,290643160000059;50,770348293000040;1
245122;5;3;82;68;2019;7;19;6;3;0;7;0;1;0;0;0;0;1;365957,027784767560000;5630437,136133477100000;7,097412542000029;50,810138600000073;0
245123;5;3;74;16;2019;7;7;6;3;5;3;0;1;0;0;0;0;1;380850,292185100730000;5666744,966702625200000;7,296800849000022;51,139749840000036;1
245126;5;3;15;0;2019;7;3;6;3;8;1;2;1;0;0;0;0;0;363378,561263885350000;5641674,908193958900000;7,056641161000073;50,910536245000060;1
245127;5;7;74;32;2019;7;13;3;3;7;1;0;1;0;0;0;0;0;482646,580192846250000;5730005,776505559700000;8,748781108000060;51,720713478000050;0
245135;5;3;14;0;2019;7;0;6;3;0;1;2;1;0;0;0;0;0;366638,359158058650000;5621548,522886198000000;7,110300160000065;50,730405435000080;0
245137;5;1;70;8;2019;7;22;6;3;0;1;2;1;0;0;0;0;0;343441,394189794550000;5714846,947380174000000;6,741281454000045;51,562942101000033;0
245138;5;1;70;20;2019;7;18;6;3;6;1;0;1;0;1;0;0;0;328980,520000000480000;5707717,210999997300000;6,536310613000069;51,494694098000082;0
245139;5;1;70;48;2019;7;22;6;3;6;4;2;1;0;1;0;0;0;336104,790617687630000;5726029,114812772700000;6,630300999000042;51,661317195000038;0
245140;5;1;66;20;2019;7;13;6;3;5;3;0;1;0;0;0;0;0;306065,613000000830000;5677779,217000002000000;6,222913821000020;51,218417086000045;0
245141;5;1;66;32;2019;7;14;6;3;5;3;0;1;1;0;0;0;0;314352,264081301170000;5682007,849640552000000;6,339244409000060;51,259154888000069;0
245142;5;1;62;24;2019;7;13;6;3;5;3;0;1;1;0;0;0;0;341000,214736413210000;5674747,163278866600000;6,724041551000028;51,201972538000064;0
245145;5;1;16;0;2019;7;8;6;3;0;5;0;1;1;0;0;0;0;320222,281081345860000;5670748,325442997700000;6,428924679000033;51,159890624000070;0
245146;5;1;16;0;2019;7;8;6;3;5;3;0;1;1;0;0;0;0;315428,508078003300000;5669797,246982874300000;6,360931628000060;51,149821160000045;0
245147;5;1;14;0;2019;7;13;6;3;5;3;0;1;1;0;0;0;0;330179,963326767090000;5685640,208428589600000;6,564135236000027;51,296722017000036;0
245149;5;1;20;0;2019;7;16;6;3;1;7;0;1;0;0;0;0;1;373453,879432523620000;5675037,989629006000000;7,188207033000026;51,212698301000046;0
245150;5;1;13;0;2019;7;14;6;3;5;3;0;1;1;0;0;0;0;365412,822826470250000;5695174,834534172000000;7,065554181000039;51,391828125000075;0
245153;5;3;15;0;2019;7;11;7;3;2;2;0;1;1;0;0;0;0;356676,726098906250000;5642504,275344975300000;6,961048762000075;50,916364584000064;0
245156;5;5;54;56;2019;7;7;6;3;4;6;0;1;1;0;0;0;0;357840,377001459710000;5761861,884830178700000;6,929617390000033;51,989207249000060;0
245159;5;5;15;0;2019;7;15;6;3;5;3;0;1;1;0;0;0;0;405444,825299611320000;5751946,332257418000000;7,625376072000051;51,910227486000053;0
245160;5;5;15;0;2019;7;10;6;3;5;3;0;1;1;0;0;0;0;404756,597417989750000;5757293,033084390700000;7,613893610000048;51,958168669000031;0
245161;5;3;70;40;2019;7;12;6;2;4;2;0;1;1;0;0;0;0;310126,934418295510000;5668705,625627085600000;6,285793266000042;51,138282040000036;0
245162;5;3;14;0;2019;7;11;7;3;0;5;0;1;1;0;0;0;0;368144,359416536060000;5624483,797992371000000;7,130577036000034;50,757131802000060;0
245164;5;3;66;16;2019;7;21;6;3;8;1;2;1;0;0;0;0;0;343354,016097115350000;5614644,299732795000000;6,783538690000057;50,662550995000061;0
245165;5;3;66;16;2019;7;16;6;3;0;1;0;1;0;0;0;0;0;343560,000713777730000;5614497,363589035300000;6,786513050000053;50,661285955000039;0
245167;5;3;15;0;2019;7;13;6;3;5;3;0;1;0;0;0;0;1;358172,207000001330000;5644798,769999999600000;6,981417069000031;50,937354746000040;0
245168;5;3;15;0;2019;7;17;6;3;4;6;0;1;0;0;0;0;0;360002,051702574830000;5647266,588247893400000;7,006494816000043;50,959980501000075;0
245169;5;3;15;0;2019;7;15;6;3;0;1;0;1;0;0;0;0;0;355623,196035952310000;5649533,087463079000000;6,943284545000040;50,979268435000051;0
245171;5;3;15;0;2019;7;12;6;3;5;3;0;1;0;0;0;0;1;350400,173092867250000;5649297,358542384600000;6,869031219000021;50,975816856000051;0
245173;5;3;15;0;2019;7;16;6;3;0;1;0;1;1;0;0;0;0;353044,823973514140000;5646560,595490539400000;6,907781160000070;50,951903736000077;0
245175;5;3;15;0;2019;7;13;6;2;5;3;0;1;1;0;0;0;0;359179,334570767360000;5639258,115028820900000;6,997880069000075;50,887806957000066;0
245176;5;3;15;0;2019;7;10;6;3;5;2;0;1;1;0;0;0;0;355403,454522357320000;5645886,949836362200000;6,941605416000073;50,946446387000037;0
245177;5;3;15;0;2019;7;19;7;2;9;1;0;1;0;0;0;0;0;347796,459952939300000;5646102,500455116900000;6,833307189000038;50,946425229000056;1
245178;5;3;82;12;2019;7;8;6;2;5;3;0;1;1;0;0;0;0;362695,565000000410000;5625568,276000000500000;7,052967180000053;50,765615217000061;0
245179;5;1;70;52;2019;7;8;6;3;1;3;0;1;1;0;0;0;0;324439,268200878050000;5726396,839263556500000;6,461621330000071;51,661097847000065;0
245180;5;1;70;20;2019;7;13;6;3;5;3;0;1;1;0;0;0;0;329165,207936530930000;5708528,607743021100000;6,538575734000062;51,502039054000079;0
245185;5;1;62;24;2019;7;13;6;3;0;7;0;1;0;0;0;0;1;339342,159800066610000;5673801,656538035700000;6,700751290000028;51,193013353000026;0
245186;5;1;16;0;2019;7;11;6;3;0;1;0;1;0;0;0;0;1;318569,306418369520000;5666933,083186077000000;6,407232570000076;51,125096346000078;0
245187;5;1;14;0;2019;7;6;6;3;0;7;0;1;0;0;0;0;0;331031,525999999610000;5689111,741000002300000;6,574693431000071;51,328163464000056;0
245188;5;1;14;0;2019;7;12;6;3;1;6;0;1;1;0;0;0;0;329798,135432336480000;5689381,423242528000000;6,556878226000038;51,330218486000035;0
245195;5;1;12;0;2019;7;13;6;3;5;3;0;1;1;0;0;0;0;346833,205267173240000;5699502,129622694100000;6,796836341000073;51,425999282000078;0
245196;5;1;12;0;2019;7;10;6;3;5;3;0;1;1;0;0;0;0;339181,975860514680000;5695346,955233624200000;6,688758201000042;51,386547648000032;0
245198;5;1;11;0;2019;7;18;6;3;0;6;0;1;1;0;0;0;0;349411,534158931110000;5675169,111384015500000;6,844172056000048;51,208043247000035;0
245199;5;1;11;0;2019;7;14;6;3;5;3;0;1;1;0;0;0;0;345507,848663846030000;5674276,177054328800000;6,788715272000047;51,198977276000051;0
245200;5;1;54;28;2019;7;20;7;3;1;5;0;1;1;0;0;0;0;317588,624810981560000;5703629,349320678000000;6,374489977000053;51,454415428000061;0
245201;5;1;11;0;2019;7;11;6;3;6;4;0;1;0;1;0;0;0;344132,061541573140000;5673863,424592681200000;6,769218420000073;51,194894880000049;0
245202;5;1;11;0;2019;7;16;6;3;0;7;0;1;1;0;0;0;0;346163,752021419820000;5677165,304504972000000;6,796856860000048;51,225114572000052;0
245203;5;1;54;44;2019;7;10;7;3;5;3;0;1;1;0;0;0;0;320106,941346216950000;5738120,593751903600000;6,392999077000070;51,765032026000029;0
245204;5;7;74;32;2019;7;1;6;3;0;7;2;1;0;1;0;0;0;482917,063133724970000;5731181,194309741300000;8,752639075000047;51,731290313000045;0
245205;5;7;62;32;2019;7;10;6;2;1;3;0;1;1;0;0;0;0;506181,881798324180000;5746511,583268256900000;9,089787416000036;51,869355964000079;0
245207;5;7;66;44;2019;7;16;6;3;4;3;0;1;1;0;0;0;0;494205,101537425070000;5763014,680113431100000;8,915555065000035;52,017740048000064;0
245208;5;9;78;40;2019;7;10;6;3;5;3;0;1;1;0;0;0;0;405546,814114139420000;5724644,672577103600000;7,634290914000076;51,664837966000050;0
245210;5;9;74;52;2019;7;18;6;2;0;1;0;1;0;0;0;0;0;423912,775794220160000;5713614,637597769500000;7,902182633000052;51,568466453000042;0
245212;5;9;58;40;2019;7;3;6;3;0;7;2;1;0;0;0;0;0;449594,020999999720000;5667041,444000002000000;8,279284344000075;51,152597532000073;0
245214;5;9;58;4;2019;7;12;6;2;0;1;0;1;0;0;0;0;0;429796,251931613310000;5698233,599648933900000;7,990118025000072;51,430949213000076;0
245216;5;1;66;36;2019;7;12;7;3;0;7;0;1;0;0;0;0;1;324491,052067507990000;5681300,786813246100000;6,484748655000033;51,256014239000081;0
245217;5;9;62;16;2019;7;19;6;3;5;2;0;1;1;0;0;0;0;413898,438243948850000;5693301,023243820300000;7,762677334000045;51,384413670000072;0
245218;5;9;13;0;2019;7;8;6;3;1;5;0;1;1;0;0;0;0;396953,243374353270000;5700500,381092879900000;7,517153984000061;51,446304010000063;0
245222;5;9;11;0;2019;7;9;6;3;1;5;0;1;1;0;0;0;0;373860,500634379680000;5706846,987222939700000;7,182746194000060;51,498670089000029;0
245224;5;5;66;40;2019;7;16;5;3;9;6;0;1;1;0;0;0;0;421887,232910485010000;5782446,316227998600000;7,857383894000066;52,186943697000061;0
245225;5;5;66;76;2019;7;16;5;3;5;3;0;1;1;0;0;0;0;392398,208484021020000;5792120,263918982800000;7,423099552000053;52,268920927000067;0
245226;5;5;66;84;2019;7;4;5;3;5;2;2;1;1;0;0;0;0;386283,102755524220000;5777831,305169226600000;7,338320843000076;52,139277657000036;0
245227;5;5;66;12;2019;7;14;5;3;5;3;0;1;1;0;0;0;0;405001,443847696300000;5772269,120441297100000;7,613298128000054;52,092819995000070;0
245228;5;5;54;4;2019;7;12;5;3;0;2;0;1;1;0;0;0;0;363538,376645971090000;5771489,850327590500000;7,008705626000051;52,077148231000081;0
245230;5;5;54;12;2019;7;8;5;3;5;3;0;1;1;0;0;0;0;352235,623942772860000;5747600,309190115000000;6,854173476000028;51,859607992000065;0
245233;5;3;70;4;2019;7;9;5;3;3;6;0;1;0;0;0;0;0;311874,164999999110000;5661678,474999997800000;6,314403154000047;51,075737797000045;0
245234;5;3;34;2;2019;7;18;7;3;0;2;1;1;1;0;0;0;0;294793,726000000720000;5628701,313000001000000;6,089450343000067;50,773719785000026;0
245237;5;3;58;8;2019;7;20;5;3;1;5;0;1;1;0;0;0;0;320373,505398647860000;5630240,063726496000000;6,451099633000069;50,796029792000070;0
245238;5;3;34;36;2019;7;11;5;3;1;5;0;1;1;0;0;0;0;297850,955345743340000;5633781,963168017600000;6,129958397000053;50,820425214000068;0
245240;5;3;34;2;2019;7;10;5;3;5;7;0;1;1;0;0;0;0;297142,368710740470000;5629136,536754760900000;6,122477249000042;50,778454791000058;0
245242;5;1;14;0;2019;7;22;7;3;5;3;2;1;1;0;0;0;0;329429,670403881000000;5689480,882517987900000;6,551546746000042;51,331001615000048;0
245244;5;3;82;68;2019;7;13;5;2;5;3;0;1;1;0;0;0;0;367160,428000000310000;5631424,530000003100000;7,114126037000062;50,819290432000059;0
245245;5;3;66;16;2019;7;11;5;3;5;3;0;1;1;0;0;0;0;343358,651755829340000;5614318,858387870700000;6,783741948000056;50,659627731000057;0
245246;5;3;15;0;2019;7;22;7;3;5;3;2;1;1;0;0;0;0;354608,667000001300000;5643331,083000004300000;6,931318828000030;50,923277598000027;1
245249;5;3;62;24;2019;7;9;5;3;0;7;0;1;1;0;0;0;0;346778,300000001680000;5643271,622999999700000;6,820014488000027;50,920717017000072;0
245250;5;3;62;8;2019;7;16;5;3;5;3;0;1;1;0;0;0;0;337082,293359098020000;5649514,447829341500000;6,679387575000021;50,974154136000038;0
245251;5;3;15;0;2019;7;12;5;3;5;3;0;1;1;0;0;0;0;359479,367149720900000;5645254,760649625200000;6,999833346000060;50,941772794000030;0
245255;5;1;24;0;2019;7;19;7;2;0;1;0;1;0;0;0;0;0;377209,866385346280000;5684212,040875921000000;7,238806502000045;51,295973417000027;0
245256;5;3;15;0;2019;7;8;5;3;0;1;0;1;0;0;0;0;0;353797,954441913400000;5643165,586619783200000;6,919858165000051;50,921585469000036;0
245258;5;1;24;0;2019;7;14;7;3;5;3;0;1;1;0;0;0;0;378716,426489789040000;5682861,054849972900000;7,260863400000062;51,284153809000031;0
245259;5;3;15;0;2019;7;15;5;3;0;7;0;1;1;0;0;0;0;353824,224988237020000;5642298,513435922600000;6,920579130000022;50,913800000000037;0
245268;5;1;58;20;2019;7;17;5;3;5;3;0;1;1;0;0;0;0;355609,942450591360000;5664546,601990955000000;6,937109151000072;51,114185725000027;0
245269;5;1;54;16;2019;7;8;5;3;5;3;0;1;1;0;0;0;0;303821,042000000370000;5729425,233000000900000;6,162181398000030;51,681477003000055;0
245270;5;1;54;8;2019;7;11;5;3;5;3;0;1;1;0;0;0;0;310061,644817734140000;5747350,399234635800000;6,242543216000058;51,844606825000028;0
245272;5;1;66;16;2019;7;8;5;3;4;6;0;1;0;0;0;0;0;304078,509097567760000;5687417,472305368600000;6,189216847000068;51,304302713000027;0
245276;5;1;13;0;2019;7;18;5;3;0;1;0;1;0;0;0;0;0;365207,032650019970000;5704507,042056029700000;7,059046140000021;51,475644795000051;0
245282;5;7;74;32;2019;7;20;5;3;5;3;1;1;1;0;0;0;0;483657,771999999880000;5730986,856000000600000;8,763373563000073;51,729565045000072;0
245284;5;7;70;36;2019;7;8;5;3;0;7;0;1;0;0;0;0;0;465240,348952597010000;5795438,197461335000000;8,490162466000072;52,308180432000029;0
245285;5;7;70;24;2019;7;8;5;2;5;2;0;1;1;0;0;0;0;494199,432946049610000;5792728,612851422300000;8,914965017000043;52,284889536000037;0
245286;5;7;70;24;2019;7;17;5;3;1;7;0;1;1;0;0;0;0;494106,748412258920000;5795228,438682345700000;8,913562543000069;52,307363220000070;0
245289;5;7;66;44;2019;7;18;5;2;0;1;0;1;0;0;0;0;0;494687,710392910060000;5762325,059487117500000;8,922598473000051;52,011544549000064;0
245290;5;9;78;28;2019;7;13;5;2;3;2;0;1;0;0;0;1;0;397612,387815514580000;5697810,810767967300000;7,527413377000073;51,422247412000047;0
245291;5;9;74;52;2019;7;16;5;3;0;1;0;1;0;0;0;0;0;424313,204779318530000;5712714,052119685300000;7,908153000000027;51,560424091000073;0
245293;5;9;54;16;2019;7;22;5;3;0;1;2;1;0;0;0;0;0;373619,923906986600000;5695699,344388302400000;7,183263789000023;51,398429444000044;0
245295;5;9;62;40;2019;7;17;5;3;3;2;0;1;1;0;0;0;0;415266,156000002290000;5699563,360999999600000;7,780830636000076;51,440916859000026;0
245296;5;9;15;0;2019;7;12;5;3;0;1;0;1;1;0;0;0;0;416349,129236262290000;5724968,383214503500000;7,790365353000027;51,669460020000031;0
245298;5;9;14;0;2019;7;15;5;3;6;7;0;1;0;1;0;0;0;390057,922347952610000;5689636,007668854700000;7,421335169000031;51,347353315000078;0
245302;5;3;15;0;2019;7;15;7;3;1;5;0;1;1;0;0;0;0;356099,510800189340000;5646003,522927161300000;6,951461227000038;50,947668178000072;0
245304;5;9;11;0;2019;7;17;5;3;5;3;0;1;1;0;0;0;0;378709,737145688380000;5700680,555248674000000;7,254688700000031;51,444310064000035;0
245305;5;1;13;0;2019;7;17;7;3;0;1;0;1;0;0;0;0;0;358740,659804464320000;5700744,542833540600000;6,967497907000052;51,440256918000046;1
245306;5;5;70;40;2019;7;8;4;3;5;5;0;1;1;0;0;0;0;419848,978700708600000;5743746,809168877100000;7,836633700000050;51,838778680000075;0
245308;5;5;70;4;2019;7;13;4;3;5;3;0;1;1;0;0;0;0;425687,186000000690000;5736426,911000000300000;7,922926173000064;51,773782742000037;0
245309;5;5;66;40;2019;7;8;4;3;5;3;0;1;1;0;0;0;0;420992,527999999930000;5781598,406999997800000;7,844496802000037;52,179194522000046;0
245314;5;5;54;20;2019;7;17;4;3;7;3;0;1;1;0;0;0;0;365122,696871805940000;5786233,676054673300000;7,025958493000076;52,210015774000055;0
245315;5;5;54;68;2019;7;18;4;3;1;5;0;1;0;0;0;1;0;349037,577074959870000;5765546,127607127700000;6,799891233000039;52,019985214000030;0
245316;5;5;54;8;2019;7;18;4;3;0;6;0;1;0;0;0;0;0;335231,674382677300000;5745850,859537826900000;6,608297010000058;51,839131216000055;0
245317;5;1;12;0;2019;7;19;7;3;1;5;0;1;1;0;0;0;0;346083,006477192980000;5707809,747980104800000;6,782437462000075;51,500440454000056;1
245318;5;5;15;0;2019;7;17;4;3;0;7;0;1;0;0;0;0;0;407149,027829661970000;5756589,671384027200000;7,648890859000062;51,952251135000040;0
245319;5;5;15;0;2019;7;15;4;3;5;3;0;1;0;0;0;0;0;405264,510912179950000;5757071,073187757300000;7,621344318000070;51,956260368000073;0
245321;5;5;12;0;2019;7;17;4;3;5;3;0;1;0;0;0;1;0;358315,059349604880000;5711976,166023800100000;6,956870126000069;51,541078361000075;0