OBJECTID;ULAND;UREGBEZ;UKREIS;UGEMEINDE;UJAHR;UMONAT;USTUNDE;UWOCHENTAG;UKATEGORIE;UART;UTYP1;ULICHTVERH;IstRad;IstPKW;IstFuss;IstKrad;IstGkfz;IstSonstige;LINREFX;LINREFY;XGCSWGS84;YGCSWGS84;STRZUSTAND
246019;5;9;62;28;2019;8;20;5;3;2;6;0;1;1;0;0;0;0;401607,053073733110000;5666250,054294364500000;7,593540058000031;51,139244698000027;0
246021;5;9;13;0;2019;8;15;5;3;2;1;0;1;1;0;0;0;0;389520,661046932450000;5702260,453456530300000;7,409691958000053;51,460722913000041;0
246024;5;9;78;24;2019;8;15;5;3;0;3;0;1;1;0;0;0;0;400592,425072554500000;5716750,648537343400000;7,564919567000061;51,593026288000033;0
246025;5;9;11;0;2019;8;16;5;3;1;5;0;1;1;0;0;0;0;379076,402649911120000;5707846,425746476300000;7,257509294000045;51,508792503000052;0
246028;5;5;66;12;2019;8;22;4;3;4;1;2;1;0;0;0;0;0;400903,617000000550000;5778000,000000000000000;7,551833426000030;52,143609964000063;0
246031;5;5;54;16;2019;8;7;4;3;0;3;0;1;1;0;0;0;0;362344,544306149710000;5758211,795277191300000;6,996634842000049;51,957543878000081;0
246035;5;3;34;16;2019;8;17;4;3;5;3;0;1;1;0;0;0;0;294530,700201205910000;5634150,094708098100000;6,082677106000062;50,822563056000035;0
246040;5;3;16;0;2019;8;18;4;2;4;6;0;1;0;0;0;0;0;360813,329717148100000;5654383,770380979400000;7,015312372000039;51,024140012000032;0
246043;5;3;15;0;2019;8;18;4;3;5;5;0;1;1;0;0;0;0;351784,500361183660000;5655716,486329454900000;6,886114637000048;51,033859487000029;0
246045;5;3;15;0;2019;8;15;4;3;0;5;0;1;1;0;0;0;0;352653,171327630990000;5647510,376531319700000;6,901824659000056;50,960338985000078;0
246046;5;3;15;0;2019;8;10;4;3;5;3;0;1;1;0;0;0;0;352691,889410115780000;5643482,066492272500000;6,904004604000022;50,924148227000046;0
246048;5;3;15;0;2019;8;20;4;3;1;2;0;1;1;0;0;0;1;355891,501567375850000;5642817,175624640700000;6,949761981000052;50,918981031000044;1
246050;5;3;15;0;2019;8;18;4;3;5;3;0;1;1;0;0;0;0;356716,822129957380000;5644122,677555969000000;6,960982879000028;50,930918992000045;1
246051;5;3;15;0;2019;8;16;4;3;0;1;0;1;0;0;0;0;0;355551,202602313830000;5644720,152540106300000;6,944169883000029;50,935997658000076;0
246053;5;3;14;0;2019;8;17;4;3;5;2;0;1;1;0;0;0;0;369519,554705118760000;5616390,266079349400000;7,152926257000047;50,684695953000073;0
246057;5;1;62;24;2019;8;7;4;2;3;6;0;1;0;0;0;0;1;338814,919895804490000;5674072,045333959200000;6,693090887000039;51,195294309000076;0
246058;5;1;62;24;2019;8;23;4;3;0;5;2;1;1;0;0;0;0;340682,306914134880000;5669690,300655495400000;6,721736571000065;51,156447552000031;0
246062;5;1;14;0;2019;8;19;4;3;5;3;0;1;1;0;0;0;0;328268,902999999930000;5689242,958999998900000;6,535015676000057;51,328514864000056;0
246064;5;1;13;0;2019;8;15;4;3;1;1;0;1;1;0;0;0;0;364013,292377324770000;5699500,617686167400000;7,043792122000070;51,430368635000036;0
246067;5;7;74;32;2019;8;12;4;3;0;6;0;1;1;0;0;0;0;483343,487436263820000;5728403,883124547100000;8,758946452000032;51,706331478000038;0
246069;5;7;70;24;2019;8;15;4;3;5;3;0;1;1;0;0;0;0;494987,404826236890000;5793240,697851127000000;8,926508875000025;52,289501194000081;0
246071;5;7;54;44;2019;8;13;4;2;5;3;0;1;1;0;0;0;0;463800,399841127920000;5746892,577731080400000;8,474198331000025;51,871641001000057;0
246073;5;7;66;20;2019;8;11;4;3;1;7;0;1;1;0;0;0;0;491602,268923148510000;5754107,189989710200000;8,877843924000047;51,937619760000075;0
246078;5;9;58;44;2019;8;14;4;3;0;7;0;1;0;0;0;0;0;430639,707710095680000;5686701,459251564000000;8,004500946000064;51,327372783000044;0
246079;5;9;62;52;2019;8;18;4;3;5;3;0;1;1;0;0;0;0;421494,331465915780000;5676233,658184003100000;7,875567046000072;51,232074810000029;0
246084;5;9;11;0;2019;8;6;4;3;5;3;1;1;0;0;0;0;0;376402,504976420660000;5704849,925434272700000;7,220048140000074;51,481283243000064;0
246085;5;5;70;28;2019;8;19;3;3;5;3;0;1;1;0;0;0;0;441404,357000000770000;5742836,785000002000000;8,149613172000045;51,833275435000076;0
246086;5;5;66;76;2019;8;17;3;3;5;3;0;1;0;0;0;0;0;399742,355276312680000;5793631,459798924600000;7,530238675000021;52,283890962000044;0
246088;5;5;58;12;2019;8;15;3;3;0;3;0;1;1;0;0;0;0;373560,695126718840000;5755088,544860504600000;7,160922449000054;51,932140545000038;0
246090;5;5;15;0;2019;8;16;3;3;3;6;0;1;0;0;0;0;0;406362,589759394530000;5757343,574011487900000;7,637245126000039;51,958895724000058;0
246092;5;5;15;0;2019;8;18;3;3;1;1;0;1;1;0;0;0;0;407380,883976236920000;5760895,036701714600000;7,651101997000069;51,990988615000049;0
246094;5;5;15;0;2019;8;8;3;3;3;2;0;1;0;0;0;0;0;406565,316375379450000;5758334,498546006200000;7,639925018000042;51,967836732000080;1
246095;5;5;13;0;2019;8;9;3;3;5;3;0;1;1;0;0;0;0;368022,068819537760000;5713576,603521103000000;7,096160843000064;51,557814322000070;0
246096;5;3;70;4;2019;8;12;3;3;0;1;0;1;0;0;0;0;1;318642,836072652600000;5662045,827877549500000;6,410737636000022;51,081216720000043;0
246097;5;3;82;56;2019;8;17;3;3;0;6;0;1;1;0;0;0;0;372074,050767658280000;5626731,464896271000000;7,185479587000032;50,778214159000072;0
246098;5;3;82;56;2019;8;8;3;3;5;3;0;1;1;0;0;0;0;371952,434000002220000;5627835,810000000500000;7,183370774000025;50,788113517000056;0
246099;5;3;82;68;2019;8;18;3;3;1;2;0;1;1;0;0;0;0;370691,386000000870000;5630918,987999999900000;7,164404077000029;50,815545793000069;1
246105;5;3;15;0;2019;8;17;3;3;0;7;0;1;0;0;0;0;0;354777,771806282920000;5646272,858116194600000;6,932550838000054;50,949757161000036;0
246106;5;3;15;0;2019;8;21;3;3;0;1;1;1;0;0;0;0;0;355701,823320247230000;5642369,499731876000000;6,947242353000036;50,914910434000035;1
246107;5;3;15;0;2019;8;18;3;2;0;1;0;1;0;0;0;0;0;355261,481649091470000;5642348,054927282000000;6,940990963000047;50,914607448000027;1
246108;5;3;15;0;2019;8;9;3;3;0;1;0;1;0;0;0;0;0;355390,052789282050000;5643207,739035908100000;6,942477899000039;50,922365507000052;0
246109;5;1;70;8;2019;8;12;3;3;0;1;0;1;0;0;0;0;0;344336,029181833380000;5715212,759733365800000;6,754015917000061;51,566476445000035;0
246113;5;1;62;24;2019;8;18;3;3;5;2;0;1;1;0;0;0;0;338460,146467918530000;5672495,974203333300000;6,688726529000064;51,181033312000068;0
246114;5;1;16;0;2019;8;15;3;3;5;3;0;1;1;0;0;0;0;315435,190063120800000;5669814,197245055800000;6,361018371000057;51,149975574000052;0
246119;5;1;17;0;2019;8;14;3;3;5;3;0;1;1;0;0;0;0;352254,615959591230000;5700435,210468092900000;6,874370428000020;51,435822858000051;0
246120;5;1;13;0;2019;8;9;3;3;0;7;0;1;1;0;0;0;0;362426,008585848850000;5707972,581534722800000;7,017675547000067;51,506117945000028;0
246121;5;1;12;0;2019;8;14;3;3;0;3;0;1;1;0;0;0;0;338762,050469328650000;5703024,937840901300000;6,679235508000033;51,455411176000041;0
246123;5;1;11;0;2019;8;16;3;3;5;3;0;1;1;0;0;0;0;346861,904549999160000;5677211,002339428300000;6,806827950000070;51,225712917000067;0
246125;5;7;74;32;2019;8;16;3;3;1;7;0;1;1;0;0;0;0;484249,872519996020000;5729300,450842611500000;8,772023048000051;51,714418994000027;0
246128;5;7;66;40;2019;8;9;3;3;0;3;0;1;1;0;0;0;0;486307,198375488630000;5760043,716960828800000;8,800583820000043;51,990889719000052;1
246133;5;9;62;4;2019;8;17;3;3;0;7;0;1;0;1;0;0;0;407470,832763927060000;5683642,181633517100000;7,672845460000076;51,296573447000071;0
246134;5;9;13;0;2019;8;16;3;2;5;2;0;1;1;0;0;0;0;388839,004999999890000;5706567,706000002100000;7,398528221000049;51,499304096000060;0
246135;5;9;13;0;2019;8;18;3;3;1;5;0;1;1;0;0;0;0;392092,605646682900000;5707554,443124346400000;7,445081383000058;51,508803801000056;0
246136;5;5;54;8;2019;8;7;2;3;5;3;0;1;1;0;0;0;0;336117,486005635930000;5746273,953991035000000;6,620942617000026;51,843192694000038;0
246137;5;5;13;0;2019;8;3;2;3;0;7;2;1;0;0;0;0;0;365903,687905700880000;5712412,921956140500000;7,066064516000040;51,546857266000075;0
246138;5;5;13;0;2019;8;7;2;3;5;3;0;1;1;0;0;0;0;369035,215009882110000;5706764,232711479100000;7,113300264000031;51,496829048000052;0
246139;5;3;70;20;2019;8;15;2;3;0;7;0;1;0;0;0;0;1;306219,512401840650000;5654315,506648534900000;6,237717675000056;51,007722550000040;1
246144;5;3;34;2;2019;8;9;2;3;5;2;0;1;1;0;0;0;0;299036,686579767610000;5627473,900121832300000;6,150220601000058;50,764180899000053;0
246147;5;3;82;44;2019;8;8;2;2;0;5;0;1;1;0;0;0;0;361674,092417493460000;5631277,982792371900000;7,036341711000034;50,816688814000031;1
246150;5;3;62;36;2019;8;22;2;3;0;1;2;1;0;0;0;0;0;345159,056909002360000;5651515,668963272100000;6,793487325000058;50,994364969000060;0
246151;5;3;16;0;2019;8;17;2;3;6;1;0;1;0;1;0;0;0;358560,992764275520000;5655416,564650157500000;6,982814029000053;51,032871891000070;0
246152;5;3;15;0;2019;8;12;2;3;5;2;0;1;1;0;0;0;0;363267,296000001020000;5639540,779000001000000;7,055858649000072;50,891329477000056;0
246153;5;3;15;0;2019;8;1;2;2;0;1;2;1;0;0;0;0;0;352555,291000001130000;5649647,502000002200000;6,899565473000052;50,979519227000026;0
246156;5;3;15;0;2019;8;6;2;3;5;3;1;1;1;0;0;0;0;352350,779716907070000;5643258,967064045400000;6,899244887000066;50,922056134000059;0
246157;5;3;15;0;2019;8;15;2;3;4;2;0;1;1;0;0;0;0;356309,761641043240000;5643073,874790774700000;6,955607400000076;50,921392262000040;0
246159;5;3;14;0;2019;8;7;2;3;5;2;0;1;1;0;0;0;0;369174,996415949430000;5617114,374443411800000;7,147795097000028;50,691127071000039;1
246162;5;1;70;24;2019;8;10;2;3;0;3;0;1;1;0;0;0;0;337753,253844336610000;5703048,469648443200000;6,664717613000050;51,455334410000034;0
246163;5;1;70;48;2019;8;16;2;3;5;2;0;1;1;0;0;0;0;335908,876353112980000;5728094,604320988100000;6,626500826000040;51,679815866000069;0
246166;5;1;62;24;2019;8;13;2;3;5;3;0;1;1;0;0;0;0;338755,263448350130000;5674740,456346996100000;6,691937591000055;51,201283080000053;0
246170;5;1;20;0;2019;8;0;6;3;0;7;2;1;0;0;0;0;0;373575,607838776890000;5672947,343484383100000;7,190685447000021;51,193935171000078;1
246173;5;1;14;0;2019;8;14;2;3;5;3;0;1;1;0;0;0;0;330710,179999999700000;5689183,494000002700000;6,570051317000036;51,328712529000029;0
246177;5;1;13;0;2019;8;15;2;3;4;2;0;1;1;0;0;0;0;361021,701698218470000;5698664,751702355200000;7,001112957000032;51,422131423000053;0
246181;5;1;12;0;2019;8;21;2;3;5;3;1;1;1;0;0;0;0;343624,911465502340000;5699329,087693490100000;6,750802170000043;51,423568415000034;0
246182;5;1;12;0;2019;8;16;2;3;0;7;0;1;1;0;0;0;0;345122,283418599520000;5704507,362916978100000;6,770055544000059;51,470506343000068;0
246183;5;5;66;16;2019;8;16;3;3;4;6;0;1;0;0;0;0;0;406043,302505792120000;5791201,904298579300000;7,623256503000050;52,263167577000047;0
246184;5;5;66;8;2019;8;9;3;3;5;3;0;1;1;0;0;0;0;398024,740951068700000;5781156,858274906900000;7,508829518000027;52,171458799000050;1
246186;5;5;54;20;2019;8;18;3;2;5;3;0;1;1;0;0;0;0;365614,207634250630000;5783130,444777378800000;7,034378378000042;52,182252201000040;0
246187;5;5;15;0;2019;8;13;3;3;1;6;0;1;0;0;0;1;0;405269,566804376430000;5758836,076545298100000;7,620930994000048;51,972125799000082;0
246189;5;5;62;20;2019;8;8;3;3;5;7;0;1;1;0;0;0;0;370892,066170568580000;5717478,651883769800000;7,136103721000040;51,593545654000081;0
246190;5;5;62;32;2019;8;16;3;3;1;5;0;1;1;0;0;0;0;376176,043969693590000;5715091,121292907700000;7,213188318000050;51,573274597000079;1
246193;5;3;62;20;2019;8;11;3;3;0;1;0;1;0;0;0;0;0;342445,221260420050000;5630333,159456279100000;6,763984945000061;50,803287171000079;0
246195;5;3;15;0;2019;8;16;3;2;0;7;0;1;0;0;0;0;0;349066,578557280820000;5656729,885642983000000;6,846957810000049;51,042258619000052;1
246196;5;3;15;0;2019;8;9;3;3;0;7;0;1;0;0;0;0;0;351482,850799721670000;5646066,139160299700000;6,885760939000022;50,947059969000065;0
246197;5;3;15;0;2019;8;18;3;3;5;2;0;1;1;0;0;0;0;357175,833525577560000;5638785,036041861400000;6,969599130000063;50,883063521000054;0
246198;5;3;15;0;2019;8;12;3;3;1;5;0;1;1;0;0;0;0;353634,333011156880000;5643327,750751383600000;6,917466742000045;50,923001303000035;0
246199;5;3;15;0;2019;8;13;3;3;1;5;0;1;1;0;0;0;0;356465,990682665260000;5646015,169915406000000;6,956670219000046;50,947864216000028;0
246202;5;3;15;0;2019;8;18;3;2;0;1;0;1;0;0;0;0;0;356830,974133793260000;5643300,920011770000000;6,962928941000030;50,923562266000033;1
246205;5;1;70;8;2019;8;16;3;3;3;5;0;1;0;0;0;0;1;344347,551483795980000;5714617,731377108000000;6,754445510000039;51,561133464000079;0
246209;5;1;66;12;2019;8;17;3;3;1;2;0;1;1;0;0;0;0;320416,840740710500000;5694509,864373767700000;6,419771321000042;51,373401725000065;1
246214;5;1;14;0;2019;8;12;3;3;0;1;0;1;0;0;0;0;0;330435,514364031140000;5689746,291365597400000;6,565844783000046;51,333686805000070;0
246217;5;7;54;32;2019;8;17;4;3;0;1;0;1;0;0;0;0;0;459946,480065946470000;5738657,100146370000000;8,419176228000026;51,797334430000035;0
246221;5;7;74;32;2019;8;14;3;3;5;3;0;1;1;0;0;0;0;481397,044583692220000;5728946,835797986000000;8,730748809000033;51,711152167000080;0
246223;5;7;70;32;2019;8;18;3;3;5;3;0;1;1;0;0;0;0;495440,013247172350000;5790495,671940244700000;8,933181819000026;52,264825906000056;0
246233;5;9;15;0;2019;8;14;3;3;0;5;0;1;1;0;0;0;0;418579,338023993190000;5724389,506468707700000;7,822742789000074;51,664583819000029;0
246234;5;9;14;0;2019;8;5;3;3;3;7;2;1;0;0;0;0;1;393719,439300334080000;5690887,471150366600000;7,473516869000036;51,359298988000035;0
246237;5;9;13;0;2019;8;14;3;3;5;2;0;1;1;0;0;0;0;392296,547104530970000;5708272,202548872700000;7,447799681000049;51,515294225000048;0
246240;5;5;70;40;2019;8;16;2;3;5;3;0;1;1;0;0;0;0;419250,655000002120000;5744262,957000002300000;7,827830675000030;51,843332297000075;0
246242;5;5;66;12;2019;8;14;2;3;5;3;0;1;0;0;0;0;1;405186,824918051250000;5772522,034774396600000;7,615932938000071;52,095125030000077;0
246243;5;5;58;16;2019;8;18;2;3;0;1;0;1;0;0;0;0;0;381402,072168898770000;5743748,854064036200000;7,278816262000021;51,831956094000077;0
246245;5;5;62;32;2019;8;21;2;2;1;5;1;1;1;0;0;0;0;376512,807522617280000;5715536,591552529500000;7,217888761000040;51,577352019000045;1
246248;5;3;34;8;2019;8;17;2;3;5;3;0;1;1;0;0;0;0;303328,840356467290000;5644670,013433756300000;6,201777597000046;50,920107729000051;0
246250;5;3;82;20;2019;8;10;2;3;4;2;0;1;1;0;0;0;0;380032,920578270220000;5625590,368512548500000;7,298686707000059;50,769658134000053;0
246255;5;3;62;32;2019;8;16;2;3;5;3;0;1;1;0;0;0;0;340984,131848128510000;5637291,551527703200000;6,740247484000065;50,865414525000062;1
246257;5;3;62;36;2019;8;4;2;3;0;1;2;1;0;0;0;0;0;345758,114897063000000;5647833,809445921300000;6,803579427000045;50,961440952000032;0
246260;5;3;15;0;2019;8;15;2;3;0;1;0;1;0;0;0;0;0;355330,988463237880000;5648425,549135066600000;6,939565448000053;50,969241959000044;0
246263;5;3;15;0;2019;8;14;2;3;0;2;0;1;1;0;1;0;0;355709,993999999950000;5640052,265000002500000;6,948274406000053;50,894087779000074;1
246265;5;3;15;0;2019;8;14;2;3;0;1;0;1;0;0;0;0;0;356115,037416800860000;5643656,786277027800000;6,952608789000067;50,926582288000077;1
246267;5;3;15;0;2019;8;16;2;3;1;5;0;1;1;0;0;0;0;356111,655228619460000;5644968,577853590300000;6,952042821000021;50,938370327000030;1
246268;5;9;74;40;2019;8;11;4;2;5;3;0;1;1;0;0;0;0;438242,122925038450000;5714365,525132454900000;8,108770214000060;51,576969063000035;0
246270;5;3;14;0;2019;8;9;2;3;5;3;0;1;1;0;0;0;0;369718,426734670070000;5617466,074817579200000;7,155360642000062;50,694410228000038;0
246272;5;3;14;0;2019;8;16;2;3;5;2;0;1;1;0;0;0;0;364010,379551606250000;5622375,070383701500000;7,072779695000065;50,737225031000037;1
246273;5;1;70;32;2019;8;6;2;3;5;3;0;1;1;0;0;0;0;333050,186000000690000;5712649,588999999700000;6,592545224000048;51,540221763000034;0
246276;5;1;58;28;2019;8;12;2;2;0;1;0;1;0;0;0;0;0;348802,448702429420000;5689684,365633172900000;6,829319096000063;51,338311145000034;0
246280;5;1;19;0;2019;8;19;2;3;4;2;0;1;1;0;0;0;0;351198,727348402140000;5708674,834618166100000;6,855720890000043;51,509583483000029;1
246281;5;1;24;0;2019;8;12;2;3;6;6;0;1;0;1;0;0;0;372319,195458215660000;5680583,579134082400000;7,169993335000072;51,262286970000048;0
246284;5;1;13;0;2019;8;14;2;3;6;6;0;1;0;1;0;0;0;361935,312557958070000;5702130,405578108500000;7,012893243000065;51,453498497000055;0
246285;5;1;12;0;2019;8;16;2;3;0;3;0;1;1;0;0;0;0;343480,625915767620000;5701288,851488707600000;6,747862547000068;51,441136838000034;0
246286;5;1;12;0;2019;8;17;2;3;5;3;0;1;1;0;0;0;0;345504,588752659040000;5704876,254286028400000;6,775394268000071;51,473925336000036;1
246291;5;7;62;8;2019;8;17;2;2;1;5;0;1;1;0;0;0;0;525944,341395636090000;5723747,627545040100000;9,375118582000027;51,664113294000060;1
246293;5;7;11;0;2019;8;17;2;3;3;2;0;1;1;0;0;0;0;464229,950832087550000;5759068,231393158400000;8,479171785000062;51,981136373000027;1
246294;5;7;11;0;2019;8;19;2;3;0;7;0;1;0;0;0;0;0;468837,895999999720000;5766607,059000002200000;8,545576947000029;52,049192932000039;1
246296;5;9;14;0;2019;8;13;2;3;1;5;0;1;1;0;0;0;0;391962,497889078220000;5690979,476693399300000;7,448264234000021;51,359794561000058;0
246298;5;9;16;0;2019;8;9;2;3;6;6;0;1;0;1;0;0;0;372189,818478630860000;5710220,109714672000000;7,157467478000058;51,528609250000045;0
246299;5;5;58;24;2019;8;6;1;3;0;1;1;1;0;0;0;0;0;393781,060936788100000;5736647,841042835300000;7,460571145000074;51,770623408000063;0
246300;5;5;58;16;2019;8;8;1;3;5;3;0;1;1;0;0;0;0;381670,495127387340000;5744476,954476926500000;7,282460930000070;51,838556582000081;0
246304;5;3;74;12;2019;8;13;1;3;0;1;0;1;0;0;0;0;0;396776,815427471880000;5649459,733364971400000;7,529310270000053;50,987458811000067;0
246306;5;3;66;40;2019;8;17;1;2;0;4;0;1;0;1;0;0;0;347888,259120129980000;5624570,427363783100000;6,843556918000047;50,752955117000056;0
246308;5;3;62;28;2019;8;16;1;3;3;6;0;1;0;0;0;0;0;346972,052963640540000;5639171,067474773200000;6,824487678000025;50,883920195000030;0
246309;5;3;62;24;2019;8;23;1;3;9;1;2;1;0;0;0;0;0;342279,242463891390000;5640960,028254155100000;6,757054125000025;50,898733444000072;0
246311;5;3;62;8;2019;8;20;1;3;4;6;0;1;0;0;1;0;0;337228,755864187140000;5645938,095162866600000;6,683071410000025;50,942061301000081;0
246314;5;3;15;0;2019;8;13;1;3;0;1;0;1;0;0;0;0;0;358004,607415689160000;5648362,906801667100000;6,977643056000034;50,969344290000038;0
246315;5;3;15;0;2019;8;14;1;3;0;1;0;1;0;0;0;0;0;353929,950139542110000;5655280,275015413800000;6,916867573000047;51,030488784000056;0
246317;5;3;15;0;2019;8;0;1;3;2;7;2;1;1;0;0;0;0;356002,631000000980000;5643883,899000002100000;6,950920707000023;50,928595270000073;0
246319;5;9;62;40;2019;8;15;4;3;5;3;0;1;1;0;0;0;0;418835,225362615660000;5696320,867801658800000;7,832914391000031;51,412289644000055;0
246320;5;1;70;20;2019;8;10;1;3;5;5;0;1;1;0;0;0;0;324620,379175473940000;5709764,727633805900000;6,472545820000050;51,511751287000038;0
246323;5;1;54;52;2019;8;12;1;3;5;3;0;1;1;0;0;0;0;309957,968490459020000;5702909,595912184600000;6,265177650000055;51,445441449000043;0
246324;5;1;62;8;2019;8;12;1;3;4;6;0;1;0;0;0;0;1;333614,348724014130000;5664390,577251656000000;6,623202067000023;51,106820541000047;0
246326;5;1;14;0;2019;8;20;1;2;0;1;0;1;0;0;0;0;0;328586,012574341150000;5691930,583408352000000;6,538269064000076;51,352755257000069;0
246327;5;1;13;0;2019;8;11;1;2;0;1;0;1;0;0;0;0;0;357983,610680304470000;5700406,954081740200000;6,956747988000075;51,437034020000056;0
246330;5;7;11;0;2019;8;9;1;3;5;3;0;1;1;0;0;0;0;466432,302662960250000;5766118,542707677900000;8,510546573000056;52,044660414000077;0
246332;5;9;62;40;2019;8;19;1;2;0;6;0;1;0;0;0;0;0;416158,791000001130000;5700417,196000002300000;7,793468702000041;51,448725519000050;0
246335;5;9;15;0;2019;8;14;1;2;4;7;0;1;0;0;0;0;1;414244,594466879030000;5727777,712113464300000;7,759250138000027;51,694396726000036;0
246338;5;5;70;4;2019;8;1;7;3;0;1;2;1;0;0;0;0;0;422829,892205704000000;5735265,833574289500000;7,881779497000025;51,762958461000039;0
246339;5;5;70;4;2019;8;10;7;3;5;3;0;1;1;0;0;0;0;424538,148026306180000;5735154,563185559600000;7,906551942000021;51,762191008000059;0
246340;5;5;66;76;2019;8;15;7;3;5;3;0;1;1;0;0;0;0;395302,378452890550000;5793749,709310352800000;7,465137372000072;52,284125857000049;0
246341;5;5;58;16;2019;8;0;7;2;1;6;2;1;1;0;0;0;0;380909,182196768000000;5744998,187896633500000;7,271236514000066;51,843079130000035;0
246342;5;5;54;68;2019;8;19;7;3;3;6;0;1;0;0;0;0;0;349785,384534796700000;5768532,460620915500000;6,809469648000061;52,047018377000029;0
246343;5;5;15;0;2019;8;19;7;3;0;7;0;1;0;0;0;0;0;406986,799995218400000;5754946,830095632000000;7,646975397000063;51,937457294000069;0
246346;5;3;34;32;2019;8;0;7;2;0;7;2;1;0;0;0;0;0;303858,043384004380000;5630256,844493458000000;6,217018940000060;50,790827637000064;1
246349;5;3;82;68;2019;8;16;7;3;0;7;0;1;1;0;0;0;0;367511,941657471470000;5632882,954668851600000;7,118586521000054;50,832479164000063;0
246353;5;3;66;4;2019;8;18;7;3;0;1;0;1;0;0;0;0;0;342130,692999999970000;5605281,546000002000000;6,770227118000037;50,578084496000031;0
246354;5;3;62;12;2019;8;12;7;3;6;4;0;1;0;1;0;0;0;352402,496000000280000;5632675,366999998700000;6,904251954000074;50,826958142000080;0
246355;5;3;62;32;2019;8;16;7;3;5;3;0;1;1;0;0;0;0;338555,837300067770000;5637922,987773040300000;6,705490009000073;50,870415328000036;0
246357;5;3;15;0;2019;8;12;7;3;5;3;0;1;1;0;0;0;0;359556,945000001230000;5644985,653999999200000;7,001040612000054;50,939373204000049;0
246361;5;3;14;0;2019;8;11;7;3;2;6;0;1;1;0;0;0;0;361755,840249575670000;5619552,105730649100000;7,041906662000031;50,711320873000034;0
246363;5;1;58;16;2019;8;16;7;3;4;6;0;1;0;0;0;0;0;356630,308840906250000;5670067,261361345600000;6,949479602000054;51,164053466000041;0
246364;5;1;66;16;2019;8;11;7;3;0;7;0;1;1;0;0;0;0;304796,382477975450000;5689290,804156037000000;6,198477307000076;51,321374203000062;0
246366;5;1;66;32;2019;8;12;7;2;0;1;0;1;0;0;0;0;0;319206,130549433640000;5678949,220828112200000;6,410278646000052;51,233239246000039;0
246368;5;1;14;0;2019;8;22;7;2;0;7;2;1;0;0;0;0;0;330377,011432454920000;5689554,597130745600000;6,565097044000027;51,331947203000027;0
246369;5;1;14;0;2019;8;16;7;3;1;3;0;1;1;0;0;0;0;329991,463723128660000;5690529,466384392200000;6,559102638000070;51,340590120000059;0
246375;5;1;12;0;2019;8;22;7;3;0;1;2;1;0;0;0;0;0;342655,058000001130000;5702909,998999999800000;6,735272664000036;51,455473777000066;0
246376;5;1;11;0;2019;8;11;7;3;1;3;0;1;0;0;0;0;1;343819,661684466530000;5676067,995878484100000;6,763791521000030;51,214618388000076;0
246379;5;7;74;32;2019;8;8;7;3;0;7;0;1;0;0;0;0;1;478750,777912072840000;5725929,888322781800000;8,692632265000043;51,683931901000051;0
246380;5;7;62;20;2019;8;20;7;3;4;3;0;1;0;0;0;0;0;524903,287172212270000;5735881,912308052200000;9,360934295000050;51,773262336000073;0
246381;5;7;58;36;2019;8;8;7;2;0;2;0;1;1;0;0;0;0;490609,314346119760000;5779552,655121203500000;8,862700696000047;52,166380325000034;0
246382;5;7;58;32;2019;8;9;7;2;0;1;0;1;0;0;0;0;0;463718,205000001940000;5777786,981000000600000;8,469731413000034;52,149393628000041;0
246383;5;7;54;20;2019;8;0;7;2;0;1;2;1;0;0;0;0;0;447525,832789870910000;5748368,049970159300000;8,237603887000034;51,883612304000053;1
246385;5;9;74;40;2019;8;21;7;3;0;1;1;1;1;0;0;0;0;438651,992746970620000;5714762,784837748900000;8,114614892000077;51,580585399000029;0
246387;5;9;58;4;2019;8;22;7;2;0;7;2;1;0;0;0;0;0;435545,366000001320000;5692824,758000003200000;8,073789993000048;51,383003182000039;0
246392;5;9;14;0;2019;8;12;7;3;5;3;0;1;1;0;0;0;0;400615,088100568390000;5689689,568033751100000;7,572858000000053;51,349779180000041;0
246398;5;9;11;0;2019;8;13;7;3;5;3;0;1;1;0;0;0;0;375625,632014214990000;5704010,579522315400000;7,209161624000046;51,473569439000073;0
246400;5;5;66;84;2019;8;12;6;2;5;2;0;1;1;0;0;0;0;385974,212793860580000;5778928,427502201900000;7,333441163000032;52,149073754000028;0
246403;5;5;15;0;2019;8;19;6;3;1;1;0;1;1;0;0;0;0;402052,354151618670000;5753019,594558427100000;7,575767954000071;51,919288075000054;0
246404;5;5;15;0;2019;8;16;6;3;5;5;0;1;1;0;0;0;0;406263,405884018170000;5751993,163393368900000;7,637260036000043;51,910786790000031;0
246406;5;5;15;0;2019;8;20;6;2;5;3;0;1;0;0;0;0;0;406113,489298013970000;5757492,658656243200000;7,633580199000051;51,960193760000038;1
246409;5;5;13;0;2019;8;1;6;3;0;7;2;1;0;0;0;0;0;367240,441999999810000;5713014,464000003400000;7,085104507000040;51,552579172000037;0
246412;5;9;13;0;2019;8;5;4;3;0;7;1;1;0;0;0;0;0;396069,238445173020000;5708358,835714194900000;7,502125046000060;51,516779638000060;0
246415;5;3;34;2;2019;8;16;6;3;0;1;0;1;0;0;0;0;0;296593,561013221740000;5628577,259237442200000;6,115012264000029;50,773239476000072;1