OBJECTID;ULAND;UREGBEZ;UKREIS;UGEMEINDE;UJAHR;UMONAT;USTUNDE;UWOCHENTAG;UKATEGORIE;UART;UTYP1;ULICHTVERH;IstRad;IstPKW;IstFuss;IstKrad;IstGkfz;IstSonstige;LINREFX;LINREFY;XGCSWGS84;YGCSWGS84;STRZUSTAND
246416;5;3;78;8;2019;8;11;6;3;1;7;0;1;1;0;0;0;0;366033,428000001240000;5661299,278999999200000;7,087141544000076;51,087532649000082;1
246418;5;3;62;28;2019;8;6;6;3;5;3;0;1;0;0;1;0;0;349211,260576711040000;5636956,598719928400000;6,857210375000022;50,864608839000027;0
246419;5;3;62;32;2019;8;9;6;3;3;6;0;1;1;0;0;0;0;339068,298373826780000;5642851,601230805700000;6,710595915000056;50,914844219000031;0
246422;5;3;16;0;2019;8;11;6;2;1;5;0;1;1;0;0;0;0;359254,554021580140000;5655054,370518894900000;6,992839661000062;51,029787148000025;0
246424;5;5;70;52;2019;8;16;3;3;4;3;0;1;0;0;0;0;0;431420,578413423150000;5756937,440592233100000;8,001937676000068;51,958900253000081;1
246425;5;3;15;0;2019;8;13;6;2;0;1;0;1;0;0;0;0;0;354847,130683457480000;5648423,804078506300000;6,932679636000046;50,969104551000044;0
246427;5;3;15;0;2019;8;5;6;3;5;3;2;1;1;0;0;0;0;352878,949299318720000;5647324,197713308000000;6,905112638000048;50,958723573000043;0
246428;5;3;15;0;2019;8;15;6;2;0;1;0;1;0;0;0;0;0;354746,069607268090000;5645189,150648174800000;6,932532021000043;50,940010193000035;1
246429;5;3;15;0;2019;8;16;6;2;3;1;0;1;0;0;1;0;0;356012,738110228440000;5643109,745311655100000;6,951370139000062;50,921640581000077;1
246431;5;3;14;0;2019;8;10;6;3;0;2;0;1;1;0;0;0;0;362579,905161390080000;5623675,976454142500000;7,052034475000028;50,748580465000032;0
246434;5;1;54;8;2019;8;13;6;3;0;7;0;1;0;0;0;0;0;310678,560553310440000;5745975,379998732400000;6,252240606000044;51,832467468000061;1
246442;5;3;15;0;2019;8;15;1;3;0;1;0;1;1;0;0;0;0;355544,706834614280000;5643416,828985244000000;6,944593987000076;50,924283303000038;1
246443;5;3;15;0;2019;8;20;1;3;2;6;1;1;1;0;0;0;0;356601,466793406750000;5644375,247427552900000;6,959243037000022;50,933160145000045;0
246449;5;1;22;0;2019;8;14;1;3;0;1;0;1;0;0;0;0;0;367017,411000000310000;5669866,055999999900000;7,098022586000070;51,164754278000032;1
246450;5;1;12;0;2019;8;19;1;3;5;2;0;1;1;0;0;0;0;344197,010973766450000;5698430,813088499000000;6,759418953000022;51,415654990000064;0
246453;5;7;74;32;2019;8;21;1;2;5;2;2;1;1;0;0;0;0;486030,898676519280000;5729658,752931822100000;8,797788155000035;51,717687797000053;0
246454;5;7;74;32;2019;8;19;1;3;4;6;0;1;0;0;0;0;0;482541,094654642050000;5729721,606387557500000;8,747268294000037;51,718155144000036;1
246457;5;9;13;0;2019;8;19;1;3;2;6;0;1;0;0;1;0;0;387946,037545587870000;5712712,820633268000000;7,383714000000055;51,554360743000075;0
246458;5;1;11;0;2019;8;19;2;3;0;7;0;1;1;0;0;0;0;344677,092210548930000;5675227,619323223800000;6,776422244000059;51,207301139000037;0
246462;5;5;54;20;2019;8;1;7;2;0;1;2;1;0;0;0;0;0;365847,545000000860000;5782926,949999999300000;7,037869667000052;52,180480512000031;1
246464;5;3;82;68;2019;8;22;7;3;8;7;2;1;0;0;0;0;0;367109,963282751850000;5630689,117159394500000;7,113676393000048;50,812669031000041;1
246466;5;3;62;12;2019;8;1;7;3;9;1;2;1;0;0;0;0;0;351292,986354002730000;5633693,876681244000000;6,888096164000046;50,835827202000075;1
246468;5;3;16;0;2019;8;0;7;3;2;6;2;1;0;0;0;0;0;360133,575095076110000;5657246,869096487800000;7,004520606000028;51,049705667000069;0
246469;5;3;15;0;2019;8;15;7;3;3;2;0;1;0;0;1;0;0;366918,472000001000000;5634918,556000001700000;7,109424326000067;50,850638688000060;0
246470;5;9;70;40;2019;8;15;2;3;1;6;0;1;1;0;0;0;0;432199,712786758320000;5638504,093987081200000;8,035946718000048;50,894216353000047;0
246472;5;3;15;0;2019;8;11;7;3;1;5;0;1;1;0;0;0;0;358710,248938852920000;5646286,134331697600000;6,988492797000049;50,950853829000039;0
246473;5;3;15;0;2019;8;18;7;3;0;1;0;1;0;0;0;0;0;351916,393063744530000;5648668,282016772800000;6,890869404000057;50,970555574000059;1
246474;5;3;15;0;2019;8;11;7;3;1;5;0;1;1;0;0;0;0;356315,095287744890000;5642954,522463435300000;6,955730255000049;50,920320984000057;0
246475;5;3;15;0;2019;8;13;7;3;0;1;0;1;0;0;0;0;0;355439,378963188270000;5644303,014531599400000;6,942744943000037;50,932220902000040;0
246477;5;3;82;4;2019;8;15;7;2;0;7;0;1;0;0;0;0;0;360920,294504394750000;5616977,499774806200000;7,031048928000075;50,687981911000065;0
246479;5;1;70;48;2019;8;12;7;2;5;2;0;1;0;0;1;0;0;336111,591522644270000;5726553,870294192800000;6,630153170000028;51,666033465000055;0
246485;5;1;14;0;2019;8;10;7;2;0;1;0;1;0;0;0;0;0;329968,159547749910000;5690452,777266301200000;6,558804993000024;51,339894190000052;0
246489;5;1;13;0;2019;8;1;7;3;8;2;2;1;0;0;0;0;0;359853,780924870630000;5700067,128688449000000;6,983771413000056;51,434445995000033;1
246494;5;1;12;0;2019;8;0;7;3;1;1;2;1;1;0;0;0;0;341205,314801440570000;5702927,158484933900000;6,714416006000022;51,455223200000034;1
246495;5;1;12;0;2019;8;13;7;3;0;1;0;1;0;0;0;0;0;341239,745256084020000;5711991,358334936200000;6,710833363000063;51,536670738000055;1
246496;5;1;14;0;2019;8;11;2;2;6;4;0;1;0;1;0;0;0;330483,987903802660000;5689158,731923408800000;6,566819527000064;51,328422698000054;0
246499;5;7;74;16;2019;8;14;7;3;0;1;0;1;0;0;0;0;0;469733,718246610840000;5711529,370560668400000;8,563449052000067;51,554039118000048;0
246502;5;7;58;12;2019;8;13;7;3;0;3;0;1;1;0;0;0;0;482301,330222012480000;5775122,385661140100000;8,741463154000030;52,126345456000081;0
246512;5;5;70;8;2019;8;17;6;3;4;6;0;1;1;0;0;0;0;432279,941790304150000;5738704,180344166200000;8,018019849000041;51,795091842000033;0
246513;5;5;54;8;2019;8;12;6;3;9;1;0;1;0;0;0;0;0;334491,928941835650000;5744484,316309569400000;6,598222866000072;51,826636409000059;0
246516;5;5;62;24;2019;8;9;6;3;2;7;0;1;0;0;0;0;1;369996,387771499340000;5725484,543992912400000;7,120208210000044;51,665286168000080;0
246517;5;5;62;32;2019;8;17;6;3;2;3;0;1;1;0;0;0;0;374162,915920478290000;5713878,975565716600000;7,184587988000033;51,561935164000033;0
246520;5;3;34;32;2019;8;4;6;3;1;5;2;1;1;0;0;0;0;303635,576124025510000;5629062,932162325800000;6,214504195000075;50,780028378000054;0
246523;5;3;82;76;2019;8;19;6;3;5;3;0;1;1;0;0;0;0;404107,748999999840000;5627806,927000002900000;7,639410055000042;50,794065512000032;0
246526;5;3;62;24;2019;8;8;6;2;0;1;0;1;0;0;0;0;0;342867,488980364990000;5645464,310421060800000;6,763472406000062;50,939368268000067;0
246527;5;3;15;0;2019;8;12;6;3;5;2;0;1;1;0;0;0;0;353580,591771359560000;5643320,959829213100000;6,916705363000062;50,922926639000082;0
246529;5;1;70;28;2019;8;12;6;3;5;2;0;1;1;0;0;0;0;331932,926000000910000;5704173,565999999600000;6,580487514000026;51,463744281000061;0
246531;5;1;70;48;2019;8;6;6;3;3;6;0;1;1;0;0;0;0;336514,338216237720000;5727016,438318960400000;6,635755157000062;51,670306400000072;0
246533;5;1;54;44;2019;8;18;6;2;5;3;0;1;1;0;0;0;0;324315,328017219900000;5739739,396249119200000;6,453102179000041;51,780908910000051;0
246536;5;1;14;0;2019;8;10;6;3;3;6;0;1;1;0;0;0;0;330839,072999999860000;5689043,916000001100000;6,571965896000052;51,327496923000069;0
246539;5;1;12;0;2019;8;19;6;3;9;7;0;1;0;0;0;0;0;344356,930714976040000;5697391,526045896100000;6,762172988000032;51,406360920000054;0
246542;5;1;11;0;2019;8;16;6;3;0;3;0;1;0;0;0;0;0;344970,816992897540000;5678538,009308928600000;6,779192198000033;51,237126114000034;0
246545;5;7;70;4;2019;8;10;6;3;4;6;0;1;0;0;0;0;0;486221,469470022250000;5783881,333717947800000;8,798371322000037;52,205205715000034;0
246546;5;7;70;8;2019;8;20;6;2;5;3;0;1;1;0;0;0;0;475887,751475185160000;5799657,980352144700000;8,646026749000043;52,346688283000049;0
246547;5;7;62;8;2019;8;14;6;3;6;6;0;1;0;1;0;0;0;525977,429402407260000;5723505,442769669000000;9,375578972000028;51,661934213000052;0
246549;5;7;66;44;2019;8;8;6;3;0;3;0;1;1;0;0;0;0;492042,763000000270000;5764265,062000000800000;8,884015828000031;52,028955313000040;0
246555;5;9;13;0;2019;8;19;6;3;0;1;0;1;0;0;0;0;0;395105,701422216370000;5697835,989006152400000;7,491366857000060;51,422015365000050;0
246557;5;9;13;0;2019;8;19;6;3;1;7;0;1;1;0;0;0;0;392219,504405853340000;5707683,804659659000000;7,446869696000022;51,509990775000063;0
246558;5;9;13;0;2019;8;10;6;3;0;1;0;1;0;0;0;0;0;395163,386000000870000;5707218,356000002500000;7,489413698000021;51,506360951000033;1
246559;5;9;11;0;2019;8;6;6;3;5;2;0;1;1;0;0;0;0;376507,098313406110000;5703626,980563838000000;7,221981125000070;51,470314957000028;0
246561;5;5;66;60;2019;8;16;5;3;0;3;0;1;0;0;0;0;0;389171,607587661590000;5789245,384718820500000;7,376777797000045;52,242443707000064;1
246562;5;5;66;16;2019;8;20;5;3;0;7;0;1;0;0;0;0;0;403624,591999999250000;5794743,585000000900000;7,586814424000067;52,294580984000049;1
246568;5;5;54;8;2019;8;14;5;3;5;2;0;1;0;0;0;0;1;336667,554771350700000;5745689,062626928100000;6,629196644000047;51,838099487000079;1
246570;5;5;15;0;2019;8;11;5;2;8;1;0;1;0;0;0;0;0;400518,361156403090000;5756313,913224251900000;7,552517540000054;51,948626089000072;0
246572;5;3;70;12;2019;8;21;5;3;0;7;1;1;1;0;0;0;0;297670,428000001240000;5649758,244000000900000;6,118551695000065;50,963850275000027;0
246579;5;3;34;2;2019;8;19;5;3;5;3;0;1;1;0;0;0;0;295443,788342691960000;5628758,907303500900000;6,098625858000048;50,774466641000060;1
246581;5;3;34;2;2019;8;15;5;2;0;7;0;1;0;0;0;0;0;295887,149332323110000;5630307,688093349300000;6,104046023000024;50,788532944000053;0
246583;5;3;62;28;2019;8;20;5;3;1;5;0;1;1;0;0;0;0;349080,471929840740000;5639037,643129028400000;6,854494365000051;50,883275785000080;1
246584;5;5;54;8;2019;8;17;1;3;5;3;0;1;1;0;0;0;0;337334,985439822080000;5745754,612491346900000;6,638844819000042;51,838883144000079;0
246587;5;3;15;0;2019;8;7;5;3;3;2;0;1;1;0;0;0;0;364490,008000000380000;5633776,662000002300000;7,075368273000038;50,839811915000041;1
246591;5;3;15;0;2019;8;19;5;3;6;6;0;1;0;1;0;0;0;357043,098841773350000;5646814,520626282300000;6,964566424000054;50,955191306000074;1
246595;5;3;15;0;2019;8;6;5;2;5;5;1;1;1;0;0;0;0;353301,647169178350000;5641599,139852622500000;6,913431609000043;50,907382371000040;1
246597;5;3;14;0;2019;8;5;5;2;5;3;2;1;1;0;0;0;0;368221,080629686820000;5617480,955042226200000;7,134166532000052;50,694206655000073;1
246598;5;3;82;48;2019;8;16;5;3;5;3;0;1;1;0;0;0;0;354070,407326772810000;5610162,403774842600000;6,936826736000057;50,625055549000081;0
246599;5;3;14;0;2019;8;19;5;3;3;6;0;1;1;0;0;0;0;362182,385289398020000;5620447,733845152000000;7,047610002000056;50,719471809000026;0
246600;5;3;14;0;2019;8;17;5;3;0;6;0;1;1;0;0;0;0;362364,526346099560000;5620049,614526314700000;7,050337221000063;50,715936789000068;0
246601;5;3;82;24;2019;8;17;5;3;0;7;0;1;0;0;0;0;0;371672,827495827340000;5617825,952416963900000;7,182892766000066;50,698079460000031;0
246602;5;3;14;0;2019;8;20;5;3;0;1;0;1;0;0;0;0;0;365534,366448299960000;5621831,091299146400000;7,094562996000036;50,732690642000080;0
246605;5;1;58;20;2019;8;14;5;3;5;3;0;1;1;0;0;0;0;356790,383393017580000;5664245,655190508800000;6,954081939000048;51,111777453000059;0
246606;5;1;62;24;2019;8;10;5;3;5;3;0;1;1;0;0;0;0;339136,102543063460000;5674013,929095896000000;6,697709764000024;51,194862644000068;0
246608;5;1;16;0;2019;8;15;5;2;1;1;0;1;1;0;0;0;0;320698,847474902870000;5674237,656921431400000;6,433992483000054;51,191385553000032;0
246613;5;1;13;0;2019;8;9;5;3;5;7;0;1;0;0;0;0;0;356793,811403803530000;5704068,685237253100000;6,938159332000055;51,469638745000054;0
246614;5;1;12;0;2019;8;16;5;3;0;3;0;1;1;0;0;0;0;340441,906101377680000;5697438,779265148600000;6,705909625000061;51,405697610000061;0
246621;5;1;11;0;2019;8;13;5;3;0;5;0;1;1;0;0;0;0;346946,982077293100000;5680696,595541674600000;6,806555662000051;51,257055659000059;1
246625;5;7;74;32;2019;8;16;5;3;5;3;0;1;1;0;0;0;0;483017,630224846300000;5729320,773592144300000;8,754186001000051;51,714565765000032;0
246631;5;9;74;20;2019;8;17;5;3;5;2;0;1;1;0;0;0;0;465941,272843462420000;5721125,936835160500000;8,507818321000059;51,640107981000028;1
246634;5;9;14;0;2019;8;19;5;3;5;2;0;1;1;0;0;0;0;390012,264000001360000;5689561,224000001300000;7,420702937000044;51,346672284000078;0
246636;5;5;70;4;2019;8;7;4;3;5;3;0;1;1;0;0;0;0;423731,482647797090000;5735383,854324445100000;7,894815297000037;51,764142960000072;0
246638;5;9;11;0;2019;8;12;2;3;1;5;0;1;0;0;0;0;1;381697,859129525720000;5703381,638690512600000;7,296762201000036;51,469218978000072;0
246639;5;5;54;12;2019;8;14;4;3;0;1;0;1;0;0;0;0;0;352554,404586845080000;5746152,679014327000000;6,859416786000054;51,846685492000063;0
246640;5;5;54;68;2019;8;18;4;3;0;6;0;1;1;0;0;0;0;351512,353230721320000;5767459,465138342200000;6,835099923000030;52,037843368000040;0
246641;5;5;54;12;2019;8;11;4;3;5;3;0;1;1;0;0;0;0;352158,679204888640000;5745545,885625761000000;6,853935459000070;51,841128877000074;0
246642;5;5;15;0;2019;8;10;4;3;5;3;0;1;0;0;0;0;0;403741,242193545210000;5755467,216614913200000;7,599632932000077;51,941582754000081;0
246644;5;5;62;32;2019;8;11;4;3;1;5;0;1;1;0;0;0;0;374586,472960180600000;5719481,360828895100000;7,188693567000030;51,612378712000066;0
246645;5;3;70;40;2019;8;15;4;3;5;3;0;1;1;0;0;0;0;310543,350962269120000;5669478,211357316000000;6,291332361000059;51,145359500000040;0
246647;5;3;34;4;2019;8;17;4;3;5;3;0;1;0;0;0;0;1;304367,940673593430000;5639758,997780675100000;6,219173650000073;50,876349938000033;0
246650;5;3;82;44;2019;8;11;4;3;5;3;0;1;1;0;0;0;0;361849,575604855080000;5630788,784323664400000;7,039015477000021;50,812334024000052;0
246651;5;3;78;4;2019;8;12;4;2;0;1;0;1;1;0;0;0;0;366657,945903280750000;5648889,623400235500000;7,100619547000065;50,976146475000064;0
246652;5;3;74;24;2019;8;13;4;3;0;1;0;1;0;0;0;0;0;400346,598617125300000;5658572,758359141600000;7,577648687000021;51,070011165000039;0
246655;5;3;62;20;2019;8;7;4;3;5;3;0;1;1;0;0;0;0;342944,152271482160000;5630111,199257198700000;6,771154973000023;50,801428089000069;0
246656;5;3;62;8;2019;8;15;4;3;4;6;0;1;0;0;0;0;0;333586,063711091880000;5646812,960449190800000;6,630867521000027;50,948882075000029;0
246657;5;3;16;0;2019;8;21;4;3;5;3;1;1;1;0;0;0;0;358003,520476394330000;5655506,043862052300000;6,974833670000066;51,033538560000068;0
246658;5;3;15;0;2019;8;19;4;3;0;1;0;1;0;0;0;0;0;359451,812000000850000;5653003,979000002100000;6,996445568000070;51,011408624000069;0
246659;5;3;15;0;2019;8;17;4;2;3;2;0;1;0;0;0;0;0;363398,259305480870000;5647643,805627338600000;7,054683422000039;50,964185866000037;0
246660;5;3;15;0;2019;8;18;4;3;4;6;0;1;0;0;0;0;1;351109,283155881800000;5645231,835758300500000;6,880787871000052;50,939466197000058;0
246661;5;3;15;0;2019;8;12;4;3;0;5;0;1;1;0;0;0;0;349797,752000001260000;5644502,299000000600000;6,862434937000046;50,932570199000054;0
246662;5;3;15;0;2019;8;11;4;3;0;5;0;1;1;0;0;0;0;358870,617354636080000;5639746,600096222000000;6,993305059000022;50,892121707000058;0
246663;5;3;15;0;2019;8;16;4;3;3;6;0;1;0;0;0;1;0;356204,586554189210000;5641963,251334790100000;6,954549784000051;50,911385007000035;0
246664;5;3;15;0;2019;8;9;4;3;5;3;0;1;1;0;0;0;0;356716,696351355870000;5642292,044683743300000;6,961700356000051;50,914467206000040;0
246665;5;3;15;0;2019;8;9;4;3;5;3;0;1;1;0;0;0;0;356812,244000000880000;5642691,028000002700000;6,962902065000037;50,918076559000042;0
246666;5;7;74;32;2019;8;16;2;3;5;3;0;1;0;0;0;0;0;483291,867410949430000;5729460,539971215700000;8,758148749000043;51,715830685000071;0
246668;5;3;14;0;2019;8;13;4;2;5;3;0;1;1;0;0;0;0;370149,928108062600000;5616975,196337433500000;7,161639367000021;50,690094537000050;0
246669;5;3;82;32;2019;8;16;4;3;5;3;0;1;1;0;0;0;0;361943,398106804120000;5610338,157188186400000;7,047999968000056;50,628552521000074;0
246670;5;1;17;0;2019;8;19;2;3;1;7;0;1;0;0;0;0;1;354060,811000000690000;5703049,175000000700000;6,899259440000037;51,459779462000029;0
246671;5;3;14;0;2019;8;9;4;3;5;3;0;1;0;0;0;0;1;369557,675000000750000;5622919,554000001400000;7,151157616000035;50,743391455000051;0
246672;5;3;14;0;2019;8;13;4;3;0;1;0;1;0;0;0;0;0;365199,346502668220000;5622988,133994141600000;7,089395204000027;50,743012376000081;0
246673;5;1;70;32;2019;8;4;4;3;5;3;2;1;0;0;0;0;1;331222,500077286740000;5718064,665993485600000;6,563615065000022;51,588324613000054;0
246674;5;1;70;20;2019;8;11;4;2;0;5;0;1;1;0;0;0;0;326611,590962987390000;5708295,231985295200000;6,501934700000049;51,499165078000033;0
246676;5;1;70;48;2019;8;12;4;3;1;7;0;1;1;0;0;0;0;336543,622599972410000;5726209,928609654300000;6,636555524000073;51,663069387000064;0
246677;5;1;70;48;2019;8;8;4;3;5;2;0;1;1;0;0;0;0;335230,420561776500000;5725984,159705469400000;6,617691745000059;51,660657684000057;0
246678;5;1;70;48;2019;8;7;4;3;0;7;0;1;1;0;0;0;0;336838,750303502190000;5727253,307526547500000;6,640331715000059;51,672528694000050;0
246679;5;1;66;32;2019;8;17;4;3;1;1;0;1;1;0;0;0;0;316269,877686710100000;5684934,316952383100000;6,365192792000073;51,286063222000053;0
246685;5;1;11;0;2019;8;15;4;3;3;2;0;1;1;0;0;0;0;347140,693235289310000;5674157,126611840000000;6,812118912000074;51,198346718000039;0
246686;5;1;11;0;2019;8;2;4;3;1;1;2;1;1;0;0;0;0;343213,475613017570000;5687188,409482210900000;6,750243911000041;51,314371061000031;1
246687;5;1;11;0;2019;8;8;4;3;3;2;0;1;1;0;0;0;0;345502,924380170180000;5677580,069029452300000;6,787221670000065;51,228662939000060;0
246689;5;7;74;20;2019;8;7;4;3;8;1;0;1;0;0;0;0;0;469930,563926519830000;5735545,567095447300000;8,564221698000040;51,769984532000080;0
246690;5;7;74;32;2019;8;17;4;2;4;6;0;1;0;0;0;0;0;483715,456701590680000;5730059,643109899000000;8,764252164000027;51,721229870000059;0
246693;5;7;62;4;2019;8;6;4;2;0;1;0;1;0;0;0;0;0;501624,321000002320000;5731464,506999999300000;9,023521607000021;51,734095644000035;1
246694;5;7;62;20;2019;8;8;4;3;4;6;0;1;1;0;0;0;0;526464,147376383650000;5736259,198544753700000;9,383584756000062;51,776582929000028;0
246697;5;9;78;20;2019;8;15;6;2;5;3;0;1;1;0;0;0;0;407325,833243343050000;5717306,837055895500000;7,661948760000030;51,599173909000058;0
246699;5;9;74;28;2019;8;16;6;3;5;2;0;1;1;0;0;0;0;454129,318000001830000;5725630,962000003100000;8,336543579000022;51,679772698000079;0
246702;5;9;70;4;2019;8;19;6;3;7;7;0;1;0;0;0;0;1;457317,403816237110000;5656015,168827736800000;8,391011788000071;51,054079388000048;0
246705;5;9;14;0;2019;8;15;6;3;4;7;0;1;1;0;0;0;0;390772,143999999390000;5694088,067000001700000;7,430218593000063;51,387508629000081;0
246707;5;9;13;0;2019;8;12;6;3;0;7;0;1;1;0;0;0;0;390912,010372186080000;5707893,384741764500000;7,427971279000076;51,511623624000038;0
246708;5;9;13;0;2019;8;11;6;3;4;6;0;1;1;0;0;0;0;394605,314416578970000;5698662,639892470100000;7,483926870000062;51,429353048000053;0
246711;5;5;70;52;2019;8;17;5;3;5;3;0;1;1;0;0;0;0;431335,796791824510000;5755492,518282614600000;8,000992740000072;51,945900425000048;0
246712;5;5;66;76;2019;8;8;5;2;5;3;0;1;1;0;0;0;0;394188,002307248300000;5792809,066998943700000;7,449102333000042;52,275458673000060;0
246714;5;5;54;28;2019;8;17;5;3;5;3;0;1;1;0;0;0;0;357882,251374926420000;5743963,807971622800000;6,937609317000067;51,828399306000051;0
246715;5;5;15;0;2019;8;15;5;3;6;4;0;1;0;1;0;0;0;403536,499949340710000;5762052,810101321000000;7,594804696000040;52,000740583000038;0
246719;5;5;13;0;2019;8;15;5;3;3;5;0;1;1;0;0;0;0;366734,515909164210000;5708898,435532178700000;7,079369405000023;51,515470733000029;0
246720;5;5;13;0;2019;8;15;5;3;3;5;0;1;1;0;0;0;0;368680,073799865320000;5709917,617982992900000;7,107012510000061;51,525085510000054;0
246721;5;5;13;0;2019;8;13;5;3;5;3;0;1;1;0;0;0;0;367607,299063736570000;5709463,963684953700000;7,091728033000038;51,520758182000066;0
246722;5;5;13;0;2019;8;15;5;3;5;3;0;1;1;0;0;0;0;368479,767606392500000;5712947,835200194300000;7,102994595000041;51,552270666000027;0
246726;5;3;70;16;2019;8;19;5;3;5;3;0;1;1;0;0;0;0;300677,106768156400000;5660093,877818202600000;6,155637288000037;51,057726807000051;0
246727;5;1;12;0;2019;8;14;6;3;3;5;0;1;1;0;0;0;0;343934,207828518930000;5707852,153299873700000;6,751485303000038;51,500232279000045;0
246728;5;3;58;4;2019;8;15;5;3;0;1;0;1;0;0;0;0;0;309361,602000000890000;5641891,050000004500000;6,288958295000043;50,897169983000026;0
246736;5;3;66;24;2019;8;13;5;2;0;1;0;1;0;0;0;0;0;326789,141027060340000;5601633,375548461500000;6,555438505000041;50,540957961000061;0
246737;5;3;62;40;2019;8;12;5;3;5;2;0;1;1;0;0;0;0;357237,137718822810000;5631457,195265168300000;6,973326911000072;50,817222684000058;0
246738;5;3;15;0;2019;8;18;5;3;6;6;0;1;0;1;0;0;0;359843,578441370280000;5634518,372415637600000;7,009133684000062;50,845371163000038;0
246740;5;3;15;0;2019;8;19;5;3;5;3;0;1;1;0;0;0;0;360252,859000001100000;5644757,811999999000000;7,011026714000025;50,937494627000035;0
246744;5;3;15;0;2019;8;18;5;3;3;5;0;1;1;0;0;0;0;359666,796023321340000;5647248,086398707700000;7,001731169000038;50,959732669000061;0
246745;5;3;15;0;2019;8;12;5;3;5;3;0;1;1;0;0;0;0;355602,509135362690000;5648334,593205111100000;6,943465998000022;50,968492690000062;0
246748;5;3;15;0;2019;8;2;5;2;5;2;2;1;1;0;0;0;0;355659,502161300740000;5644543,932189216800000;6,945779968000068;50,934441115000027;0
246753;5;3;82;32;2019;8;15;5;3;5;3;0;1;1;0;0;0;0;360019,294294108640000;5609788,287333540600000;7,021019528000068;50,623151644000075;0
246755;5;1;58;8;2019;8;17;5;2;0;5;0;1;0;0;0;0;1;359653,298381390980000;5672763,232407590400000;6,991633895000064;51,189031010000065;0
246756;5;1;11;0;2019;8;17;6;3;2;6;0;1;1;0;0;0;0;349873,791000001130000;5674776,251000000200000;6,850949108000066;51,204634750000082;0
246757;5;1;66;28;2019;8;9;5;3;5;3;0;1;0;0;0;0;1;325558,864623125640000;5688333,773510204600000;6,496601011000053;51,319522568000082;0
246758;5;1;66;20;2019;8;17;5;3;0;3;0;1;0;0;0;0;0;305220,444000000130000;5677699,041999997600000;6,210870127000021;51,217409330000066;0
246759;5;1;66;32;2019;8;20;5;3;6;4;1;1;0;1;0;0;0;316710,385997783390000;5684796,614252608300000;6,371573476000037;51,284968207000077;0
246760;5;1;62;4;2019;8;14;5;3;0;1;0;1;0;0;0;0;0;344822,781341799530000;5665819,932624466700000;6,782565136000073;51,122808043000077;0
246762;5;1;62;22;2019;8;9;5;3;5;2;0;1;1;0;0;0;0;339365,662000000480000;5679853,230000000400000;6,698376088000032;51,247392781000030;0
246763;5;1;14;0;2019;8;17;5;2;5;2;0;1;1;0;0;0;0;330353,507772833110000;5690519,471072502400000;6,564300398000057;51,340608474000078;0
246764;5;1;14;0;2019;8;19;5;3;0;3;0;1;0;0;0;0;0;329898,588056956420000;5687612,367859933500000;6,559162949000040;51,314355642000066;0
246767;5;1;24;0;2019;8;21;5;3;5;3;2;1;1;0;0;0;0;372981,154834306800000;5681801,264539878800000;7,179043223000065;51,273378854000043;0
246769;5;1;24;0;2019;8;11;5;3;0;1;0;1;0;0;0;0;0;366454,848611826080000;5679020,858895342800000;7,086574041000063;51,246899006000035;0
246770;5;1;11;0;2019;8;15;6;3;5;2;0;1;1;0;0;0;0;348067,081337218170000;5672775,285205807500000;6,825952714000039;51,186176965000072;0
246773;5;1;13;0;2019;8;16;5;3;4;6;0;1;1;0;0;0;0;364797,390833680520000;5699808,291258756100000;7,054947150000032;51,433321218000060;0
246774;5;1;13;0;2019;8;12;5;2;0;1;0;1;0;0;0;0;0;361829,317927211520000;5700568,738590126900000;7,011978428000020;51,439438890000076;0
246776;5;1;12;0;2019;8;16;5;3;5;3;0;1;1;0;0;0;0;346619,107831006870000;5698756,047014009200000;6,794082108000055;51,419237699000064;0
246778;5;1;12;0;2019;8;11;5;3;5;3;0;1;1;0;0;0;0;340682,005786052910000;5700692,357795989100000;6,707896285000061;51,434997380000027;0
246779;5;1;11;0;2019;8;14;5;3;1;5;0;1;1;0;0;0;0;348482,001479891130000;5671800,685849301500000;6,832296321000058;51,177529568000068;0
246781;5;1;11;0;2019;8;13;5;3;0;7;0;1;0;0;0;0;0;353213,490284320900000;5667520,997567014800000;6,901684292000027;51,140305636000051;0
246784;5;1;11;0;2019;8;18;5;3;5;3;0;1;1;0;0;0;0;346143,718502762730000;5681395,206296773600000;6,794752516000074;51,263116793000052;0
246785;5;1;11;0;2019;8;8;5;2;5;3;0;1;1;0;0;0;0;344927,778256733900000;5681564,762454614000000;6,777264740000021;51,264310836000050;0
246786;5;7;62;40;2019;8;12;5;3;8;3;0;1;0;0;0;0;1;502038,995620871890000;5719171,832766424900000;9,029454668000028;51,623565310000060;0
246787;5;7;54;44;2019;8;23;5;3;0;6;2;1;0;0;0;0;1;466132,955251182430000;5748107,554131157700000;8,507958239000061;51,882711147000066;0
246788;5;7;54;48;2019;8;22;5;2;0;1;2;1;0;0;0;0;0;441513,398511991840000;5766113,159434201200000;8,147237112000028;52,042542908000030;0
246789;5;7;11;0;2019;8;9;5;3;1;2;0;1;0;0;0;0;1;470900,645000000480000;5764381,615000002100000;8,575845585000025;52,029296888000033;0
246790;5;9;78;40;2019;8;15;5;2;5;5;0;1;0;0;0;1;0;403558,422123786060000;5724137,328251598400000;7,605689619000032;51,659939783000027;0