OBJECTID;ULAND;UREGBEZ;UKREIS;UGEMEINDE;UJAHR;UMONAT;USTUNDE;UWOCHENTAG;UKATEGORIE;UART;UTYP1;ULICHTVERH;IstRad;IstPKW;IstFuss;IstKrad;IstGkfz;IstSonstige;LINREFX;LINREFY;XGCSWGS84;YGCSWGS84;STRZUSTAND
247150;5;1;12;0;2019;8;3;7;3;9;7;2;1;0;0;0;0;0;345600,446515177380000;5700220,737600266900000;6,778805301000034;51,432121539000036;0
247151;5;1;12;0;2019;8;9;7;3;3;2;0;1;0;0;0;0;1;345823,341000000950000;5697867,986999999700000;6,783032792000029;51,411042511000062;0
247152;5;1;12;0;2019;8;19;7;3;2;2;0;1;1;0;0;0;0;341284,032706315630000;5697500,803436162000000;6,717979434000029;51,406491162000066;0
247153;5;7;70;4;2019;8;5;3;2;8;1;2;1;0;0;0;0;0;488310,973580867980000;5782757,529794124900000;8,828986788000066;52,195150310000031;0
247154;5;1;11;0;2019;8;19;7;3;1;5;0;1;1;0;0;0;0;344865,925830557010000;5673853,099617969200000;6,779717470000037;51,195001807000040;0
247159;5;9;13;0;2019;8;12;3;2;5;3;0;1;1;0;0;0;0;392725,605719312090000;5708349,972461065300000;7,453957090000074;51,516074894000042;0
247160;5;7;54;8;2019;8;19;7;3;5;3;0;1;1;0;0;0;0;456986,575291045010000;5748433,684636669200000;8,375040838000075;51,885012624000069;0
247162;5;7;11;0;2019;8;23;7;3;0;1;2;1;0;0;0;0;0;466682,967000001110000;5767707,550999999000000;8,514046428000029;52,058961605000036;0
247163;5;9;78;36;2019;8;20;7;3;0;7;2;1;0;0;0;0;0;407033,964782716710000;5710366,850162828300000;7,659572045000061;51,536741178000057;0
247164;5;9;74;40;2019;8;23;7;2;0;1;2;1;0;0;0;0;0;440188,710397661660000;5711048,619926257100000;8,137422416000050;51,547357986000065;0
247169;5;9;62;24;2019;8;11;7;3;0;3;0;1;1;0;0;0;0;408794,035665412430000;5695064,702963544100000;7,688891395000042;51,399470991000044;0
247170;5;5;70;20;2019;8;8;2;1;3;2;0;1;0;0;0;1;0;433061,822460816240000;5743462,438003314700000;8,028436206000038;51,837962458000050;0
247177;5;9;13;0;2019;8;18;7;3;2;6;0;1;1;0;0;0;0;399194,345000000670000;5712845,462000003100000;7,545864161000054;51,557675254000060;0
247178;5;9;13;0;2019;8;14;7;2;0;5;0;1;1;0;0;0;0;395104,819924543610000;5697836,501936338800000;7,491354032000061;51,422019812000030;0
247179;5;9;16;0;2019;8;22;7;2;4;6;2;1;0;0;0;0;1;378607,873784709720000;5711094,685359178100000;7,249642021000057;51,537885759000062;0
247180;5;5;66;40;2019;8;11;6;3;7;7;0;1;0;0;0;0;1;421253,212874969470000;5782037,346320373900000;7,848206610000034;52,183177361000048;0
247182;5;5;15;0;2019;8;20;6;3;5;7;1;1;1;0;0;0;0;405210,361912852150000;5757221,633220521700000;7,620515011000066;51,957604437000043;0
247183;5;5;15;0;2019;8;9;6;3;5;2;0;1;1;0;0;0;0;405164,439089749940000;5756901,175906611600000;7,619935355000052;51,954716203000032;0
247185;5;5;12;0;2019;8;11;6;3;1;5;0;1;1;0;0;0;0;360249,788068269380000;5710250,390735300300000;6,985435616000075;51,526052704000051;0
247187;5;5;62;32;2019;8;11;6;3;5;3;0;1;1;0;0;0;0;375627,359000002030000;5719742,241999998700000;7,203626175000068;51,614954200000057;0
247188;5;5;13;0;2019;8;15;6;3;1;7;0;1;1;0;0;0;0;366872,789156367070000;5713708,957539761400000;7,079541851000045;51,558733667000070;0
247190;5;5;70;44;2019;8;7;2;3;5;3;0;1;1;0;0;0;0;416508,964127025570000;5760042,213040642400000;7,784216186000037;51,984769895000056;0
247191;5;3;70;4;2019;8;13;6;3;3;2;0;1;1;0;0;0;0;311388,639072395860000;5661237,765041168800000;6,307710077000024;51,071619785000053;0
247194;5;3;34;36;2019;8;19;6;3;0;7;0;1;1;0;0;0;0;301275,881334523670000;5635730,902540078400000;6,177464497000074;50,839115628000059;0
247196;5;3;34;2;2019;8;15;6;3;1;5;0;1;1;0;0;0;0;299507,169840438290000;5629498,791489228600000;6,155779909000046;50,782530739000038;0
247197;5;3;34;2;2019;8;12;6;3;5;2;0;1;1;0;0;0;0;293327,597000000070000;5633471,368000000700000;6,066001211000071;50,816039324000030;0
247198;5;3;34;2;2019;8;18;6;2;5;3;0;1;1;0;0;0;0;294726,842924618160000;5629588,655871892300000;6,088007730000072;50,781665546000056;0
247199;5;5;66;28;2019;8;11;2;3;0;7;0;1;0;0;0;0;0;407069,102464506400000;5797439,512893101200000;7,636562377000075;52,319405278000033;0
247202;5;3;62;12;2019;8;7;6;3;0;3;0;1;1;0;0;0;0;351591,841518133880000;5631262,729037310900000;6,893321239000045;50,814055959000029;0
247203;5;5;54;20;2019;8;22;2;3;0;7;2;1;0;0;0;0;0;365184,447104550900000;5786301,066103627900000;7,026834842000028;52,210636403000080;0
247204;5;3;62;28;2019;8;14;6;3;1;5;0;1;1;0;0;0;0;352362,996103994550000;5639873,213440604500000;6,900788028000022;50,891632849000075;0
247206;5;3;62;24;2019;8;16;6;3;0;5;0;1;1;0;0;0;0;345787,451856699770000;5642087,604721378500000;6,806428520000054;50,909813431000032;0
247207;5;3;15;0;2019;8;11;6;3;0;7;0;1;0;0;0;0;0;363046,336000000130000;5640900,412000000500000;7,052208975000042;50,903496774000075;0
247209;5;3;15;0;2019;8;22;6;2;5;2;2;1;0;0;1;0;0;351700,827947923910000;5644655,802208578200000;6,889435846000026;50,934442115000081;0
247210;5;3;15;0;2019;8;7;6;3;4;2;0;1;1;0;0;0;0;352739,420631489720000;5645878,842112600800000;6,903711912000063;50,945699175000073;0
247214;5;3;15;0;2019;8;15;6;3;5;2;0;1;1;0;0;0;0;353874,763898399660000;5643391,657440515200000;6,920859645000064;50,923636556000076;0
247215;5;3;82;32;2019;8;14;6;3;5;7;0;1;1;0;0;0;0;360118,838999999690000;5612327,337000001200000;7,021467858000051;50,645995754000069;0
247219;5;1;70;24;2019;8;10;6;3;3;2;0;1;1;0;0;0;0;335665,278324552810000;5702064,316086057600000;6,635148986000047;51,445890463000069;0
247220;5;1;54;12;2019;8;6;6;3;1;7;1;1;1;0;0;0;0;314420,570628536870000;5711870,785085789900000;6,324611631000039;51,527410153000062;0
247221;5;1;54;8;2019;8;17;6;3;1;5;0;1;1;0;0;0;0;310390,055237592200000;5747746,688677771000000;6,247087749000059;51,848277431000042;0
247225;5;5;15;0;2019;8;7;2;3;5;2;0;1;1;0;0;0;0;409076,370806810450000;5752864,299980823000000;7,677912910000032;51,919083473000057;0
247232;5;1;24;0;2019;8;14;6;3;0;2;0;1;1;0;0;0;0;364627,458481128330000;5676547,843970023100000;7,061341903000027;51,224243272000081;0
247234;5;1;13;0;2019;8;17;6;3;0;3;0;1;1;0;0;0;0;362693,609633281830000;5700526,826076973200000;7,024422278000031;51,439272400000050;0
247235;5;1;13;0;2019;8;7;6;3;5;3;0;1;1;0;0;0;0;361140,373033796440000;5701633,061277894300000;7,001654677000033;51,448834795000039;0
247236;5;1;12;0;2019;8;18;6;3;4;2;0;1;1;0;0;0;0;343517,893878623840000;5699423,708196338300000;6,749222391000046;51,424389037000026;0
247238;5;1;11;0;2019;8;13;6;3;3;2;0;1;1;0;0;0;0;349948,411000000310000;5677807,845000000700000;6,850747841000043;51,231895757000075;0
247240;5;1;11;0;2019;8;15;6;3;5;3;0;1;1;0;0;0;0;346353,704882946800000;5679108,396474067100000;6,798741736000068;51,242625383000075;0
247241;5;1;11;0;2019;8;17;6;3;5;3;0;1;1;0;0;0;0;342069,291000000200000;5679125,540000002800000;6,737402917000054;51,241609427000071;0
247243;5;7;74;32;2019;8;16;6;3;5;3;0;1;0;0;0;0;0;478957,028349929490000;5731475,447760956400000;8,695280773000036;51,733801341000060;0
247244;5;7;74;8;2019;8;23;6;2;0;1;2;1;0;0;0;0;0;487194,872555880810000;5737063,072924174400000;8,814364619000060;51,784290001000045;0
247245;5;7;54;16;2019;8;11;6;3;5;3;0;1;1;0;0;0;0;445820,576356380250000;5757435,847320551100000;8,211403376000021;51,964970720000053;0
247246;5;7;54;8;2019;8;19;6;2;5;3;0;1;0;0;0;0;0;458247,867759487590000;5748799,327005155400000;8,393321274000073;51,888395872000046;0
247247;5;9;78;32;2019;8;14;6;3;5;3;0;1;1;0;0;0;0;394497,581000000240000;5727537,830000001900000;7,473712564000039;51,688876536000066;0
247248;5;9;78;4;2019;8;16;6;3;5;2;0;1;1;0;0;0;0;407878,715022027490000;5722718,545301707500000;7,668505742000036;51,647911052000040;0
247249;5;3;15;0;2019;8;12;6;3;2;3;0;1;1;0;0;0;1;354917,206000000240000;5647910,708999998900000;6,933881623000048;50,964511174000052;0
247250;5;9;74;52;2019;8;17;6;3;5;3;0;1;1;0;0;0;0;424351,348000000230000;5711280,887000002000000;7,909011441000075;51,547545036000031;0
247253;5;9;14;0;2019;8;14;6;3;3;6;0;1;1;0;0;0;0;397030,420000001790000;5692932,099000003200000;7,520462112000075;51,378287837000073;0
247254;5;9;14;0;2019;8;20;6;3;0;7;0;1;0;0;0;0;0;390995,623700381260000;5694244,974867213500000;7,433380895000028;51,388961971000072;0
247256;5;9;13;0;2019;8;17;6;3;5;3;0;1;1;0;0;0;0;389544,116923335940000;5710746,187791643700000;7,407372708000025;51,536999464000075;0
247257;5;9;13;0;2019;8;14;6;3;8;7;0;1;1;0;0;0;0;399950,087000000290000;5706979,859999999400000;7,558428686000070;51,505084929000077;0
247259;5;3;15;0;2019;8;2;6;3;0;7;2;1;0;0;0;0;0;349223,518000000160000;5645585,573000000800000;6,853820740000060;50,942154981000044;0
247263;5;9;16;0;2019;8;19;6;3;0;1;0;1;0;0;0;0;0;376402,781215858650000;5712043,300768731200000;7,217529961000025;51,545932741000058;0
247265;5;3;15;0;2019;8;1;6;3;0;1;2;1;0;0;0;0;0;357578,630170359280000;5636985,148604704100000;6,976022524000030;50,866987226000049;0
247273;5;5;54;8;2019;8;12;5;3;4;2;0;1;1;0;0;0;0;336047,950871765610000;5745765,144527060900000;6,620175273000029;51,838601424000046;0
247274;5;5;54;20;2019;8;14;5;3;4;3;0;1;1;0;1;0;0;363825,383919496090000;5786794,257475327700000;7,006758117000061;52,214733671000033;0
247276;5;5;62;32;2019;8;0;5;3;0;1;2;1;0;0;0;0;0;376056,420592303390000;5714834,370303675500000;7,211553607000042;51,570940829000051;0
247280;5;3;70;20;2019;8;7;5;2;7;5;0;1;0;0;0;0;0;305355,634999999780000;5658563,439000001200000;6,223138303000042;51,045585419000076;0
247284;5;3;34;12;2019;8;7;5;3;5;3;0;1;1;0;0;0;0;308319,166356056930000;5631728,152076730500000;6,279471235000074;50,805536077000056;0
247285;5;3;34;2;2019;8;16;5;3;0;2;0;1;0;1;0;0;0;295555,987352538850000;5628188,569189857700000;6,100532037000050;50,769383800000071;0
247288;5;3;74;44;2019;8;14;5;3;3;6;0;1;1;0;0;0;0;402752,969051403920000;5637201,568026259500000;7,617700219000028;50,878298897000036;0
247292;5;3;62;8;2019;8;18;5;3;2;6;0;1;1;0;0;0;0;337324,997791524980000;5645426,887015001800000;6,684668398000042;50,937495132000038;0
247293;5;3;16;0;2019;8;11;5;3;1;5;0;1;1;0;0;0;0;360046,134145990950000;5655201,793137697500000;7,004064048000032;51,031305323000026;0
247294;5;3;15;0;2019;8;15;5;3;5;3;0;1;0;0;1;0;0;365860,257000000220000;5637798,919000001600000;7,093344081000055;50,876282181000079;0
247296;5;3;15;0;2019;8;15;6;3;0;1;0;1;0;0;0;0;0;354855,227326927710000;5643810,201692435900000;6,934633817000076;50,927645407000057;0
247297;5;3;15;0;2019;8;14;5;3;5;3;0;1;1;0;0;0;0;359358,549068085850000;5642960,103420078800000;6,999000154000044;50,921120988000041;0
247298;5;3;15;0;2019;8;7;5;2;5;3;0;1;1;0;0;0;0;359229,177124531940000;5642679,251599848300000;6,997269091000021;50,918565389000037;0
247301;5;3;15;0;2019;8;7;5;3;0;2;0;1;1;0;0;0;0;352361,182676150460000;5645615,543416833500000;6,898438204000058;50,943236293000041;0
247302;5;3;15;0;2019;8;17;5;3;0;1;0;1;0;0;0;0;0;355578,347090369090000;5643461,519854331400000;6,945054614000071;50,924693354000055;0
247305;5;3;15;0;2019;8;15;6;3;1;7;0;1;1;0;0;0;0;353874,472544371150000;5643392,540479023000000;6,920855148000044;50,923644417000048;0
247308;5;1;70;52;2019;8;17;5;3;5;3;0;1;1;0;0;0;0;318323,971353758130000;5730548,644852370000000;6,371140715000024;51,696446050000077;0
247309;5;1;70;52;2019;8;7;5;3;0;1;1;1;0;0;0;0;0;323872,518015890380000;5726892,802289348100000;6,453185649000034;51,665375571000027;1
247311;5;1;70;20;2019;8;7;5;3;5;3;0;1;1;0;0;0;0;330304,016177766960000;5707851,859378008200000;6,555293283000026;51,496302493000030;1
247314;5;1;66;12;2019;8;19;5;2;4;6;0;1;1;0;0;0;0;327823,278915447180000;5698227,435145264500000;6,524274335000030;51,409092570000041;0
247315;5;1;62;24;2019;8;17;5;2;5;3;0;1;1;0;0;0;0;342849,347731094810000;5671049,732957353800000;6,752105899000071;51,169261736000067;0
247317;5;3;15;0;2019;8;7;6;3;0;7;0;1;0;0;0;0;0;356596,846608713270000;5644274,712606694500000;6,959216887000025;50,932255500000053;0
247319;5;1;14;0;2019;8;17;5;3;2;5;0;1;1;0;0;0;0;333330,429659040640000;5691154,795290058500000;6,606703727000024;51,347196854000060;0
247320;5;1;14;0;2019;8;15;5;3;3;2;0;1;1;0;0;0;0;329929,544571132400000;5688872,193069791400000;6,559005711000054;51,325682963000077;0
247323;5;1;13;0;2019;8;20;5;3;0;7;2;1;1;0;0;0;0;361720,787666462360000;5707737,487544465800000;7,007612675000075;51,503833208000060;0
247324;5;1;13;0;2019;8;13;5;3;0;7;0;1;0;0;0;0;0;356015,132282589560000;5702888,693538487000000;6,927436591000060;51,458837868000046;1
247327;5;1;13;0;2019;8;16;5;3;5;3;0;1;1;0;0;0;0;362895,210708221420000;5702184,039528982700000;7,026679024000032;51,454213735000053;0
247331;5;1;11;0;2019;8;5;5;3;5;3;1;1;1;0;0;0;0;344601,239416146650000;5675613,386376243100000;6,775170129000060;51,210746775000075;0
247334;5;7;70;4;2019;8;10;5;3;5;3;0;1;1;0;0;0;0;488242,338559345340000;5782792,773895243200000;8,827981423000040;52,195465716000058;1
247336;5;3;14;0;2019;8;7;6;3;0;7;0;1;0;0;0;0;0;363811,609887171540000;5619807,014293158400000;7,070912827000029;50,714097226000035;0
247339;5;7;54;44;2019;8;8;5;3;5;3;0;1;1;0;0;0;0;465668,292720534840000;5746745,189373415000000;8,501343120000058;51,870433968000043;1
247340;5;7;54;32;2019;8;19;5;3;0;2;0;1;0;0;0;0;0;461174,431039815770000;5740892,033778838800000;8,436731634000068;51,817514919000075;0
247341;5;7;54;28;2019;8;14;5;3;3;6;0;1;0;0;0;0;0;450728,247980863790000;5745141,829203495800000;8,284588034000024;51,854899333000049;0
247342;5;7;54;4;2019;8;14;5;3;5;3;0;1;1;0;0;0;0;454439,198977834550000;5772864,986558178400000;8,334784302000060;52,104456531000039;0
247344;5;9;74;28;2019;8;15;5;3;5;3;0;1;1;0;0;0;0;454984,480960583310000;5724952,436587577700000;8,348998946000052;51,673741363000033;0
247345;5;9;74;52;2019;8;12;5;3;3;2;0;1;0;0;0;0;0;425104,991771462370000;5713288,412913212600000;7,919450621000067;51,565693316000079;0
247346;5;9;74;40;2019;8;7;5;3;5;7;0;1;1;0;0;0;0;438721,122540741230000;5713977,320779491200000;8,115749514000072;51,573531177000064;1
247349;5;3;14;0;2019;8;17;6;3;1;2;0;1;1;0;0;0;0;365987,460443427790000;5621713,704512836400000;7,101022441000055;50,731740286000047;0
247351;5;9;58;32;2019;8;16;5;3;5;7;0;1;1;0;0;0;0;448005,455328433770000;5689552,138765648000000;8,253301333000024;51,354856856000026;0
247354;5;9;13;0;2019;8;5;5;2;5;3;2;1;0;0;1;0;0;401752,731127779930000;5709090,914130287200000;7,583805077000022;51,524377381000079;0
247355;5;9;16;0;2019;8;11;5;3;0;6;0;1;1;0;0;0;0;376833,985734673220000;5710577,085090206900000;7,224258458000065;51,532849636000037;0
247358;5;5;70;52;2019;8;12;4;3;5;3;0;1;1;0;0;0;0;430120,383000002240000;5756360,212000001200000;7,983136038000055;51,953549306000070;0
247360;5;3;15;0;2019;8;15;6;3;5;3;0;1;0;0;0;0;1;355747,345116443930000;5647208,815996976600000;6,945973711000022;50,958411876000071;0
247361;5;5;66;20;2019;8;11;4;3;0;3;0;1;0;0;0;0;1;404976,823493628760000;5804049,945107428400000;7,604004554000028;52,378460018000055;0
247362;5;5;15;0;2019;8;16;4;3;3;6;0;1;0;0;0;0;1;401555,745720622130000;5758914,799599710900000;7,566861198000026;51,972187957000074;0
247364;5;5;15;0;2019;8;0;4;3;5;7;2;1;1;0;0;0;0;405572,788563166750000;5755964,362370241400000;7,626133271000072;51,946365192000030;1
247365;5;5;15;0;2019;8;16;4;3;1;5;0;1;1;0;0;0;0;407157,448180687610000;5758049,197175862300000;7,648618884000030;51,965371517000051;0
247366;5;5;12;0;2019;8;8;4;3;5;7;0;1;1;0;0;0;0;355348,891923469490000;5710272,307283187300000;6,914827399000046;51,525015613000051;0
247367;5;5;13;0;2019;8;17;4;3;5;3;0;1;1;0;0;0;0;368231,232317222280000;5709716,597072562200000;7,100621428000068;51,523174438000069;0
247371;5;3;34;2;2019;8;10;4;3;3;6;0;1;1;0;0;0;0;293866,106000000610000;5627718,676000000900000;6,076862153000036;50,764565716000050;0
247372;5;3;82;56;2019;8;19;4;3;0;1;0;1;0;0;0;0;0;371386,110000001270000;5626720,292000001300000;7,175730908000048;50,777961569000070;1
247375;5;3;78;28;2019;8;17;4;3;4;6;0;1;1;0;0;0;0;372022,237939417360000;5639784,615794517100000;7,180186436000042;50,895527369000035;0
247378;5;3;66;16;2019;8;20;4;3;8;6;1;1;1;0;0;0;0;343388,129249381830000;5614633,539055222600000;6,784025542000052;50,662463472000070;0
247379;5;3;62;28;2019;8;12;4;3;3;6;0;1;0;0;0;0;0;351066,632326023650000;5639628,575331164500000;6,882468490000065;50,889101600000060;0
247383;5;3;15;0;2019;8;8;4;3;5;2;0;1;1;0;0;0;0;351595,996000002140000;5650141,560000000500000;6,885707955000044;50,983712592000074;0
247384;5;1;70;24;2019;8;15;6;3;5;3;0;1;1;0;0;0;0;338162,994876729320000;5702605,414875658200000;6,670812619000060;51,451471113000082;0
247385;5;3;15;0;2019;8;17;4;3;3;2;0;1;0;0;0;0;1;353653,729717805050000;5646926,307852694800000;6,916297062000069;50,955345182000030;0
247386;5;3;15;0;2019;8;20;4;3;5;3;2;1;0;0;0;1;0;353989,071314642210000;5639353,869385357900000;6,924100001000056;50,887378968000064;0
247387;5;3;15;0;2019;8;13;4;3;5;2;0;1;1;0;0;0;0;356716,696351355870000;5642292,044683743300000;6,961700356000051;50,914467206000040;0
247388;5;3;15;0;2019;8;9;4;3;0;1;0;1;0;0;0;0;0;353783,052996466870000;5643157,437921550100000;6,919649566000032;50,921508463000066;0
247389;5;3;15;0;2019;8;16;4;3;0;3;0;1;1;0;0;0;0;355868,430876826870000;5644468,951382570000000;6,948781007000036;50,933819526000036;0
247393;5;1;70;20;2019;8;1;4;2;4;7;2;1;1;0;0;0;0;329198,979128187520000;5706952,928651705400000;6,539824391000025;51,487894246000053;0
247394;5;1;70;28;2019;8;11;4;3;3;2;0;1;0;0;1;0;0;328770,445654778740000;5701776,145204715400000;6,536165251000057;51,441259269000057;0
247395;5;1;54;16;2019;8;11;4;3;9;1;0;1;1;0;0;0;0;304063,904975398440000;5728131,917440900600000;6,166415382000025;51,669947217000072;0
247396;5;1;19;0;2019;8;12;4;3;6;4;0;1;0;1;0;0;0;352116,178735127670000;5705053,325033333200000;6,870449274000066;51,477283197000077;0
247398;5;1;14;0;2019;8;17;4;3;5;3;0;1;1;0;0;0;0;330880,358427654020000;5690327,495110485700000;6,571948528000064;51,339040754000052;0
247399;5;1;14;0;2019;8;14;4;3;5;3;0;1;0;0;1;0;0;330373,410921508450000;5685672,290554449000000;6,566892079000070;51,297067902000038;0
247400;5;1;24;0;2019;8;22;4;3;0;1;2;1;0;0;0;0;0;372487,225436019710000;5680651,824836626600000;7,172376005000047;51,262937941000075;0
247403;5;1;13;0;2019;8;18;4;3;0;2;0;1;1;0;0;0;0;362690,653833123860000;5700289,529253322600000;7,024471805000076;51,437139222000042;0
247405;5;1;12;0;2019;8;8;4;3;3;6;0;1;1;0;0;0;0;344200,722949064340000;5699694,012930184600000;6,758916991000035;51,427005818000055;0
247406;5;1;12;0;2019;8;13;4;3;0;7;0;1;0;0;0;0;0;344952,876364449040000;5701118,296710694200000;6,769103925000024;51,440009292000070;0
247407;5;1;12;0;2019;8;16;4;3;8;7;0;1;0;0;0;0;0;341517,234866335990000;5703068,094076225500000;6,718838598000048;51,456576856000027;0
247413;5;1;11;0;2019;8;17;4;3;0;5;0;1;1;0;0;0;0;345850,778129500340000;5677053,597293809100000;6,792426255000066;51,224026398000035;0
247414;5;7;74;24;2019;8;14;4;3;0;7;0;1;1;0;0;0;0;476257,861566036010000;5741361,320066608500000;8,655519198000036;51,822578736000082;0
247415;5;7;74;24;2019;8;21;4;3;0;1;2;1;0;0;0;0;0;474458,376822796650000;5744302,610921602700000;8,629193429000054;51,848944582000058;0
247421;5;7;11;0;2019;8;2;4;3;1;1;2;1;1;0;0;0;0;468580,728322769520000;5763702,976183261700000;8,542093746000035;52,023068921000061;0
247423;5;1;70;48;2019;8;20;6;3;5;3;1;1;1;0;0;0;0;333333,207873215900000;5726477,438197555000000;6,590051819000053;51,664529694000066;0
247425;5;9;74;40;2019;8;19;4;3;0;1;0;1;0;0;0;0;0;438925,136266402900000;5712342,650819141400000;8,118977150000035;51,558856717000026;0
247433;5;9;54;36;2019;8;20;4;2;0;1;0;1;0;0;0;0;0;384461,120000000110000;5700107,870999999300000;7,337597020000032;51,440365310000061;0
247435;5;9;16;0;2019;8;17;4;3;6;6;0;1;0;1;0;0;0;376808,724936368880000;5711312,285413999100000;7,223637184000040;51,539451626000073;0
247437;5;5;66;12;2019;8;19;3;3;3;2;1;1;0;0;0;0;0;402753,325000001120000;5774380,828000001600000;7,579890120000073;52,111409604000073;0
247439;5;5;54;4;2019;8;15;3;3;4;2;0;1;1;0;0;0;0;361096,578999998980000;5770329,922000000300000;6,973570063000068;52,066118884000048;0
247440;5;1;54;52;2019;8;21;6;3;0;3;2;1;0;0;0;0;0;315506,478099419740000;5710774,408125666900000;6,340822346000039;51,517918277000035;0
247441;5;5;15;0;2019;8;12;3;3;5;2;0;1;1;0;0;0;0;405208,894000000320000;5757219,747000003200000;7,620494175000033;51,957587232000037;0
247444;5;5;62;12;2019;8;21;3;3;4;6;2;1;0;0;0;0;0;362796,278638717720000;5731713,391610352300000;7,013714079000067;51,719546947000026;0
247447;5;3;70;4;2019;8;7;3;2;5;3;0;1;0;0;0;0;0;310014,584834227340000;5659603,434930801400000;6,288978110000073;51,056486561000042;0
247454;5;3;15;0;2019;8;14;6;3;6;4;0;1;0;1;0;0;0;356564,842982598580000;5647029,520584495700000;6,957676866000043;50,957004645000040;0
247455;5;3;82;56;2019;8;10;3;2;0;5;0;1;1;0;0;0;0;372004,548436359500000;5625921,612722784300000;7,184776150000062;50,770919603000038;0
247459;5;3;15;0;2019;8;0;3;3;6;7;2;1;0;1;0;0;0;356486,916793066080000;5645445,620553141500000;6,957192345000067;50,942750964000027;0
247460;5;3;15;0;2019;8;22;3;3;0;7;2;1;0;0;0;0;0;355321,464701694440000;5645905,640215175200000;6,940431636000028;50,946593782000036;1
247462;5;3;14;0;2019;8;19;3;3;0;3;1;1;1;0;0;0;0;370164,927405940370000;5617558,520019507000000;7,161646619000067;50,695340998000063;1
247463;5;3;14;0;2019;8;19;3;3;3;7;0;1;1;0;0;0;0;365821,538105871530000;5620840,497462375100000;7,098990424000021;50,723853627000040;1
247465;5;1;70;20;2019;8;10;3;3;0;1;0;1;0;0;0;0;0;330073,325379340910000;5708275,157102668700000;6,551769276000073;51,500035906000051;0
247467;5;1;58;28;2019;8;10;3;3;5;3;0;1;0;0;0;0;1;349225,989243389110000;5684836,389622669700000;6,837445088000038;51,294861682000032;0
247470;5;1;54;44;2019;8;13;6;3;3;7;0;1;0;0;0;0;0;320517,387891222720000;5737836,213675271700000;6,399087513000040;51,762609411000028;0
247471;5;1;54;4;2019;8;19;3;2;8;1;0;1;0;0;0;0;0;307451,654621237890000;5739084,352386131900000;6,209292101000074;51,769479240000067;0
247472;5;1;62;4;2019;8;13;3;3;1;7;0;1;1;0;0;0;0;348624,187034213920000;5662843,260165732400000;6,838092974000062;51,097076970000046;0
247475;5;1;62;24;2019;8;16;3;3;0;5;0;1;0;0;0;0;1;338280,545623424460000;5674331,552273593800000;6,685332618000075;51,197474961000069;0
247476;5;1;62;24;2019;8;13;3;3;5;3;0;1;1;0;0;0;0;337237,048656040800000;5673278,853490505400000;6,670887512000036;51,187720424000076;0
247477;5;1;62;24;2019;8;20;3;3;0;1;2;1;0;0;0;0;0;340326,150086640380000;5675763,482153290900000;6,713948797000057;51,210916185000031;0
247478;5;1;16;0;2019;8;14;3;3;5;3;0;1;0;0;1;0;0;320952,654924072330000;5671798,191546408500000;6,438836258000038;51,169550853000032;0
247480;5;1;14;0;2019;8;14;3;2;0;1;0;1;0;0;0;0;0;330475,174954654650000;5689592,614908186700000;6,566486705000045;51,332318021000049;0
247483;5;1;17;0;2019;8;6;3;3;5;7;1;1;1;0;0;0;0;354024,137073405090000;5702162,746387591600000;6,899097750000067;51,451804784000046;0
247484;5;1;66;32;2019;8;16;6;3;5;3;0;1;0;0;0;1;0;318921,759961279110000;5682770,151197677500000;6,404276775000028;51,267472064000060;0
247486;5;1;13;0;2019;8;9;3;2;5;2;0;1;1;0;0;0;0;362006,612924857070000;5699769,572616986900000;7,014839164000023;51,432300463000047;0
247488;5;1;12;0;2019;8;20;3;3;3;1;2;1;0;0;0;0;0;346886,454594418410000;5703710,850067928400000;6,795780944000057;51,463829690000068;0
247490;5;1;11;0;2019;8;14;3;3;1;6;0;1;1;0;0;0;0;344846,845853319390000;5676515,957766339200000;6,778293155000029;51,218923518000054;0
247492;5;1;11;0;2019;8;13;3;3;5;3;0;1;0;0;0;0;0;345532,236374027100000;5683367,927803376700000;6,785142613000062;51,280677037000032;0
247494;5;1;11;0;2019;8;19;3;3;1;7;0;1;1;0;0;0;0;345976,397560558280000;5676022,724208079300000;6,794666661000065;51,214797404000080;0
247495;5;1;11;0;2019;8;17;3;2;5;3;0;1;1;0;0;0;0;342524,201999999580000;5678298,460999999200000;6,744278421000047;51,234303745000034;0
247496;5;1;62;8;2019;8;17;6;3;0;7;0;1;0;0;0;0;0;332427,446000001390000;5663371,017999999200000;6,606736396000031;51,097314595000057;0
247502;5;3;70;12;2019;9;17;2;2;5;3;0;1;1;0;0;0;0;298272,532633656640000;5653405,065051749300000;6,125091304000023;50,996814240000049;0
247503;5;3;70;16;2019;9;9;2;3;5;3;0;1;1;0;0;0;0;296248,075107240120000;5660951,145083498200000;6,092037954000034;51,063871559000063;0
247504;5;3;70;16;2019;9;19;2;3;0;1;0;1;0;0;0;0;0;296365,682867560540000;5660856,542768854600000;6,093767392000075;51,063063674000034;0
247507;5;3;82;68;2019;9;11;2;3;5;3;0;1;1;0;0;0;0;369378,166808038020000;5631019,588391924300000;7,145736876000058;50,816155300000048;0
247509;5;3;82;20;2019;9;7;2;3;5;2;0;1;1;0;0;0;0;379893,828753559850000;5625690,921893103000000;7,296682274000034;50,770533213000078;0