OBJECTID;ULAND;UREGBEZ;UKREIS;UGEMEINDE;UJAHR;UMONAT;USTUNDE;UWOCHENTAG;UKATEGORIE;UART;UTYP1;ULICHTVERH;IstRad;IstPKW;IstFuss;IstKrad;IstGkfz;IstSonstige;LINREFX;LINREFY;XGCSWGS84;YGCSWGS84;STRZUSTAND
247911;5;1;22;0;2019;9;10;4;3;0;7;0;1;0;0;0;0;0;359567,105000000450000;5669551,922000000300000;6,991655867000077;51,160150763000047;0
247913;5;1;24;0;2019;9;8;4;3;5;2;0;1;1;0;0;0;0;375496,141109576450000;5681250,819336053000000;7,215271116000054;51,268986691000066;0
247924;5;1;11;0;2019;9;9;4;3;5;3;0;1;1;0;0;0;0;348607,318898875270000;5676023,095584817200000;6,832307274000073;51,215504323000062;0
247926;5;1;11;0;2019;9;16;4;3;4;6;0;1;1;0;0;0;0;342472,283622947520000;5685840,363177539800000;6,740212567000071;51,302054128000066;1
247927;5;1;11;0;2019;9;17;4;3;3;2;0;1;1;0;0;0;0;343119,243000001650000;5677544,714999999900000;6,753124904000060;51,227695070000038;1
247928;5;1;11;0;2019;9;15;4;3;5;3;0;1;0;0;0;0;1;341383,902202905160000;5678813,190345371100000;6,727730288000032;51,238612802000034;0
247929;5;7;74;32;2019;9;16;4;3;0;7;0;1;0;0;0;0;0;481398,049136365760000;5728947,262815769800000;8,730763326000044;51,711156040000049;0
247931;5;7;74;8;2019;9;17;4;3;4;6;0;1;0;0;0;0;0;487800,432000000030000;5736228,409000001800000;8,823172681000074;51,776798859000053;0
247932;5;7;70;28;2019;9;22;4;3;0;7;2;1;0;0;0;0;1;497516,600537959490000;5804303,772338643700000;8,963508361000038;52,388980317000062;1
247933;5;7;70;24;2019;9;20;4;3;6;7;0;1;0;1;0;0;0;492746,029674673450000;5794877,565042590700000;8,893612214000029;52,304192409000052;0
247934;5;7;62;4;2019;9;16;4;3;5;3;0;1;1;0;0;0;0;501711,256175167860000;5731389,617725957200000;9,024780137000050;51,733422029000053;0
247935;5;7;58;12;2019;9;17;4;3;5;3;0;1;0;0;0;0;0;477370,293213121590000;5774206,141632497300000;8,669494145000044;52,117927945000076;0
247940;5;9;74;52;2019;9;17;4;3;5;3;0;1;1;0;0;0;0;424348,971507844520000;5712777,993845511200000;7,908655104000047;51,561003726000081;0
247943;5;9;13;0;2019;9;17;4;3;3;5;0;1;1;0;0;0;0;400487,957000001330000;5715232,313999999300000;7,563842380000040;51,579359889000045;0
247945;5;9;74;28;2019;9;9;3;3;3;6;0;1;1;0;0;0;0;454311,016209168360000;5724960,706824302700000;8,339259110000057;51,673761342000034;0
247950;5;9;13;0;2019;9;17;4;3;5;3;0;1;1;0;0;0;0;394902,209999999030000;5706679,498000001500000;7,485812408000072;51,501468869000064;1
247951;5;9;13;0;2019;9;11;4;3;5;3;0;1;1;0;0;0;0;395069,709972779270000;5708181,086182927700000;7,487777894000033;51,514997139000059;0
247952;5;7;54;8;2019;9;13;3;3;5;3;0;1;1;0;0;0;0;456967,037000001410000;5750570,719000000500000;8,374490250000065;51,904224304000081;0
247953;5;9;13;0;2019;9;9;4;3;0;5;0;1;0;0;0;0;1;393354,809748615140000;5707753,086828855800000;7,463202265000064;51,510828943000035;0
247954;5;9;13;0;2019;9;1;4;3;1;5;2;1;1;0;0;0;0;391723,846601399590000;5707242,794878570400000;7,439865467000061;51,505932045000066;0
247955;5;9;54;36;2019;9;12;4;2;0;7;0;1;0;0;0;0;0;383930,875101729300000;5699623,761521704500000;7,330129908000060;51,435905727000033;0
247962;5;5;54;20;2019;9;17;3;3;5;3;0;1;1;0;0;0;0;366321,074475093740000;5787277,172084657500000;7,043074464000029;52,219683977000045;0
247963;5;5;54;20;2019;9;7;3;3;0;5;0;1;1;0;0;0;0;365896,210994685070000;5786218,136838926000000;7,037278452000066;52,210064918000057;0
247964;5;5;54;8;2019;9;15;3;3;5;3;0;1;1;0;0;0;0;333316,487416189160000;5743404,212859857800000;6,581701592000059;51,816584192000050;0
247965;5;5;54;8;2019;9;12;3;3;5;3;0;1;1;0;0;0;0;336588,432619409640000;5745934,753301831000000;6,627933184000028;51,840283503000080;0
247966;5;7;11;0;2019;9;15;3;3;2;6;0;1;1;0;0;0;0;465480,111396731810000;5760430,422466773500000;8,497236800000053;51,993462418000036;0
247968;5;5;62;20;2019;9;7;3;3;0;2;0;1;1;0;0;0;0;367844,096629501320000;5719200,776829354500000;7,091478108000047;51,608314920000055;0
247970;5;1;11;0;2019;9;14;3;3;5;2;0;1;1;0;0;0;0;351911,426269127990000;5671115,867788968600000;6,881605409000031;51,172274239000046;0
247972;5;3;34;20;2019;9;7;3;3;3;2;0;1;1;0;0;0;0;305161,855572668840000;5607608,215486936300000;6,247434658000032;50,587824854000075;0
247974;5;1;11;0;2019;9;9;3;3;5;2;0;1;1;0;0;0;0;348359,909686189140000;5676080,745319914100000;6,828743133000046;51,215956698000070;0
247975;5;3;82;60;2019;9;7;3;3;0;6;0;1;0;0;0;0;1;373538,212000000290000;5628937,612999999900000;7,205477294000048;50,798365077000028;0
247977;5;1;12;0;2019;9;8;3;3;1;5;0;1;1;0;0;0;0;343585,677616462110000;5711062,367681656000000;6,745043634000069;51,528978888000040;0
247979;5;7;74;32;2019;9;19;3;3;0;7;1;1;0;0;0;0;1;483995,839000000620000;5728866,122999999700000;8,768365993000032;51,710506619000057;0
247980;5;1;11;0;2019;9;7;3;3;5;2;0;1;0;0;0;0;1;345898,445000000300000;5677602,874000001700000;6,792872178000039;51,228974779000055;0
247982;5;3;62;36;2019;9;7;3;3;5;3;0;1;1;0;0;0;0;345121,314874746840000;5651558,768408203500000;6,792931542000076;50,994742098000074;0
247985;5;3;15;0;2019;9;15;3;2;5;3;0;1;1;0;0;0;0;354537,236000000500000;5645319,208999998900000;6,929509737000046;50,941126346000033;0
247987;5;3;15;0;2019;9;17;3;3;3;2;0;1;1;0;0;0;0;351582,114080082630000;5646259,372531622600000;6,887094234000074;50,948822017000055;0
247988;5;3;15;0;2019;9;20;3;3;0;1;1;1;0;0;0;0;0;353956,287590321150000;5647216,137583572400000;6,920485601000053;50,958026530000041;0
247990;5;3;15;0;2019;9;13;3;3;4;6;0;1;1;0;0;0;0;356640,185347151940000;5642706,216583536900000;6,960449915000027;50,918170339000028;0
247993;5;3;15;0;2019;9;11;3;3;0;7;0;1;1;0;0;0;1;355812,517758551050000;5645467,340235315300000;6,947590722000030;50,942777893000027;0
247994;5;3;14;0;2019;9;8;3;3;5;3;0;1;1;0;0;0;0;369612,372340697800000;5616154,874643420800000;7,154322479000030;50,682600987000058;0
247996;5;1;70;32;2019;9;14;3;3;5;6;0;1;0;0;0;0;0;333364,894261006270000;5713815,290585305500000;6,596527090000052;51,550787115000048;0
247997;5;1;70;48;2019;9;4;3;3;5;7;2;1;1;0;0;0;0;335521,828727321700000;5726399,522255329400000;6,621705672000076;51,664474538000036;0
247999;5;1;58;20;2019;9;6;3;3;5;2;1;1;0;0;0;0;0;357490,387000000100000;5664612,473999999500000;6,963930616000027;51,115248413000074;0
248000;5;1;58;8;2019;9;15;3;3;1;5;0;1;1;0;0;0;0;362246,740414665080000;5674000,882509462500000;7,028247508000050;51,200784580000061;0
248001;5;1;58;36;2019;9;18;3;3;0;1;0;1;0;0;0;0;0;363166,502000001260000;5682287,359000001100000;7,038238448000072;51,275475059000030;0
248005;5;7;70;4;2019;9;18;3;3;5;3;0;1;1;0;0;0;0;487485,624273167920000;5785049,639146365200000;8,816827081000042;52,215739625000026;0
248006;5;1;22;0;2019;9;21;3;2;0;1;2;1;0;0;0;0;0;367047,649666105400000;5671053,896096866600000;7,098015579000048;51,175436758000046;0
248010;5;1;13;0;2019;9;16;3;3;5;3;0;1;1;0;0;0;0;361523,383200765590000;5703928,667688900600000;7,006264096000052;51,469557694000059;0
248011;5;1;11;0;2019;9;7;3;3;0;2;0;1;1;0;0;0;0;347242,563354189510000;5673770,965946136000000;6,813740152000037;51,194904060000056;0
248012;5;1;14;0;2019;9;14;3;3;5;3;0;1;0;0;0;1;0;329346,906972569410000;5690973,025417216100000;6,549644882000052;51,344381825000028;0
248017;5;3;16;0;2019;9;17;3;2;2;6;0;1;1;0;0;0;0;354127,802709475160000;5658969,400798600200000;6,918201012000054;51,063691324000047;0
248020;5;3;15;0;2019;9;17;3;3;3;2;0;1;1;0;0;0;0;359593,327025453560000;5645116,578810559600000;7,001507651000054;50,940558700000054;0
248021;5;3;15;0;2019;9;15;3;3;3;2;0;1;1;0;0;0;0;359073,792999999600000;5644753,545000001800000;6,994258069000068;50,937169342000061;0
248022;5;3;15;0;2019;9;16;3;3;5;3;0;1;1;0;0;0;0;364865,167999999600000;5648767,694000000100000;7,075143095000044;50,974632732000032;0
248023;5;3;15;0;2019;9;16;3;3;5;3;0;1;1;0;0;0;0;357411,935902406460000;5649343,295699512600000;6,968823196000074;50,978008527000043;0
248026;5;3;15;0;2019;9;7;3;3;5;3;0;1;0;0;0;0;0;354160,221220808100000;5644166,602795694000000;6,924608428000056;50,930672991000051;0
248030;5;3;14;0;2019;9;13;3;2;0;7;0;1;0;0;0;0;0;366967,409837426620000;5622394,545049326500000;7,114654688000030;50,738084966000031;0
248035;5;1;70;8;2019;9;14;3;3;0;1;0;1;0;0;0;0;0;342801,574520597230000;5716885,970463348600000;6,731146068000044;51,581083870000043;0
248037;5;1;58;26;2019;9;12;3;2;4;2;0;1;1;0;0;0;0;352096,256914856840000;5659996,822698365900000;6,888808789000052;51,072404245000030;0
248043;5;1;62;24;2019;9;10;3;2;0;1;0;1;0;0;0;0;0;338346,997000000440000;5674274,164000002700000;6,686308735000068;51,196978140000056;0
248044;5;1;62;22;2019;9;11;3;2;5;7;0;1;1;0;0;0;0;333666,704774795100000;5682542,846836071500000;6,615543501000047;51,269923756000026;0
248050;5;1;13;0;2019;9;7;3;3;5;3;0;1;1;0;0;0;0;361879,118419095870000;5706247,033112203700000;7,010475916000075;51,490478246000066;0
248051;5;1;13;0;2019;9;11;3;3;0;7;0;1;1;0;0;0;0;361680,788304185490000;5702205,431893799500000;7,009203021000076;51,454110589000038;0
248056;5;7;70;24;2019;9;11;3;3;8;1;0;1;0;0;0;0;0;494788,853010720570000;5794788,719297088700000;8,923573899000076;52,303416827000035;0
248059;5;7;58;12;2019;9;18;3;3;5;7;0;1;1;0;0;0;0;479202,648691428830000;5773421,695184813800000;8,696303117000070;52,110947225000075;0
248060;5;7;54;32;2019;9;12;3;3;5;3;0;1;1;0;0;0;0;460395,989701740440000;5739603,979495432200000;8,425586119000059;51,805879658000038;0
248061;5;7;54;28;2019;9;16;3;2;0;1;0;1;0;0;0;0;0;450950,928030626850000;5745541,683637106800000;8,287764257000049;51,858513834000064;0
248063;5;7;66;20;2019;9;17;3;2;4;6;0;1;0;0;0;0;0;492184,340820731600000;5753544,608686585000000;8,886323692000076;51,932570049000049;0
248065;5;9;78;40;2019;9;7;3;3;0;7;0;1;0;1;0;0;1;406234,434423422440000;5725011,728859892100000;7,644131775000062;51,668252583000026;0
248078;5;5;66;84;2019;9;8;2;3;1;2;0;1;1;0;0;0;0;385785,085000000890000;5778883,412000000500000;7,330693343000064;52,148630123000032;0
248079;5;5;66;8;2019;9;9;2;2;5;3;0;1;0;0;1;0;0;400097,067576992330000;5780137,751763483500000;7,539422090000073;52,162678367000069;0
248080;5;5;58;36;2019;9;22;2;2;0;1;2;1;0;0;0;0;0;387671,232920589860000;5729133,558190671700000;7,374484485000039;51,701894370000048;0
248083;5;5;13;0;2019;9;15;2;3;5;3;0;1;1;0;0;0;0;366623,274947853760000;5714328,150470169300000;7,075709683000071;51,564239136000026;0
248085;5;3;58;8;2019;9;7;2;3;5;3;0;1;1;0;0;0;0;323337,232327803040000;5630638,476456251000000;6,492919959000062;50,800520126000038;0
248086;5;3;82;44;2019;9;16;2;3;5;3;0;1;1;0;0;0;0;361815,112701372240000;5631653,121489837800000;7,038201056000048;50,820094041000061;0
248088;5;3;62;24;2019;9;18;2;3;5;3;0;1;1;0;0;0;0;346692,430107545110000;5642950,267700979500000;6,818928773000039;50,917806477000056;0
248090;5;3;16;0;2019;9;9;2;3;5;3;0;1;1;0;0;0;0;360579,903936327440000;5659051,567661285400000;7,010188967000033;51,066032979000056;0
248094;5;3;82;48;2019;9;16;2;3;0;7;0;1;0;1;0;0;0;354862,617169822570000;5610039,380309548200000;6,948067574000049;50,624147630000039;0
248097;5;1;70;24;2019;9;10;2;3;5;6;0;1;1;0;0;0;0;336160,406953182070000;5704208,534037515500000;6,641274439000029;51,465297935000081;0
248098;5;1;70;12;2019;9;8;2;3;0;7;0;1;0;0;0;1;0;333442,017000000920000;5734988,496000001200000;6,587558466000075;51,741020632000073;0
248100;5;1;58;20;2019;9;17;2;2;5;3;0;1;1;0;0;0;0;357267,243856818420000;5667337,035319728800000;6,959665742000027;51,139677416000040;0
248101;5;1;58;20;2019;9;11;2;3;3;6;0;1;0;0;0;0;0;356439,026955178010000;5663853,928786654000000;6,949221708000039;51,108169274000034;0
248104;5;1;66;12;2019;9;7;2;3;1;5;0;1;1;0;0;0;0;320270,802093220870000;5692821,737279390900000;6,418528633000051;51,358191419000036;0
248105;5;1;66;16;2019;9;7;2;3;2;6;0;1;1;0;0;0;0;309493,822866444480000;5687569,067893428700000;6,266730355000050;51,307502317000058;0
248110;5;1;14;0;2019;9;17;2;3;0;3;0;1;0;0;0;0;1;330281,587848645630000;5688860,533081479400000;6,564059178000036;51,325683360000028;0
248114;5;1;13;0;2019;9;21;2;3;5;2;2;1;1;0;0;0;0;360266,055153721010000;5702849,660738900300000;6,988599980000060;51,459552399000074;0
248115;5;1;12;0;2019;9;10;2;3;4;7;0;1;1;0;0;0;0;340771,609051092530000;5702439,320843920100000;6,708398467000052;51,450718367000036;0
248116;5;1;11;0;2019;9;16;2;3;5;3;0;1;1;0;0;0;0;353996,970076495780000;5666613,113631948800000;6,913244115000055;51,132347434000053;0
248117;5;1;11;0;2019;9;13;2;3;5;3;0;1;1;0;0;0;0;344005,317085213030000;5676042,186660762900000;6,766458816000068;51,214437231000034;0
248119;5;1;11;0;2019;9;23;2;3;0;7;2;1;0;0;0;0;0;346012,860000001270000;5676883,919000003500000;6,794818476000046;51,222545501000070;0
248120;5;1;11;0;2019;9;10;2;3;4;7;0;1;0;0;0;0;1;344413,256159491840000;5677416,775636469900000;6,771698446000073;51,226899692000075;0
248124;5;7;58;4;2019;9;17;2;3;1;6;0;1;1;0;0;0;0;471327,869323148390000;5783114,415616972400000;8,580494843000054;52,197737209000081;0
248125;5;7;54;36;2019;9;17;2;2;5;3;0;1;1;0;0;0;0;472424,483854074030000;5751942,446684692100000;8,599056026000028;51,917536944000062;0
248126;5;7;54;8;2019;9;15;2;2;0;7;0;1;0;0;0;0;0;455746,757963541900000;5749108,455712597800000;8,356941673000051;51,890982155000074;0
248128;5;9;78;20;2019;9;7;2;3;0;7;0;1;0;0;0;0;0;408308,126179561020000;5716171,268563320900000;7,676424006000048;51,589126855000075;0
248129;5;9;70;40;2019;9;16;2;3;5;7;0;1;0;0;0;0;0;430499,119417285550000;5635995,595331933300000;8,012246803000039;50,871459413000082;0
248133;5;9;62;32;2019;9;13;2;2;0;7;0;1;0;0;0;0;0;404749,900916866030000;5674979,764759611300000;7,636137100000042;51,218253504000074;0
248135;5;9;78;24;2019;9;17;2;3;5;3;0;1;1;0;0;0;0;397763,521600271580000;5721267,859275983600000;7,522777291000068;51,633123243000057;0
248138;5;9;16;0;2019;9;15;2;3;6;4;0;1;0;1;0;0;0;375974,192943864500000;5713199,784879984300000;7,210944493000056;51,556232334000072;0
248140;5;9;11;0;2019;9;19;2;3;5;3;1;1;1;0;0;0;0;372801,456000002100000;5703242,125000001900000;7,168795626000076;51,466035314000067;0
248141;5;9;11;0;2019;9;15;2;3;1;5;0;1;1;0;0;0;0;376198,641535359430000;5705182,254441494100000;7,216997283000069;51,484225430000038;0
248143;5;5;54;8;2019;9;3;1;2;0;7;2;1;0;0;0;0;0;335733,616668317470000;5745364,180377857800000;6,615807209000025;51,834907033000036;1
248144;5;3;70;16;2019;9;13;1;2;0;1;0;1;0;0;0;0;0;297665,012507874520000;5659498,787895551000000;6,113044920000050;51,051329028000055;1
248148;5;3;15;0;2019;9;17;1;3;0;3;0;1;1;0;0;0;0;361023,847790422850000;5645383,126629209100000;7,021754374000068;50,943300798000053;1
248149;5;3;15;0;2019;9;19;1;3;5;3;0;1;1;0;0;0;0;356716,696351355870000;5642292,044683743300000;6,961700356000051;50,914467206000040;1
248151;5;3;14;0;2019;9;4;1;3;6;4;2;1;0;1;0;0;0;366966,185115627940000;5622394,195088727400000;7,114637467000023;50,738081540000053;0
248152;5;1;70;44;2019;9;10;1;3;3;2;0;1;1;0;0;0;0;338068,358000000010000;5722492,697000000600000;6,660302627000021;51,630115197000066;0
248153;5;1;58;16;2019;9;5;1;3;8;7;2;1;0;0;0;0;0;353698,571334456090000;5669165,753730237500000;6,907945188000042;51,155210024000041;1
248154;5;1;19;0;2019;9;12;1;3;1;7;0;1;1;0;0;0;0;352165,389369565990000;5705316,822362814100000;6,871047114000021;51,479663726000069;0
248156;5;1;16;0;2019;9;15;1;3;5;3;0;1;1;0;0;0;0;318806,374000001700000;5673915,609999999400000;6,407101027000067;51,187895793000052;1
248157;5;1;14;0;2019;9;16;1;2;0;1;0;1;0;0;0;0;0;330546,606824136340000;5688747,371995253500000;6,567913075000035;51,324745747000065;1
248158;5;1;13;0;2019;9;17;1;3;5;3;0;1;1;0;0;0;0;359209,816555884670000;5703346,396837458000000;6,973208350000050;51,463754431000041;0
248159;5;1;12;0;2019;9;17;1;3;5;3;0;1;1;0;0;0;0;346401,981072275900000;5698129,514497090100000;6,791233347000059;51,413549411000076;0
248165;5;9;78;24;2019;9;14;1;3;0;7;0;1;0;1;0;0;0;391593,370086124170000;5717591,072252791400000;7,434796579000022;51,598920406000047;0
248167;5;5;54;68;2019;9;12;7;3;5;2;0;1;1;0;0;0;0;351143,385973826980000;5767772,257359053900000;6,829588511000054;52,040554709000048;0
248169;5;5;15;0;2019;9;0;7;3;0;1;2;1;0;0;0;0;0;405702,332999999630000;5757900,534000000000000;7,627486117000046;51,963790341000049;0
248170;5;5;62;28;2019;9;16;7;3;5;2;0;1;1;0;0;0;0;378357,436058846300000;5723351,235257186000000;7,241783892000058;51,647985840000047;0
248174;5;3;34;12;2019;9;18;7;3;3;3;0;1;1;0;0;0;0;305114,826999999580000;5630965,995000001000000;6,234452547000046;50,797621301000049;0
248178;5;3;34;2;2019;9;11;7;3;3;2;0;1;0;0;0;1;0;294125,824000000020000;5627727,855000002300000;6,080534915000044;50,764740352000047;0
248181;5;3;66;16;2019;9;17;7;2;5;3;0;1;1;0;0;0;0;343580,117335484360000;5614214,954543544000000;6,786916788000042;50,658753543000046;0
248186;5;3;15;0;2019;9;1;7;2;0;7;2;1;0;0;0;0;0;352062,167837992310000;5654725,483079558200000;6,890476395000064;51,025025525000046;0
248187;5;3;15;0;2019;9;13;7;3;5;3;0;1;1;0;0;0;0;352421,257434573020000;5646653,689756084200000;6,898872000000040;50,952581006000059;0
248192;5;3;15;0;2019;9;2;7;3;0;1;2;1;0;0;0;0;0;356409,167902160440000;5645655,109697612000000;6,956003812000063;50,944614255000033;0
248196;5;3;14;0;2019;9;19;7;3;1;7;1;1;1;0;0;0;0;364136,932309402150000;5621355,266558904200000;7,074947950000023;50,728088825000043;1
248198;5;3;66;24;2019;9;9;6;2;0;1;0;1;0;0;0;0;0;329086,298507608470000;5603287,215243943000000;6,587069215000042;50,556493894000027;0
248200;5;1;54;32;2019;9;15;7;3;0;2;0;1;0;0;0;0;0;308959,100000000560000;5717799,856000000600000;6,242753458000038;51,578839628000026;0
248204;5;1;66;24;2019;9;17;7;3;0;2;0;1;1;0;0;0;0;310670,047808486970000;5678613,274477405500000;6,288327434000053;51,227453924000031;0
248208;5;1;62;20;2019;9;13;7;2;0;7;0;1;1;0;0;0;0;325476,611908455380000;5676140,741554625300000;6,501371913000071;51,209961086000078;0
248209;5;1;16;0;2019;9;18;7;3;5;3;0;1;1;0;0;0;0;321833,185898643920000;5670805,824518600500000;6,451909893000050;51,160911032000058;0
248210;5;1;16;0;2019;9;14;7;3;1;6;0;1;1;0;0;0;0;321034,818949233740000;5673409,230552151800000;6,439208192000024;51,184048917000041;0
248212;5;1;13;0;2019;9;9;7;3;5;2;0;1;1;0;0;0;0;361294,730502271090000;5703139,583820978200000;7,003283813000053;51,462410737000027;0
248214;5;1;12;0;2019;9;11;7;3;5;3;0;1;1;0;0;0;0;341603,595613736660000;5698142,407332317900000;6,722283659000027;51,412345154000036;0
248218;5;7;54;24;2019;9;19;7;2;0;1;1;1;0;0;0;0;0;453490,016326135020000;5735315,511732481400000;8,326004149000028;51,766791600000033;0
248220;5;7;54;8;2019;9;11;7;3;0;1;0;1;0;0;0;0;0;457128,864226646720000;5750824,312074234700000;8,376810802000023;51,906516728000042;0
248223;5;3;15;0;2019;9;8;6;3;4;2;0;1;1;0;0;0;0;359982,784599171950000;5647178,169367870300000;7,006254660000025;50,959181189000049;0
248227;5;3;15;0;2019;9;15;6;3;5;2;0;1;1;0;0;0;0;355289,789000001740000;5641931,039000002700000;6,941558763000046;50,910866897000062;0
248230;5;3;15;0;2019;9;19;6;3;0;5;0;1;1;0;0;0;0;356505,733508394100000;5643587,961005503300000;6,958191454000030;50,926061076000053;0
248232;5;3;15;0;2019;9;12;6;3;5;3;0;1;1;0;0;0;0;356800,141398058270000;5645347,956211684300000;6,961686250000071;50,941951145000075;0
248242;5;3;14;0;2019;9;7;6;3;5;3;0;1;1;0;0;0;0;363695,129579509610000;5616261,817918712300000;7,070572176000042;50,682206192000081;0
248245;5;5;66;68;2019;9;16;6;3;4;7;0;1;1;0;0;0;0;376102,504445231520000;5785683,350300246800000;7,186767435000036;52,207648473000063;0
248247;5;5;58;16;2019;9;11;6;2;1;5;0;1;1;0;0;0;0;381151,618851245380000;5744655,273298865200000;7,274871913000027;51,840048971000044;0
248248;5;5;15;0;2019;9;14;6;3;0;5;0;1;0;0;0;1;0;405954,697183314710000;5757762,931975700000000;7,631195855000044;51,962596262000034;0
248249;5;5;15;0;2019;9;10;6;2;3;6;0;1;1;0;0;0;0;402146,711947721430000;5758466,863399466500000;7,575589207000064;51,968266172000028;0
248250;5;5;62;14;2019;9;7;6;3;5;3;0;1;1;0;0;0;0;361357,026411457920000;5716391,572190666600000;6,998965587000043;51,581511277000061;0
248255;5;3;34;36;2019;9;13;6;3;5;3;0;1;0;0;1;0;0;298905,214000001550000;5633219,343000004100000;6,145214855000063;50,815739002000043;0
248256;5;3;34;8;2019;9;11;6;3;0;1;0;1;0;0;0;0;0;303967,206000787210000;5644894,601706104400000;6,210727992000045;50,922342167000068;0
248262;5;3;34;16;2019;9;6;6;3;1;3;2;1;1;0;0;0;0;295367,206159010530000;5639144,217092709600000;6,091748203000066;50,867712237000035;0
248263;5;3;82;56;2019;9;12;6;3;5;3;0;1;1;0;0;0;0;371984,081270962020000;5627998,240083552900000;7,183762929000068;50,789580477000072;0
248266;5;3;62;12;2019;9;8;6;3;2;6;0;1;1;0;0;0;0;352388,778651053090000;5633470,210638452300000;6,903737277000062;50,834097697000061;0
248268;5;3;62;36;2019;9;9;6;3;1;5;0;1;1;0;0;0;0;345515,997251901780000;5652412,022782389100000;6,798188422000067;51,002515400000050;0
248269;5;3;16;0;2019;9;17;6;3;0;1;0;1;0;0;0;0;0;360337,936000000690000;5655189,544000001600000;7,008227573000056;51,031266221000067;0
248273;5;3;15;0;2019;9;22;6;3;0;1;2;1;0;0;0;0;0;353662,596531208600000;5651468,374191150100000;6,914595061000057;50,996165081000072;0
248275;5;3;15;0;2019;9;14;6;3;3;6;0;1;1;0;0;0;0;356719,425837228070000;5642298,779111772800000;6,961736514000052;50,914528406000045;0
248276;5;3;15;0;2019;9;16;6;3;5;5;0;1;1;0;0;0;0;355963,689941800200000;5642987,485347433000000;6,950721050000027;50,920529606000059;0
248278;5;3;14;0;2019;9;7;6;3;4;6;0;1;0;0;0;0;0;367376,203113866970000;5619410,467774169500000;7,121517897000047;50,711357323000072;0
248284;5;1;58;16;2019;9;12;6;3;6;4;0;1;0;1;0;0;0;355641,923000001350000;5671880,106000002500000;6,934625268000048;51,180095826000070;1
248286;5;1;66;16;2019;9;12;6;2;0;7;0;1;0;0;0;0;0;304805,837143734100000;5689222,649320321200000;6,198650141000030;51,320765332000065;1
248287;5;1;62;24;2019;9;18;6;3;0;7;0;1;1;0;0;0;0;337020,552552438340000;5676116,668867126100000;6,666503731000034;51,213155741000037;0
248288;5;1;62;20;2019;9;15;6;2;0;6;0;1;1;0;0;0;0;325977,221786532550000;5674114,677985264000000;6,509514069000034;51,191912319000039;0
248290;5;1;14;0;2019;9;9;6;3;0;1;0;1;0;0;0;0;0;329451,879443557000000;5690900,009326323900000;6,551185650000036;51,343757372000027;1
248292;5;1;14;0;2019;9;18;6;3;4;3;0;1;1;0;0;0;0;330189,823708524000000;5688705,199105558900000;6,562817392000056;51,324260475000074;0
248295;5;1;11;0;2019;9;11;6;2;1;5;0;1;0;0;0;0;1;344965,433000002060000;5674634,399000000200000;6,780803049000042;51,202049134000049;1
248300;5;7;74;36;2019;9;13;6;3;0;5;0;1;1;0;0;0;0;472370,641767405900000;5724685,202294960600000;8,600444916000072;51,672462931000041;1
248301;5;7;74;32;2019;9;13;6;3;0;1;0;1;0;0;0;0;0;482979,496000001210000;5729100,323000002700000;8,753644796000060;51,712582468000051;1
248302;5;7;70;8;2019;9;12;6;3;0;7;0;1;1;0;0;0;0;474497,145129765380000;5803255,277309268700000;8,625339339000050;52,378965824000034;0
248304;5;7;54;24;2019;9;19;6;2;5;3;0;1;1;0;0;0;0;452443,610000000340000;5737177,495000002900000;8,310586353000076;51,783444133000046;0
248305;5;9;78;20;2019;9;13;6;3;3;1;0;1;0;0;0;0;0;407762,220170609650000;5716661,589945372200000;7,668417233000071;51,593445324000072;1
248311;5;9;15;0;2019;9;15;6;3;5;3;0;1;1;0;0;0;0;417125,813280416650000;5728964,259128369400000;7,800644971000054;51,705495933000066;0
248316;5;9;16;0;2019;9;19;6;3;5;2;0;1;1;0;0;0;0;371801,477692888120000;5708507,946938557600000;7,152495146000035;51,513133983000046;0
248320;5;5;70;4;2019;9;7;5;3;5;3;0;1;1;0;0;0;0;424639,947640063240000;5734820,570992944800000;7,908099171000060;51,759202231000074;1
248321;5;5;66;48;2019;9;15;5;3;0;3;0;1;1;0;0;0;0;429170,126000000160000;5795924,781000001400000;7,961070026000073;52,309086454000067;0
248324;5;5;54;12;2019;9;22;5;3;3;6;2;1;0;0;0;0;0;352181,276424572800000;5745683,390073915900000;6,854204470000070;51,842370322000079;0
248327;5;5;15;0;2019;9;15;5;3;6;4;0;1;0;1;0;0;0;405466,695968887770000;5757550,089476482900000;7,624153917000058;51,960600379000027;0
248332;5;5;62;24;2019;9;14;5;3;5;3;0;1;1;0;0;0;0;369141,953221862200000;5726072,962294478000000;7,107640337000021;51,670375699000033;0
248336;5;5;13;0;2019;9;13;5;2;5;2;0;1;1;0;0;0;0;368898,805555621160000;5711478,978993492200000;7,109582402000058;51,539167939000038;0
248338;5;3;58;32;2019;9;18;5;3;0;7;0;1;0;0;0;0;0;313732,634311070670000;5633069,331051284400000;6,355535358000054;50,819349730000056;0
248339;5;3;58;28;2019;9;11;5;2;2;2;0;1;0;0;1;0;0;322231,156520743850000;5624059,337368046900000;6,480418653000072;50,741073977000042;0