OBJECTID;ULAND;UREGBEZ;UKREIS;UGEMEINDE;UJAHR;UMONAT;USTUNDE;UWOCHENTAG;UKATEGORIE;UART;UTYP1;ULICHTVERH;IstRad;IstPKW;IstFuss;IstKrad;IstGkfz;IstSonstige;LINREFX;LINREFY;XGCSWGS84;YGCSWGS84;STRZUSTAND
248340;5;3;34;2;2019;9;18;5;2;4;2;0;1;1;0;0;0;0;295218,719882395120000;5630300,549259949500000;6,094579315000033;50,788233137000077;0
248341;5;3;34;2;2019;9;13;5;3;0;3;0;1;1;0;0;0;0;298024,968276853670000;5629928,163480356300000;6,134545249000041;50,785872866000034;0
248343;5;3;34;2;2019;9;17;5;2;3;7;0;1;1;0;0;0;0;294778,578000000680000;5628961,089999999900000;6,089090849000058;50,776047544000050;0
248346;5;3;62;32;2019;9;16;5;3;0;1;0;1;0;0;0;0;0;337094,795000000860000;5642402,427999999400000;6,682745904000058;50,910254622000082;0
248349;5;3;15;0;2019;9;22;5;3;0;3;2;1;1;0;0;0;0;359617,783375913280000;5645152,381397809800000;7,001841730000024;50,940886417000058;0
248351;5;3;15;0;2019;9;14;5;3;5;3;0;1;1;0;0;0;0;352690,580007540060000;5643485,595687409900000;6,903984561000073;50,924179608000031;0
248352;5;3;15;0;2019;9;7;5;3;5;3;0;1;0;0;0;0;0;354712,309009841640000;5642251,075413972100000;6,933222630000046;50,913597928000058;1
248357;5;3;82;4;2019;9;18;5;3;8;1;0;1;1;0;0;0;0;359058,673929375600000;5622206,545761607600000;7,002714155000035;50,734529866000059;0
248358;5;3;82;12;2019;9;8;5;3;4;6;0;1;1;0;0;0;0;352903,735762916510000;5628523,490305395800000;6,913027860000057;50,789773543000081;1
248359;5;3;82;32;2019;9;17;5;2;8;7;0;1;0;0;0;0;0;359146,757440019400000;5606502,354349447400000;7,009938601000044;50,593408638000028;0
248360;5;3;14;0;2019;9;8;5;3;5;3;0;1;1;0;0;0;0;366596,666773981410000;5620053,347779437900000;7,110250536000024;50,716957182000044;1
248361;5;3;14;0;2019;9;14;5;2;0;7;0;1;0;0;0;0;0;364190,585912138220000;5621858,953100659000000;7,075522175000060;50,732628425000030;0
248364;5;1;58;32;2019;9;7;5;2;5;2;0;1;1;0;0;0;0;363116,202461483890000;5689107,377570599300000;7,034900974000038;51,336752714000056;1
248366;5;1;66;12;2019;9;11;5;2;2;7;0;1;1;0;0;0;0;320543,235559915190000;5693406,004246749000000;6,422142574000077;51,363525906000064;1
248368;5;1;62;8;2019;9;15;5;3;1;7;0;1;1;0;0;0;0;331306,145172204820000;5662566,458926558500000;6,591112941000063;51,089757351000060;0
248370;5;1;62;24;2019;9;7;5;3;0;1;0;1;0;0;0;0;0;341302,675999999980000;5669914,708000000600000;6,730501484000058;51,158636282000032;1
248375;5;1;14;0;2019;9;19;5;3;0;2;0;1;0;0;0;0;0;330381,931717749690000;5689838,195724438900000;6,565032570000028;51,334496480000041;0
248381;5;1;13;0;2019;9;16;5;3;5;2;0;1;1;0;0;0;0;360887,833297189330000;5703101,946405235700000;6,997445019000054;51,461972657000047;0
248383;5;1;11;0;2019;9;11;5;3;6;6;0;1;0;1;0;0;0;343599,902641647500000;5678030,300704058300000;6,759791407000023;51,232190096000068;0
248386;5;1;11;0;2019;9;18;5;3;6;2;0;1;0;1;0;0;0;345056,813664167190000;5679381,280425842900000;6,780058256000075;51,244726578000041;0
248387;5;1;11;0;2019;9;13;5;3;3;2;0;1;1;0;0;0;0;346153,460122210900000;5677387,790790932300000;6,796614081000030;51,227110948000075;0
248388;5;1;11;0;2019;9;22;5;3;3;2;2;1;1;0;0;0;0;344855,885615764190000;5676641,733409483000000;6,778368072000035;51,220056119000049;0
248390;5;7;74;32;2019;9;15;5;3;5;3;0;1;0;0;0;0;0;482988,232793770730000;5730320,383980410200000;8,753711665000026;51,723552678000033;0
248391;5;7;70;4;2019;9;16;5;3;3;2;0;1;0;0;1;0;0;485999,798251255420000;5785300,969785235800000;8,795068789000027;52,217963475000033;0
248392;5;7;62;4;2019;9;21;5;3;8;3;2;1;1;0;0;0;0;501732,142248910850000;5731419,667209297400000;9,025082731000055;51,733692151000071;0
248394;5;7;54;36;2019;9;5;5;3;2;3;2;1;1;0;0;0;0;474643,251939312550000;5749638,258634015900000;8,631485422000026;51,896925647000046;1
248395;5;7;54;32;2019;9;15;5;3;6;4;0;1;0;1;0;0;0;460744,084107302130000;5740190,406404962800000;8,430568150000056;51,811176662000037;0
248398;5;7;54;12;2019;9;15;5;3;0;1;0;1;0;0;0;0;0;455962,331650054080000;5766991,746133379600000;8,357779652000033;52,051777865000076;0
248401;5;7;11;0;2019;9;15;5;3;0;3;0;1;1;0;0;0;0;466310,895218456160000;5764810,965243548200000;8,508905233000064;52,032897184000035;0
248402;5;9;78;40;2019;9;17;5;3;0;7;0;1;1;0;0;0;1;405464,749000000770000;5724366,148000001900000;7,633180037000045;51,662320531000034;0
248403;5;9;78;40;2019;9;7;5;3;0;1;0;1;0;0;0;0;0;405268,714294322770000;5724914,566038051600000;7,630197899000052;51,667217194000045;1
248405;5;9;74;28;2019;9;12;5;3;0;7;0;1;1;0;0;0;0;454586,864239282910000;5724691,640887707500000;8,343283048000046;51,671364576000030;0
248406;5;9;58;4;2019;9;20;5;2;0;1;2;1;0;0;0;0;0;427860,895419643260000;5700722,399578305000000;7,961775473000046;51,453081260000033;0
248408;5;9;54;16;2019;9;13;5;3;5;3;0;1;1;0;0;0;0;374305,309114560480000;5695633,982091916700000;7,193134197000063;51,397994283000060;0
248411;5;9;13;0;2019;9;16;5;3;5;3;0;1;1;0;0;0;0;391193,359456766400000;5704117,185669353200000;7,433188405000067;51,477736009000068;0
248417;5;5;58;12;2019;9;17;4;3;3;6;0;1;1;0;0;0;0;374000,707425364290000;5756050,766581509300000;7,166966489000060;51,940887287000066;1
248418;5;5;58;40;2019;9;17;4;3;5;3;0;1;1;0;0;0;0;381479,288068708030000;5765224,107147721600000;7,272540268000057;52,024970491000033;1
248419;5;5;58;12;2019;9;20;4;3;0;1;2;1;0;0;0;0;0;372334,844726515930000;5755569,011408785400000;7,142924058000062;51,936178358000063;1
248420;5;5;54;36;2019;9;17;4;3;3;5;0;1;1;0;0;0;0;369810,086657539940000;5766419,488785531400000;7,102101172000062;52,033096457000056;1
248421;5;5;54;48;2019;9;11;4;3;5;3;0;1;1;0;0;0;0;341425,706578488460000;5745688,206577345700000;6,698201510000047;51,839463048000027;1
248422;5;5;54;8;2019;9;17;4;3;5;3;0;1;0;0;0;0;0;335702,890877975150000;5745611,125479435500000;6,615244415000063;51,837116407000053;1
248423;5;5;15;0;2019;9;19;4;3;0;5;1;1;0;0;0;0;1;407647,214484248310000;5755381,514449913100000;7,656462579000049;51,941474487000050;1
248425;5;5;15;0;2019;9;15;4;3;2;2;0;1;0;0;0;0;1;405620,842922703360000;5757058,862431617500000;7,626531646000046;51,956211204000056;0
248432;5;3;58;24;2019;9;22;4;2;9;1;2;1;0;0;0;0;0;312118,123840573240000;5644816,442967185800000;6,326606515000037;50,924351631000036;0
248434;5;3;34;4;2019;9;12;4;2;0;1;0;1;0;0;0;0;0;299648,746000002140000;5637636,968000000300000;6,153341633000025;50,855674238000063;0
248440;5;3;82;44;2019;9;7;4;3;5;3;0;1;1;0;0;0;0;364428,898000000040000;5626899,574000002800000;7,077040989000068;50,777988261000075;0
248447;5;3;15;0;2019;9;13;4;3;3;6;0;1;1;0;0;0;0;359151,978578194040000;5644551,179607998600000;6,995448343000021;50,935369768000044;0
248450;5;3;15;0;2019;9;17;4;3;4;2;0;1;1;0;0;0;0;360376,115978662860000;5648239,148148065400000;7,011444626000071;50,968811792000054;0
248453;5;3;15;0;2019;9;16;4;3;1;5;0;1;1;0;0;0;0;357424,659397863780000;5649206,336171971600000;6,969058035000046;50,976780838000082;0
248455;5;3;15;0;2019;9;19;4;3;0;5;1;1;1;0;0;0;0;356904,543788121080000;5642805,243301460500000;6,964169499000036;50,919125901000029;1
248457;5;1;70;8;2019;9;16;4;3;2;6;0;1;1;0;0;0;0;343089,877000000330000;5716311,553999999500000;6,735560280000073;51,576003313000058;1
248458;5;1;54;44;2019;9;15;4;3;0;3;0;1;1;0;0;0;0;320520,005645377560000;5737836,052021600300000;6,399125489000028;51,762608798000031;1
248459;5;1;54;44;2019;9;13;4;3;4;6;0;1;0;0;0;0;0;321312,035015461040000;5739973,230386119300000;6,409490723000033;51,782058445000075;1
248462;5;1;14;0;2019;9;17;4;3;1;1;0;1;1;0;0;0;0;329798,785791685800000;5690635,787488520100000;6,556288143000074;51,341487634000032;1
248465;5;1;17;0;2019;9;15;4;3;4;5;0;1;1;0;0;0;0;351493,205000001940000;5698249,438000001000000;6,864340225000035;51,415983338000046;1
248469;5;1;13;0;2019;9;14;4;3;3;2;0;1;1;0;0;0;0;362526,676000000910000;5700646,175000002600000;7,021975613000052;51,440304437000066;1
248474;5;5;54;8;2019;9;13;6;3;4;6;0;1;0;0;0;0;0;335753,066984389910000;5744375,839351655900000;6,616558228000031;51,826034058000062;0
248477;5;7;58;12;2019;9;12;4;2;8;1;0;1;0;0;0;0;0;477308,858735189770000;5775563,071840524700000;8,668506408000042;52,130125067000051;0
248478;5;5;54;56;2019;9;15;6;3;1;5;0;1;0;0;0;0;1;355677,705842336640000;5762000,852016812200000;6,898084963000031;51,989898178000033;0
248479;5;7;54;8;2019;9;12;4;3;0;1;0;1;0;0;0;0;0;457214,058462869380000;5750914,215310607100000;8,378037971000026;51,907331559000056;0
248481;5;9;74;40;2019;9;14;4;3;0;1;0;1;0;0;0;0;0;438141,021000000650000;5714084,649000002100000;8,107360870000036;51,574432754000043;0
248482;5;5;15;0;2019;9;12;6;3;2;6;0;1;1;0;0;0;0;404865,010046359150000;5754412,476958392200000;7,616267992000076;51,932295590000081;0
248485;5;5;62;8;2019;9;23;6;2;0;7;2;1;0;0;0;0;0;386567,753000002350000;5724098,933000002100000;7,360158655000021;51,656422390000046;0
248488;5;5;62;20;2019;9;16;6;3;1;3;0;1;1;0;0;0;0;367774,212264447470000;5718225,867535654500000;7,090837073000046;51,599537422000026;0
248492;5;5;62;32;2019;9;17;6;3;4;6;0;1;1;0;0;0;0;375575,892807599160000;5720755,147225055800000;7,202523504000055;51,624045923000040;0
248494;5;3;70;16;2019;9;7;6;3;0;1;0;1;0;0;0;0;0;298340,627000001260000;5659759,710999999200000;6,122526349000054;51,053909973000032;0
248495;5;3;74;36;2019;9;7;6;3;5;3;1;1;1;0;0;0;0;384548,182207055390000;5674057,253495914900000;7,347288353000067;51,206233941000050;1
248496;5;9;62;24;2019;9;17;4;2;4;6;0;1;1;0;0;0;0;408703,748911366800000;5692435,968564413500000;7,688269799000068;51,375825350000071;1
248498;5;3;58;8;2019;9;12;6;3;5;3;0;1;1;0;0;0;0;321295,539636090400000;5629490,618348032200000;6,464534102000073;50,789581781000038;1
248503;5;5;66;76;2019;9;14;3;3;4;6;0;1;0;0;0;0;0;393041,171105328950000;5792894,149507612000000;7,432272908000073;52,276001405000045;0
248505;5;5;54;4;2019;9;17;3;3;5;3;0;1;1;0;0;0;0;360879,089719185610000;5773136,755148928600000;6,969254719000048;52,091284231000031;0
248507;5;5;54;8;2019;9;8;3;3;0;6;0;1;0;0;0;0;0;335564,524110427130000;5745371,619076339500000;6,613351730000034;51,834924105000027;0
248508;5;5;54;8;2019;9;17;3;2;0;1;0;1;0;0;0;0;0;335675,283787118270000;5745563,634092919500000;6,614866630000051;51,836681651000049;0
248509;5;5;54;20;2019;9;15;3;3;0;3;0;1;1;0;0;0;0;363904,749906699170000;5787068,920767419000000;7,007808616000034;52,217221181000070;0
248510;5;5;15;0;2019;9;15;3;3;5;2;0;1;1;0;0;0;0;407071,815041758120000;5758349,409738559300000;7,647291565000046;51,968055669000080;0
248511;5;5;62;4;2019;9;17;3;3;0;7;0;1;0;0;0;0;1;384865,344878903590000;5714910,325980311300000;7,338577545000021;51,573491259000036;0
248516;5;3;70;36;2019;9;13;3;3;8;1;0;1;0;0;0;0;0;301064,385531774720000;5664589,052898675200000;6,158682882000051;51,098233708000066;0
248518;5;3;82;56;2019;9;16;3;3;5;3;0;1;1;0;0;0;0;371575,824000001880000;5624952,017000004600000;7,179037717000028;50,762109811000073;0
248519;5;3;82;20;2019;9;8;3;3;5;3;0;1;1;0;0;0;0;380271,525067166430000;5625510,572569256600000;7,302094861000057;50,768990153000061;0
248520;5;5;70;4;2019;9;11;3;3;2;6;0;1;1;0;0;0;0;423145,167564611880000;5734261,949139939600000;7,886569016000067;51,753977275000068;0
248521;5;5;70;44;2019;9;14;3;3;5;3;0;1;0;0;0;0;0;416499,719636111520000;5759855,654288414900000;7,784127017000060;51,983091537000064;0
248522;5;5;66;48;2019;9;17;3;3;1;5;0;1;1;0;0;0;0;426610,765517435040000;5792118,710287427500000;7,924365577000060;52,274537863000035;0
248523;5;5;66;76;2019;9;15;3;3;5;2;0;1;1;0;0;0;0;393471,444783760230000;5792890,231326606100000;7,438578249000045;52,276049735000072;1
248524;5;5;58;16;2019;9;10;3;3;5;3;0;1;1;0;0;0;0;381165,969108223920000;5743326,739459127200000;7,275536356000032;51,828112310000051;0
248526;5;5;54;56;2019;9;11;3;3;8;1;0;1;0;0;0;0;0;355568,682000000030000;5762588,894000003100000;6,896250591000069;51,995153342000037;0
248528;5;5;15;0;2019;9;7;3;3;5;3;0;1;1;0;0;0;0;406409,190364121460000;5756529,895987397100000;7,638144760000046;51,951589837000029;0
248529;5;5;15;0;2019;9;13;3;3;8;7;0;1;0;0;0;0;0;410634,435000001450000;5760696,883000001300000;7,698524662000068;51,989740532000042;1
248530;5;5;15;0;2019;9;15;3;3;4;7;0;1;0;0;0;0;0;405904,056153533980000;5760101,440464038400000;7,629817924000065;51,983607208000080;0
248537;5;3;34;2;2019;9;8;3;3;5;5;0;1;0;0;0;0;0;295305,007625631060000;5629185,452194754000000;6,096422730000029;50,778248611000038;0
248538;5;3;34;2;2019;9;10;3;3;0;1;0;1;0;0;0;0;0;294466,837000001220000;5629260,719000002400000;6,084507696000060;50,778628198000035;0
248543;5;3;62;12;2019;9;10;3;3;5;3;0;1;1;0;0;0;0;352413,500759422780000;5633587,725497264400000;6,904040790000067;50,835160076000079;0
248544;5;3;62;24;2019;9;12;3;3;5;3;0;1;1;0;0;0;0;345784,453863485720000;5642151,420590139900000;6,806358942000031;50,910386083000049;0
248545;5;3;16;0;2019;9;11;3;3;5;3;0;1;1;0;0;0;0;354843,500285928140000;5658191,241343237500000;6,928720030000022;51,056879783000056;0
248546;5;1;11;0;2019;9;7;4;3;5;2;0;1;1;0;0;0;0;348074,600577649660000;5673688,752277784000000;6,825673812000048;51,194387129000063;0
248547;5;3;15;0;2019;9;8;3;3;5;3;0;1;1;0;0;0;0;365043,807000000960000;5637744,956000002100000;7,081765946000076;50,875607095000078;0
248549;5;3;15;0;2019;9;11;3;3;5;3;0;1;1;0;0;0;0;353008,803000000310000;5653762,449999999300000;6,904355620000047;51,016614105000031;0
248552;5;3;15;0;2019;9;16;3;3;5;7;0;1;0;0;0;0;0;353825,330968901520000;5646806,490894457300000;6,918786739000041;50,954311982000036;0
248553;5;3;15;0;2019;9;16;3;3;1;5;0;1;1;0;0;0;0;356596,609479282980000;5642997,675627131000000;6,959715800000026;50,920778830000074;0
248554;5;3;14;0;2019;9;19;3;3;0;7;1;1;0;0;0;0;0;365570,651533158500000;5622009,421961920300000;7,095011834000047;50,734301865000077;0
248556;5;1;70;48;2019;9;15;3;3;5;3;0;1;1;0;0;0;0;335568,746399222870000;5725568,667459296100000;6,622774286000038;51,657024090000050;0
248559;5;1;54;60;2019;9;16;3;3;5;2;0;1;1;0;0;0;0;315552,154311950320000;5698349,404926097000000;6,347960997000030;51,406330292000064;0
248560;5;1;54;36;2019;9;19;3;3;5;3;0;1;1;0;0;0;0;300868,354333903640000;5740502,646231886000000;6,113191978000032;51,779912923000040;0
248563;5;1;16;0;2019;9;7;3;3;0;3;0;1;0;0;0;0;1;321771,787218550220000;5667827,651555661100000;6,452506933000052;51,134137877000057;0
248567;5;1;13;0;2019;9;21;3;3;8;1;2;1;0;0;0;0;0;365125,917355814950000;5706537,514473740000000;7,057103267000059;51,493872464000049;0
248569;5;1;13;0;2019;9;22;3;3;5;3;2;1;1;0;0;0;0;361554,547000000250000;5701932,187999999200000;7,007494176000023;51,451624266000067;0
248570;5;1;11;0;2019;9;22;4;3;5;3;2;1;1;0;0;0;0;350904,559000000360000;5668344,290000002800000;6,868361492000076;51,147107173000052;0
248571;5;1;12;0;2019;9;16;3;3;0;1;0;1;0;0;0;0;0;341388,036000002180000;5691603,327000003300000;6,722106554000050;51,353532657000073;0
248573;5;7;54;28;2019;9;14;3;3;1;5;0;1;1;0;0;0;0;450986,779993907550000;5744983,643849348600000;8,288363967000066;51,853499935000059;1
248581;5;5;54;52;2019;9;9;2;3;5;3;0;1;1;0;0;0;0;379503,475169914770000;5772553,916331116100000;7,241171188000067;52,090415175000032;1
248585;5;5;62;32;2019;9;11;2;3;1;3;0;1;1;0;0;0;0;375974,700693787080000;5718766,958988731700000;7,208985421000023;51,606265810000082;1
248586;5;7;74;32;2019;9;16;4;3;5;7;0;1;1;0;0;0;0;480490,155545791610000;5730262,389723559800000;8,717549375000033;51,722949876000030;0
248591;5;3;62;12;2019;9;19;2;3;0;7;2;1;0;0;0;0;0;351292,970721486960000;5633693,854101760300000;6,888095951000025;50,835826995000048;1
248592;5;3;62;32;2019;9;8;2;3;1;5;0;1;1;0;0;0;0;339075,646125035360000;5642398,128526074800000;6,710900342000059;50,910771611000030;0
248594;5;3;15;0;2019;9;15;2;3;0;1;0;1;0;0;0;0;0;366281,481561015360000;5635625,344159498800000;7,100122295000062;50,856844239000054;0
248597;5;3;15;0;2019;9;9;2;3;0;1;0;1;0;0;0;0;0;350007,295000000860000;5646722,955000001900000;6,864500393000071;50,952580299000033;1
248598;5;7;74;12;2019;9;16;4;2;0;1;0;1;0;0;0;0;0;478786,691522609440000;5722201,048002632300000;8,693378165000070;51,650405983000041;0
248599;5;3;15;0;2019;9;9;2;3;5;7;0;1;1;0;0;0;0;358613,429670304990000;5640345,014732638400000;6,989418915000044;50,897436834000075;0
248601;5;3;15;0;2019;9;19;2;2;0;1;1;1;0;0;0;0;0;354800,762005551720000;5643783,995015161100000;6,933869768000022;50,927396187000056;1
248602;5;3;15;0;2019;9;12;2;3;5;3;0;1;1;0;0;0;0;355270,386000001800000;5645234,532999999800000;6,939971669000045;50,940549875000045;0
248603;5;3;14;0;2019;9;7;2;3;0;7;0;1;0;0;0;0;0;370514,839738451880000;5614432,040984896900000;7,167693373000077;50,667316998000047;0
248606;5;1;70;20;2019;9;18;2;3;1;1;0;1;1;0;0;0;0;327672,460000000890000;5707692,201000003100000;6,517497995000042;51,494072264000067;0
248608;5;1;66;32;2019;9;16;2;3;5;3;0;1;0;0;0;0;1;314308,382567707450000;5680940,702694267000000;6,339169948000063;51,249555058000055;1
248611;5;1;16;0;2019;9;12;2;3;6;4;0;1;0;1;0;0;0;321191,732986562890000;5674638,946655178400000;6,440838883000026;51,195144840000069;0
248613;5;1;14;0;2019;9;18;2;3;5;3;0;1;1;0;0;0;0;333758,319734849040000;5691024,015528036300000;6,612903372000062;51,346147222000070;1
248614;5;1;14;0;2019;9;15;2;3;0;7;0;1;0;0;0;0;0;330546,665689036250000;5689783,043267736200000;6,567421370000034;51,334050112000057;1
248615;5;1;14;0;2019;9;5;2;3;0;3;2;1;1;0;0;0;0;334853,624958156610000;5689967,016731925300000;6,629106827000044;51,336970163000046;0
248617;5;1;24;0;2019;9;15;2;2;5;3;0;1;1;0;0;0;0;376676,455000000070000;5681290,463000001400000;7,232168235000074;51,269599639000035;1
248618;5;1;13;0;2019;9;14;2;3;5;3;0;1;1;0;0;0;0;357797,941097045320000;5704329,107402065800000;6,952501744000074;51,472232134000080;1
248619;5;1;13;0;2019;9;14;2;3;5;7;0;1;1;0;0;0;0;357799,353000001980000;5704331,044999999900000;6,952521280000042;51,472249900000065;1
248621;5;1;13;0;2019;9;13;2;3;3;6;0;1;0;0;0;0;1;361729,832575922830000;5703384,014792799900000;7,009447608000073;51,464713739000047;1
248622;5;1;13;0;2019;9;15;2;2;0;7;0;1;0;0;0;0;0;362533,566832064650000;5702866,925387097500000;7,021211861000040;51,460262748000048;1
248625;5;1;11;0;2019;9;6;2;3;5;3;1;1;1;0;0;0;0;347182,820149937640000;5673926,702715395000000;6,812819490000038;51,196287481000070;0
248627;5;1;11;0;2019;9;17;2;3;5;2;0;1;1;0;0;0;0;346049,386000000870000;5675604,353000000100000;6,795890461000056;51,211057807000032;1
248629;5;7;74;32;2019;9;18;2;3;5;2;0;1;1;0;0;0;0;484071,976999999960000;5729127,098000003000000;8,769456027000047;51,712855298000079;1
248633;5;7;11;0;2019;9;7;2;3;5;3;0;1;1;0;0;0;0;467015,090472346170000;5757143,435253568000000;8,519908063000059;51,964003483000056;1
248636;5;1;11;0;2019;9;12;4;2;1;5;0;1;1;0;0;0;1;344938,190922917800000;5674932,068391576400000;6,780284799000071;51,204716428000040;0
248637;5;9;74;40;2019;9;5;2;3;0;3;2;1;1;0;0;0;0;436111,460912691430000;5713454,853440122700000;8,078192409000053;51,568544229000054;0
248644;5;9;13;0;2019;9;18;2;3;5;3;1;1;1;0;0;0;0;388953,399907684880000;5715855,934532627500000;7,397244920000048;51,582810570000049;1
248645;5;9;13;0;2019;9;14;2;3;3;6;0;1;1;0;0;0;0;387622,813645541670000;5714705,380669632900000;7,378416718000040;51,572205632000077;1
248646;5;9;13;0;2019;9;16;2;3;0;1;0;1;0;0;0;0;0;391242,852823820900000;5704899,617331424700000;7,433659866000028;51,484778331000030;1
248649;5;9;13;0;2019;9;14;2;3;5;3;0;1;1;0;0;0;0;387197,322999999860000;5709187,593000002200000;7,374048789000028;51,522526633000041;1
248650;5;7;54;8;2019;9;13;4;3;5;3;0;1;1;0;0;0;0;456902,066999998870000;5750848,609000003000000;8,373511175000033;51,906717670000035;0
248651;5;9;11;0;2019;9;7;2;3;0;1;0;1;0;0;0;0;0;376811,402530363760000;5699680,140301242500000;7,227734595000072;51,434909095000080;0
248655;5;5;66;76;2019;9;4;1;3;0;1;2;1;0;0;0;0;0;391733,159468702040000;5792089,555262360700000;7,413367176000065;52,268514412000059;0
248662;5;5;13;0;2019;9;15;1;3;7;7;0;1;0;0;0;0;0;368118,637329002840000;5709362,008183056500000;7,099132108000049;51,519961558000034;0
248663;5;3;70;4;2019;9;13;1;3;0;7;0;1;0;0;0;0;1;314080,724794471640000;5662278,536107111700000;6,345557938000070;51,081847046000064;0
248665;5;3;70;24;2019;9;16;1;3;3;6;0;1;1;0;0;0;0;282227,329443575810000;5656064,919496120900000;5,895174185000030;51,014851167000074;0
248666;5;3;58;36;2019;9;18;1;3;0;6;1;1;1;0;0;0;0;308454,535000001080000;5651244,740000003900000;6,271157657000060;50,980888508000078;0
248667;5;3;34;4;2019;9;9;1;2;0;1;0;1;0;0;0;0;0;301275,903539315800000;5640066,337544355500000;6,175111271000048;50,878055597000071;0
248668;5;3;82;16;2019;9;9;1;3;7;7;0;1;0;0;0;0;1;387918,151890551670000;5626100,247016798700000;7,410308186000066;50,775818862000051;0
248669;5;3;62;12;2019;9;17;1;2;8;1;0;1;0;0;0;0;0;352401,940513139590000;5633472,970445025700000;6,903922947000069;50,834125855000082;0
248672;5;3;15;0;2019;9;14;1;3;0;1;0;1;0;0;0;0;0;357332,608898372390000;5648019,507748246200000;6,968213287000026;50,966092151000055;0
248675;5;3;15;0;2019;9;6;1;2;0;3;1;1;1;0;0;0;0;353981,035083905790000;5639147,868562277400000;6,924068140000031;50,885525655000038;0
248678;5;3;14;0;2019;9;19;1;3;5;3;1;1;1;0;0;0;0;364123,746635703370000;5622606,461672166400000;7,074300028000039;50,739331270000037;0
248679;5;3;14;0;2019;9;19;1;3;0;1;1;1;0;0;0;0;0;365906,366634095090000;5621236,462947502700000;7,100047573000040;50,727432139000030;0
248680;5;3;14;0;2019;9;14;1;3;0;1;0;1;0;0;0;0;0;366899,040336468260000;5620314,530749959900000;7,114437161000069;50,719374040000048;0
248681;5;3;14;0;2019;9;13;1;3;0;1;0;1;0;0;0;0;0;366900,199795430530000;5620314,164045089900000;7,114453709000031;50,719371009000042;0
248682;5;3;14;0;2019;9;0;1;3;0;7;2;1;0;0;0;0;0;365378,690000001340000;5621705,929999999700000;7,092404002000023;50,731529641000066;0
248683;5;1;62;24;2019;9;12;1;2;0;1;0;1;0;0;0;0;0;345522,993999999950000;5669893,747000001400000;6,790815666000071;51,159602928000027;0
248684;5;1;62;22;2019;9;1;1;3;0;1;2;1;0;0;0;0;0;333431,156908106990000;5682832,113329308100000;6,612035191000075;51,272453811000048;0
248688;5;1;13;0;2019;9;17;1;3;4;6;0;1;1;0;0;0;0;363709,936000000690000;5695542,099000001300000;7,040952545000039;51,394722139000066;0
248689;5;1;12;0;2019;9;10;1;3;3;2;0;1;1;0;0;0;0;342893,421186403370000;5694874,085163304600000;6,742262452000034;51,383338459000072;0
248690;5;1;12;0;2019;9;16;1;3;0;7;0;1;0;0;0;0;0;340177,582949898210000;5695971,842053987100000;6,702773185000069;51,392443276000051;0
248694;5;7;74;32;2019;9;18;1;3;5;3;0;1;1;0;0;0;0;480914,849235217090000;5728314,378637762700000;8,723804441000027;51,705449354000052;0
248695;5;7;70;24;2019;9;15;1;2;1;3;0;1;0;0;0;0;1;492973,055000001560000;5795671,756000002800000;8,896925213000031;52,311335513000074;0
248696;5;7;54;28;2019;9;3;1;2;1;1;2;1;1;0;0;0;0;452098,514943445100000;5741624,422715839000000;8,304969429000039;51,823395237000057;0
248697;5;7;54;12;2019;9;9;1;3;3;6;0;1;1;0;0;0;0;458146,305503769780000;5764586,573953770100000;8,389921946000072;52,030323694000060;0
248698;5;7;54;8;2019;9;17;1;3;5;3;0;1;0;0;0;0;0;456619,074663146400000;5748777,857263486800000;8,369658339000068;51,888078462000067;0
248700;5;9;70;32;2019;9;19;1;2;3;7;1;1;0;0;0;0;0;438831,236815383660000;5637470,268970150500000;8,130401327000072;50,885661108000079;0
248702;5;9;15;0;2019;9;12;1;3;0;7;0;1;0;0;0;0;1;423879,080509578810000;5726628,751882843700000;7,898867611000071;51,685457157000030;0
248706;5;5;66;76;2019;9;20;7;3;5;3;2;1;1;0;0;0;0;394348,944890286770000;5793798,660177102300000;7,451150247000044;52,284383339000044;0
248707;5;5;66;80;2019;9;22;7;3;0;1;2;1;0;0;0;0;0;406633,662478368730000;5781052,982721447900000;7,634704706000036;52,172048947000064;0
248709;5;5;13;0;2019;9;19;7;2;5;7;0;1;1;0;0;0;0;364782,653376817700000;5716071,038158278900000;7,048499830000026;51,579463108000027;0
248713;5;3;78;28;2019;9;1;7;3;0;1;2;1;0;0;0;0;0;373333,908999999050000;5641770,982000000800000;7,198138927000059;50,913670408000030;0
248717;5;3;16;0;2019;9;12;7;3;5;2;0;1;1;0;0;0;0;359888,995735115370000;5656412,916548354600000;7,001356130000033;51,042151365000052;0
248718;5;3;15;0;2019;9;13;7;3;5;2;0;1;1;0;0;0;0;365070,216215986760000;5638525,567627769000000;7,081852981000054;50,882629121000036;0
248719;5;3;15;0;2019;9;15;7;2;0;1;0;1;0;0;0;0;0;359612,828605864200000;5646396,061912518000000;7,001291825000067;50,952062302000058;0
248720;5;3;15;0;2019;9;19;7;3;5;3;0;1;0;0;0;0;1;361251,171000001020000;5649739,940000003200000;7,023326660000066;50,982511127000066;0
248722;5;3;15;0;2019;9;20;7;3;5;3;2;1;1;0;0;0;0;356825,216155462900000;5649235,547679733500000;6,960513420000041;50,976894632000040;0