OBJECTID;ULAND;UREGBEZ;UKREIS;UGEMEINDE;UJAHR;UMONAT;USTUNDE;UWOCHENTAG;UKATEGORIE;UART;UTYP1;ULICHTVERH;IstRad;IstPKW;IstFuss;IstKrad;IstGkfz;IstSonstige;LINREFX;LINREFY;XGCSWGS84;YGCSWGS84;STRZUSTAND
248725;5;3;15;0;2019;9;18;7;3;7;5;0;1;1;0;0;0;0;355432,510480178520000;5645176,026123786300000;6,942300914000043;50,940064757000073;0
248727;5;3;14;0;2019;9;1;7;3;5;3;2;1;0;0;0;0;1;366049,613000000830000;5622113,759000001500000;7,101757262000035;50,735350301000040;0
248728;5;1;70;48;2019;9;19;7;3;8;1;0;1;0;0;0;0;0;332999,613309383390000;5728434,483708454300000;6,584297123000056;51,682011713000065;0
248730;5;1;58;28;2019;9;14;7;3;5;3;0;1;1;0;0;0;0;349384,566469830460000;5684420,005870834000000;6,839893482000036;51,291162171000053;0
248733;5;1;54;8;2019;9;8;7;3;0;3;0;1;1;0;0;0;0;309981,675006484610000;5746478,025419017300000;6,241862845000071;51,836745026000074;0
248734;5;1;54;44;2019;9;9;7;3;5;2;0;1;1;0;0;0;0;319226,731908633370000;5738360,002018299000000;6,380132914000058;51,766898923000042;0
248735;5;9;14;0;2019;9;16;4;3;1;5;0;1;1;0;0;0;0;392967,781712421220000;5691370,011653656100000;7,462579904000052;51,363495271000033;0
248736;5;1;62;12;2019;9;10;7;3;5;3;0;1;1;0;0;0;0;322041,235000001270000;5664081,853000000100000;6,458202399000072;51,100571451000064;0
248738;5;1;62;20;2019;9;21;7;3;0;7;2;1;0;0;0;0;0;328545,659277195110000;5674213,595380540900000;6,546188021000035;51,193577284000071;0
248739;5;9;14;0;2019;9;13;4;3;5;3;0;1;1;0;0;0;0;393271,884999999780000;5692582,764000002300000;7,466582241000026;51,374453573000039;0
248742;5;9;78;24;2019;9;19;4;3;0;5;1;1;1;0;0;0;0;398146,398084112440000;5716777,597838807900000;7,529612464000024;51,592831591000049;0
248745;5;9;13;0;2019;9;14;4;3;6;7;0;1;0;1;0;0;0;393359,093000000340000;5708481,489000000100000;7,463043595000045;51,517376971000033;0
248747;5;1;14;0;2019;9;14;7;3;4;6;0;1;0;0;0;0;0;331112,722024914810000;5692846,715685064000000;6,574085819000061;51,361742241000059;0
248748;5;1;13;0;2019;9;17;7;3;6;6;0;1;0;1;0;0;0;361957,837083121760000;5707464,543680457400000;7,011132785000029;51,501438400000040;0
248750;5;9;16;0;2019;9;17;4;3;5;3;0;1;1;0;0;0;0;376100,276000000540000;5712677,244000000900000;7,212946361000036;51,551563827000052;0
248756;5;5;70;8;2019;9;16;3;3;7;1;0;1;0;0;0;0;0;432837,690871750940000;5739520,869036505000000;8,025948067000059;51,802501105000033;0
248757;5;1;11;0;2019;9;11;7;3;4;2;0;1;1;0;0;0;0;345713,573333350940000;5678144,948493089500000;6,789993036000055;51,233795616000066;0
248759;5;1;11;0;2019;9;20;7;2;0;1;2;1;0;0;0;0;0;346310,313628875650000;5678383,326742585700000;6,798431724000068;51,236098591000030;0
248762;5;7;70;24;2019;9;10;7;3;0;3;0;1;0;0;0;0;0;491220,802348197440000;5791191,188244851300000;8,871339107000040;52,271027793000030;0
248763;5;7;58;12;2019;9;17;7;3;5;3;0;1;1;0;0;0;0;477696,586814351380000;5774073,174263712000000;8,674268278000056;52,116745744000070;0
248764;5;7;54;28;2019;9;18;7;3;1;5;0;1;1;0;0;0;0;451040,512383277530000;5744193,728778719900000;8,289255935000028;51,846402923000028;0
248769;5;9;62;48;2019;9;9;7;2;5;2;0;1;1;0;0;0;0;414080,054269962940000;5681367,814548000700000;7,768164919000071;51,277162797000074;0
248770;5;9;13;0;2019;9;17;7;3;0;4;0;1;0;1;0;0;0;392271,170653232370000;5708359,016839351500000;7,447407570000053;51,516069708000032;0
248772;5;5;70;4;2019;9;7;3;3;5;3;0;1;1;0;0;0;0;425687,186000000690000;5736426,911000000300000;7,922926173000064;51,773782742000037;0
248773;5;5;66;76;2019;9;15;6;3;5;3;0;1;1;0;0;0;0;393677,405040560290000;5794592,588271047900000;7,441058891000068;52,291389017000029;0
248776;5;5;54;8;2019;9;17;6;3;0;3;0;1;1;0;0;0;0;336871,755981305610000;5746134,710469462000000;6,631947790000027;51,842162652000070;0
248777;5;1;11;0;2019;9;7;4;3;4;2;0;1;0;0;0;0;1;344905,495135845620000;5675049,561336575100000;6,779766353000071;51,205763276000027;0
248778;5;5;70;48;2019;9;8;6;2;3;6;0;1;1;0;0;0;0;447002,556189628320000;5732754,498153766600000;8,232390647000045;51,743190181000045;0
248779;5;5;54;8;2019;9;18;6;3;5;2;0;1;1;0;0;0;0;336672,192999999970000;5744280,244000002700000;6,629928716000052;51,825444698000069;0
248781;5;5;15;0;2019;9;15;6;3;0;3;0;1;1;0;0;0;0;401302,271857823250000;5758734,863962164100000;7,563224146000039;51,970525709000071;0
248782;5;5;15;0;2019;9;7;6;3;3;6;0;1;0;0;0;0;1;405253,900564612820000;5757277,914958359700000;7,621132913000054;51,958117741000081;0
248783;5;5;62;32;2019;9;11;6;2;5;3;0;1;0;0;0;0;1;374289,618886380460000;5718500,492058858300000;7,184760217000076;51,603497394000044;0
248790;5;3;82;56;2019;9;16;6;2;5;3;0;1;1;0;0;0;0;371774,639830371360000;5628173,932696638600000;7,180731744000070;50,791113362000033;0
248791;5;3;78;4;2019;9;14;6;3;0;1;0;1;0;0;0;0;0;368380,348842205480000;5650625,487479867400000;7,124511302000030;50,992144161000056;0
248793;5;3;66;16;2019;9;13;6;2;7;7;0;1;0;0;0;0;0;345701,023000000980000;5611165,094999998800000;6,818170937000048;50,631911694000053;0
248794;5;3;62;40;2019;9;8;6;2;5;3;0;1;1;0;0;0;0;355441,202834872530000;5633840,693560397300000;6,946909319000042;50,838197658000070;0
248795;5;3;62;12;2019;9;21;6;3;0;7;2;1;0;0;0;0;0;352004,360494794320000;5633551,224163904800000;6,898249267000040;50,834727574000055;0
248802;5;3;15;0;2019;9;15;6;3;0;7;0;1;0;0;0;0;0;354494,505237462930000;5646351,776297368100000;6,928489406000040;50,950394939000034;0
248804;5;3;15;0;2019;9;18;6;3;2;3;0;1;1;0;0;0;0;355856,182256668810000;5644472,696409193800000;6,948605328000042;50,933850121000035;0
248806;5;3;14;0;2019;9;8;6;3;5;3;0;1;1;0;0;0;0;370094,436827969740000;5617503,660940110700000;7,160668372000032;50,694832167000072;0
248808;5;3;14;0;2019;9;14;6;3;5;2;0;1;1;0;0;0;0;366086,822600201700000;5621362,526768257800000;7,102557147000027;50,728606822000074;0
248809;5;9;11;0;2019;9;14;7;3;5;2;0;1;1;0;0;0;0;373112,660359363070000;5702054,543141292400000;7,173699578000026;51,455432122000047;0
248810;5;3;14;0;2019;9;17;6;3;0;1;0;1;0;0;0;0;0;365782,368679346520000;5622375,924399761500000;7,097876831000065;50,737644934000059;0
248812;5;1;70;28;2019;9;13;6;3;0;1;0;1;1;0;0;0;0;331550,853558253500000;5702660,542845930900000;6,575713018000045;51,450038104000043;0
248818;5;1;54;52;2019;9;18;6;2;5;3;0;1;1;0;0;0;0;310330,480392120780000;5702651,912677705300000;6,270669855000051;51,443251900000064;0
248819;5;1;54;8;2019;9;16;6;3;5;3;0;1;1;0;0;0;0;310103,745445238430000;5746736,516693081700000;6,243490635000057;51,839107995000063;0
248820;5;1;62;4;2019;9;13;6;3;5;2;0;1;1;0;0;0;0;346615,790476755240000;5663049,679627824600000;6,809344231000068;51,098398107000037;0
248821;5;1;62;8;2019;9;17;6;3;5;3;0;1;0;0;1;0;0;329473,896308763880000;5660611,114144714500000;6,565896811000073;51,071648262000053;0
248822;5;5;58;16;2019;9;21;6;3;5;3;2;1;1;0;0;0;0;381622,425015722400000;5743249,515912164000000;7,282183419000035;51,827515196000036;0
248823;5;1;19;0;2019;9;8;6;3;5;3;0;1;1;0;0;0;0;350482,510385047640000;5704626,223156524800000;6,847122694000063;51,473016102000031;0
248828;5;1;24;0;2019;9;8;6;3;5;2;0;1;1;0;0;0;0;370265,099000002260000;5676972,515000002500000;7,141877796000074;51,229369163000058;0
248830;5;1;13;0;2019;9;16;6;2;5;3;0;1;1;0;0;0;0;362900,989409447650000;5700736,165401920700000;7,027323105000050;51,441203853000047;0
248831;5;5;54;20;2019;9;8;6;3;5;3;0;1;1;0;0;0;0;365750,481000000610000;5784137,118999999000000;7,035971692000032;52,191330739000080;0
248835;5;1;12;0;2019;9;6;6;3;4;6;1;1;0;0;0;0;0;341981,930999999870000;5696824,674999998900000;6,728306479000025;51,400611154000046;0
248836;5;1;12;0;2019;9;11;6;3;4;3;0;1;1;0;0;0;0;341033,580663103610000;5698280,547433132300000;6,714031998000053;51,413426789000027;0
248838;5;1;11;0;2019;9;15;6;3;5;2;0;1;1;0;0;0;0;349400,155586178410000;5670446,513311678500000;6,845989216000021;51,165603712000063;0
248839;5;1;11;0;2019;9;16;6;2;0;1;0;1;0;0;0;0;0;343746,357260992750000;5675627,289927301900000;6,762934780000023;51,210638455000037;0
248843;5;1;11;0;2019;9;17;6;3;4;6;0;1;0;0;0;0;0;351818,000000000000000;5669289,060000000500000;6,881022541000050;51,155834181000046;0
248844;5;1;11;0;2019;9;16;6;3;5;3;0;1;1;0;0;0;0;347023,463999999690000;5676902,859000004800000;6,809271422000052;51,222987393000039;0
248845;5;7;74;8;2019;9;18;6;3;5;3;0;1;1;0;0;0;0;487985,564086837690000;5737551,302278017600000;8,825810275000038;51,788697329000058;0
248846;5;7;70;4;2019;9;7;6;3;5;2;0;1;1;0;0;0;0;485977,536183094610000;5785405,639016624500000;8,794738587000040;52,218903944000033;0
248850;5;7;54;28;2019;9;16;6;3;2;6;0;1;1;0;0;0;0;452419,903404977170000;5742841,930241253200000;8,309464899000034;51,834368784000048;0
248851;5;7;54;28;2019;9;12;6;2;5;3;0;1;0;0;0;0;0;451171,541000001130000;5744884,657999999800000;8,291060324000057;51,852626199000042;0
248852;5;7;54;28;2019;9;7;6;3;8;7;0;1;0;0;0;0;0;450460,629826988090000;5744602,247574916100000;8,280779962000054;51,850024545000053;0
248853;5;7;11;0;2019;9;16;7;3;3;2;0;1;1;0;0;0;0;467690,529428833160000;5763690,252739751700000;8,529121605000057;52,022903394000082;0
248855;5;7;54;8;2019;9;14;6;3;1;3;0;1;1;0;0;0;0;457701,848000001160000;5750719,050000000700000;8,385152287000040;51,905614164000042;0
248856;5;7;11;0;2019;9;7;6;3;0;3;0;1;0;0;0;0;1;467613,570827005430000;5763262,970268126600000;8,528040483000041;52,019057371000031;0
248857;5;7;11;0;2019;9;7;6;3;5;3;0;1;1;0;0;0;0;467957,834280401470000;5765426,137828871600000;8,532854561000022;52,038525568000068;0
248858;5;9;78;40;2019;9;11;6;3;5;3;0;1;1;0;0;0;0;404074,042000000370000;5724255,037000002300000;7,613109562000034;51,661086096000076;0
248859;5;9;78;36;2019;9;16;6;3;5;3;0;1;1;0;0;0;0;408357,463089217430000;5709988,626660993300000;7,678747822000048;51,533557647000066;0
248860;5;9;74;28;2019;9;14;6;3;1;1;0;1;1;0;0;0;0;454586,464334737510000;5724880,157232374000000;8,343252753000058;51,673059470000055;0
248861;5;5;70;28;2019;9;15;6;2;0;1;0;1;0;0;0;0;0;441954,424348494040000;5742131,423312876400000;8,157713559000058;51,826991499000030;0
248864;5;9;15;0;2019;9;11;6;3;6;7;0;1;0;1;0;0;0;413019,974601648750000;5727666,648283338200000;7,741564024000070;51,693209911000054;0
248865;5;9;58;4;2019;9;13;7;2;0;5;0;1;1;0;0;0;0;430293,714249935000000;5697624,288916820700000;7,997392752000053;51,425532650000036;0
248866;5;9;15;0;2019;9;13;6;3;1;7;0;1;0;0;0;0;1;420946,733000000010000;5722795,975000001500000;7,857325761000027;51,650596521000068;0
248869;5;9;13;0;2019;9;15;6;3;4;2;0;1;1;0;0;0;0;385249,810000000520000;5705724,480999998700000;7,347116471000049;51,491007951000029;0
248870;5;9;13;0;2019;9;10;6;3;5;3;0;1;1;0;0;0;0;397922,311000000690000;5713892,865000003900000;7,527217207000035;51,566861236000079;0
248871;5;9;16;0;2019;9;13;6;3;6;6;0;1;0;1;0;0;0;371962,728000000120000;5711630,199000001000000;7,153682737000054;51,541230279000047;0
248872;5;9;11;0;2019;9;16;6;3;6;7;0;1;0;1;0;0;0;383540,005123247390000;5703721,585622025700000;7,323159884000063;51,472656536000045;0
248874;5;5;70;16;2019;9;17;5;2;9;1;0;1;1;0;0;0;0;412094,478000000120000;5738821,405000003100000;7,725358373000063;51,793337307000058;0
248875;5;5;66;12;2019;9;17;5;2;5;3;0;1;1;0;0;0;0;405689,625000000930000;5772281,021000003400000;7,623337123000056;52,093044673000065;0
248877;5;5;58;16;2019;9;9;5;3;0;1;0;1;0;0;0;0;0;381220,913999999870000;5743547,828000001600000;7,276257431000033;51,830110950000062;0
248879;5;5;54;20;2019;9;10;5;3;0;3;0;1;1;0;0;0;0;366291,086558376440000;5783022,242386590700000;7,044315288000064;52,181444435000060;0
248880;5;5;54;48;2019;9;15;5;3;3;6;0;1;0;0;0;0;1;341588,783746245320000;5746434,370337739600000;6,700224879000075;51,846212827000045;0
248882;5;5;54;8;2019;9;11;5;3;5;2;0;1;1;0;0;0;0;336850,378297601830000;5745659,971229741300000;6,631861635000064;51,837891579000029;0
248884;5;5;15;0;2019;9;19;5;3;2;6;0;1;1;0;0;0;0;405620,803639200520000;5757058,201713722200000;7,626531256000021;51,956205258000068;0
248887;5;5;62;20;2019;9;19;5;3;5;2;1;1;1;0;0;0;0;367406,028740614650000;5718933,995485289000000;7,085256463000064;51,605814492000036;0
248888;5;5;13;0;2019;9;18;5;3;1;3;0;1;1;0;0;0;0;367290,343536128290000;5715099,852177767100000;7,085036576000050;51,571331478000047;0
248891;5;3;70;4;2019;9;17;5;3;0;5;0;1;0;0;0;0;0;312112,366138586770000;5662838,037673531100000;6,317196827000032;51,086231613000052;0
248892;5;3;70;24;2019;9;13;5;2;5;3;0;1;1;0;0;0;0;283566,530443221330000;5652305,493908019700000;5,916478100000063;50,981599018000054;0
248893;5;3;34;36;2019;9;12;5;3;5;3;0;1;1;0;0;0;0;297853,200021289290000;5633533,266311397800000;6,130127248000065;50,818192329000055;0
248894;5;3;34;36;2019;9;7;5;3;1;5;0;1;1;0;0;0;0;298140,590926066970000;5633444,856373690100000;6,134250514000030;50,817498504000071;0
248897;5;3;82;56;2019;9;16;5;3;0;1;0;1;0;0;0;0;0;372436,467999999410000;5626927,421000003800000;7,190549437000072;50,780055317000063;0
248899;5;3;82;20;2019;9;18;5;3;4;6;0;1;1;0;0;0;0;385265,841406095770000;5624517,575578132600000;7,373199252000063;50,761073207000038;0
248901;5;3;62;40;2019;9;17;5;3;0;7;0;1;0;0;0;0;0;357284,892409099270000;5630511,196045177100000;6,974372296000070;50,808732605000046;0
248902;5;3;62;40;2019;9;8;5;3;5;3;0;1;1;0;0;0;0;355224,215629821640000;5632701,477298408700000;6,944279644000062;50,827905319000081;0
248903;5;3;62;28;2019;9;18;5;3;5;3;0;1;1;0;0;0;0;351703,635018096310000;5639268,588430792100000;6,891664909000042;50,886030431000052;0
248904;5;3;62;20;2019;9;10;5;3;5;3;0;1;1;0;0;0;0;343546,985078152270000;5630154,327851058900000;6,779684778000046;50,801978719000033;0
248905;5;3;16;0;2019;9;9;5;3;0;2;0;1;1;0;0;0;0;360317,075938972640000;5658700,764277909000000;7,006575763000058;51,062816431000044;0
248908;5;3;16;0;2019;9;12;5;3;5;3;0;1;1;0;0;0;0;359471,657060690220000;5655351,724947629500000;6,995818425000039;51,032512577000034;0
248911;5;3;15;0;2019;9;16;5;3;5;2;0;1;1;0;0;0;0;366093,835851298650000;5647739,489780075800000;7,093012370000054;50,965678685000057;0
248913;5;3;15;0;2019;9;15;5;3;5;3;0;1;0;0;0;0;1;355313,146000000650000;5642606,119000000900000;6,941623071000038;50,916939578000040;0
248914;5;3;15;0;2019;9;16;5;3;0;6;0;1;1;0;0;0;0;353782,811997114680000;5643157,306257199500000;6,919646192000073;50,921507219000034;0
248917;5;3;15;0;2019;9;16;5;3;0;7;0;1;1;0;0;0;0;356748,064436294140000;5643010,419233836200000;6,961864175000073;50,920930977000069;0
248919;5;3;15;0;2019;9;10;5;3;0;1;0;1;0;0;0;0;0;355653,028765497730000;5643560,533045360800000;6,946077316000071;50,925601860000029;0
248921;5;3;14;0;2019;9;18;5;3;5;3;0;1;1;0;0;0;0;362595,178038315850000;5623680,636739760600000;7,052249099000051;50,748625966000077;0
248922;5;3;14;0;2019;9;13;5;3;0;7;0;1;0;0;0;0;0;369645,624327508730000;5622979,786570845200000;7,152382173000035;50,743952590000049;0
248924;5;1;70;48;2019;9;7;5;3;5;2;0;1;1;0;0;0;0;334681,031033103350000;5727710,720240669300000;6,608938970000054;51,676007151000078;0
248925;5;1;58;20;2019;9;9;5;3;0;7;0;1;0;0;0;0;0;355145,842245541510000;5664040,553397191700000;6,930686401000060;51,109521019000056;0
248927;5;1;58;16;2019;9;9;5;3;0;6;0;1;0;0;0;0;1;354593,588111924010000;5671722,185031080600000;6,919700881000040;51,178411042000050;0
248933;5;1;66;28;2019;9;7;5;3;5;3;0;1;1;0;0;0;0;326302,172571533360000;5688884,623369911700000;6,506988915000022;51,324698536000028;0
248935;5;1;62;24;2019;9;7;5;2;5;3;0;1;1;0;0;0;0;336924,687319234940000;5670124,673227606300000;6,667852420000031;51,159291805000066;0
248937;5;1;62;16;2019;9;15;5;3;0;1;0;1;0;0;0;0;0;331834,071590941400000;5676477,710658103200000;6,592145032000076;51,214895762000026;0
248939;5;1;14;0;2019;9;13;5;2;5;2;0;1;1;0;0;0;0;330292,146512134930000;5688626,180412769300000;6,564322169000036;51,323581118000050;0
248944;5;1;12;0;2019;9;14;5;3;2;6;0;1;1;0;0;0;0;345208,411130030640000;5695561,777270063800000;6,775203669000064;51,390153479000048;0
248945;5;1;12;0;2019;9;19;5;3;5;7;1;1;1;0;0;0;0;339575,334574976940000;5698096,215739361900000;6,693163710000022;51,411359955000080;0
248947;5;1;11;0;2019;9;15;5;3;5;2;0;1;1;0;0;0;0;347247,110000000340000;5676480,020000001400000;6,812651842000037;51,219247819000032;0
248948;5;1;11;0;2019;9;17;5;3;5;2;0;1;0;0;0;0;1;345955,635399504560000;5678648,290945662200000;6,793241125000066;51,238383775000045;0
248950;5;1;11;0;2019;9;14;5;3;0;7;0;1;0;0;0;0;0;343751,068227215670000;5676892,736355425800000;6,762450813000044;51,222010165000029;0
248952;5;7;74;32;2019;9;17;5;3;5;3;0;1;1;0;0;0;0;482639,808429225350000;5732939,059154622300000;8,748536751000074;51,747087237000073;0
248953;5;7;74;32;2019;9;7;5;2;5;2;0;1;1;0;0;0;0;484109,025836643760000;5730321,875834494800000;8,769937764000076;51,723598978000041;0
248956;5;9;58;4;2019;9;8;7;3;0;5;0;1;1;0;0;0;0;428540,143690587950000;5700961,204144381000000;7,971501251000063;51,455314342000065;0
248959;5;7;11;0;2019;9;7;5;3;1;3;0;1;0;0;0;0;0;467960,270863987510000;5756890,745417481300000;8,533688141000027;51,961786900000050;0
248960;5;7;66;32;2019;9;16;7;3;4;7;0;1;0;0;0;0;0;497214,091647870840000;5748042,435928609200000;8,959524294000062;51,883147384000040;0
248962;5;9;70;8;2019;9;17;5;3;5;3;0;1;1;0;0;0;0;436133,356106017720000;5622348,281452853200000;8,094685121000055;50,749397411000075;0
248964;5;9;58;12;2019;9;10;5;2;2;6;0;1;1;0;0;0;0;469521,062504972330000;5693818,468973612400000;8,561909937000053;51,394780038000079;0
248966;5;9;62;32;2019;9;14;5;3;4;6;0;1;0;0;0;1;0;403498,979271909220000;5672575,541040189600000;7,618877715000053;51,196430505000080;0
248968;5;9;11;0;2019;9;14;7;3;5;2;0;1;0;0;0;0;0;371729,893213170580000;5702985,933186292600000;7,153470490000075;51,463491029000068;0
248972;5;9;11;0;2019;9;17;5;3;5;3;0;1;1;0;0;0;0;370972,851917366500000;5703858,848403871100000;7,142259887000023;51,471163882000042;0
248976;5;5;58;4;2019;9;14;4;3;4;6;0;1;0;0;0;0;0;404153,201000000350000;5738651,469999998800000;7,610290801000076;51,790505399000040;0
248978;5;5;54;20;2019;9;17;4;3;5;7;0;1;1;0;0;0;0;365040,087066291830000;5783596,857943989300000;7,025800621000030;52,186302921000049;0
248979;5;5;54;8;2019;9;11;4;3;0;7;0;1;0;0;0;0;0;336134,542288076130000;5745755,295214029000000;6,621435675000043;51,838538356000072;0
248984;5;5;62;24;2019;9;13;4;3;1;7;0;1;1;0;0;0;0;368581,776767741890000;5724930,155135491900000;7,099974110000062;51,659975082000074;0
248985;5;5;62;24;2019;9;11;4;3;5;3;0;1;1;0;0;0;0;369823,169000000690000;5723674,944000000100000;7,118378816000075;51,648983859000055;0
248986;5;5;62;24;2019;9;10;4;3;0;1;0;1;0;0;0;0;0;368860,551698599010000;5725915,850127700700000;7,103632319000042;51,668898191000039;0
248988;5;3;34;24;2019;9;16;4;3;5;3;0;1;1;0;0;0;0;303240,230485500770000;5613201,883956493800000;6,217356082000038;50,637425628000074;0
248990;5;3;34;2;2019;9;7;4;3;5;3;0;1;1;0;0;0;0;294887,708435072560000;5629457,479464899700000;6,090359791000026;50,780544335000059;0
248991;5;3;34;2;2019;9;11;4;3;1;5;0;1;1;0;0;0;0;294751,582034480760000;5629296,916692892100000;6,088521037000021;50,779054128000041;0
248996;5;3;78;4;2019;9;17;4;3;0;7;0;1;0;0;0;0;0;368359,347137667240000;5650905,968360630800000;7,124110554000026;50,994660232000058;0
248998;5;3;62;12;2019;9;12;4;3;5;2;0;1;1;0;0;0;0;352134,689000000250000;5633511,589000001500000;6,900114781000070;50,834404695000046;0
248999;5;3;62;20;2019;9;16;4;3;1;5;0;1;1;0;0;0;0;343373,077632387170000;5630425,145867714700000;6,777103217000047;50,804365317000077;0
249002;5;3;16;0;2019;9;12;4;3;5;3;0;1;0;0;0;0;1;358195,160105645660000;5655190,774225834800000;6,977688390000026;51,030752599000039;0
249004;5;3;15;0;2019;9;15;4;1;0;7;0;1;0;0;0;0;0;360260,048364772460000;5643541,742934647900000;7,011595209000063;50,926567333000037;0
249006;5;3;15;0;2019;9;11;4;2;1;5;0;1;1;0;0;0;0;356618,822493583900000;5649021,762952029700000;6,957659704000037;50,974922035000077;0
249010;5;3;14;0;2019;9;12;4;3;3;6;0;1;1;0;0;0;0;368650,638268302190000;5617759,276128595700000;7,140146176000030;50,696805433000065;0
249011;5;3;14;0;2019;9;19;4;3;1;3;0;1;1;0;0;0;0;368992,696826867760000;5617287,499925093700000;7,145154178000041;50,692642140000032;0
249012;5;3;14;0;2019;9;11;4;3;0;5;0;1;1;0;0;0;0;366311,307339048940000;5620036,279334178200000;7,106216762000031;50,716738199000076;0
249013;5;9;78;36;2019;9;6;7;3;0;7;2;1;1;0;0;0;0;409792,964782617050000;5712719,871332652900000;7,698738044000038;51,558340934000057;0
249014;5;1;70;8;2019;9;7;4;3;5;3;0;1;1;0;0;0;0;344013,091000000010000;5715749,761999998200000;6,749121931000047;51,571212005000064;0
249015;5;1;58;20;2019;9;12;4;2;1;5;0;1;1;0;0;0;0;356172,106104546230000;5666282,423644077000000;6,944442748000029;51,129926091000073;0
249016;5;1;58;24;2019;9;14;4;2;8;1;0;1;0;0;0;0;0;359071,689155000260000;5679767,126561543000000;6,980563426000060;51,251828926000030;0
249018;5;1;62;24;2019;9;18;4;2;7;7;0;1;0;0;0;0;0;339568,362000000660000;5671710,034000001800000;6,704919747000076;51,174283687000070;0
249020;5;1;16;0;2019;9;18;4;3;0;7;0;1;0;0;0;0;0;321716,571814987810000;5665990,172679971900000;6,452627269000061;51,117613871000060;0
249021;5;1;14;0;2019;9;13;4;3;0;7;0;1;0;0;0;0;0;336147,931951944720000;5692167,634700270400000;6,646658386000070;51,357115809000049;0
249023;5;1;17;0;2019;9;17;4;2;5;3;0;1;1;0;0;0;0;350611,109064975750000;5699397,095828570400000;6,851180710000051;51,426063905000035;0
249026;5;1;13;0;2019;9;8;4;3;5;3;0;1;1;0;0;0;0;364146,252178709950000;5700714,557727651700000;7,045237853000060;51,441309709000052;0
249027;5;1;13;0;2019;9;10;4;2;5;5;0;1;1;0;0;0;0;360219,549211526290000;5700736,511211598300000;6,988765829000045;51,440551611000046;0
249028;5;1;13;0;2019;9;19;4;3;0;2;0;1;1;0;0;0;0;366581,509796604510000;5701239,684239648300000;7,080058814000040;51,446607745000051;0
249029;5;1;13;0;2019;9;20;4;3;5;3;2;1;1;0;0;0;0;362551,218951345420000;5703936,735188795300000;7,021049836000032;51,469880789000058;0
249030;5;1;12;0;2019;9;16;4;3;5;2;0;1;1;0;0;0;0;341405,062687803060000;5697512,431789677600000;6,719712924000021;51,406629496000050;0
249031;5;1;12;0;2019;9;13;4;3;1;5;0;1;1;0;0;0;0;345950,953368570660000;5707736,305538194300000;6,780568506000066;51,499744603000067;0
249032;5;1;12;0;2019;9;16;4;3;0;6;0;1;0;0;0;0;0;344008,650000000370000;5708389,449000001000000;6,752319344000057;51,505080321000037;0
249033;5;5;54;68;2019;9;19;3;3;0;7;2;1;0;0;0;0;0;350157,013241703620000;5767965,486061053400000;6,815133243000048;52,042025060000071;1
249034;5;1;14;0;2019;9;11;3;3;3;5;0;1;1;0;0;0;0;334580,992840669120000;5693104,319344116400000;6,623738089000028;51,365077134000046;0
249035;5;5;66;76;2019;9;13;3;3;8;7;0;1;0;0;0;0;0;396511,831470783800000;5794571,512147270100000;7,482608748000075;52,291740763000064;0
249038;5;1;14;0;2019;9;13;3;3;0;3;0;1;0;0;0;0;0;330091,633814228700000;5689110,153246529400000;6,561216432000038;51,327869200000066;0
249040;5;1;17;0;2019;9;12;3;2;4;3;0;1;1;0;0;0;0;350750,588377492500000;5696161,377431025700000;6,854547345000071;51,397025941000038;0
249041;5;1;13;0;2019;9;16;3;3;0;7;0;1;0;0;0;0;0;357598,524000002070000;5705149,511999998200000;6,949301728000023;51,479554138000026;0
249042;5;5;15;0;2019;9;12;3;3;5;7;0;1;1;0;0;0;0;404543,218788222410000;5759313,303615106300000;7,610227566000049;51,976291003000028;0
249047;5;1;12;0;2019;9;16;3;3;1;5;0;1;1;0;0;0;0;343883,415736201220000;5696967,027945943200000;6,755557228000043;51,402416676000030;0
249056;5;7;70;8;2019;9;12;3;2;0;1;0;1;0;0;0;0;0;473514,995298563500000;5803649,834504280200000;8,610879818000058;52,382466346000058;0
249057;5;7;62;20;2019;9;13;3;3;5;3;0;1;1;0;0;0;0;525700,910541263410000;5735693,867768559600000;9,372480423000070;51,771535547000042;0
249060;5;7;54;8;2019;9;8;3;3;2;2;0;1;0;0;0;0;0;456376,086580391970000;5749609,933378985200000;8,366022599000075;51,895540339000036;0
249062;5;7;66;20;2019;9;21;3;2;0;1;2;1;1;0;0;0;0;491726,821352574970000;5755407,012713830900000;8,879624420000027;51,949308365000036;0
249063;5;7;66;20;2019;9;7;3;2;5;3;0;1;1;0;0;0;0;489755,672274655660000;5754855,705258093800000;8,850960529000076;51,944318740000028;0
249066;5;7;11;0;2019;9;19;3;3;5;1;1;1;1;0;0;0;0;470111,966356504710000;5764015,223923651500000;8,564382108000075;52,025960850000047;0
249069;5;9;74;28;2019;9;8;3;3;5;3;0;1;1;0;0;0;0;453986,587710881610000;5722786,018436834200000;8,334854029000042;51,654182522000042;0
249085;5;9;13;0;2019;9;16;3;3;2;6;0;1;1;0;0;0;0;392719,485137392770000;5706878,951498024200000;7,454316503000030;51,502851552000038;0