OBJECTID;ULAND;UREGBEZ;UKREIS;UGEMEINDE;UJAHR;UMONAT;USTUNDE;UWOCHENTAG;UKATEGORIE;UART;UTYP1;ULICHTVERH;IstRad;IstPKW;IstFuss;IstKrad;IstGkfz;IstSonstige;LINREFX;LINREFY;XGCSWGS84;YGCSWGS84;STRZUSTAND
249086;5;5;54;8;2019;9;15;3;3;3;2;0;1;0;0;0;0;0;337099,606055083680000;5745621,921977521900000;6,635493795000059;51,837622508000038;0
249089;5;3;34;2;2019;9;16;3;3;5;3;0;1;1;0;0;0;0;295563,143884901890000;5628045,360066570300000;6,100712962000046;50,768100112000070;1
249090;5;5;66;8;2019;9;7;2;3;5;3;0;1;1;0;0;0;0;400128,290555459450000;5780679,342527629800000;7,539719048000052;52,167551717000038;0
249091;5;5;54;8;2019;9;18;2;3;0;1;0;1;0;0;0;0;0;335229,020000000480000;5746002,694000002000000;6,608186201000024;51,840494417000059;0
249093;5;5;15;0;2019;9;16;2;3;0;2;0;1;0;0;0;0;0;406210,307320639490000;5757436,308135060600000;7,635004238000022;51,959703595000065;0
249100;5;3;62;28;2019;9;16;2;3;5;2;0;1;1;0;0;0;0;351302,587999999520000;5639071,236000001400000;6,886047647000055;50,884153829000070;0
249104;5;3;15;0;2019;9;15;2;3;4;1;0;1;0;0;0;0;0;354013,815000000410000;5647050,206000000200000;6,921370712000055;50,956549938000080;0
249106;5;3;15;0;2019;9;18;2;3;3;1;0;1;0;0;0;0;0;354064,119553182270000;5643952,070163993200000;6,923327686000050;50,928720745000078;0
249107;5;3;15;0;2019;9;12;2;3;5;3;0;1;1;0;0;0;0;354058,962383667010000;5643190,834189029400000;6,923559036000029;50,921878438000078;0
249108;5;3;15;0;2019;9;9;2;3;3;2;0;1;0;0;0;0;0;355903,222679779860000;5642843,381751827900000;6,949918271000058;50,919219469000041;1
249109;5;3;15;0;2019;9;7;2;3;5;3;1;1;1;0;0;0;0;355387,346200641240000;5643571,792346013700000;6,942295040000033;50,925636508000082;1
249110;5;3;15;0;2019;9;21;2;3;5;3;2;1;1;0;0;0;0;355888,644000001250000;5644648,418000003300000;6,948997506000069;50,935437414000035;0
249111;5;3;74;48;2019;9;7;3;3;0;3;0;1;1;0;0;0;0;398814,863000000830000;5643938,984999999400000;7,559873240000059;50,938190761000044;0
249112;5;3;15;0;2019;9;18;2;3;5;3;0;1;1;0;0;0;0;355148,513303923420000;5645632,218643104700000;6,938080039000056;50,944093178000060;0
249114;5;3;14;0;2019;9;10;2;2;0;7;0;1;0;0;0;0;0;369344,009754131550000;5615464,562764281400000;7,150769762000039;50,676336055000036;0
249121;5;1;54;52;2019;9;7;2;3;5;3;1;1;1;0;0;0;0;309545,469000000510000;5703527,930000001600000;6,258916060000047;51,450856476000070;1
249124;5;1;66;20;2019;9;15;2;2;0;6;0;1;0;0;1;0;1;303306,904215482060000;5677168,365282250600000;6,183795678000024;51,211987276000059;0
249125;5;1;66;32;2019;9;10;2;3;0;3;0;1;0;1;0;0;0;318094,278000000860000;5681714,728000002000000;6,392964865000067;51,257727963000036;1
249126;5;1;62;22;2019;9;9;2;3;2;6;0;1;1;0;0;0;0;334027,660246073270000;5683051,096087683000000;6,620477177000055;51,274595258000033;0
249127;5;1;16;0;2019;9;5;2;3;4;2;2;1;1;0;0;0;0;319512,239999999290000;5673628,366999998700000;6,417335330000071;51,185538782000037;1
249128;5;1;16;0;2019;9;8;2;3;0;7;0;1;1;0;0;0;0;320474,715197811830000;5674997,480374917400000;6,430408466000074;51,198140804000047;1
249130;5;1;14;0;2019;9;5;2;3;4;2;2;1;1;0;0;0;0;328961,492301627990000;5691481,254920138000000;6,543872078000049;51,348831767000036;1
249136;5;1;13;0;2019;9;12;2;2;0;1;0;1;0;0;0;0;0;366644,559457700700000;5701928,586959516600000;7,080705923000039;51,452813596000055;1
249140;5;1;11;0;2019;9;17;2;3;3;7;0;1;1;0;0;0;0;345572,951262317600000;5679635,219103498400000;6,787337732000026;51,247148284000048;0
249142;5;5;70;52;2019;9;13;3;3;5;3;0;1;1;0;0;0;0;430333,720097497110000;5755179,699178010200000;7,986479191000058;51,942963699000074;0
249144;5;7;74;32;2019;9;14;2;3;0;5;0;1;0;0;0;0;1;482401,992414606740000;5729306,326008826500000;8,745275677000052;51,714416884000059;0
249145;5;7;74;32;2019;9;8;2;2;0;7;0;1;1;0;0;0;0;480215,194302937020000;5733083,027939807600000;8,713408347000041;51,748301312000081;1
249147;5;7;58;4;2019;9;10;2;3;1;3;0;1;1;0;0;0;0;470250,402000000700000;5783334,678000003100000;8,564711436000039;52,199660361000042;1
249150;5;7;11;0;2019;9;18;2;3;1;1;0;1;1;0;0;0;0;470230,467449201270000;5762954,525616193200000;8,566201468000031;52,016430836000040;0
249154;5;7;11;0;2019;9;8;2;3;5;3;0;1;1;0;0;0;0;468172,769000000320000;5764709,129999999000000;8,536054732000025;52,032091612000045;1
249164;5;9;13;0;2019;9;14;2;3;1;7;0;1;1;0;0;0;0;391737,929267792030000;5703246,427028093500000;7,441293884000061;51,470013737000045;0
249165;5;3;15;0;2019;9;7;3;3;5;2;1;1;1;0;0;0;0;347761,015880702060000;5645023,595474427600000;6,833253890000037;50,936720665000053;0
249166;5;9;13;0;2019;9;14;2;3;6;4;0;1;0;1;0;0;0;387826,554551525970000;5707665,981768328700000;7,383598982000024;51,508975536000037;0
249172;5;5;66;16;2019;9;0;1;3;0;1;2;1;0;0;0;0;0;406318,309024298560000;5791120,021398447500000;7,627307636000069;52,262478526000052;0
249178;5;5;13;0;2019;9;14;1;3;2;7;0;1;0;0;0;0;0;365258,949411860670000;5710782,698686143400000;7,057395886000052;51,532053699000073;0
249179;5;3;70;40;2019;9;16;1;2;5;3;0;1;1;0;0;0;0;310908,291191362780000;5668739,749779159200000;6,296931386000040;51,138847097000053;0
249180;5;3;70;16;2019;9;8;1;3;0;1;0;1;0;0;0;0;0;297997,030621054580000;5661091,751681832600000;6,116886688000022;51,065752317000033;0
249181;5;3;34;2;2019;9;16;1;3;0;1;0;1;0;0;0;0;0;296159,896757557060000;5627740,635668678200000;6,109333288000073;50,765573210000071;0
249183;5;3;66;32;2019;9;14;1;3;0;4;0;1;0;1;0;0;0;335108,161000000310000;5596547,623999999800000;6,674988354000050;50,497662997000077;0
249185;5;3;15;0;2019;9;19;1;3;0;1;0;1;0;0;0;0;0;362922,514999999660000;5640780,462999999500000;7,050494086000072;50,902389355000082;0
249188;5;3;15;0;2019;9;1;1;3;0;6;2;1;1;0;0;0;1;355381,594999999740000;5645355,987999999900000;6,941505269000061;50,941669268000055;0
249189;5;3;15;0;2019;9;19;3;3;1;5;2;1;1;0;0;0;0;354967,718205288980000;5643903,763572156400000;6,936196197000072;50,928514519000032;1
249192;5;3;14;0;2019;9;10;1;2;5;3;0;1;1;0;0;0;0;363518,370805971320000;5616238,072493018600000;7,068080396000028;50,681951339000079;0
249193;5;1;70;20;2019;9;17;1;2;5;3;0;1;0;0;1;0;0;327038,390739635560000;5707845,740693839300000;6,508297799000047;51,495257941000034;0
249195;5;1;54;8;2019;9;17;1;3;0;1;0;1;0;0;0;0;0;304227,517397927120000;5750366,619391830600000;6,156247924000070;51,869678043000079;0
249196;5;5;58;24;2019;9;21;3;2;0;7;2;1;0;0;0;0;1;392226,883000002240000;5736169,782999999800000;7,438203768000051;51,766029579000076;0
249199;5;1;20;0;2019;9;16;1;3;5;3;0;1;1;0;0;0;0;379482,674702488820000;5673649,743179908000000;7,274946151000052;51,201524836000033;0
249200;5;1;17;0;2019;9;18;1;3;0;7;0;1;1;0;0;0;0;349802,239523882050000;5700381,431826202200000;6,839137371000049;51,434694810000053;0
249202;5;1;13;0;2019;9;14;1;3;0;1;0;1;0;0;0;0;0;356084,775999999610000;5693301,738999998200000;6,932330165000053;51,372707336000076;0
249204;5;1;13;0;2019;9;10;1;2;4;2;0;1;1;0;0;0;0;366951,913000000640000;5703838,537000000500000;7,084408096000061;51,470050164000043;0
249205;5;1;13;0;2019;9;11;1;3;5;3;0;1;1;0;0;0;0;366603,068182428370000;5702535,916901752400000;7,079880074000073;51,458261741000058;0
249208;5;7;74;8;2019;9;17;1;3;7;7;0;1;0;0;0;0;1;488201,463531912300000;5736655,706546220900000;8,828970902000037;51,780649400000073;0
249209;5;7;70;8;2019;9;16;1;3;5;2;0;1;1;0;0;0;0;473791,581000002100000;5803055,993999999000000;8,614989778000052;52,377140924000059;0
249210;5;7;62;8;2019;9;10;1;3;0;2;0;1;1;0;0;0;0;526007,799663330430000;5723855,580653969200000;9,376044113000035;51,665080997000075;0
249212;5;7;54;44;2019;9;15;1;3;4;6;0;1;0;0;0;0;0;470835,795000001790000;5747297,813000002900000;8,576350311000056;51,875696697000080;0
249214;5;7;54;8;2019;9;12;1;3;5;3;0;1;1;0;0;0;0;457690,451999999580000;5750673,967999998500000;8,384992180000040;51,905207985000061;0
249215;5;7;11;0;2019;9;17;1;3;8;6;0;1;0;0;0;0;0;466587,865311106670000;5759865,211188281000000;8,513425069000050;51,988448560000052;0
249216;5;7;11;0;2019;9;14;1;3;1;5;0;1;1;0;0;0;0;467059,671918084840000;5764431,210776761200000;8,519856495000056;52,029527950000045;0
249217;5;3;15;0;2019;9;14;3;2;0;1;0;1;0;0;0;0;0;355156,164407609030000;5643388,333561288200000;6,939080684000032;50,923929806000046;0
249219;5;9;78;32;2019;9;11;1;3;5;2;0;1;1;0;0;0;0;394102,297000000250000;5725075,437999999200000;7,468743051000047;51,666669549000062;0
249221;5;3;15;0;2019;9;10;3;3;3;2;0;1;1;0;0;0;0;355112,127788637760000;5643922,753658225800000;6,938242169000034;50,928721468000049;0
249226;5;5;70;52;2019;9;13;7;2;5;3;0;1;1;0;0;0;0;431133,337473488410000;5755341,734548049000000;7,998077816000034;51,944519901000035;0
249228;5;5;66;76;2019;9;1;7;2;0;7;2;1;0;0;0;0;0;392394,736704403530000;5791912,706440424500000;7,423114891000068;52,267054900000062;0
249232;5;5;54;20;2019;9;18;7;3;5;2;0;1;1;0;0;0;0;365871,838028549220000;5783098,081383453700000;7,038157068000032;52,182024104000050;0
249233;5;5;15;0;2019;9;19;7;3;5;3;1;1;1;0;0;0;0;403011,313718083310000;5758689,857926718900000;7,588107719000050;51,970422043000042;0
249236;5;5;62;16;2019;9;19;7;3;0;1;1;1;0;0;0;0;0;374854,103017043320000;5733498,431569648900000;7,187533793000057;51,738409222000030;0
249237;5;5;13;0;2019;9;15;7;3;0;3;0;1;1;0;0;0;0;363734,000260083000000;5710667,785485997800000;7,035468507000076;51,530655062000051;0
249238;5;3;70;4;2019;9;18;7;2;5;3;0;1;1;0;0;0;0;312639,052924261430000;5663578,006708614500000;6,324324696000076;51,093050671000071;0
249241;5;3;58;8;2019;9;13;7;3;0;1;0;1;0;0;0;0;0;321989,637951326560000;5627630,699163433200000;6,475272292000057;50,773085625000078;0
249242;5;3;14;0;2019;9;15;3;3;6;4;0;1;0;1;0;0;0;365924,676123166460000;5621745,848860675500000;7,100121609000041;50,732014710000044;0
249243;5;3;34;36;2019;9;1;7;1;5;3;2;1;1;0;0;0;0;302496,029000001030000;5635508,394000001300000;6,194892264000032;50,837534729000026;0
249247;5;3;78;32;2019;9;13;7;2;0;7;0;1;0;0;0;0;0;375300,292697429660000;5667214,661836214400000;7,217343338000035;51,142789507000032;0
249249;5;3;62;40;2019;9;18;7;3;1;5;0;1;1;0;0;0;0;357330,970218060540000;5631590,714337550100000;6,974606152000035;50,818445765000035;0
249250;5;3;62;32;2019;9;15;7;3;7;7;0;1;0;0;0;0;1;336085,839737419040000;5642821,227055337300000;6,668218512000067;50,913731992000066;0
249252;5;3;15;0;2019;9;13;7;2;1;7;0;1;1;0;0;0;0;364525,830116135070000;5640378,602478494900000;7,073431560000074;50,899156036000079;0
249253;5;5;70;48;2019;9;16;3;3;5;3;0;1;1;0;0;0;0;448465,507000000220000;5732072,609000001100000;8,253678917000059;51,737196060000031;0
249256;5;3;15;0;2019;9;19;7;3;5;3;1;1;1;0;0;0;0;353979,955767479730000;5636257,034863211200000;6,925207013000033;50,859546059000081;0
249258;5;3;14;0;2019;9;15;7;3;5;3;0;1;1;0;0;0;0;369405,016853081060000;5614345,834146954100000;7,152027693000036;50,666294249000032;0
249259;5;3;14;0;2019;9;18;7;3;3;2;0;1;1;0;0;0;0;362481,486586976800000;5623278,106917325400000;7,050788769000064;50,744981235000068;0
249262;5;1;58;26;2019;9;10;7;3;5;2;0;1;1;0;0;0;0;351531,080000001010000;5662067,286000002200000;6,879896687000041;51,090863944000034;0
249263;5;1;58;26;2019;9;15;7;3;0;1;0;1;0;0;0;0;0;352775,152508986180000;5664940,105169005700000;6,896477035000032;51,117000588000053;0
249264;5;1;58;28;2019;9;13;7;3;3;2;0;1;1;0;0;0;0;349783,699237817900000;5689925,531036261500000;6,843294016000073;51,340738274000046;0
249265;5;1;58;32;2019;9;11;7;3;0;1;0;1;0;0;0;0;0;369982,528700035070000;5691685,412323186200000;7,132474127000023;51,361533730000076;0
249266;5;1;54;8;2019;9;18;7;3;0;7;0;1;1;0;0;0;0;310066,590254180130000;5747298,878358373400000;6,242643214000054;51,844145810000043;0
249267;5;1;70;44;2019;9;17;3;3;5;3;0;1;1;0;0;0;0;340550,418580792840000;5718992,133856857200000;6,697726216000035;51,599374008000041;1
249268;5;1;66;16;2019;9;18;7;2;0;1;0;1;0;0;0;0;0;305516,576440830720000;5690022,697265204000000;6,208400836000067;51,328194211000039;0
249270;5;1;62;24;2019;9;17;7;2;0;7;0;1;0;0;0;0;1;339309,193068643100000;5673885,218007562700000;6,700242502000037;51,193754880000029;0
249271;5;1;62;22;2019;9;9;7;3;0;1;0;1;0;0;0;0;0;337548,974926471710000;5681251,844183411400000;6,671733986000049;51,259444370000040;0
249272;5;1;19;0;2019;9;14;7;3;0;3;0;1;1;0;0;0;0;351812,561409017070000;5703586,658658117100000;6,866695390000075;51,464024968000047;0
249274;5;1;14;0;2019;9;15;7;3;5;2;0;1;1;0;0;0;0;330409,033466779630000;5689735,862046690700000;6,565469975000042;51,333585212000060;0
249275;5;1;66;16;2019;9;12;3;3;3;6;0;1;1;0;0;0;0;308669,552000000140000;5688573,321000002300000;6,254380056000059;51,316245740000056;0
249278;5;1;13;0;2019;9;18;7;2;0;1;0;1;0;0;0;0;0;359824,220109312800000;5702154,552398307200000;6,982519710000076;51,453196767000065;0
249282;5;1;11;0;2019;9;19;7;3;5;3;2;1;1;0;0;0;0;346967,749694030730000;5681514,997109185900000;6,806502922000050;51,264414983000052;0
249284;5;1;11;0;2019;9;14;7;3;1;7;0;1;1;0;0;0;0;345612,188078741540000;5680036,264316897800000;6,787726496000062;51,250762461000079;0
249285;5;1;11;0;2019;9;10;7;3;5;2;0;1;1;0;0;0;0;343834,335685090160000;5679843,726807156600000;6,762355795000076;51,248548414000027;0
249287;5;1;11;0;2019;9;13;7;3;1;5;0;1;1;0;0;0;0;344748,567922227080000;5679232,801661413200000;6,775709826000025;51,243308636000052;0
249291;5;7;54;12;2019;9;11;7;3;5;2;0;1;1;0;0;0;0;456699,436600022020000;5767236,605059295900000;8,368497424000054;52,054037314000027;0
249296;5;7;74;12;2019;9;12;7;3;7;5;0;1;1;0;0;0;0;480627,816107789050000;5724308,880447337400000;8,719872993000024;51,669424755000080;1
249297;5;3;70;16;2019;9;7;6;3;0;3;0;1;0;0;0;0;1;296602,547599612740000;5660746,054652778400000;6,097205344000031;51,062155349000079;1
249299;5;3;34;2;2019;9;15;6;3;3;2;0;1;1;0;0;0;0;294277,891462650150000;5628564,795738089800000;6,082220445000075;50,772311004000073;0
249301;5;3;62;40;2019;9;8;6;3;5;2;0;1;1;0;0;0;0;357511,912999999710000;5631853,352000000000000;6,977071168000066;50,820850683000060;1
249302;5;3;62;12;2019;9;7;6;3;0;1;0;1;0;0;0;0;0;351254,203631400130000;5633687,058940006400000;6,887548547000051;50,835755967000068;1
249304;5;3;62;28;2019;9;14;6;3;5;2;0;1;1;0;0;0;0;351903,391999999990000;5640129,616999998700000;6,894153799000037;50,893819385000029;0
249307;5;3;16;0;2019;9;17;6;3;5;2;0;1;0;0;1;0;0;356578,532999998890000;5657950,574000001000000;6,953556077000030;51,055152956000029;0
249311;5;3;15;0;2019;9;14;6;3;1;5;0;1;1;0;0;0;0;348129,016796224750000;5646136,996436342600000;6,838023307000071;50,946822920000045;0
249312;5;3;15;0;2019;9;13;6;3;0;5;0;1;1;0;0;0;0;356616,002965174620000;5641524,071407111400000;6,960570648000044;50,907540473000040;0
249316;5;7;62;20;2019;9;20;7;3;0;6;0;1;0;1;0;0;0;526260,326000000350000;5736171,287999996900000;9,380623887000070;51,775802118000058;1
249317;5;3;82;48;2019;9;5;6;3;5;3;2;1;1;0;0;0;0;354558,738782355560000;5610693,559278089600000;6,943517780000036;50,629951204000065;1
249319;5;3;14;0;2019;9;7;6;3;5;2;1;1;1;0;0;0;0;365943,301205859520000;5618226,270041840200000;7,101664095000047;50,700385049000033;1
249321;5;1;70;44;2019;9;11;6;2;0;7;0;1;0;0;0;0;0;336117,854407443660000;5720774,217620072900000;6,632950060000042;51,614111912000055;0
249323;5;1;54;12;2019;9;6;6;2;1;5;1;1;1;0;0;0;0;315304,588442579840000;5710671,034218182800000;6,337969974000032;51,516923808000058;0
249324;5;1;24;0;2019;9;12;7;3;5;2;0;1;1;0;0;0;0;367224,279099090020000;5677973,919947730400000;7,097980079000024;51,237669632000063;1
249325;5;1;54;12;2019;9;17;6;3;1;5;0;1;1;0;0;0;0;314337,554864511830000;5711280,406749056700000;6,323727344000076;51,522080166000080;0
249327;5;7;58;4;2019;9;11;7;3;5;3;0;1;1;0;0;0;0;471188,381199609490000;5783056,486483248000000;8,578458963000060;52,197209129000044;1
249328;5;1;66;28;2019;9;21;6;3;4;2;2;1;1;0;0;0;0;325444,188081443310000;5688552,877704134200000;6,494849696000074;51,321455697000033;1
249329;5;1;66;28;2019;9;15;6;3;5;3;0;1;1;0;0;0;0;325493,194711968300000;5688466,682469453700000;6,495594492000066;51,320696405000035;0
249334;5;7;54;8;2019;9;12;7;3;4;3;0;1;0;0;0;0;0;457026,914000000800000;5750653,085000004600000;8,375350270000070;51,904969443000027;1
249335;5;1;14;0;2019;9;3;6;2;0;7;2;1;0;0;0;0;0;334830,756431058050000;5691660,745718246300000;6,627992982000023;51,352180418000046;1
249337;5;1;14;0;2019;9;8;6;3;5;2;0;1;1;0;0;0;0;327194,190452395010000;5694329,479697406300000;6,517135023000037;51,373884191000059;0
249339;5;1;17;0;2019;9;13;6;3;8;1;0;1;1;0;0;0;0;354648,020313368180000;5701966,873221257700000;6,908150776000070;51,450205202000063;0
249341;5;9;74;28;2019;9;11;7;3;5;2;0;1;1;0;0;0;0;454532,841384796430000;5725202,228054581200000;8,342435407000039;51,675950827000065;0
249343;5;1;13;0;2019;9;15;6;3;6;4;0;1;0;1;0;0;0;361336,108410012910000;5700186,064518252400000;7,005036535000045;51,435879525000075;0
249354;5;7;74;32;2019;9;13;6;3;0;1;0;1;0;0;0;0;0;482445,500076888130000;5729127,203159479400000;8,745914452000022;51,712807698000063;0
249356;5;7;66;44;2019;9;12;6;2;5;2;0;1;1;0;0;0;0;492454,169585209340000;5763873,376074992100000;8,890021091000051;52,025439454000036;0
249359;5;7;11;0;2019;9;11;6;3;0;3;0;1;0;0;0;0;0;467521,886185826730000;5763924,675225021300000;8,526641639000047;52,025001148000058;0
249360;5;9;78;4;2019;9;9;6;3;1;5;0;1;1;0;0;0;0;404922,756669873370000;5718976,645426422400000;7,626810354000043;51,613783243000057;1
249362;5;9;74;8;2019;9;7;6;2;1;5;0;1;1;0;0;0;0;443164,771388298830000;5715224,553741043400000;8,179661870000075;51,585210202000042;1
249366;5;9;58;24;2019;9;16;6;3;8;6;0;1;1;0;0;0;0;489650,164115260360000;5700529,038929058200000;8,851038154000037;51,455844598000056;0
249374;5;9;78;24;2019;9;9;6;3;5;3;0;1;1;0;0;0;0;398256,923595547680000;5719510,501334352400000;7,530414481000037;51,617416558000059;1
249375;5;9;11;0;2019;9;8;6;2;0;7;0;1;0;0;0;0;0;375867,918925113040000;5705477,319590020900000;7,212132929000063;51,486804797000048;1
249376;5;5;66;36;2019;9;17;5;3;5;3;0;1;1;0;0;0;0;387263,179553918540000;5768390,994055744300000;7,355758792000074;52,054637527000068;1
249377;5;5;66;76;2019;9;8;5;3;1;1;0;1;1;0;0;0;0;394226,259706229900000;5788337,588135965200000;7,451063672000032;52,235279622000064;1
249378;5;5;58;12;2019;9;19;5;3;5;3;1;1;1;0;0;0;0;374452,274294088590000;5755158,559404296800000;7,173857904000045;51,932971554000062;1
249380;5;5;58;16;2019;9;15;5;3;0;3;0;1;1;0;0;0;0;381125,222559721210000;5743972,617497392000000;7,274723506000044;51,833908237000060;1
249382;5;5;70;8;2019;9;10;6;3;5;3;0;1;1;0;0;0;0;433654,808217001150000;5734433,545929620000000;8,038769277000029;51,756863477000081;0
249383;5;5;54;4;2019;9;17;5;3;5;2;0;1;1;0;0;0;0;362801,814312462690000;5771672,887338586200000;6,997890934000054;52,078610873000059;1
249386;5;5;70;52;2019;9;9;6;3;5;3;0;1;1;0;0;0;0;430464,984418734910000;5755988,909653831300000;7,988224842000022;51,950254630000074;0
249387;5;5;54;8;2019;9;7;5;3;5;2;0;1;0;0;0;0;1;336129,196603748020000;5745721,092347046400000;6,621374353000022;51,838229527000067;0
249388;5;5;54;68;2019;9;22;5;3;5;3;2;1;1;0;0;0;0;350675,007897935810000;5766560,052174532800000;6,823293845000023;52,029537820000030;1
249389;5;5;15;0;2019;9;19;5;3;0;7;0;1;1;0;0;0;0;407103,263178099880000;5758416,130252815800000;7,647731149000038;51,968660643000078;0
249390;5;5;15;0;2019;9;7;5;2;0;7;1;1;0;0;0;0;0;407088,145628007130000;5758391,460129590700000;7,647517830000027;51,968436369000074;1
249391;5;5;62;12;2019;9;13;5;3;4;2;0;1;0;0;0;0;0;359432,785705180840000;5725165,339193590000000;6,967691461000072;51,659874765000040;1
249392;5;5;12;0;2019;9;15;5;3;3;3;0;1;1;0;0;0;0;356108,072238250640000;5711486,633325165100000;6,925267242000075;51,536121221000030;0
249398;5;3;34;2;2019;9;11;5;3;5;3;0;1;0;0;0;0;1;292521,827861497180000;5631110,314237218400000;6,055912401000057;50,794546853000043;1
249399;5;3;34;2;2019;9;6;5;3;0;7;2;1;0;0;0;0;0;294824,658824377690000;5628172,003631619700000;6,090183669000055;50,768976868000038;1
249400;5;3;82;68;2019;9;7;5;3;0;1;0;1;0;0;0;0;0;370245,953133022410000;5629999,685376869500000;7,158409467000070;50,807183345000055;1
249403;5;3;62;12;2019;9;18;5;3;5;3;0;1;1;0;0;0;0;352135,910182356830000;5633511,399263279500000;6,900132188000043;50,834403302000055;1
249404;5;3;62;12;2019;9;7;5;3;5;2;1;1;1;0;0;0;0;351994,002702284600000;5632665,771081350700000;6,898459762000073;50,826767618000076;1
249405;5;5;66;40;2019;9;7;6;3;5;3;1;1;0;0;0;0;1;421402,617787828670000;5783339,402401076600000;7,850089467000032;52,194902666000075;1
249411;5;3;15;0;2019;9;16;5;3;0;3;0;1;1;0;0;0;0;361070,311889193950000;5648842,314339725300000;7,021094769000058;50,974400404000050;1
249414;5;3;15;0;2019;9;8;5;3;0;1;0;1;0;0;0;0;0;353432,857140026990000;5646758,138665411600000;6,913222181000037;50,953777783000078;1
249416;5;3;15;0;2019;9;18;5;3;4;2;0;1;0;0;0;0;0;353723,613691112030000;5643883,452115802100000;6,918513224000037;50,928017853000028;1
249420;5;5;66;68;2019;9;15;6;3;1;5;0;1;1;0;0;0;0;376146,965402790350000;5785471,116501553000000;7,187495394000052;52,205751304000046;0
249422;5;3;14;0;2019;9;7;5;3;5;3;0;1;1;0;0;0;0;362861,063017229550000;5619067,428658211600000;7,057731496000031;50,707226499000058;1
249423;5;3;14;0;2019;9;8;5;3;0;1;0;1;0;0;0;0;0;365620,177549723540000;5622179,810589967300000;7,095651129000032;50,735844768000049;1
249424;5;1;70;16;2019;9;9;5;3;5;3;0;1;0;0;0;1;0;340186,456013968210000;5722378,452415788500000;6,690931527000032;51,629694390000054;0
249427;5;1;70;28;2019;9;15;5;3;5;3;0;1;0;0;0;0;1;330601,677786290650000;5701463,421963175800000;6,562638847000073;51,439000436000072;1
249429;5;1;70;44;2019;9;18;5;3;5;2;0;1;1;0;0;0;0;336885,887000000100000;5721228,039999999100000;6,643821877000050;51,618412068000055;1
249436;5;1;54;36;2019;9;8;5;3;5;3;0;1;0;0;0;0;1;302857,662697335710000;5741677,409083426000000;6,141324764000046;51,791166593000071;0
249438;5;5;58;44;2019;9;17;6;3;0;2;0;1;1;0;0;0;0;395363,511000001800000;5746379,819000003900000;7,480557209000040;51,858393283000055;0
249439;5;1;62;24;2019;9;8;5;2;0;1;0;1;0;0;0;0;0;338648,983627945180000;5674356,185440670700000;6,690590349000047;51,197800446000031;1
249442;5;1;20;0;2019;9;7;5;3;0;6;1;1;1;0;0;0;0;375065,462551705540000;5670239,272440135500000;7,212937870000076;51,169923151000035;1
249445;5;5;54;12;2019;9;11;6;3;0;7;0;1;0;0;0;0;0;353409,094093596560000;5747200,700456049300000;6,871371313000054;51,856327001000068;0
249452;5;1;11;0;2019;9;16;5;3;5;2;0;1;1;0;0;0;0;352146,037174689580000;5670002,730546945700000;6,885416707000047;51,162332168000034;1
249453;5;5;54;64;2019;9;8;6;3;5;3;0;1;1;0;0;0;0;356941,506680771710000;5750572,434730863200000;6,921231205000026;51,887539448000041;0
249457;5;7;70;24;2019;9;18;5;3;6;1;1;1;0;1;0;0;0;494296,214306858370000;5793334,718988668200000;8,916373548000024;52,290339751000033;1
249458;5;7;70;24;2019;9;15;5;3;5;3;0;1;0;0;0;0;0;497066,701999999580000;5793656,095000002500000;8,956990430000076;52,293250861000047;1
249461;5;7;54;8;2019;9;9;5;3;5;2;0;1;1;0;0;0;0;456664,499990812500000;5749690,604871235800000;8,370203637000031;51,896288126000059;0
249462;5;7;11;0;2019;9;14;5;2;5;3;0;1;1;0;0;0;0;464229,950832087550000;5759068,231393158400000;8,479171785000062;51,981136373000027;0
249473;5;5;70;8;2019;9;9;4;3;0;2;0;1;1;0;0;0;0;433755,523411902600000;5734018,203284068000000;8,040307407000057;51,753141439000046;1
249474;5;5;66;44;2019;9;15;4;3;1;5;0;1;1;0;0;0;0;421779,662175126370000;5774415,874853104400000;7,857659886000022;52,114743330000067;0
249475;5;5;66;84;2019;9;15;4;3;5;3;0;1;0;0;0;0;0;389414,744550511240000;5775179,748096311500000;7,384923742000069;52,116083350000054;0
249478;5;5;54;12;2019;9;12;4;3;0;7;0;1;1;0;0;0;0;351034,136594331820000;5744993,417936356700000;6,837861979000024;51,835866221000060;0
249479;5;5;54;20;2019;9;16;4;3;1;5;0;1;1;0;0;0;0;365259,491626190950000;5786229,843378830700000;7,027960838000070;52,210014799000078;0
249481;5;5;15;0;2019;9;18;6;3;0;1;1;1;0;0;0;0;0;399225,352986459620000;5756498,165930045800000;7,533656545000042;51,950049417000059;0
249482;5;5;54;8;2019;9;8;4;2;5;3;0;1;1;0;0;0;0;335669,726805124430000;5744623,995617352400000;6,615232192000065;51,828238849000059;0
249483;5;5;54;68;2019;9;17;4;3;4;2;0;1;1;0;0;0;0;350670,022157790140000;5766582,550286512800000;6,823211405000052;52,029738610000038;0
249484;5;5;15;0;2019;9;15;4;3;5;3;0;1;1;0;0;0;0;405050,047683762390000;5758360,130532901700000;7,617867915000034;51,967810352000072;0