OBJECTID;ULAND;UREGBEZ;UKREIS;UGEMEINDE;UJAHR;UMONAT;USTUNDE;UWOCHENTAG;UKATEGORIE;UART;UTYP1;ULICHTVERH;IstRad;IstPKW;IstFuss;IstKrad;IstGkfz;IstSonstige;LINREFX;LINREFY;XGCSWGS84;YGCSWGS84;STRZUSTAND
249485;5;5;15;0;2019;9;8;6;3;0;3;0;1;1;0;0;0;0;408831,086842614230000;5755968,713690251100000;7,673524685000075;51,946947858000044;0
249487;5;5;62;24;2019;9;16;4;3;5;3;0;1;1;0;0;0;0;367365,006481671710000;5724390,987219953900000;7,082597339000074;51,654844049000076;0
249488;5;5;62;24;2019;9;7;4;3;5;3;0;1;0;0;0;0;0;368029,612294314430000;5725498,374003736300000;7,091781195000067;51,664951991000066;0
249489;5;3;70;24;2019;9;12;4;3;1;5;0;1;1;0;0;0;0;281128,733624895100000;5659098,044422930100000;5,877705093000031;51,041668935000075;0
249490;5;3;58;8;2019;9;8;4;3;5;3;0;1;1;0;0;0;0;321340,853026184250000;5633385,978059111200000;6,463280660000066;50,824591596000062;0
249493;5;3;34;2;2019;9;15;4;3;3;2;0;1;1;0;0;0;0;298740,248770540580000;5627835,352790623900000;6,145824825000034;50,767324624000025;0
249494;5;5;15;0;2019;9;16;6;3;0;5;0;1;1;0;0;0;0;405119,137601585130000;5758131,192463327200000;7,618936565000070;51,965764364000052;0
249495;5;3;34;2;2019;9;19;4;3;3;6;0;1;0;0;0;0;0;294921,843571925540000;5628934,350313440000000;6,091135075000068;50,775858056000061;0
249496;5;3;82;60;2019;9;7;4;3;2;6;0;1;0;0;0;0;0;374742,022692719470000;5629590,196138829000000;7,222328220000065;50,804492261000064;1
249499;5;3;15;0;2019;9;8;4;3;5;3;0;1;1;0;0;0;0;363122,982732987030000;5641701,778644654900000;7,052997871000059;50,910717191000060;1
249501;5;3;15;0;2019;9;10;4;3;1;7;0;1;1;0;0;0;0;356195,993595764970000;5647257,917593216500000;6,952338284000064;50,958965281000076;0
249502;5;3;15;0;2019;9;20;4;3;0;1;2;1;0;0;0;0;0;356203,889941848810000;5647672,558280220300000;6,952286792000052;50,962693550000040;1
249503;5;3;15;0;2019;9;16;4;2;0;1;0;1;0;0;0;0;0;351852,422056742940000;5650478,105862092200000;6,889221361000068;50,986802974000057;0
249505;5;3;15;0;2019;9;12;4;3;5;3;0;1;1;0;0;0;0;353535,792083152570000;5643674,672626311000000;6,915926317000071;50,926093966000053;0
249507;5;5;62;28;2019;9;9;6;3;0;3;0;1;1;0;0;0;0;379183,504931863400000;5723410,614716116300000;7,253697349000049;51,648697613000081;0
249512;5;3;14;0;2019;9;8;4;3;1;7;0;1;1;0;0;0;0;365857,326810984870000;5622944,909320151400000;7,098731372000032;50,742776259000038;1
249514;5;1;70;48;2019;9;17;4;3;3;6;0;1;0;0;0;0;0;336057,256961090490000;5725338,098614392800000;6,629938399000025;51,655095392000078;0
249518;5;5;62;4;2019;9;19;6;3;1;6;0;1;1;0;0;0;0;382588,103607944210000;5716070,178402066200000;7,305343921000031;51,583445954000069;0
249523;5;1;14;0;2019;9;16;4;3;1;6;0;1;1;0;0;0;0;330826,555118078370000;5690418,119189636800000;6,571133765000070;51,339838904000032;0
249526;5;1;17;0;2019;9;14;4;2;5;7;0;1;0;0;0;0;0;352593,057655005720000;5699932,081623608200000;6,879445451000038;51,431390068000042;0
249528;5;1;13;0;2019;9;7;4;3;0;7;0;1;0;0;0;0;1;364668,487000000660000;5700848,980000000400000;7,052696080000033;51,442642724000052;1
249529;5;1;12;0;2019;9;19;4;3;6;7;1;1;0;1;0;0;0;343862,804360820910000;5697216,094352748200000;6,755151535000039;51,404648857000041;0
249532;5;5;62;12;2019;9;16;6;3;0;1;0;1;0;0;0;0;0;360395,408000000750000;5724331,285000000100000;6,981932669000059;51,652619963000063;0
249533;5;1;12;0;2019;9;19;4;2;5;3;2;1;1;0;0;0;0;346077,510496579110000;5704616,813683982900000;6,783750228000031;51,471750403000044;0
249534;5;1;11;0;2019;9;15;4;3;5;3;0;1;1;0;0;0;0;344930,619464128280000;5676146,580757407500000;6,779651513000033;51,215627275000031;0
249535;5;1;11;0;2019;9;16;4;2;0;7;0;1;1;0;0;0;0;351460,720488160850000;5669969,776624502600000;6,875636230000055;51,161858516000052;0
249536;5;1;11;0;2019;9;18;4;3;5;3;0;1;1;0;0;0;0;342635,324278898540000;5686022,572950791600000;6,742469135000022;51,303736384000047;0
249538;5;1;11;0;2019;9;16;4;3;5;3;0;1;1;0;0;0;0;347507,374395923690000;5679151,074645414900000;6,815239003000045;51,243318428000066;0
249542;5;7;74;32;2019;9;18;4;3;0;7;0;1;0;0;0;0;0;483374,101684706290000;5731379,115370012800000;8,759247475000052;51,733083621000048;0
249549;5;7;66;20;2019;9;6;4;2;1;5;2;1;1;0;0;0;0;485715,479440001770000;5754992,206462224900000;8,792176521000044;51,945456946000036;1
249550;5;9;74;52;2019;9;16;4;3;1;1;0;1;1;0;0;0;0;424586,447966640820000;5712772,648219149600000;7,912081431000047;51,560987474000058;0
249552;5;3;70;4;2019;9;9;6;3;3;2;0;1;1;0;0;0;0;312393,590855970980000;5663367,668607624200000;6,320932635000077;51,091081069000040;0
249554;5;9;58;4;2019;9;20;4;3;5;3;2;1;1;0;0;0;0;430848,988440894520000;5698033,224378945300000;8,005298306000043;51,429277208000030;1
249558;5;9;14;0;2019;9;18;4;3;0;7;0;1;0;1;0;0;0;393123,897000000810000;5692242,563999999300000;7,464559155000075;51,371367782000050;0
249559;5;3;58;48;2019;10;20;4;3;4;7;2;1;0;0;0;0;0;320960,889569013380000;5637105,169800605600000;6,456074039000043;50,857887009000081;0
249562;5;1;16;0;2019;10;15;4;3;5;3;0;1;1;0;0;0;0;320497,789236226120000;5671178,808314943700000;6,432645801000035;51,163844241000049;0
249564;5;1;16;0;2019;10;7;4;2;5;3;0;1;1;0;0;0;0;320534,826999999580000;5674555,707000000400000;6,431488746000071;51,194191169000078;0
249566;5;1;14;0;2019;10;15;4;3;5;3;0;1;1;0;0;0;0;331703,766797649670000;5686201,623115239700000;6,585706729000037;51,302218225000047;0
249575;5;7;74;32;2019;10;15;4;3;0;7;0;1;0;0;0;0;0;481913,735219208520000;5728823,894089685800000;8,738233463000029;51,710063658000081;0
249576;5;7;70;32;2019;10;9;4;3;0;6;0;1;1;0;0;0;0;494215,441000001510000;5787323,456000000200000;8,915292332000036;52,236294377000036;0
249581;5;3;34;32;2019;10;18;4;3;1;1;1;1;1;0;0;0;0;305606,386720377950000;5629594,547987360500000;6,242144977000066;50,785467496000081;0
249584;5;7;66;20;2019;10;17;4;3;5;3;0;1;1;0;0;0;0;490027,518000000160000;5754848,131999999300000;8,854915678000054;51,944255589000079;1
249585;5;9;78;20;2019;10;13;4;3;6;4;0;1;0;1;0;0;0;407533,048479565420000;5716525,659124799100000;7,665145602000052;51,592185852000057;0
249587;5;9;74;28;2019;10;13;4;3;2;6;0;1;1;0;0;0;1;454525,568594115790000;5725240,245416030300000;8,342325281000058;51,676292047000061;0
249588;5;9;74;28;2019;10;7;4;3;1;2;0;1;1;0;0;0;0;454272,923981396480000;5724260,769681993900000;8,338799903000052;51,667465202000074;1
249589;5;3;34;2;2019;10;16;4;3;5;3;0;1;1;0;0;0;0;297934,199824538080000;5622000,384720895400000;6,137608327000066;50,714636803000076;1
249590;5;9;74;40;2019;10;14;4;2;5;3;0;1;1;0;0;0;0;436854,879222495480000;5713498,519055448500000;8,088909409000053;51,569020556000055;0
249592;5;3;34;2;2019;10;11;4;3;0;5;0;1;1;0;0;0;0;299043,511783435010000;5628959,255792206200000;6,149505927000064;50,777524311000036;0
249597;5;9;54;16;2019;10;17;4;3;0;1;0;1;0;0;0;0;0;373285,418000000530000;5695910,978000000100000;7,178382239000030;51,400256846000048;1
249601;5;9;13;0;2019;10;17;4;3;0;2;0;1;1;0;0;0;0;395669,199161681350000;5707805,910043496600000;7,496525375000033;51,511735862000080;0
249605;5;5;70;40;2019;10;16;3;3;1;5;0;1;1;0;0;0;0;419297,739999999290000;5744462,578000001600000;7,828467427000021;51,845133562000058;0
249606;5;3;62;36;2019;10;11;4;3;5;2;0;1;1;0;0;0;0;346647,988974258300000;5652881,404431330000000;6,814111428000047;51,007036068000048;0
249607;5;5;70;44;2019;10;11;3;3;5;3;0;1;1;0;0;0;0;416776,900142330680000;5759891,457987804000000;7,788153462000025;51,983454968000046;1
249608;5;5;70;52;2019;10;21;3;3;0;1;2;1;0;0;0;0;0;429262,517822263760000;5754954,372997459000000;7,970944148000058;51,940802935000079;0
249610;5;5;66;12;2019;10;10;3;3;5;3;0;1;1;0;0;0;0;404926,482348827650000;5773621,551717966800000;7,611826887000063;52,104962998000076;1
249612;5;5;54;68;2019;10;7;3;3;5;2;0;1;1;0;0;0;0;350843,768000002020000;5767342,294000001600000;6,825410855000030;52,036611220000054;1
249614;5;5;54;60;2019;10;11;3;3;3;6;0;1;1;0;0;0;0;353518,852125650270000;5757144,367004906800000;6,868738438000037;51,945698640000046;1
249615;5;5;54;12;2019;10;12;3;3;5;3;0;1;0;0;0;0;0;352175,439000000250000;5744670,833999998900000;6,854552426000055;51,833271064000030;1
249616;5;3;16;0;2019;10;16;4;3;0;3;0;1;0;0;0;0;1;358857,738381227480000;5655502,047688942400000;6,987010086000055;51,033713071000079;0
249618;5;5;15;0;2019;10;17;3;3;5;3;0;1;1;0;0;0;0;401220,869148833680000;5758559,638018995500000;7,562089961000027;51,968936287000076;1
249635;5;3;15;0;2019;10;13;3;3;5;3;0;1;0;0;0;0;1;360067,388451678680000;5648005,411557076500000;7,007140419000052;50,966636260000030;1
249637;5;3;15;0;2019;10;15;3;3;5;3;0;1;1;0;0;0;0;354445,191880485970000;5646390,355134092300000;6,927772417000028;50,950729185000057;1
249639;5;3;15;0;2019;10;17;3;3;3;7;0;1;1;0;0;0;0;352315,258390958420000;5644639,604197008500000;6,898180557000046;50,934454217000052;1
249640;5;3;15;0;2019;10;17;3;3;0;1;0;1;0;0;0;0;0;354133,704205632210000;5643342,374778740100000;6,924561099000073;50,923259190000067;1
249642;5;3;15;0;2019;10;15;3;2;5;5;0;1;1;0;0;0;0;356207,229090480130000;5642919,547294128700000;6,954210429000057;50,919979796000064;1
249644;5;3;15;0;2019;10;11;4;3;5;2;0;1;1;0;0;0;0;361320,011219862850000;5649648,457588003900000;7,024341670000069;50,981705544000079;0
249647;5;3;15;0;2019;10;18;4;3;5;3;0;1;1;0;0;0;0;357441,387000000100000;5648940,268000003000000;6,969400480000047;50,974393855000073;0
249650;5;1;70;8;2019;10;15;3;3;5;3;0;1;1;0;0;0;0;342302,820832831790000;5714488,822418263200000;6,725029434000021;51,559407320000048;0
249653;5;1;58;16;2019;10;7;3;3;3;5;1;1;1;0;0;0;0;355172,859264660630000;5671125,113475548100000;6,928223149000075;51,173192576000076;1
249655;5;1;66;12;2019;10;13;3;3;4;3;0;1;0;0;0;0;0;320413,375000000930000;5692767,081000002100000;6,420601787000067;51,357745533000070;1
249656;5;1;66;32;2019;10;12;3;3;5;3;0;1;1;0;0;0;0;313846,402295080940000;5680423,350724605800000;6,332826788000034;51,244757425000046;1
249657;5;1;62;24;2019;10;16;3;3;0;1;0;1;0;0;0;0;0;338768,304152201860000;5674858,961515497400000;6,692070859000069;51,202351515000032;1
249660;5;1;14;0;2019;10;12;3;3;5;3;0;1;1;0;0;0;0;329673,479999999520000;5689543,164000002700000;6,555013314000064;51,331634212000040;1
249670;5;3;15;0;2019;10;11;4;3;6;4;0;1;0;1;0;0;0;357226,281328948210000;5648059,046702690400000;6,966684532000045;50,966421141000069;1
249671;5;1;12;0;2019;10;17;3;3;3;6;0;1;1;0;0;0;0;338464,385790149680000;5698796,029490279000000;6,676883985000075;51,417332030000068;1
249672;5;1;11;0;2019;10;11;3;3;0;2;0;1;1;0;0;0;0;350596,826600255440000;5672027,638758247700000;6,862435147000042;51,180125462000035;1
249676;5;7;74;12;2019;10;9;3;3;0;1;0;1;0;0;0;0;0;481000,585639283990000;5723960,079328404700000;8,725282244000027;51,666301288000057;1
249677;5;7;70;24;2019;10;7;3;3;0;1;0;1;0;0;0;0;0;494452,359020761210000;5795374,493272559700000;8,918629267000028;52,308679921000078;1
249678;5;7;54;8;2019;10;14;3;3;5;2;0;1;1;0;0;0;0;457673,849721674810000;5752047,378190530500000;8,384582099000056;51,917554472000063;0
249680;5;7;11;0;2019;10;19;3;2;4;6;2;1;0;0;0;0;0;465668,695962873290000;5758425,757142530800000;8,500183976000074;51,975450885000043;0
249681;5;7;11;0;2019;10;16;3;2;5;3;0;1;1;0;0;0;0;472168,385758237910000;5762798,708540068900000;8,594452487000069;52,015130522000049;0
249683;5;9;78;40;2019;10;9;3;3;0;7;0;1;1;0;0;0;0;405164,078891819340000;5724762,465701438500000;7,628726636000067;51,665832329000068;1
249684;5;9;78;4;2019;10;19;3;3;5;3;2;1;1;0;0;0;0;408109,213870392180000;5722919,755105203000000;7,671783475000041;51,649757462000082;1
249686;5;9;78;36;2019;10;9;3;3;0;5;0;1;1;0;0;0;0;408540,903121620420000;5711128,004366442600000;7,681095747000029;51,543829586000072;1
249688;5;9;74;40;2019;10;7;3;3;3;2;0;1;1;0;0;0;0;436598,915060915980000;5712217,731426140300000;8,085447770000030;51,557476930000064;1
249689;5;9;74;28;2019;10;14;3;3;4;6;0;1;0;0;0;0;0;454653,277147619050000;5726032,707573361700000;8,344069201000025;51,683427290000054;0
249690;5;9;15;0;2019;10;18;3;2;0;1;0;1;0;0;0;0;0;427584,355000002310000;5726015,342000002000000;7,952583875000073;51,680432758000052;0
249691;5;9;15;0;2019;10;13;3;3;0;1;0;1;0;0;0;0;0;421385,497060951780000;5726375,525625094800000;7,862861080000073;51,682837135000057;1
249693;5;3;15;0;2019;10;9;4;2;5;1;0;1;1;0;0;0;0;352895,678268292920000;5647783,759028377000000;6,905164894000052;50,962857712000073;1
249700;5;5;70;4;2019;9;17;2;3;5;2;0;1;1;0;0;0;0;424648,835989385840000;5734832,675299244000000;7,908225306000077;51,759312241000032;0
249703;5;3;15;0;2019;10;6;4;3;5;3;2;1;1;0;0;0;0;355711,552539845930000;5642357,551581872600000;6,947385389000033;50,914805490000049;1
249705;5;5;15;0;2019;9;16;2;3;2;7;0;1;0;0;0;0;0;404246,802526764570000;5758440,522966969800000;7,606156839000050;51,968395158000078;1
249707;5;5;13;0;2019;9;15;2;3;0;2;0;1;1;0;0;0;0;366519,962099273690000;5710267,442820189500000;7,075760503000026;51,527722829000027;1
249709;5;3;70;4;2019;9;7;2;3;5;3;0;1;1;0;0;0;0;311865,247977199960000;5661029,731736427200000;6,314613534000046;51,069907537000063;1
249713;5;3;34;2;2019;9;12;2;3;3;2;0;1;1;0;0;0;0;294440,094000000510000;5628429,224000001300000;6,084593553000048;50,771150901000055;0
249714;5;3;15;0;2019;10;11;4;3;0;3;0;1;1;0;0;0;0;356076,914884698580000;5644828,606859274200000;6,951603989000034;50,937103759000081;0
249715;5;3;82;44;2019;9;8;2;3;5;3;0;1;1;0;0;0;0;360625,621064982380000;5633117,404899636300000;7,020768082000075;50,832969066000032;0
249716;5;3;82;16;2019;9;22;2;3;0;2;2;1;1;0;0;0;0;392695,231544938870000;5625267,487364169200000;7,478279887000042;50,769236208000052;0
249717;5;3;82;20;2019;9;16;2;3;4;6;0;1;0;1;0;0;0;378755,209360775540000;5626540,259951761000000;7,280262349000054;50,777930862000062;0
249720;5;3;78;12;2019;9;13;2;2;0;1;0;1;0;0;0;0;0;375709,132000000220000;5652428,278000002700000;7,228269178000062;51,009977422000077;1
249722;5;3;62;12;2019;9;15;2;3;5;2;0;1;1;0;0;0;0;351778,992862567310000;5631987,846937075300000;6,895683016000021;50,820620309000049;0
249723;5;3;62;32;2019;9;19;2;3;0;1;0;1;0;0;0;0;0;336146,608461979780000;5641968,204037949400000;6,669465195000043;50,906084670000041;0
249733;5;3;15;0;2019;9;18;2;3;5;3;0;1;1;0;0;0;0;354470,585049803370000;5646348,016315976200000;6,928150603000063;50,950355111000079;0
249738;5;1;54;8;2019;9;17;2;2;4;3;0;1;0;0;0;0;0;309511,081873981280000;5746482,134618850400000;6,235038444000054;51,836621646000026;0
249739;5;1;66;28;2019;9;19;2;3;2;6;2;1;1;0;0;0;0;326539,428492341190000;5687953,855863614000000;6,510843586000021;51,316409375000035;0
249740;5;1;19;0;2019;9;11;2;3;5;3;0;1;1;0;0;0;0;349456,210584491490000;5710034,301597880200000;6,830049255000063;51,521337095000035;1
249742;5;1;14;0;2019;9;20;2;3;3;5;2;1;1;0;0;0;0;330045,207356025460000;5690174,807938955700000;6,560042773000021;51,337420003000034;1
249743;5;1;14;0;2019;9;16;2;3;5;3;0;1;1;0;0;0;0;330710,823949912560000;5689181,084225842700000;6,570061696000039;51,328691071000037;0
249748;5;1;13;0;2019;9;8;2;3;5;2;0;1;1;0;0;0;0;361143,461144907400000;5704469,883659564000000;7,000585020000074;51,474328118000074;1
249750;5;3;14;0;2019;10;19;4;3;6;4;1;1;0;1;0;0;0;362032,490461144600000;5624187,671131115400000;7,044087839000042;50,753049555000075;0
249754;5;7;74;20;2019;9;15;2;3;5;2;0;1;1;0;0;0;0;469256,890000000600000;5734583,674000000600000;8,554543990000070;51,761299512000051;0
249755;5;7;74;32;2019;9;9;2;3;1;3;0;1;1;0;0;0;0;483533,331816140560000;5730375,398375675100000;8,761600675000068;51,724063604000037;0
249756;5;1;70;52;2019;10;13;4;3;5;3;0;1;1;0;0;0;0;324065,757901765410000;5725827,901617867900000;6,456512888000020;51,655870511000046;0
249762;5;7;54;44;2019;9;16;2;3;5;3;0;1;1;0;0;0;0;464953,312000000850000;5746626,869000000900000;8,490970705000052;51,869325705000051;1
249763;5;7;54;12;2019;9;17;2;3;5;3;0;1;1;0;0;0;0;456167,246240795590000;5767078,706562507900000;8,360756651000031;52,052575913000055;0
249770;5;5;66;8;2019;9;16;1;2;5;2;0;1;1;0;0;0;0;399172,961726054550000;5781256,987996036200000;7,525583984000036;52,172569730000077;1
249777;5;3;15;0;2019;9;5;1;2;6;4;2;1;0;1;0;0;0;353010,958485040810000;5646214,516668576700000;6,907439069000077;50,948785038000040;0
249784;5;1;11;0;2019;9;3;1;3;1;5;2;1;1;0;0;0;0;342146,361518119460000;5683187,570288976700000;6,736713666000071;51,278128433000063;1
249786;5;7;54;24;2019;9;14;1;2;1;5;0;1;0;0;0;1;0;452503,897627118040000;5736153,943193217700000;8,311600316000067;51,774246859000073;1
249792;5;9;15;0;2019;9;16;1;3;5;3;0;1;1;0;0;0;0;417302,429868455980000;5725748,082937454800000;7,803962696000042;51,676610269000037;1
249798;5;5;66;92;2019;9;13;7;2;5;3;0;1;1;0;0;0;0;424223,240039273170000;5796861,765565203500000;7,888312605000067;52,316848406000076;0
249799;5;5;54;20;2019;9;16;7;3;1;5;0;1;1;0;0;0;0;364419,165001535790000;5786567,341302091300000;7,015534758000058;52,212841203000039;1
249800;5;5;54;16;2019;9;12;7;2;0;1;0;1;0;0;0;0;0;363207,686999999920000;5757935,081000000200000;7,009298513000033;51,955270426000027;1
249801;5;5;15;0;2019;9;15;7;2;5;2;0;1;1;0;0;0;0;405102,611481679600000;5757684,229910802100000;7,618819599000062;51,961744065000062;0
249802;5;5;12;0;2019;9;17;7;3;5;3;0;1;1;0;0;0;0;355596,255289375780000;5712117,780261430900000;6,917633835000061;51,541661847000057;1
249804;5;3;34;8;2019;9;19;7;3;5;3;2;1;1;0;0;0;0;302275,535562896170000;5643191,664662746700000;6,187611504000074;50,906469599000047;1
249805;5;1;66;36;2019;10;9;4;3;1;5;0;1;1;0;0;0;0;328862,295717750680000;5682079,288796428600000;6,546958948000054;51,264336874000037;0
249811;5;1;66;28;2019;10;11;4;3;5;3;0;1;0;0;0;0;0;324813,676105735820000;5688272,541813172400000;6,485947951000071;51,318743538000035;0
249814;5;3;15;0;2019;9;17;7;3;5;3;0;1;1;0;0;0;0;355179,759822370480000;5645607,646069102000000;6,938534286000049;50,943880200000081;0
249815;5;1;70;8;2019;9;11;7;3;4;7;0;1;1;0;0;0;0;343375,888663634660000;5716599,181751243800000;6,739556122000067;51,578667069000062;0
249817;5;1;66;32;2019;10;14;4;3;6;4;0;1;0;1;0;0;0;317764,020977234470000;5681590,409168258300000;6,388300278000031;51,256505785000058;0
249824;5;1;70;20;2019;10;18;2;3;5;3;1;1;1;0;0;0;0;328703,392155395820000;5707127,725673129800000;6,532608378000020;51,489314627000056;1
249826;5;1;70;20;2019;10;18;2;3;5;3;2;1;1;0;0;0;0;330682,611064806580000;5707045,554492155100000;6,561128926000038;51,489172494000059;1
249830;5;1;58;26;2019;10;16;2;3;6;6;0;1;0;1;0;0;0;352160,375597523530000;5662256,142648333700000;6,888799037000069;51,092723613000032;0
249835;5;7;58;12;2019;10;15;3;3;3;2;0;1;0;0;0;0;1;476355,600236848930000;5773086,712000209800000;8,654752634000033;52,107821110000032;1
249837;5;1;62;4;2019;10;7;2;3;5;3;1;1;1;0;0;0;0;346841,922000001180000;5662847,611000001400000;6,812657068000021;51,096642807000080;0
249839;5;1;62;24;2019;10;15;2;3;5;3;0;1;1;0;0;0;0;338382,115560791460000;5674655,419978570200000;6,686639291000063;51,200413604000062;0
249841;5;1;24;0;2019;10;23;2;3;0;7;2;1;0;0;0;0;0;375691,566785667090000;5682012,330464238300000;7,217806197000073;51,275873605000072;0
249845;5;1;13;0;2019;10;16;2;3;5;2;0;1;1;0;0;0;0;359888,035841468720000;5702473,142746839700000;6,983311370000024;51,456075487000078;0
249850;5;7;74;36;2019;10;13;2;3;0;7;0;1;0;0;0;0;0;472179,066195189020000;5723380,464346060500000;8,597778466000023;51,660722251000038;0
249851;5;7;70;44;2019;10;22;2;2;0;7;2;1;0;0;0;0;0;459562,997843643650000;5809953,944792999000000;8,405143714000076;52,438286847000029;0
249853;5;7;54;8;2019;10;7;2;3;5;3;0;1;1;0;0;0;0;457692,934161025100000;5753234,143833557100000;8,384713705000024;51,928225608000048;0
249854;5;7;54;8;2019;10;13;2;3;3;6;0;1;0;0;0;0;0;457764,665904635560000;5752498,505500316600000;8,385847133000027;51,921617257000037;0
249855;5;9;11;0;2019;10;17;3;3;0;1;0;1;0;0;0;0;0;381207,788743445650000;5703920,275526527300000;7,289528779000023;51,473957446000043;0
249857;5;7;11;0;2019;10;15;2;3;5;2;0;1;1;0;0;0;0;465460,455907800230000;5760335,432926639900000;8,496960111000021;51,992607181000039;0
249860;5;7;11;0;2019;10;14;2;2;0;1;0;1;0;0;0;0;0;467792,129672301000000;5763059,565933173500000;8,530661621000036;52,017239033000067;0
249862;5;9;74;56;2019;10;16;2;3;5;2;0;1;0;0;0;0;0;420747,854401654560000;5704629,875014700000000;7,858549225000047;51,487258384000029;0
249864;5;9;54;16;2019;10;16;2;3;4;3;0;1;1;0;0;0;0;372481,408589061350000;5688075,156817935400000;7,169640713000035;51,329653510000071;1
249867;5;9;15;0;2019;10;13;2;2;5;3;0;1;1;0;0;0;0;419789,700026581060000;5724707,184868875900000;7,840166530000033;51,667613715000073;0
249869;5;9;78;24;2019;10;7;2;3;5;3;0;1;1;0;0;0;0;392001,325639695860000;5717465,007113574100000;7,440723209000055;51,597865674000047;0
249870;5;9;78;24;2019;10;11;2;3;5;2;0;1;1;0;0;0;0;397133,027000000700000;5718926,887000002000000;7,514357980000057;51,611966446000054;0
249873;5;9;11;0;2019;10;18;2;2;0;1;1;1;0;0;0;0;0;380011,595547589470000;5703299,246602574400000;7,272524221000026;51,468123405000028;1
249876;5;5;15;0;2019;10;1;1;3;0;1;2;1;0;0;0;0;0;406095,607554780320000;5757509,472507458200000;7,633315433000064;51,960341871000026;0
249879;5;5;70;52;2019;10;10;2;3;5;2;0;1;1;0;0;0;0;431733,410094163380000;5755207,846097515900000;8,006833269000026;51,943390248000071;0
249881;5;3;34;2;2019;10;15;1;3;4;2;0;1;1;0;0;0;0;294402,894630908970000;5629398,649165652700000;6,083524810000029;50,779844312000080;1
249882;5;5;58;12;2019;10;11;2;2;0;1;0;1;0;0;0;0;0;374465,673923686150000;5755548,003805454800000;7,173910590000048;51,936474314000066;0
249889;5;3;15;0;2019;10;3;1;3;0;7;2;1;0;0;0;0;0;355245,263608979060000;5644143,000169370300000;6,940047926000034;50,930734202000053;0
249899;5;1;12;0;2019;10;15;1;2;5;3;0;1;1;0;0;0;0;341452,216000000950000;5697413,298000000400000;6,720434629000067;51,405751987000031;1
249900;5;1;11;0;2019;10;4;1;3;6;4;2;1;0;1;0;0;0;344664,329420098100000;5676524,522540764900000;6,775678022000022;51,218950849000066;0
249901;5;9;74;48;2019;10;1;1;3;3;1;2;1;0;0;0;0;1;425771,620000000110000;5716694,729000000300000;7,928346468000029;51,596404348000078;0
249902;5;9;74;40;2019;10;9;3;3;0;7;0;1;0;0;0;0;0;437944,898000000980000;5714058,561000002500000;8,104535751000071;51,574176652000062;1
249906;5;5;54;8;2019;10;18;2;3;3;6;1;1;0;0;0;0;0;334506,374810522420000;5746221,252676917200000;6,597601661000056;51,842244118000053;0
249908;5;5;58;16;2019;10;20;7;3;0;5;2;1;1;0;0;0;0;381415,714198365810000;5743235,067191185400000;7,279190177000032;51,827341505000049;0
249910;5;5;15;0;2019;10;16;7;3;1;7;0;1;1;0;0;0;0;403816,323902715000000;5754367,614325098700000;7,601032351000072;51,931712104000042;0
249911;5;5;15;0;2019;10;0;7;3;6;6;2;1;0;1;0;0;0;406358,785648089830000;5756962,676705423700000;7,637293600000021;51,955471396000064;1
249912;5;5;54;8;2019;10;6;2;3;5;3;2;1;1;0;0;0;0;338771,979236954820000;5745787,514020746600000;6,659669226000062;51,839595408000037;0
249915;5;5;15;0;2019;10;11;2;3;5;3;0;1;0;0;0;0;0;405657,454624214210000;5755114,684842484100000;7,627597868000066;51,938742261000073;0
249917;5;3;66;28;2019;10;18;7;2;0;1;0;1;0;0;0;0;0;331561,804689104670000;5605824,121247077400000;6,620837376000054;50,580007630000068;0
249919;5;5;62;28;2019;10;14;2;3;6;6;0;1;0;1;0;0;0;379696,429225208240000;5722333,239185333300000;7,261478025000031;51,639124833000039;0
249920;5;3;15;0;2019;10;14;7;2;5;3;0;1;1;0;0;0;0;361838,049308975230000;5648435,402276091300000;7,032178057000067;50,970928086000072;0
249921;5;3;15;0;2019;10;0;7;2;0;1;2;1;0;0;0;0;0;355968,324013239700000;5647825,378744578000000;6,948874040000021;50,964008074000049;1
249922;5;3;15;0;2019;10;1;7;2;0;1;2;1;0;0;0;0;0;351639,805000000630000;5655892,495999999300000;6,883980398000063;51,035403829000074;1
249924;5;3;15;0;2019;10;14;7;3;0;3;0;1;1;0;0;0;0;354669,717267678120000;5646976,033599993200000;6,930732886000044;50,956049158000042;0
249926;5;3;15;0;2019;10;19;7;3;0;1;2;1;0;0;0;0;0;353862,622859362510000;5641972,100836567600000;6,921255699000028;50,910876347000055;0
249927;5;3;15;0;2019;10;18;7;3;0;7;1;1;0;0;0;0;0;356048,124101871620000;5643008,950657423600000;6,951913046000072;50,920743582000057;0
249932;5;1;58;28;2019;10;19;7;3;6;7;2;1;0;1;0;0;0;350099,726938332430000;5685128,156974526100000;6,849845108000068;51,297714106000058;0
249934;5;1;19;0;2019;10;14;7;3;6;4;0;1;0;1;0;0;0;352716,300777757540000;5705233,930585859300000;6,879009446000055;51,479062603000045;0
249938;5;1;17;0;2019;10;14;7;3;2;7;0;1;1;0;0;0;0;349404,069403573870000;5699685,439923429900000;6,833709294000073;51,428335352000033;0