OBJECTID;ULAND;UREGBEZ;UKREIS;UGEMEINDE;UJAHR;UMONAT;USTUNDE;UWOCHENTAG;UKATEGORIE;UART;UTYP1;ULICHTVERH;IstRad;IstPKW;IstFuss;IstKrad;IstGkfz;IstSonstige;LINREFX;LINREFY;XGCSWGS84;YGCSWGS84;STRZUSTAND
249944;5;1;12;0;2019;10;21;7;2;0;1;2;1;0;0;0;0;0;342655,408557149580000;5702900,980251502200000;6,735281717000021;51,455392843000027;0
249947;5;1;11;0;2019;10;12;7;3;3;6;0;1;0;0;0;0;1;343465,007828613740000;5675798,667487358700000;6,758835249000072;51,212101288000042;0
249949;5;1;11;0;2019;10;0;7;3;5;3;2;1;1;0;0;0;0;344757,373336489310000;5676519,037922740000000;6,777011659000038;51,218926874000033;1
249951;5;7;74;32;2019;10;10;7;3;5;7;0;1;1;0;0;0;0;481402,049168896860000;5734369,853768548000000;8,730531403000043;51,759912128000053;0
249953;5;7;74;32;2019;10;23;7;3;1;1;2;1;1;0;0;0;0;482950,152084341270000;5729139,556224923600000;8,753218156000060;51,712934335000057;0
249954;5;7;70;8;2019;10;14;7;3;3;6;0;1;1;0;0;0;0;474271,766062000770000;5803063,489681217800000;8,622043109000060;52,377231078000079;0
249959;5;9;15;0;2019;10;8;7;3;0;1;0;1;0;0;0;0;0;426686,204510797750000;5727509,853478556500000;7,939281477000066;51,693751727000063;0
249965;5;5;66;16;2019;10;11;6;3;5;3;0;1;1;0;0;0;0;407796,373999999840000;5789138,814000003000000;7,649499745000071;52,244921063000049;1
249968;5;5;66;8;2019;10;15;6;2;5;2;0;1;1;0;0;0;0;401338,697134381160000;5779787,796592956400000;7,557670110000061;52,159756339000069;1
249969;5;5;66;12;2019;10;15;6;3;1;3;0;1;1;0;0;0;0;404924,360434480010000;5773622,025306891600000;7,611795782000058;52,104966890000071;1
249970;5;5;58;32;2019;10;14;6;3;5;2;0;1;1;0;0;0;0;387558,475936118510000;5754129,027530133700000;7,364740493000056;51,926520991000075;1
249971;5;5;54;8;2019;10;13;6;3;5;3;0;1;1;0;0;0;0;336588,432619409640000;5745934,753301831000000;6,627933184000028;51,840283503000080;0
249974;5;5;62;4;2019;10;21;6;3;5;3;2;1;1;0;0;0;0;383272,631295430470000;5716239,084769226600000;7,315163230000053;51,585106237000048;1
249979;5;3;70;16;2019;10;7;6;3;5;3;0;1;1;0;0;0;0;296303,866459785030000;5660073,149042984500000;6,093327311000053;51,056006226000079;1
249980;5;3;34;12;2019;10;15;2;3;0;1;0;1;0;0;0;0;0;307817,874000000770000;5630020,786000000300000;6,273258249000037;50,790033416000028;1
249982;5;3;34;36;2019;10;10;6;3;0;7;0;1;1;0;0;0;0;299501,896813766100000;5632534,011915618600000;6,154048699000043;50,809790414000076;1
249984;5;3;34;12;2019;10;11;2;3;5;3;0;1;1;0;0;0;0;305545,057000000030000;5631420,546000000100000;6,240309570000022;50,801848746000076;0
249988;5;3;34;2;2019;10;8;2;3;5;2;0;1;1;0;0;0;0;295815,792171144860000;5628100,403956785800000;6,104260544000056;50,768683444000033;0
249993;5;3;15;0;2019;10;16;6;3;5;2;0;1;1;0;0;0;0;353925,473000000230000;5645835,715000001700000;6,920600999000044;50,945613351000077;1
249998;5;3;14;0;2019;10;15;6;3;0;3;0;1;0;0;0;0;1;368564,607415954580000;5616226,796857953100000;7,139473774000066;50,683011715000077;1
250000;5;3;14;0;2019;10;18;6;3;5;3;0;1;0;0;0;0;1;366596,605985348110000;5620053,807225991000000;7,110249509000028;50,716961298000058;1
250004;5;1;70;44;2019;10;18;6;3;5;3;2;1;1;0;0;0;0;340495,071020716800000;5719117,405881209300000;6,696870792000027;51,600483820000079;1
250008;5;1;58;28;2019;10;15;6;3;5;3;0;1;1;0;0;0;0;348941,644306847830000;5686033,585365345700000;6,832863117000045;51,305543841000031;1
250009;5;1;54;64;2019;10;16;6;3;0;6;0;1;0;0;0;0;1;305666,415865819900000;5724318,251851171300000;6,191679454000052;51,636254423000082;1
250011;5;1;62;4;2019;10;9;6;3;0;3;0;1;0;0;0;0;1;347092,677220535460000;5662507,456847816700000;6,816379501000029;51,093653163000056;1
250012;5;1;62;20;2019;10;10;6;3;5;3;0;1;1;0;0;0;0;328987,560913685710000;5674593,006814520800000;6,552325507000035;51,197118316000058;1
250014;5;1;16;0;2019;10;7;6;3;1;3;1;1;0;0;0;0;1;321559,057447806930000;5675848,822226706900000;6,445489103000057;51,206128266000064;1
250029;5;7;70;24;2019;10;15;6;3;5;3;0;1;1;0;0;0;0;492885,108000000010000;5791025,508000003200000;8,895733284000073;52,269562295000071;1
250030;5;7;54;8;2019;10;12;6;3;3;5;0;1;1;0;0;0;0;457485,487800069150000;5751427,153692971900000;8,381920076000029;51,911963953000054;1
250032;5;7;54;8;2019;10;16;6;3;4;1;0;1;0;0;0;0;0;458461,578099013310000;5749416,905428072400000;8,396352013000069;51,893964255000071;1
250035;5;9;58;4;2019;10;16;6;3;5;3;0;1;1;0;0;0;0;435359,348629730750000;5694652,455221625000000;8,070784483000068;51,399414326000056;1
250038;5;9;13;0;2019;10;14;6;3;5;3;0;1;1;0;0;0;0;389672,699639329690000;5710560,891032120200000;7,409284001000060;51,535359125000070;1
250042;5;5;66;68;2019;10;17;5;2;0;7;0;1;0;1;0;0;0;375825,105697714720000;5784806,890685627200000;7,183031290000031;52,199710070000037;1
250043;5;5;15;0;2019;10;21;5;3;1;7;2;1;1;0;0;0;0;404255,312943981960000;5748982,779522137700000;7,608911677000037;51,883386502000064;0
250048;5;3;34;2;2019;10;10;5;2;0;1;0;1;0;0;0;0;0;297385,102000000890000;5628879,692000001700000;6,126057282000033;50,776232778000065;1
250049;5;3;34;2;2019;10;11;5;3;4;2;0;1;1;0;0;0;0;294720,306904179980000;5629175,004001610000000;6,088146059000053;50,777948135000031;0
250050;5;3;15;0;2019;10;7;5;3;0;7;0;1;0;0;0;0;0;357960,890951666050000;5644693,215486617800000;6,978452631000039;50,936354118000054;0
250052;5;3;15;0;2019;10;1;5;3;0;6;2;1;1;0;0;0;0;355266,406903785650000;5641787,411647008700000;6,941283354000063;50,909570280000025;0
250053;5;3;14;0;2019;10;14;5;3;5;3;0;1;1;0;0;0;0;369613,400030056950000;5616155,679729852800000;7,154336734000026;50,682608454000047;1
250055;5;3;15;0;2019;10;6;2;3;1;5;2;1;1;0;0;0;0;354778,207544825040000;5643773,085774334100000;6,933553395000047;50,927292471000044;1
250057;5;1;13;0;2019;10;12;5;3;0;7;0;1;0;0;0;0;0;361359,436000000690000;5699527,280999999500000;7,005629819000035;51,429965156000037;0
250058;5;1;12;0;2019;10;13;5;3;0;4;0;1;1;0;0;0;1;342377,572447409850000;5703772,638201557100000;6,730897580000033;51,463147177000053;0
250059;5;1;11;0;2019;10;19;5;3;8;1;1;1;1;0;0;0;0;344774,830069080930000;5675214,355480639300000;6,777826053000069;51,207208527000034;0
250064;5;7;54;44;2019;10;0;5;2;0;1;2;1;0;0;0;0;0;462505,027000000700000;5749415,604000002100000;8,455109662000041;51,894239273000039;1
250065;5;7;54;8;2019;10;18;5;2;0;1;1;1;0;0;0;0;0;458679,297097105530000;5749252,849321350500000;8,399535438000044;51,892505474000075;1
250066;5;7;11;0;2019;10;13;5;3;0;5;0;1;1;0;0;0;0;465989,442567720080000;5761209,067492574500000;8,504577360000042;52,000494353000079;1
250067;5;9;78;36;2019;10;13;5;2;0;1;0;1;0;0;0;0;0;409665,857872259800000;5710142,358242623500000;7,697566818000041;51,535150477000059;0
250068;5;9;13;0;2019;10;20;5;3;5;3;2;1;1;0;0;0;0;393138,909119692630000;5708782,205326950200000;7,459780249000062;51,520038333000059;0
250069;5;9;13;0;2019;10;3;5;3;2;5;2;1;1;0;0;0;1;392744,506093933250000;5706892,984871737700000;7,454672594000044;51,502982439000050;0
250070;5;3;15;0;2019;10;10;2;3;5;2;0;1;1;0;0;0;0;356462,049226180650000;5645974,229026371600000;6,956630284000028;50,947495304000029;0
250071;5;5;66;60;2019;10;7;4;3;5;3;0;1;1;0;0;0;0;388984,329687867310000;5789678,270246049400000;7,373893829000053;52,246296292000068;1
250073;5;5;58;4;2019;10;15;4;3;5;3;0;1;1;0;0;0;0;404304,264679310840000;5738483,180847281600000;7,612526845000048;51,789018571000042;1
250074;5;5;58;4;2019;10;11;4;2;0;7;0;1;0;0;0;0;0;403038,908652472310000;5741570,073943531100000;7,593323188000056;51,816547381000078;0
250075;5;5;54;20;2019;10;15;4;2;5;3;0;1;1;0;0;0;0;364685,575530339960000;5786753,943205755200000;7,019357022000065;52,214583353000080;0
250076;5;5;54;68;2019;10;16;4;3;5;2;1;1;1;0;0;0;0;351288,831000000240000;5767365,430000001600000;6,831884456000068;52,036938615000054;1
250077;5;5;54;56;2019;10;7;4;3;4;2;0;1;1;0;0;0;0;356763,873233042660000;5762373,011227594700000;6,913737103000074;51,993523180000068;0
250078;5;3;15;0;2019;10;6;2;2;0;1;1;1;0;0;0;0;0;355295,989263764580000;5644187,486916210500000;6,940751625000075;50,931146723000040;1
250080;5;5;54;48;2019;10;8;4;3;5;3;0;1;1;0;0;0;0;341284,656036259610000;5744305,942965181500000;6,696789783000043;51,827004804000069;0
250081;5;5;54;8;2019;10;16;4;3;5;6;0;1;0;0;0;0;0;335327,427482974720000;5744739,345793930800000;6,610214517000031;51,829174302000069;0
250082;5;5;54;68;2019;10;15;4;3;1;6;0;1;1;0;0;0;0;351370,650471431200000;5767607,792419716700000;6,832971074000056;52,039138047000051;0
250083;5;5;15;0;2019;10;15;4;3;5;2;0;1;0;0;0;0;0;405699,282058048990000;5757616,283359833100000;7,627519772000028;51,961234856000033;1
250087;5;5;62;20;2019;10;13;4;3;5;3;0;1;1;0;0;0;0;370517,768000000160000;5717698,498000001500000;7,130622042000027;51,595435462000069;0
250092;5;5;13;0;2019;10;5;4;3;1;5;2;1;1;0;0;0;0;364812,321057564580000;5716764,039857830900000;7,048660916000074;51,585697803000073;1
250095;5;3;15;0;2019;10;16;6;3;0;3;0;1;0;0;0;0;0;355611,404049802570000;5648719,956173112600000;6,943439600000033;50,971958080000036;0
250096;5;1;14;0;2019;10;7;3;3;4;2;0;1;1;0;0;0;0;328017,615861053580000;5690090,640406666300000;6,531003131000034;51,336054192000063;1
250099;5;1;11;0;2019;10;18;3;3;5;3;0;1;1;0;0;0;0;344705,409485471430000;5675045,174405444400000;6,776906264000047;51,205669497000031;1
250102;5;1;11;0;2019;10;10;3;3;5;3;0;1;1;0;0;0;0;343609,774000001140000;5676308,452999999700000;6,760683926000070;51,216721523000047;1
250104;5;3;15;0;2019;10;8;6;3;5;3;0;1;1;0;0;0;0;351087,554090511050000;5646097,809746857700000;6,880124794000039;50,947242599000049;0
250105;5;3;15;0;2019;10;7;6;3;5;3;2;1;1;0;0;0;0;356876,105904123750000;5641952,630631756000000;6,964099666000038;50,911456462000046;0
250106;5;3;15;0;2019;10;8;6;2;0;3;0;1;1;0;0;0;0;353377,423350054770000;5644772,882229846000000;6,913232693000055;50,935922950000077;0
250108;5;3;82;8;2019;10;15;6;3;5;3;0;1;1;0;0;0;0;374674,093978689050000;5611615,740924345300000;7,227472500000033;50,642912278000040;0
250110;5;1;70;48;2019;10;19;6;3;0;1;2;1;0;0;0;0;0;336129,301902993580000;5726568,617593159900000;6,630402113000059;51,666171116000044;1
250112;5;1;58;16;2019;10;7;6;3;4;2;0;1;1;0;0;0;0;355851,726999999960000;5672460,650000000400000;6,937391998000067;51,185365754000031;1
250114;5;1;58;28;2019;10;9;6;2;5;3;0;1;1;0;0;0;0;347932,866368622520000;5685281,315706603200000;6,818722621000063;51,298515701000042;1
250115;5;1;54;16;2019;10;15;6;3;5;3;0;1;0;0;0;0;1;304331,997380068530000;5728612,616493277300000;6,170018150000033;51,674357545000078;0
250118;5;1;62;24;2019;10;14;6;3;5;3;0;1;1;0;0;0;0;338520,543993623000000;5674431,976499265100000;6,688719510000055;51,198445135000043;0
250119;5;1;62;24;2019;10;16;6;3;5;3;0;1;1;0;0;0;0;337160,220356492330000;5673066,074038500000000;6,669885539000063;51,185786768000071;0
250121;5;3;16;0;2019;10;13;6;3;5;3;0;1;1;0;0;0;0;362780,449745047840000;5655735,043389726400000;7,042832652000072;51,036757075000025;0
250125;5;1;17;0;2019;10;7;6;3;0;1;0;1;0;0;0;0;0;352608,864000000060000;5700258,793000001500000;6,879536706000067;51,434329899000033;1
250129;5;1;12;0;2019;10;14;6;3;0;5;0;1;1;0;0;0;0;342256,876856731250000;5697564,703619718600000;6,731926773000055;51,407336703000055;0
250130;5;1;11;0;2019;10;6;6;3;0;7;2;1;1;0;0;0;0;345616,611636977640000;5675632,639660818500000;6,789687198000024;51,211195152000073;0
250134;5;7;54;8;2019;10;12;6;3;5;2;0;1;1;0;0;0;0;456061,376000001100000;5749372,905999999500000;8,361479486000064;51,893384605000051;0
250135;5;7;54;8;2019;10;13;6;3;0;1;0;1;0;0;0;0;1;456762,946210687980000;5751197,717967303500000;8,371445176000066;51,909845573000041;1
250137;5;7;11;0;2019;10;8;6;2;0;5;0;1;1;0;0;0;0;467220,635694083760000;5762656,424694242000000;8,522372625000060;52,013581073000068;1
250138;5;9;78;40;2019;10;15;6;3;3;2;0;1;1;0;0;0;0;404572,337000001220000;5723674,661000000300000;7,620470060000059;51,655954005000069;1
250139;5;9;74;52;2019;10;10;6;3;0;7;0;1;1;0;0;0;0;423768,369182238360000;5711625,088924270100000;7,900530912000022;51,550560947000065;1
250140;5;9;58;12;2019;10;9;6;3;5;3;0;1;1;0;0;0;0;470465,753999999720000;5694488,395000001400000;8,575432324000076;51,400853740000059;0
250141;5;9;58;8;2019;10;16;6;2;5;3;0;1;1;0;0;0;0;457838,237999999900000;5690019,017000000900000;8,394446068000036;51,359869615000036;0
250142;5;9;58;4;2019;10;18;6;3;6;6;0;1;0;1;0;0;0;435334,358000001870000;5694231,607000000800000;8,070501986000068;51,395627757000057;0
250145;5;9;14;0;2019;10;13;6;3;2;6;0;1;1;0;0;0;0;400244,143058827150000;5691066,884169295400000;7,567146850000029;51,362095064000073;0
250148;5;9;11;0;2019;10;14;6;3;5;3;0;1;1;0;0;0;0;382108,992841793220000;5705004,968738516800000;7,302136895000047;51,483894972000030;1
250150;5;5;70;8;2019;10;13;5;3;1;5;0;1;1;0;0;0;0;432436,975000000560000;5733749,209000000700000;8,021260672000039;51,750565676000065;0
250154;5;5;54;20;2019;10;9;5;3;5;2;0;1;0;0;0;0;0;366055,723624565640000;5785927,430297993100000;7,039726579000046;52,207491605000030;1
250155;5;5;15;0;2019;10;15;5;3;5;2;0;1;1;0;0;0;0;407171,914963285440000;5757929,435931155500000;7,648861768000074;51,964297457000043;0
250156;5;5;62;12;2019;10;11;5;2;5;3;0;1;1;0;0;0;0;361653,983355592000000;5726343,986539017400000;6,999317451000024;51,671017214000074;0
250157;5;5;12;0;2019;10;18;5;3;5;2;2;1;1;0;0;0;0;355890,003604299390000;5710389,754703197600000;6,922574053000062;51,526209305000066;0
250162;5;3;70;24;2019;10;16;5;3;0;1;0;1;0;0;0;0;0;285115,375000000000000;5656479,075000001100000;5,936040866000042;51,019656298000029;0
250165;5;3;34;36;2019;10;17;5;3;5;2;0;1;1;0;0;0;0;298175,526577209120000;5633330,930347103600000;6,134808486000054;50,816487448000032;0
250167;5;3;34;2;2019;10;6;5;3;0;7;2;1;0;0;0;0;0;297221,013461012390000;5628899,068422956400000;6,123722253000040;50,776349469000081;1
250168;5;3;34;2;2019;10;19;5;2;4;2;2;1;1;0;0;0;0;294150,890532948080000;5628589,710297927300000;6,080407731000037;50,772489717000042;0
250170;5;3;78;4;2019;10;7;5;3;0;2;1;1;1;0;0;0;0;369412,475347916600000;5649235,021104600300000;7,139709793000066;50,979882075000035;1
250173;5;3;62;20;2019;10;8;5;3;4;6;0;1;1;0;0;0;0;341380,869373985570000;5634300,732307655700000;6,747176408000030;50,838648701000068;0
250176;5;3;15;0;2019;10;17;5;3;5;3;0;1;1;0;0;0;0;359447,250000001860000;5647431,424000000600000;6,998536176000073;50,961326826000061;0
250178;5;3;15;0;2019;10;18;5;2;3;2;0;1;0;0;0;0;1;353028,348186118530000;5646381,311602901700000;6,907619131000047;50,950288387000057;0
250179;5;3;15;0;2019;10;16;5;3;6;4;0;1;0;1;0;0;0;356433,216000000010000;5645194,297000002100000;6,956527520000066;50,940478983000048;0
250183;5;1;66;12;2019;10;13;5;3;5;2;0;1;1;0;0;0;0;321350,684069479820000;5694444,616856245300000;6,433206964000021;51,373110170000075;0
250184;5;1;66;12;2019;10;19;5;3;0;5;2;1;1;0;0;0;0;320740,743156443350000;5692432,195993710300000;6,425467404000074;51,354840685000056;0
250185;5;1;66;32;2019;10;16;5;3;0;1;0;1;0;1;0;0;0;317921,532828049730000;5681715,466348022200000;6,390491494000059;51,257679461000066;0
250186;5;1;62;4;2019;10;19;5;3;8;7;2;1;0;0;0;0;0;349023,274926662450000;5665541,153303295400000;6,842659420000075;51,121425330000079;0
250188;5;1;62;16;2019;10;7;5;3;0;1;0;1;0;0;0;0;0;332653,712433958430000;5674966,929841360100000;6,604574546000038;51,201563223000051;1
250189;5;1;62;16;2019;10;7;5;3;0;7;0;1;0;0;0;0;1;333452,261245223690000;5674840,443934438800000;6,616053176000037;51,200660169000059;0
250191;5;1;14;0;2019;10;14;5;3;0;7;0;1;0;0;0;0;0;330157,153382305060000;5689767,173930171900000;6,561842742000067;51,333791338000026;0
250198;5;1;11;0;2019;10;16;5;3;6;7;0;1;0;1;0;0;0;344866,307375103240000;5679317,758970409600000;6,777358510000056;51,244104038000046;0
250205;5;9;78;8;2019;10;17;5;3;5;3;0;1;1;0;0;0;0;414135,002175041470000;5714365,704685207500000;7,760954863000052;51,573813923000046;1
250206;5;9;78;16;2019;10;21;5;3;0;7;2;1;0;0;0;0;0;404182,044095890600000;5707540,794227058100000;7,619233035000036;51,510860640000033;0
250207;5;9;74;44;2019;10;18;5;2;0;1;0;1;0;0;0;0;0;449783,313777245580000;5698060,991728216400000;8,277627236000058;51,431521404000080;0
250208;5;9;74;28;2019;10;9;5;3;1;7;0;1;1;0;0;0;0;454743,116242408750000;5724278,096354857100000;8,345596020000073;51,667659057000037;1
250213;5;5;54;52;2019;10;15;4;3;2;1;0;1;1;0;0;0;0;379158,582000002260000;5772888,501000000200000;7,236020921000034;52,093346740000072;1
250214;5;5;54;68;2019;10;10;4;3;5;7;0;1;1;0;0;0;0;350855,502662105490000;5767437,759064920200000;6,825540172000046;52,037472075000039;0
250216;5;5;62;12;2019;10;8;4;2;5;3;0;1;0;0;0;0;0;363343,570912531580000;5731098,623128067700000;7,021873213000049;51,714156241000069;0
250218;5;5;13;0;2019;10;15;4;3;0;1;0;1;0;0;0;0;0;365408,913299871610000;5709567,705525856500000;7,060020861000055;51,521170899000026;1
250219;5;3;70;4;2019;10;11;4;2;5;3;0;1;1;0;0;0;0;311242,499072155920000;5661366,350057406400000;6,305559385000038;51,072726753000040;0
250224;5;3;34;2;2019;10;16;4;3;5;3;0;1;0;0;0;0;1;291198,620000000110000;5629162,302000001100000;6,038269436000064;50,776577048000036;1
250225;5;3;34;2;2019;10;16;4;2;3;5;0;1;1;0;0;0;0;295178,003732504320000;5628703,254246767600000;6,094892193000021;50,773873023000078;1
250229;5;3;62;16;2019;10;16;4;3;5;3;0;1;1;0;0;0;0;329173,517496203070000;5645195,096576474600000;6,568867122000029;50,933055734000050;1
250231;5;3;16;0;2019;10;11;4;3;5;2;0;1;1;0;0;0;0;359413,954000000840000;5656878,730000000400000;6,994403403000035;51,046221547000073;0
250234;5;3;15;0;2019;10;8;4;3;5;3;0;1;1;0;0;0;0;364244,260226820600000;5649151,057993443700000;7,066161125000065;50,977932150000072;1
250236;5;3;15;0;2019;10;8;4;3;5;3;0;1;1;0;0;0;0;356818,720000000670000;5644313,686000000700000;6,962356940000063;50,932660872000042;0
250237;5;3;15;0;2019;10;0;4;3;0;7;2;1;0;0;0;0;0;356490,700024446470000;5643155,769712066300000;6,958147777000022;50,922173276000080;1
250239;5;3;14;0;2019;10;16;4;3;6;6;0;1;0;1;0;0;0;369657,363747746680000;5620391,246188120900000;7,153463721000037;50,720688809000080;1
250241;5;3;14;0;2019;10;8;4;3;1;1;1;1;1;0;0;0;0;365078,483151608150000;5621536,483319405500000;7,088214579000066;50,729937018000044;0
250242;5;1;70;16;2019;10;18;4;3;0;1;0;1;0;0;0;0;0;344482,051328163590000;5718894,105973362900000;6,754490525000051;51,599592500000028;0
250243;5;1;70;24;2019;10;13;4;3;1;7;0;1;1;0;0;0;0;337383,708000000570000;5699876,721999999100000;6,660860278000030;51,426732415000060;1
250245;5;1;54;36;2019;10;17;4;3;8;1;0;1;0;0;0;0;0;301629,725999999790000;5739787,712000001200000;6,124622958000032;51,773763186000053;0
250249;5;1;62;22;2019;10;11;4;2;0;1;0;1;0;0;0;0;0;337101,003528965640000;5684304,129772890400000;6,663928337000073;51,286740124000062;0
250251;5;1;14;0;2019;10;13;4;2;5;3;0;1;1;0;0;0;0;332866,719653987330000;5688577,899683618900000;6,601260516000025;51,323909624000066;1
250256;5;1;13;0;2019;10;17;4;2;5;3;0;1;1;0;0;0;0;361815,066795304420000;5702895,708270181000000;7,010864703000038;51,460346457000071;1
250260;5;1;11;0;2019;10;15;4;3;5;2;0;1;1;0;0;0;0;345523,429982893170000;5678787,783756697600000;6,786994357000026;51,239520321000043;1
250262;5;7;70;24;2019;10;11;4;3;5;3;0;1;1;0;0;0;0;492719,256645300430000;5795079,612437063800000;8,893215187000067;52,306008557000041;1
250263;5;7;58;12;2019;10;6;4;3;0;3;1;1;1;0;0;0;0;478853,014011161400000;5773930,634047146900000;8,691165981000040;52,115509658000065;0
250267;5;7;66;20;2019;10;7;4;3;5;3;0;1;1;0;0;0;0;490855,571438855490000;5754388,858542107000000;8,866974764000076;51,940140479000036;0
250274;5;9;14;0;2019;10;15;4;3;5;3;0;1;1;0;0;0;0;392249,293402432460000;5690078,815480615900000;7,452654665000068;51,351753291000080;1
250277;5;9;16;0;2019;10;7;4;3;5;3;0;1;1;0;0;0;0;372517,995140484530000;5711082,454379886400000;7,161883705000037;51,536433369000065;0
250278;5;9;16;0;2019;10;12;4;3;5;3;0;1;1;0;0;0;0;377058,748669586140000;5710686,855394091500000;7,227458972000022;51,533885172000055;1
250279;5;5;58;20;2019;10;7;3;3;6;4;0;1;0;1;0;0;0;391414,905230761510000;5759667,813193248600000;7,419051814000056;51,977067022000028;1
250280;5;5;54;68;2019;10;10;3;3;5;3;0;1;1;0;0;0;0;351561,239961444400000;5767144,635570593200000;6,835948768000037;52,035027876000072;1
250281;5;5;54;8;2019;10;7;3;3;5;2;1;1;1;0;0;0;0;335274,848493067550000;5744977,504029804800000;6,609338854000043;51,831298270000048;1
250282;5;5;54;20;2019;10;13;3;3;0;1;0;1;0;1;0;0;0;365827,626171885060000;5783117,077428555100000;7,037503292000054;52,182184040000038;1
250283;5;5;15;0;2019;10;7;3;3;5;3;1;1;1;0;0;0;0;411318,179999998770000;5760959,980000002300000;7,708411588000047;51,992215022000039;1
250286;5;5;62;12;2019;10;13;3;3;5;3;0;1;1;0;0;0;0;362925,746000000280000;5731819,819000002000000;7,015545274000033;51,720534960000066;1
250287;5;3;62;4;2019;10;16;6;3;1;5;0;1;1;0;0;0;0;329071,642544378530000;5650635,139711163900000;6,564863973000058;50,981901324000034;0
250294;5;3;16;0;2019;10;7;6;1;0;3;1;1;0;0;0;1;0;360042,957328709770000;5654288,462238837000000;7,004371395000021;51,023096447000057;0
250296;5;3;34;2;2019;10;13;3;3;0;7;0;1;0;0;0;1;0;293672,267704087310000;5627251,722518160900000;6,074378946000024;50,760303058000034;1
250302;5;3;62;24;2019;10;8;6;3;4;5;0;1;0;0;0;1;0;342228,577303610740000;5642089,808054190100000;6,755845969000063;50,908871519000058;0
250303;5;3;62;24;2019;10;7;3;3;2;2;0;1;1;0;0;0;0;345798,076134643520000;5641902,955334713700000;6,806657540000060;50,908157002000053;1
250310;5;3;15;0;2019;10;13;3;3;1;5;0;1;1;0;0;0;0;355974,040321733800000;5647351,128131669000000;6,949143109000033;50,959747512000035;1
250314;5;3;15;0;2019;10;17;3;3;5;3;0;1;1;0;0;0;0;351519,851834891360000;5649427,074194490900000;6,884915794000051;50,977272307000078;1
250316;5;3;15;0;2019;10;18;3;3;5;3;0;1;1;0;0;0;0;352350,992549628950000;5645753,075558977200000;6,898237507000033;50,944469620000064;1
250324;5;3;14;0;2019;10;8;3;3;5;3;0;1;1;0;0;0;0;369630,276474593210000;5617586,495260480800000;7,154070728000022;50,695472851000034;1
250328;5;3;14;0;2019;10;16;3;3;5;3;0;1;1;0;0;0;0;364077,410201051270000;5621138,124821253100000;7,074185124000053;50,726123267000048;1
250330;5;3;14;0;2019;10;13;3;3;5;3;0;1;1;0;0;0;0;364012,780000001190000;5622370,713000001400000;7,072815301000048;50,737186430000065;1
250342;5;1;12;0;2019;10;12;3;3;3;5;0;1;1;0;0;0;0;346266,934436920100000;5700741,942458817700000;6,788159458000052;51,436985844000048;1
250343;5;1;11;0;2019;10;21;3;3;5;3;2;1;1;0;0;0;0;343361,703891904090000;5676169,699267288700000;6,757195387000024;51,215406785000027;0
250353;5;7;58;20;2019;10;14;4;2;3;2;0;1;1;0;0;0;0;476150,677205045710000;5782054,612837312700000;8,651130920000071;52,188438804000043;0
250357;5;9;62;40;2019;10;13;4;3;5;3;0;1;1;0;0;0;0;413604,476293213670000;5700408,650845475500000;7,756721651000021;51,448264726000048;0
250362;5;9;54;36;2019;10;14;4;3;5;3;0;1;1;0;0;0;0;384578,099130474960000;5700667,003124650600000;7,339097051000067;51,445414658000061;1
250363;5;5;66;76;2019;10;18;3;3;0;7;0;1;0;1;0;0;0;393205,445554454810000;5792426,435293361500000;7,434827851000023;52,271829909000076;1
250364;5;5;66;76;2019;10;18;3;3;6;7;0;1;0;1;0;0;0;393741,544887035150000;5792835,768481060900000;7,442552762000048;52,275612537000029;1
250365;5;5;66;76;2019;10;19;3;3;5;3;2;1;1;0;0;0;0;394028,494883765470000;5794497,525943376100000;7,446234542000070;52,290602497000066;1
250366;5;5;66;8;2019;10;8;3;3;5;3;0;1;1;0;0;0;0;399071,715726243330000;5782327,893813259900000;7,523785304000057;52,182176201000061;0
250367;5;5;54;12;2019;10;19;3;3;5;3;2;1;1;0;0;0;0;352090,827163998970000;5744738,893131304500000;6,853296255000032;51,833860170000037;1
250369;5;5;15;0;2019;10;9;3;2;5;3;0;1;1;0;0;0;0;408665,026000000540000;5755637,187000002700000;7,671197339000059;51,943940648000080;0
250370;5;3;34;2;2019;10;8;6;3;2;5;0;1;1;0;0;0;0;292700,225122234780000;5629890,018516136300000;6,059128563000058;50,783651239000051;0
250371;5;5;15;0;2019;10;16;3;3;5;3;0;1;1;0;0;0;0;406679,315438378600000;5754912,294806171200000;7,642513271000041;51,937095391000071;0
250372;5;5;15;0;2019;10;17;3;3;5;2;0;1;1;0;0;0;0;403899,479496651330000;5761557,563833326100000;7,600229420000062;51,996352121000029;1
250374;5;5;13;0;2019;10;13;3;2;6;4;0;1;0;1;0;0;0;366622,702231822540000;5705685,313568219500000;7,078973742000073;51,486569097000029;0
250375;5;3;58;8;2019;10;18;3;3;1;5;2;1;1;0;0;0;0;320004,666796531530000;5629824,538360394500000;6,446074934000023;50,792182341000057;1