OBJECTID;ULAND;UREGBEZ;UKREIS;UGEMEINDE;UJAHR;UMONAT;USTUNDE;UWOCHENTAG;UKATEGORIE;UART;UTYP1;ULICHTVERH;IstRad;IstPKW;IstFuss;IstKrad;IstGkfz;IstSonstige;LINREFX;LINREFY;XGCSWGS84;YGCSWGS84;STRZUSTAND
250377;5;3;34;36;2019;10;17;3;3;5;3;1;1;1;0;0;0;0;297863,489000000990000;5633530,105999998700000;6,130274866000036;50,818167536000033;1
250379;5;3;34;2;2019;10;7;3;3;0;1;1;1;0;0;0;0;0;299837,738639269960000;5630804,350406495900000;6,159752233000063;50,794371161000072;0
250380;5;3;34;2;2019;10;16;3;3;5;7;0;1;1;0;0;0;0;292599,835957293400000;5629438,596985161300000;6,057961021000040;50,779561141000045;1
250381;5;3;82;68;2019;10;16;3;3;0;5;0;1;1;0;0;0;0;367234,096136702220000;5632867,866157563400000;7,114648685000020;50,832279885000048;0
250385;5;3;15;0;2019;10;13;3;2;0;1;0;1;0;0;0;0;0;365670,061584089880000;5645416,200356753500000;7,087838295000040;50,944699335000053;0
250391;5;3;15;0;2019;10;12;3;3;8;2;0;1;1;0;0;0;0;350979,217361091640000;5647156,440985128300000;6,878150358000028;50,956727891000071;0
250392;5;3;15;0;2019;10;9;3;3;0;1;0;1;0;0;0;0;0;355496,213640157130000;5645666,501101616800000;6,943012439000029;50,944488521000039;1
250393;5;3;15;0;2019;10;0;3;3;6;4;2;1;0;1;0;0;0;356600,016782094720000;5644320,708082294100000;6,959243875000027;50,932669645000033;0
250396;5;1;70;24;2019;10;16;3;3;5;3;0;1;1;0;0;0;0;332978,485532367600000;5705120,365377545400000;6,595077826000022;51,472559675000070;1
250397;5;1;58;8;2019;10;14;3;3;5;3;0;1;1;0;0;0;0;359826,627000000330000;5672224,991000002300000;6,994322639000075;51,184236534000036;0
250398;5;1;66;16;2019;10;7;3;3;0;3;2;1;1;0;0;0;0;310052,901575633320000;5686686,442804232200000;6,275211738000053;51,299761549000038;0
250399;5;1;62;24;2019;10;12;3;3;5;2;0;1;0;0;0;1;0;339622,803984247150000;5674752,696580538500000;6,704339409000056;51,201637248000054;0
250402;5;1;22;0;2019;10;17;3;3;3;7;1;1;0;0;0;0;0;365246,581056543630000;5673485,784859750400000;7,071353185000021;51,196870818000036;1
250409;5;1;12;0;2019;10;19;3;3;4;6;2;1;1;0;0;0;0;339905,424928015100000;5696789,979521870600000;6,698495651000030;51,399717218000035;1
250410;5;1;12;0;2019;10;18;3;2;0;1;2;1;0;0;0;0;0;342655,129820315170000;5702908,151286017100000;6,735274518000040;51,455457196000054;1
250417;5;7;74;32;2019;10;14;3;3;0;7;0;1;0;0;0;0;0;483018,987173979170000;5728297,078308746200000;8,754255524000030;51,705361433000064;0
250418;5;7;74;8;2019;10;6;3;3;0;3;2;1;1;0;0;0;0;488090,130676774310000;5737766,917422913000000;8,827318909000042;51,790638213000079;0
250423;5;7;66;44;2019;10;16;3;3;5;2;0;1;0;0;0;0;1;491620,665664981120000;5763611,537986647300000;8,877879384000039;52,023073329000056;0
250425;5;7;11;0;2019;10;17;3;3;5;2;0;1;1;0;0;0;0;472125,536151365380000;5756295,500809118200000;8,594356685000037;51,956659628000068;0
250426;5;9;78;4;2019;10;21;3;3;1;5;2;1;1;0;0;0;0;403384,413044679910000;5719401,488647118200000;7,604482141000062;51,617340181000031;1
250427;5;9;78;36;2019;10;7;3;3;1;7;0;1;0;0;0;1;0;408185,627294797450000;5711126,341566754500000;7,675974324000038;51,543756948000066;0
250428;5;9;74;56;2019;10;10;3;3;4;1;0;1;0;0;0;0;0;421260,280764139260000;5705006,041975263500000;7,865844115000073;51,490711707000060;0
250430;5;9;54;16;2019;10;11;3;2;4;6;0;1;0;0;0;0;0;373299,009037883950000;5696368,421377606700000;7,178414149000048;51,404371076000075;0
250436;5;5;66;28;2019;10;14;2;3;5;3;0;1;1;0;0;0;0;411889,009788013060000;5790927,674513805700000;7,708960641000033;52,261670291000030;0
250437;5;5;66;8;2019;10;16;2;3;5;3;0;1;1;0;0;0;0;399061,343159703540000;5781321,682091271500000;7,523933100000022;52,173130775000061;0
250438;5;5;66;12;2019;10;17;2;3;5;3;0;1;0;0;0;0;0;404966,454298925590000;5772462,175707005000000;7,612733715000047;52,094549202000053;0
250440;5;5;54;8;2019;10;11;2;3;5;3;0;1;0;0;0;0;1;337062,095726141710000;5747068,318422542900000;6,634268431000066;51,850605312000027;0
250442;5;5;15;0;2019;10;16;2;3;5;3;0;1;1;0;0;0;0;401890,595999999900000;5759504,846000000800000;7,571565591000024;51,977550624000060;0
250447;5;3;58;8;2019;10;18;2;3;0;2;0;1;1;0;0;0;0;322958,800638771620000;5634844,653223665400000;6,485525196000026;50,838193435000051;0
250449;5;3;82;68;2019;10;12;2;3;5;3;0;1;1;0;0;0;0;369735,644465753810000;5629995,458993360400000;7,151172208000048;50,807030835000035;0
250450;5;3;78;4;2019;10;6;2;2;0;1;2;1;0;0;0;0;0;369388,573001760990000;5650331,711141699900000;7,138975289000030;50,989733458000046;1
250455;5;3;62;20;2019;10;9;2;3;8;1;0;1;0;0;0;0;0;343012,020727645610000;5629920,167513929300000;6,772199009000076;50,799729867000053;0
250459;5;3;15;0;2019;10;11;2;3;2;3;0;1;1;0;0;0;0;354536,378876972010000;5645319,767250817300000;6,929497322000032;50,941131147000078;0
250460;5;3;15;0;2019;10;14;2;3;5;3;0;1;1;0;0;0;0;359528,101000001650000;5636160,091000001900000;7,004025483000021;50,860049215000060;0
250461;5;3;15;0;2019;10;19;2;2;0;1;1;1;0;0;0;0;0;356197,899312542750000;5646275,087964853300000;6,952753664000056;50,950133240000071;0
250462;5;3;15;0;2019;10;17;2;3;1;5;0;1;1;0;0;0;0;355334,366548990830000;5645100,579686284100000;6,940934907000042;50,939362122000034;0
250463;5;3;14;0;2019;10;8;2;3;0;6;0;1;1;0;0;0;0;367484,113930817690000;5619219,998053927000000;7,123113853000064;50,709669969000061;0
250467;5;1;70;48;2019;10;18;2;3;0;7;0;1;0;0;0;0;1;329964,444584958260000;5724155,707198012600000;6,542517262000047;51,642663960000050;0
250469;5;1;58;28;2019;10;15;2;3;0;1;0;1;0;0;0;0;0;348459,818570838310000;5690148,067600809000000;6,824206550000042;51,342386508000061;0
250470;5;1;58;28;2019;10;15;2;3;1;5;0;1;1;0;0;0;0;348898,006647713480000;5689734,540297780200000;6,830668635000052;51,338787395000054;0
250471;5;1;54;36;2019;10;18;2;3;5;3;0;1;1;0;0;0;0;301621,629599593580000;5740792,318429499900000;6,123931802000072;51,782781647000036;0
250472;5;1;62;4;2019;10;14;2;3;5;3;0;1;1;0;0;0;0;346337,434000001290000;5659665,783000001700000;6,806810779000045;51,067916651000075;0
250476;5;1;14;0;2019;10;16;2;3;0;7;0;1;0;0;0;0;0;332810,511259572580000;5688968,713994609200000;6,600271215000021;51,327404223000030;0
250478;5;1;22;0;2019;10;14;2;3;3;7;0;1;1;0;0;0;0;365593,153009830970000;5669996,323805255800000;7,077615741000045;51,165592139000069;0
250479;5;1;20;0;2019;10;17;2;3;5;3;0;1;1;0;0;0;0;378137,562199278730000;5672847,312881147500000;7,255974479000031;51,194027217000041;0
250483;5;1;12;0;2019;10;1;2;3;1;1;2;1;1;0;0;0;0;338597,154000001960000;5696204,473999999500000;6,679970838000031;51,394086035000043;1
250484;5;1;11;0;2019;10;18;2;3;5;6;0;1;1;0;0;0;0;345132,032734547740000;5675622,469114415300000;6,782759416000033;51,210972568000045;0
250487;5;1;11;0;2019;10;15;2;3;5;3;0;1;1;0;0;0;0;343949,218491232950000;5686864,656230785000000;6,760934200000065;51,311664342000029;0
250488;5;7;74;32;2019;10;17;2;2;0;4;0;1;0;1;0;0;0;482479,732940985820000;5729425,487103752800000;8,746394937000048;51,715490732000035;0
250489;5;7;54;36;2019;10;20;2;3;0;1;2;1;0;0;0;0;0;472108,525688861500000;5752247,499126302100000;8,594437451000033;51,920263890000058;0
250490;5;7;54;32;2019;10;12;2;3;0;1;0;1;0;0;0;0;0;460163,194346591830000;5739426,911223728200000;8,422230208000030;51,804271133000043;0
250491;5;7;11;0;2019;10;6;2;3;5;3;1;1;1;0;0;0;0;465458,254000000660000;5760334,359000003000000;8,496928152000066;51,992597389000082;0
250494;5;9;74;28;2019;10;16;2;3;5;3;0;1;1;0;0;0;0;454565,570140146650000;5725089,662384502600000;8,342923356000028;51,674941413000056;0
250496;5;9;74;40;2019;10;16;2;3;6;6;0;1;0;1;0;0;0;438042,851947137150000;5714090,159283617500000;8,105943482000043;51,574471512000059;0
250497;5;9;70;28;2019;10;17;2;3;0;7;0;1;0;0;0;0;0;460173,642562312070000;5642665,684364536800000;8,433226005000051;50,934245135000026;0
250499;5;9;54;16;2019;10;6;2;3;3;6;1;1;1;0;0;0;0;373046,167000000370000;5696138,765999998900000;7,174863192000032;51,402250553000044;0
250501;5;9;62;52;2019;10;17;2;3;1;5;0;1;1;0;0;0;0;420895,815628835000000;5675469,212978486000000;7,867165091000061;51,225119492000033;0
250505;5;9;16;0;2019;10;12;2;3;5;3;0;1;1;0;0;0;0;377188,266966913830000;5709740,811958972400000;7,229655280000031;51,525410905000058;0
250507;5;5;66;84;2019;10;21;1;3;0;2;2;1;1;0;0;0;0;389440,670286420730000;5775842,904963271700000;7,385086791000049;52,122048459000041;1
250508;5;5;54;24;2019;10;17;1;3;0;5;0;1;1;0;0;0;0;370265,888437487190000;5777734,281997451600000;7,104437722000057;52,134877051000046;0
250511;5;3;34;2;2019;10;22;1;3;1;5;2;1;1;0;0;0;0;294405,450806926000000;5629184,319926247000000;6,083680846000050;50,777920288000075;0
250513;5;3;78;4;2019;10;15;1;3;0;3;0;1;1;0;0;0;0;368275,486999999730000;5649370,969000000500000;7,123472760000027;50,980844944000069;0
250515;5;3;66;28;2019;10;15;1;3;5;3;0;1;1;0;0;0;0;334350,625366547140000;5609692,292576052200000;6,658468907000042;50,615563165000026;0
250516;5;3;66;28;2019;10;17;1;2;0;1;0;1;0;0;0;0;0;335084,622156216760000;5606908,042959347400000;6,670071490000055;50,590752803000044;0
250518;5;3;15;0;2019;10;19;1;3;6;4;1;1;0;1;0;0;0;349871,191718585790000;5659221,566670870400000;6,857393435000063;51,064859993000027;0
250519;5;3;15;0;2019;10;11;1;2;5;3;0;1;1;0;0;0;0;355416,749710114670000;5651008,037479452800000;6,939758768000047;50,992471575000081;0
250522;5;3;14;0;2019;10;13;1;3;3;6;0;1;0;0;0;0;0;366406,471040143630000;5622531,664972221500000;7,106659944000057;50,739188631000047;0
250528;5;7;70;32;2019;10;9;1;3;1;7;0;1;1;0;0;0;0;494005,549158262090000;5788837,254935655700000;8,912191871000061;52,249902054000074;1
250534;5;9;16;0;2019;10;16;1;2;5;7;0;1;1;0;0;0;0;376778,450000002050000;5712357,950000003000000;7,222834696000064;51,548842751000052;0
250537;5;5;66;76;2019;10;22;7;2;5;3;2;1;1;0;0;0;0;393857,009003353310000;5793325,473037634000000;7,444090309000046;52,280035921000035;0
250538;5;5;15;0;2019;10;14;7;3;3;2;0;1;0;0;0;0;1;405435,483812553810000;5758991,283741725600000;7,623302869000042;51,973549120000030;0
250539;5;5;15;0;2019;10;14;7;3;0;1;0;1;0;0;0;0;0;405816,836681305430000;5757862,287090187900000;7,629162705000056;51,963465972000051;0
250544;5;3;70;20;2019;10;14;7;3;5;2;0;1;1;0;0;0;0;305189,280000000260000;5660430,964000001500000;6,219763015000069;51,062302820000070;0
250546;5;3;34;12;2019;10;15;7;3;6;4;0;1;0;1;0;0;0;308674,266944531350000;5634807,562010632800000;6,282899220000047;50,833314745000052;0
250548;5;3;34;2;2019;10;14;7;2;0;1;0;1;0;0;0;0;0;298345,195381677710000;5618705,087861737200000;6,145221563000064;50,685181868000029;0
250550;5;3;78;4;2019;10;16;7;3;1;5;0;1;1;0;0;0;0;368256,224533069880000;5650248,723186774200000;7,122880273000021;50,988729523000075;0
250551;5;3;82;68;2019;10;19;6;3;0;1;0;1;0;0;0;0;0;370249,931138589050000;5630662,717229785400000;7,158231493000073;50,813143662000073;0
250553;5;3;15;0;2019;10;10;7;2;1;7;0;1;1;0;0;0;0;354250,260612716900000;5636437,378070915100000;6,928973259000031;50,861234967000030;0
250560;5;3;14;0;2019;10;14;7;3;6;4;0;1;0;1;0;0;0;366547,697147525850000;5621893,078783150800000;7,108891519000053;50,733481487000063;0
250561;5;3;34;2;2019;10;19;6;2;0;5;1;1;0;0;0;0;1;294741,439540328460000;5628120,836392508800000;6,089033614000073;50,768487889000028;0
250566;5;1;13;0;2019;10;18;7;3;0;7;0;1;0;0;0;0;1;364028,101607959720000;5703154,094796272000000;7,042601235000063;51,463204386000029;1
250568;5;1;12;0;2019;10;14;7;3;3;5;0;1;1;0;0;0;0;345966,543720791120000;5700573,457487922200000;6,783914335000077;51,435390399000028;0
250572;5;7;54;44;2019;10;16;7;3;0;1;0;1;0;0;0;0;0;463645,065000002270000;5748784,037000000500000;8,471742911000035;51,888636555000062;0
250573;5;7;66;20;2019;10;16;7;3;5;1;0;1;1;0;0;0;0;484399,226579626090000;5753658,616578377800000;8,773087200000020;51,933431306000045;0
250574;5;7;11;0;2019;10;19;7;2;0;1;1;1;0;0;0;0;0;476048,550080538730000;5759124,532366167800000;8,651247748000060;51,982277819000046;0
250577;5;9;15;0;2019;10;21;7;3;1;7;2;1;1;0;0;0;0;418006,737182895650000;5725604,122908685400000;7,814180384000053;51,675419397000041;0
250578;5;9;13;0;2019;10;18;7;3;4;3;0;1;1;0;0;0;0;394135,693257718350000;5709381,970055030700000;7,473961457000030;51,525617028000056;0
250581;5;5;66;76;2019;10;15;6;3;5;3;0;1;1;0;0;0;0;393038,855239348490000;5792231,676735201900000;7,432449062000046;52,270047198000043;1
250583;5;5;54;68;2019;10;15;6;3;3;6;0;1;1;0;0;0;0;350516,967888432550000;5766822,515742462100000;6,820877223000025;52,031853331000036;1
250584;5;5;54;8;2019;10;8;6;3;5;2;0;1;1;0;0;0;0;336664,376868926920000;5745689,479705078500000;6,629150362000075;51,838102304000074;1
250585;5;5;54;8;2019;10;7;6;3;2;2;1;1;0;0;0;0;0;335444,205649658110000;5745388,064830794900000;6,611599222000052;51,835036412000079;1
250591;5;5;13;0;2019;10;14;6;3;1;5;0;1;1;0;0;0;0;369826,442976665680000;5706426,755795566400000;7,124816725000073;51,493978923000043;0
250603;5;1;58;16;2019;10;8;1;3;0;7;0;1;0;0;0;0;0;355034,730000001380000;5672087,576000003100000;6,925860364000073;51,181806583000082;1
250616;5;5;66;16;2019;10;17;7;3;5;3;0;1;1;0;0;0;0;406193,140167675910000;5790502,718196757100000;7,625645698000028;52,256908889000044;1
250626;5;3;62;40;2019;10;10;7;3;0;7;0;1;0;0;0;0;0;357722,700766079130000;5631018,352149406400000;6,980385592000062;50,813398211000049;0
250630;5;3;15;0;2019;10;11;7;2;0;7;0;1;0;0;0;0;0;356860,304294918660000;5641243,817147690800000;6,964153033000059;50,905082466000067;0
250631;5;3;15;0;2019;10;12;7;2;0;1;0;1;0;0;0;0;0;356734,171293282880000;5644431,132155351300000;6,961108356000068;50,933695354000065;1
250636;5;1;66;36;2019;10;9;7;3;5;3;0;1;1;0;0;0;0;328246,262109297330000;5682480,025367762900000;6,537945153000067;51,267751730000043;1
250642;5;1;14;0;2019;10;10;7;2;0;5;0;1;0;0;0;0;1;330045,101760422810000;5690175,193041369300000;6,560041074000026;51,337423431000047;1
250645;5;1;13;0;2019;10;20;7;3;5;2;2;1;1;0;0;0;0;363360,419868299740000;5700886,462616916700000;7,033871506000025;51,442665516000034;1
250647;5;1;12;0;2019;10;11;7;3;0;5;0;1;1;0;0;0;0;347380,671623691920000;5707421,113404018800000;6,801286838000067;51,497300390000078;1
250649;5;1;11;0;2019;10;16;7;3;3;2;0;1;1;0;0;0;0;345534,567986158650000;5679275,345282450300000;6,786943477000023;51,243904279000049;1
250650;5;1;11;0;2019;10;14;7;3;5;3;0;1;1;0;0;0;0;346831,101169518200000;5677631,212339785000000;6,806207550000067;51,229480471000045;1
250654;5;7;54;8;2019;10;11;7;3;5;2;0;1;1;0;0;0;0;455995,104513227940000;5748968,169420054200000;8,360568134000062;51,889740565000068;1
250663;5;5;15;0;2019;10;16;6;3;5;2;0;1;1;0;0;0;0;404584,779792467130000;5760140,062782058500000;7,610602546000052;51,983729337000057;0
250665;5;5;62;36;2019;10;16;6;3;5;2;0;1;1;0;0;0;0;389140,686445087190000;5721210,827375903700000;7,398253746000023;51,630977487000052;0
250666;5;5;62;8;2019;10;16;6;3;5;3;0;1;1;0;0;0;0;385571,905429203990000;5723992,175917418700000;7,345803491000027;51,655261035000080;0
250667;5;5;66;68;2019;10;19;1;3;0;1;2;1;0;0;0;0;0;376488,263570860960000;5785890,852933645200000;7,192334250000044;52,209599710000077;1
250680;5;3;78;4;2019;10;17;6;3;6;6;0;1;0;1;0;0;0;368734,957169289700000;5650549,088150192100000;7,129588950000027;50,991538492000075;0
250684;5;3;15;0;2019;10;16;6;3;0;7;0;1;0;1;0;0;0;358403,555961754170000;5641826,619351876900000;6,985861716000045;50,910700724000037;1
250685;5;3;15;0;2019;10;11;6;3;4;6;0;1;1;0;0;0;0;353249,643369390630000;5656038,412211289600000;6,906865480000022;51,037128448000033;1
250687;5;3;15;0;2019;10;23;6;3;3;5;2;1;1;0;0;0;0;352828,780530743300000;5647450,598603168500000;6,904347668000071;50,959846669000058;0
250688;5;3;15;0;2019;10;17;6;3;0;1;0;1;0;0;0;0;0;357385,899077402430000;5640212,924778373900000;6,972026090000043;50,895947896000052;1
250690;5;3;15;0;2019;10;8;6;3;1;5;0;1;1;0;0;0;0;355862,048000000420000;5645497,339000001500000;6,948283397000068;50,943059871000060;0
250691;5;3;82;48;2019;10;16;6;3;0;3;0;1;0;0;0;0;0;354513,817823410970000;5610446,892982862900000;6,942979827000045;50,627723138000079;0
250692;5;1;54;12;2019;10;14;6;3;3;6;0;1;1;0;0;0;0;312599,692744740280000;5712082,415742477400000;6,298279778000051;51,528709698000057;0
250693;5;1;54;8;2019;10;11;6;3;5;3;0;1;0;0;0;0;1;310576,103103229780000;5747254,724024618000000;6,250055035000059;51,843922329000065;0
250695;5;1;66;36;2019;10;18;6;3;5;3;0;1;1;0;0;0;0;327404,951785651970000;5682693,528620101500000;6,525794116000043;51,269415648000063;0
250698;5;1;62;24;2019;10;10;6;2;0;1;0;1;0;0;0;0;0;342884,539000000800000;5671893,887000000100000;6,752239940000038;51,176856388000033;1
250700;5;1;14;0;2019;10;11;6;3;0;7;0;1;0;0;0;0;0;329799,597257582470000;5690635,173330912400000;6,556300076000071;51,341482360000043;1
250701;5;1;14;0;2019;10;11;6;3;5;3;0;1;0;0;0;0;1;331473,114034531640000;5690263,738205537200000;6,580480733000059;51,338643979000040;1
250711;5;1;11;0;2019;10;8;6;3;1;1;0;1;1;0;0;0;0;345107,351208163430000;5675376,295543713500000;6,782512623000059;51,208753898000055;1
250712;5;1;11;0;2019;10;17;6;3;6;6;0;1;0;1;0;0;0;345893,552000001070000;5676767,397000001700000;6,793161367000039;51,221466300000031;0
250714;5;1;11;0;2019;10;13;6;3;0;7;0;1;0;0;0;0;0;347823,551149770620000;5681203,258607044800000;6,818892683000058;51,261842946000058;1
250717;5;7;74;32;2019;10;13;6;3;5;2;0;1;1;0;0;0;0;482526,569179437120000;5729722,499172464000000;8,747057984000037;51,718162719000077;0
250718;5;7;58;4;2019;10;18;6;3;0;3;1;1;1;0;0;0;0;471740,693009946500000;5783089,018452169400000;8,586536859000034;52,197530195000070;1
250720;5;7;11;0;2019;10;5;6;3;0;1;2;1;0;0;0;0;0;467767,756414137780000;5765695,671110151300000;8,530058089000022;52,040937815000063;1
250722;5;7;11;0;2019;10;12;6;3;0;3;0;1;0;0;0;0;1;469743,459999999960000;5761628,528999999200000;8,559222222000074;52,004482887000052;0
250725;5;9;13;0;2019;10;15;6;3;3;6;0;1;1;0;0;0;0;395827,988798674200000;5704801,382476894200000;7,499699925000073;51,484758537000062;0
250726;5;9;13;0;2019;10;11;6;3;5;3;0;1;0;0;0;0;1;394674,435505903330000;5709166,395012643200000;7,481788964000032;51,523780067000075;0
250727;5;9;13;0;2019;10;13;6;3;5;2;0;1;1;0;0;0;0;394404,621999999510000;5708129,156000003200000;7,478212040000074;51,514406434000080;1
250729;5;5;70;4;2019;10;10;5;3;5;2;0;1;1;0;0;0;0;424393,270000000480000;5735032,680000001600000;7,904479583000068;51,761075773000073;1
250731;5;5;66;8;2019;10;20;5;2;5;3;2;1;1;0;0;0;0;400239,951000000350000;5781034,521999999900000;7,541246708000074;52,170764188000078;1
250734;5;5;54;8;2019;10;14;5;3;1;5;0;1;1;0;0;0;0;335531,183666502130000;5744501,634481895700000;6,613281661000031;51,827098862000071;0
250735;5;5;54;4;2019;10;18;5;2;6;1;2;1;0;1;0;0;0;363564,401146786290000;5771532,972078431400000;7,009067892000076;52,077542110000081;1
250736;5;5;15;0;2019;10;8;5;3;1;5;0;1;1;0;0;0;0;403115,172373957930000;5757654,491397799900000;7,589911252000036;51,961133987000039;1
250737;5;5;15;0;2019;10;18;5;3;0;7;2;1;1;0;0;0;0;399280,688587646930000;5756773,120581910000000;7,534380852000027;51,952530757000034;1
250740;5;5;62;28;2019;10;15;5;3;1;5;0;1;0;0;0;0;1;379411,126405562270000;5721891,336679777100000;7,257509382000023;51,635092201000077;0
250745;5;3;70;12;2019;10;9;5;3;0;1;0;1;0;0;0;0;0;301142,225719429550000;5648315,603427417600000;6,168717822000076;50,952101724000045;1
250747;5;3;78;28;2019;10;9;5;3;0;6;0;1;1;0;0;0;0;372808,048999999650000;5642618,584000000700000;7,190366851000022;50,921173120000049;1
250750;5;3;15;0;2019;10;14;5;3;5;3;0;1;1;0;0;0;0;365334,042889759880000;5637821,889329982900000;7,085860490000073;50,876366249000057;1
250751;5;3;15;0;2019;10;12;5;2;3;6;0;1;0;0;1;0;0;368865,787356358020000;5638402,523986678600000;7,135823589000040;50,882397156000081;1
250752;5;3;15;0;2019;10;14;5;3;5;3;0;1;1;0;0;0;0;356880,819716879170000;5650084,857124455300000;6,960970519000057;50,984541054000033;1
250754;5;3;15;0;2019;10;17;5;3;5;3;0;1;1;0;0;0;0;352931,472147121090000;5647926,567752802700000;6,905616525000028;50,964150207000046;1
250756;5;3;15;0;2019;10;19;5;3;1;1;2;1;1;0;0;0;0;353904,937844735570000;5643223,534245530100000;6,921356025000023;50,922133325000061;1
250757;5;3;15;0;2019;10;9;5;3;5;3;0;1;1;0;0;0;0;356913,117234457280000;5646012,897057499700000;6,963032034000037;50,947954949000064;1
250759;5;1;70;48;2019;10;9;5;3;5;3;0;1;1;0;0;0;0;334698,895452296360000;5727607,861080469600000;6,609245788000067;51,675088360000075;0
250760;5;1;58;32;2019;10;19;5;2;0;1;2;1;0;0;0;0;0;362263,566532145250000;5689701,728569880100000;7,022438460000046;51,341887996000025;1
250769;5;1;13;0;2019;10;5;5;3;1;5;2;1;0;0;0;1;0;355242,727700666520000;5706222,054842928400000;6,914960614000052;51,488593842000057;0
250772;5;5;62;14;2019;10;16;1;3;0;7;0;1;0;0;0;0;0;358510,177885394540000;5717199,442861586800000;6,957579247000069;51,588063234000060;1
250781;5;9;13;0;2019;10;16;5;3;5;3;0;1;1;0;0;0;0;393795,814663567580000;5707929,771775204700000;7,469501642000068;51,512500144000057;1
250782;5;9;78;24;2019;10;12;5;3;4;2;0;1;1;0;0;0;0;397438,521663135850000;5719016,151777967800000;7,518742333000034;51,612824545000080;1
250783;5;9;13;0;2019;10;14;5;3;0;6;0;1;0;1;0;0;0;394586,637000001040000;5708003,136000003700000;7,480871843000045;51,513307691000080;0
250784;5;5;66;28;2019;10;23;4;3;5;3;2;1;1;0;0;0;0;412074,624178962780000;5792366,203289331900000;7,711304689000031;52,274629881000067;1
250785;5;5;66;8;2019;10;16;4;3;1;3;0;1;0;0;1;0;0;399493,615111209450000;5781515,929102446900000;7,530194580000057;52,174955520000026;1
250786;5;5;66;12;2019;10;8;4;3;5;3;0;1;1;0;0;0;0;405692,077308212410000;5772285,212266616500000;7,623371749000057;52,093082763000041;1
250787;5;5;58;16;2019;10;10;4;3;0;1;0;1;0;0;0;0;0;382206,508857700970000;5743309,731786515600000;7,290634683000064;51,828179828000032;0
250791;5;5;54;8;2019;10;9;4;3;0;1;0;1;0;0;0;0;0;337257,626982004380000;5745754,892190743200000;6,637722825000026;51,838863121000031;1
250792;5;5;15;0;2019;10;15;4;3;0;1;0;1;0;0;0;0;0;404934,470000000670000;5757591,280000003100000;7,616398887000059;51,960879870000042;1
250794;5;5;62;14;2019;10;10;4;3;5;3;0;1;1;0;0;0;0;360669,899000001140000;5715603,126000002000000;6,989367616000038;51,574256804000072;1
250798;5;3;70;16;2019;10;12;4;3;0;1;0;1;0;0;0;0;0;296314,375481977130000;5660697,179800927600000;6,093125858000065;51,061614266000049;0
250800;5;3;58;28;2019;10;12;4;3;5;3;0;1;1;0;0;0;0;322727,394999999550000;5625111,107000002600000;6,486938683000062;50,750675015000070;0
250801;5;3;58;8;2019;10;17;4;3;0;7;0;1;1;0;0;0;0;323871,398561417130000;5630548,759957429000000;6,500535802000059;50,799876683000036;0
250802;5;3;58;8;2019;10;15;4;3;5;7;0;1;1;0;0;0;0;321619,868828313430000;5633292,841353800100000;6,467283471000030;50,823840881000081;1
250803;5;3;34;36;2019;10;12;4;3;5;3;0;1;1;0;0;0;0;297371,099941863680000;5635075,695113331100000;6,122439954000072;50,831877079000037;0
250806;5;3;34;2;2019;10;7;4;3;2;6;1;1;0;0;0;0;1;295499,813868762930000;5628180,302169468300000;6,099741057000074;50,769289755000045;1
250807;5;9;62;40;2019;10;17;2;3;4;6;0;1;1;0;0;0;0;418548,134999999780000;5696918,077000001400000;7,828649962000043;51,417617370000073;0
250808;5;3;34;2;2019;10;12;4;2;4;2;0;1;1;0;0;0;0;294976,384842707780000;5627251,820887994000000;6,092845119000060;50,760766086000046;1
250809;5;3;34;2;2019;10;7;4;3;5;6;1;1;1;0;0;0;0;293315,087304276410000;5629535,685337778200000;6,068038321000074;50,780688419000057;0
250810;5;3;34;2;2019;10;19;4;3;5;2;0;1;1;0;0;0;0;294102,523517313410000;5629230,414439952000000;6,079364028000043;50,778226818000064;1
250812;5;3;82;20;2019;10;12;4;2;0;1;0;1;0;0;0;0;0;378888,269416449590000;5626180,599861847200000;7,282267228000023;50,774725753000041;0
250817;5;9;13;0;2019;10;7;2;3;0;7;0;1;0;0;0;0;0;394224,085447967980000;5712043,113704722400000;7,474435498000048;51,549553232000051;1
250819;5;3;16;0;2019;10;8;4;3;0;3;0;1;1;0;0;0;0;358876,628141257910000;5655518,767951760400000;6,987272805000032;51,033867974000032;0
250820;5;3;16;0;2019;10;15;4;3;0;1;0;1;0;0;0;0;0;362212,992650893520000;5655032,750930067200000;7,035011114000042;51,030309678000037;1
250823;5;3;15;0;2019;10;18;4;3;1;5;2;1;1;0;0;0;0;356273,484441995620000;5646541,697069024700000;6,953723754000066;50,952548064000041;1
250825;5;3;15;0;2019;10;12;4;3;1;6;0;1;1;0;0;0;0;349411,192982110190000;5645734,874020611900000;6,856428416000028;50,943545690000064;1
250827;5;1;70;24;2019;10;14;4;3;5;2;0;1;1;0;0;0;0;335550,075828842820000;5702798,349986806500000;6,633151555000040;51,452451681000070;1