OBJECTID;ULAND;UREGBEZ;UKREIS;UGEMEINDE;UJAHR;UMONAT;USTUNDE;UWOCHENTAG;UKATEGORIE;UART;UTYP1;ULICHTVERH;IstRad;IstPKW;IstFuss;IstKrad;IstGkfz;IstSonstige;LINREFX;LINREFY;XGCSWGS84;YGCSWGS84;STRZUSTAND
250828;5;3;78;28;2019;10;15;1;3;4;3;0;1;1;0;0;0;0;373309,271090444180000;5641644,338751465100000;7,197832605000031;50,912526707000040;1
250829;5;1;58;16;2019;10;10;4;3;0;5;0;1;1;0;0;0;0;355493,615297998300000;5670154,890301439900000;6,933198323000056;51,164554923000026;0
250833;5;1;62;24;2019;10;20;4;3;5;2;2;1;1;0;0;0;0;342259,974706268870000;5671219,379303317500000;6,743608037000058;51,170623815000056;1
250834;5;1;62;24;2019;10;15;4;3;0;1;0;1;0;0;0;0;0;338708,787865618240000;5672927,499415038200000;6,692087223000044;51,184980729000074;1
250836;5;1;19;0;2019;10;20;4;3;5;6;2;1;1;0;0;0;0;350460,362767766230000;5704011,056685170200000;6,847064333000049;51,467482721000067;1
250841;5;1;13;0;2019;10;16;4;3;0;1;0;1;0;0;0;0;0;357477,740078988490000;5705256,094799118100000;6,947520533000045;51,480481470000029;1
250844;5;1;12;0;2019;10;11;4;3;3;3;0;1;1;0;0;0;0;347838,265498800200000;5707403,526213483900000;6,807881559000066;51,497265717000062;0
250846;5;9;13;0;2019;10;16;2;3;8;1;0;1;0;0;0;0;0;394486,519975576550000;5708942,936729032500000;7,479148212000041;51,521736429000043;0
250850;5;1;11;0;2019;10;15;4;3;3;2;0;1;1;0;0;0;0;345186,559252263980000;5679125,680427057700000;6,782026201000065;51,242465143000061;1
250851;5;1;11;0;2019;10;19;4;3;4;2;2;1;1;0;0;0;0;345512,279069334270000;5676718,748248931000000;6,787726776000056;51,220926123000027;1
250855;5;1;62;4;2019;10;19;6;3;4;6;2;1;1;0;0;0;0;346724,703809305090000;5663119,930600203600000;6,810868706000065;51,099058491000051;0
250859;5;1;14;0;2019;10;13;6;3;5;3;0;1;1;0;0;0;0;330469,059000000360000;5690535,336000001100000;6,565950263000048;51,340785472000050;0
250863;5;3;15;0;2019;10;14;6;3;1;5;0;1;1;0;0;0;0;353445,884943711570000;5648263,572494972500000;6,912801236000064;50,967309813000043;0
250864;5;1;13;0;2019;10;21;6;2;0;1;2;1;0;0;0;0;0;360732,783144302670000;5698156,781407913200000;6,997159843000077;51,417495710000026;0
250865;5;1;13;0;2019;10;14;6;3;0;7;0;1;0;0;0;0;0;367211,127000002190000;5702464,595000000700000;7,088654025000039;51,457763748000048;0
250867;5;1;12;0;2019;10;16;6;3;5;7;0;1;1;0;0;0;0;338450,736300949940000;5696726,068536570300000;6,677630655000030;51,398730632000081;0
250869;5;1;11;0;2019;10;16;6;3;3;3;0;1;1;0;0;0;0;347246,639265757050000;5673760,340983731700000;6,813802961000022;51,194809678000070;0
250871;5;1;11;0;2019;10;11;6;3;5;2;0;1;1;0;0;0;0;349116,731221159920000;5674831,465696791200000;6,840096846000051;51,204931434000059;0
250873;5;1;11;0;2019;10;9;6;3;5;3;0;1;0;0;0;0;1;345817,600246092300000;5676289,285223238200000;6,792280182000070;51,217149730000074;0
250875;5;7;70;4;2019;10;11;6;3;0;1;0;1;0;0;0;0;0;487342,047045513060000;5782305,196558514600000;8,814828140000032;52,191062161000048;0
250877;5;3;14;0;2019;10;12;6;3;0;5;0;1;1;0;0;0;0;365120,005557357330000;5621175,876738674900000;7,088934495000046;50,726705560000028;0
250878;5;9;78;4;2019;10;10;6;3;5;3;0;1;1;0;0;0;0;405149,244013029150000;5719020,088975733100000;7,630068719000064;51,614211964000049;0
250879;5;9;70;44;2019;10;14;6;3;4;6;0;1;1;0;0;0;0;439849,482751609760000;5629546,832758672500000;8,146177062000049;50,814522627000031;0
250884;5;9;13;0;2019;10;22;6;3;0;3;2;1;1;0;0;0;0;391842,829000000840000;5703461,814000001200000;7,442737656000077;51,471969793000028;0
250887;5;9;16;0;2019;10;13;6;2;0;7;0;1;0;0;0;0;0;377330,232576210050000;5712638,372099293400000;7,230690909000032;51,551483234000045;0
250890;5;5;15;0;2019;10;17;5;2;5;3;0;1;1;0;0;0;0;410233,660424686970000;5751958,421147938800000;7,694972007000047;51,911128524000048;0
250897;5;3;62;40;2019;10;5;5;3;0;6;2;1;1;0;0;0;0;357445,764966787770000;5631765,937924381300000;6,976166650000039;50,820048798000073;0
250898;5;3;62;20;2019;10;15;5;3;2;6;0;1;1;0;0;0;0;346322,980103119280000;5631960,714030208100000;6,818293414000038;50,818954271000052;0
250901;5;3;15;0;2019;10;19;5;3;5;2;1;1;1;0;0;0;0;353512,981853016650000;5646519,773841161300000;6,914458076000074;50,951656062000040;0
250903;5;3;14;0;2019;10;8;5;2;0;7;0;1;0;0;0;0;0;370583,105314244520000;5617437,391728382600000;7,167606859000046;50,694345453000039;0
250908;5;1;70;28;2019;10;12;5;3;5;3;0;1;1;0;0;0;0;329539,466880321500000;5700943,475125629500000;6,547620679000033;51,434010842000077;0
250910;5;1;58;32;2019;10;17;5;3;0;1;0;1;0;0;0;0;0;368448,844399225900000;5685804,197527067700000;7,112629875000039;51,308325586000080;0
250912;5;1;66;12;2019;10;9;5;3;5;3;0;1;1;0;0;0;0;320404,400000001300000;5692841,210000000900000;6,420435595000072;51,358408584000074;0
250913;5;1;66;16;2019;10;14;5;3;5;3;0;1;1;0;0;0;0;304554,617883522990000;5689089,131665807200000;6,195122570000024;51,319479938000029;0
250919;5;1;13;0;2019;10;8;5;3;5;2;0;1;1;0;0;0;0;361320,660933495500000;5704970,258732264900000;7,002938453000070;51,478868100000057;0
250921;5;1;12;0;2019;10;18;5;3;2;6;1;1;1;0;0;0;0;343667,892732202080000;5698736,990041164700000;6,751681041000040;51,418260321000048;0
250926;5;1;11;0;2019;10;13;5;3;1;5;0;1;1;0;0;0;0;342421,480000002310000;5685719,043999999800000;6,739537950000056;51,300950011000054;0
250927;5;1;58;20;2019;10;8;6;3;0;7;0;1;0;0;0;0;1;355208,657638940030000;5664072,034439053400000;6,931570490000070;51,109819794000032;0
250928;5;1;11;0;2019;10;11;5;3;0;7;0;1;0;0;0;0;0;342609,176517058160000;5688020,561653981000000;6,741212583000049;51,321681135000063;0
250931;5;3;15;0;2019;10;16;6;3;3;2;0;1;1;0;0;0;0;354710,739450017920000;5642252,015763284600000;6,933199943000034;50,913605983000082;0
250932;5;7;74;32;2019;10;16;5;3;5;2;0;1;1;0;0;0;0;480924,810989802700000;5728299,237103337400000;8,723949431000051;51,705313551000074;0
250934;5;7;62;16;2019;10;16;5;3;5;7;0;1;1;0;0;0;0;512740,321500074120000;5730587,444308342400000;9,184458536000022;51,726067238000041;0
250935;5;7;54;28;2019;10;11;5;3;0;3;0;1;1;0;0;0;0;450850,900871113870000;5744989,217416854600000;8,286390474000029;51,853538095000033;1
250936;5;7;11;0;2019;10;14;5;3;3;2;0;1;1;0;0;0;0;466101,589210541920000;5760523,634903444000000;8,506278699000063;51,994338743000071;0
250937;5;9;78;20;2019;10;14;5;3;5;3;0;1;1;0;0;0;0;407752,698293044230000;5715588,986278090600000;7,668561732000057;51,583801958000038;0
250938;5;9;74;40;2019;10;17;5;3;6;4;1;1;0;1;0;0;0;438568,896601701160000;5712985,687527457300000;8,113726565000036;51,564599285000043;0
250939;5;9;74;40;2019;10;13;5;3;0;7;0;1;0;0;0;0;1;438126,725971702490000;5714422,863244295100000;8,107095033000064;51,577471906000028;0
250941;5;9;15;0;2019;10;9;5;2;5;3;0;1;1;0;0;0;0;418390,045585480520000;5730483,596477253400000;7,818580880000070;51,719339309000077;0
250945;5;9;11;0;2019;10;15;5;3;1;5;0;1;1;0;0;0;0;376815,974972822700000;5703921,122395051600000;7,226323418000050;51,473025873000040;0
250946;5;5;66;76;2019;10;17;4;3;6;4;0;1;0;1;0;0;0;394120,620420155120000;5793962,214100662600000;7,447752951000041;52,285809295000035;0
250947;5;5;66;8;2019;10;10;4;2;5;3;0;1;1;0;0;0;0;398764,163281865420000;5782820,763336118300000;7,519141382000043;52,186549591000073;0
250949;5;5;54;20;2019;10;7;4;3;5;3;2;1;1;0;0;0;0;366450,656166661530000;5786245,028858700800000;7,045377488000042;52,210441194000055;0
250954;5;3;34;2;2019;10;8;4;3;5;3;0;1;1;0;0;0;0;292112,251497316170000;5630351,798592323400000;6,050537870000028;50,787587968000082;0
250957;5;3;66;16;2019;10;18;4;3;5;3;2;1;1;0;0;0;0;343624,347692756910000;5614023,851595744500000;6,787622795000061;50,657048109000073;0
250958;5;3;66;4;2019;10;8;4;2;5;3;0;1;0;0;0;0;1;341565,577999999750000;5603511,464999999900000;6,763005528000065;50,562024992000033;0
250959;5;3;15;0;2019;10;16;4;3;5;2;0;1;1;0;0;0;0;363924,103000001050000;5639483,008000001300000;7,065213309000058;50,890965368000082;0
250964;5;3;14;0;2019;10;6;4;3;0;6;2;1;0;0;0;0;0;366578,886960613540000;5621711,814171694200000;7,109398848000069;50,731859443000076;0
250967;5;1;58;20;2019;10;21;4;3;5;2;2;1;1;0;0;0;0;355703,847253317940000;5663807,462995939000000;6,938745458000028;51,107567103000065;0
250971;5;1;58;16;2019;10;12;4;3;5;2;0;1;0;0;0;0;0;355010,405166393150000;5672084,633232325300000;6,925513760000058;51,181773969000062;0
250973;5;1;54;16;2019;10;15;4;3;5;3;0;1;1;0;0;0;0;305334,481341964570000;5731604,680567486200000;6,182829609000066;51,701576214000056;0
250974;5;1;62;22;2019;10;16;4;3;0;1;0;1;0;0;0;0;0;339689,211448296900000;5679539,386833839100000;6,703148550000037;51,244663964000040;0
250975;5;1;16;0;2019;10;8;4;3;0;5;0;1;1;0;0;0;0;321824,633304142390000;5671430,850386448200000;6,451478119000058;51,166523191000067;1
250976;5;1;14;0;2019;10;17;4;3;5;3;1;1;1;0;0;0;0;331589,888431847100000;5690437,388952413600000;6,582073521000041;51,340238653000029;0
250978;5;1;13;0;2019;10;15;4;3;5;3;0;1;1;0;0;0;0;361846,581112041140000;5706247,592271626000000;7,010007326000050;51,490475322000066;0
250979;5;1;13;0;2019;10;7;4;3;8;7;2;1;0;1;0;0;0;358862,533000000750000;5698918,241000002300000;6,969978048000030;51,423875817000066;1
250983;5;3;15;0;2019;10;14;6;3;6;4;0;1;0;1;0;0;0;355456,629837819380000;5643471,965288261000000;6,943319776000067;50,924756743000046;0
250984;5;1;11;0;2019;10;17;4;3;4;3;0;1;1;0;0;0;0;351318,581275170670000;5670890,638470828500000;6,873224202000074;51,170096498000078;0
250986;5;7;74;32;2019;10;15;4;3;6;7;0;1;0;1;0;0;0;482317,735058153980000;5730159,698770649700000;8,744012777000023;51,722087166000051;0
250988;5;7;70;4;2019;10;11;4;2;3;2;0;1;1;0;0;0;0;485819,463654967020000;5782990,855384605000000;8,792525880000028;52,197189591000040;0
250989;5;7;62;20;2019;10;18;4;3;5;2;1;1;1;0;0;0;0;526339,501761858350000;5736257,600299891100000;9,381778002000033;51,776574440000047;0
250991;5;7;54;32;2019;10;15;4;3;5;3;0;1;1;0;0;0;0;461765,841305464510000;5742390,934325171600000;8,445145638000042;51,831032021000055;0
250992;5;7;66;44;2019;10;16;4;3;5;2;0;1;0;0;0;0;1;491874,892681067810000;5762682,347117452000000;8,881606542000043;52,014722839000058;0
250993;5;7;11;0;2019;10;15;4;3;5;3;0;1;1;0;0;0;0;465928,758000001310000;5760818,008999997700000;8,503732299000035;51,996974773000034;0
251000;5;9;14;0;2019;10;20;4;3;0;7;2;1;1;0;0;0;0;392459,188081253320000;5690583,599128373000000;7,455515072000026;51,356330395000043;0
251001;5;9;14;0;2019;10;11;4;2;0;4;0;1;0;1;0;0;0;390768,104920032430000;5693803,464787457100000;7,430248115000040;51,384949697000081;0
251003;5;9;13;0;2019;10;8;4;2;6;5;1;1;0;1;0;0;0;387658,893193088470000;5713445,681001571900000;7,379339806000075;51,560890612000037;1
251006;5;5;58;32;2019;10;15;3;3;3;6;0;1;0;0;0;0;1;387385,095916078430000;5753853,544762618800000;7,362310237000031;51,924010072000044;0
251007;5;5;15;0;2019;10;6;3;2;4;7;2;1;0;0;1;0;0;406449,703967734240000;5761182,982562100500000;7,637465916000053;51,993420728000046;0
251010;5;5;13;0;2019;10;9;3;3;1;5;0;1;1;0;0;0;0;366940,316401807590000;5708881,643623679900000;7,082339965000074;51,515368340000066;0
251011;5;5;13;0;2019;10;14;3;3;8;1;0;1;0;0;0;0;0;365015,399293655530000;5716036,892175162200000;7,051869927000041;51,579212046000066;0
251015;5;3;66;16;2019;10;15;3;3;5;3;0;1;1;0;0;0;0;343813,798000001350000;5614614,173999998700000;6,790051916000039;50,662403776000076;0
251023;5;3;15;0;2019;10;9;3;3;5;3;0;1;1;0;0;0;0;355374,716733276840000;5649425,398952553000000;6,939790131000052;50,978238313000077;0
251024;5;3;15;0;2019;10;8;6;3;0;6;0;1;0;0;0;1;0;360769,316075564360000;5640596,392961137000000;7,019961035000051;50,900219855000046;0
251025;5;3;15;0;2019;10;12;3;3;3;6;0;1;1;0;0;0;0;356918,224688360470000;5646633,876868339300000;6,962860660000047;50,953536893000035;0
251026;5;3;15;0;2019;10;14;3;3;3;6;0;1;1;0;0;0;0;347648,612671324980000;5645407,931341283000000;6,831494627000041;50,940144681000049;0
251028;5;3;14;0;2019;10;9;3;3;5;3;0;1;1;0;0;0;0;368232,687385795640000;5617483,056573545600000;7,134330027000033;50,694228173000056;0
251030;5;3;14;0;2019;10;20;3;3;4;6;2;1;0;0;0;0;0;366334,359272991310000;5622340,147841872600000;7,105708009000068;50,737450684000066;0
251032;5;1;62;20;2019;10;17;3;3;3;2;0;1;1;0;0;0;0;326961,409874496980000;5677098,466310517900000;6,522146110000051;51,219016815000032;0
251035;5;1;14;0;2019;10;7;3;3;3;5;1;1;1;0;0;0;0;333472,322401093320000;5689448,531539592900000;6,609537268000054;51,331909133000067;0
251039;5;1;13;0;2019;10;12;3;3;5;3;0;1;1;0;0;0;0;361554,547000000250000;5701932,187999999200000;7,007494176000023;51,451624266000067;0
251040;5;1;12;0;2019;10;17;3;3;0;7;0;1;0;0;0;0;0;345185,785559759480000;5707457,101571356900000;6,769675966000023;51,497026940000069;0
251045;5;7;54;8;2019;10;18;3;3;3;2;1;1;1;0;0;0;0;457596,820885983300000;5751279,972184835000000;8,383556664000025;51,910649194000030;0
251047;5;9;58;48;2019;10;11;3;3;6;4;0;1;0;1;0;0;0;467274,180097125470000;5671766,788331840200000;8,531637347000071;51,196371860000056;0
251048;5;9;14;0;2019;10;14;3;3;0;3;0;1;1;0;0;0;0;400615,078702297990000;5689688,898445641600000;7,572858052000072;51,349773160000041;0
251051;5;9;11;0;2019;10;13;3;3;6;4;0;1;0;1;0;0;0;376096,885173722170000;5705089,135390535000000;7,215565213000048;51,483366249000028;0
251052;5;9;11;0;2019;10;13;3;3;3;7;0;1;1;0;0;0;0;376298,157902217470000;5704935,230223640800000;7,218516318000070;51,482027100000039;0
251053;5;5;66;12;2019;10;16;2;3;0;7;0;1;1;0;0;0;0;405289,008946872320000;5771679,472105244200000;7,617658235000022;52,087569409000082;0
251054;5;5;54;8;2019;10;14;2;3;8;3;0;1;1;0;0;0;0;335327,609794381070000;5744739,938290216000000;6,610216879000063;51,829179678000060;0
251055;5;5;15;0;2019;10;9;2;3;0;7;0;1;1;0;0;0;0;407077,532923713330000;5758686,879546651600000;7,647283429000026;51,971089972000073;1
251061;5;3;58;8;2019;10;10;2;3;4;2;0;1;1;0;0;0;0;322262,324000000950000;5631875,911000000300000;6,477082263000057;50,811308660000066;1
251069;5;3;62;24;2019;10;11;2;3;0;1;0;1;0;0;0;0;0;346265,397607283670000;5642213,321435237300000;6,813168722000057;50,911070619000043;1
251072;5;3;15;0;2019;10;17;2;2;3;6;0;1;0;1;0;0;0;361292,020000000480000;5647019,524000002100000;7,024945803000037;50,958072059000074;1
251074;5;3;15;0;2019;10;8;2;2;4;5;0;1;0;0;0;0;0;355975,497355235740000;5644762,688302004700000;6,950187599000060;50,936486040000034;0
251076;5;3;15;0;2019;10;18;2;3;1;5;2;1;1;0;0;0;0;356228,825493692420000;5645319,134797871100000;6,953571022000062;50,941549955000028;0
251080;5;1;54;12;2019;10;12;2;3;1;6;0;1;0;0;0;0;0;314518,871789457280000;5710914,692850064500000;6,326530390000073;51,518854926000074;0
251082;5;1;62;4;2019;10;19;2;3;0;1;2;1;0;0;0;0;0;348224,433000000190000;5662792,707000002300000;6,832409418000054;51,096517035000034;1
251088;5;3;15;0;2019;10;18;6;3;5;7;0;1;1;0;0;0;0;355855,307692598550000;5644468,486869325900000;6,948594555000057;50,933812072000080;0
251089;5;1;12;0;2019;10;6;2;2;5;3;2;1;1;0;0;0;0;344808,665000000040000;5698626,160000000100000;6,768122363000032;51,417577939000068;1
251092;5;1;12;0;2019;10;13;2;2;0;7;0;1;0;0;0;0;0;344692,901106135920000;5707804,260234190200000;6,762428256000021;51,500010926000073;1
251096;5;7;74;32;2019;10;7;2;3;0;7;1;1;0;0;0;0;0;480842,524768136440000;5728422,610914992200000;8,722751844000072;51,706420039000079;1
251097;5;7;74;32;2019;10;18;2;3;6;6;1;1;0;1;0;0;0;483193,338805729520000;5732440,005374880500000;8,756578704000049;51,742616990000045;0
251099;5;7;54;28;2019;10;16;2;3;5;3;0;1;1;0;0;0;0;452617,334373725580000;5742200,205439100000000;8,312417881000044;51,828616099000044;0
251103;5;7;11;0;2019;10;13;2;2;0;3;0;1;0;0;0;0;1;468739,456288070420000;5765942,307746909600000;8,544202299000062;52,043210874000067;0
251110;5;5;70;52;2019;10;8;3;2;0;7;0;1;1;0;0;0;0;429414,860658230260000;5756464,483131408700000;7,972849875000065;51,954397560000075;0
251111;5;5;66;12;2019;10;15;3;3;5;7;0;1;1;0;0;0;0;405137,347484059630000;5771517,531905701400000;7,615490433000048;52,086087886000030;0
251113;5;5;54;4;2019;10;13;3;3;6;6;0;1;0;1;0;0;0;363745,826610665770000;5771121,359872123200000;7,011877977000040;52,073888273000080;0
251116;5;5;13;0;2019;10;6;3;3;5;3;1;1;1;0;0;0;0;367580,235000001270000;5714198,280999999500000;7,089556842000036;51,563297560000080;0
251122;5;3;34;2;2019;10;11;3;3;5;3;0;1;1;0;0;0;0;300107,401508989740000;5626243,393408050800000;6,166052216000026;50,753498467000043;0
251129;5;3;78;32;2019;10;15;3;2;0;2;0;1;1;0;0;0;0;374109,067556102760000;5665838,981912309300000;7,200803780000058;51,130164376000039;0
251131;5;3;78;4;2019;10;22;3;3;0;1;2;1;0;0;0;0;0;369421,450000002050000;5647220,297000002100000;7,140560981000022;50,961776166000050;0
251132;5;3;78;4;2019;10;16;3;3;5;3;0;1;1;0;0;0;0;367088,561113606210000;5650196,127397840800000;7,106272021000052;50,987988376000033;0
251134;5;1;12;0;2019;10;10;4;3;5;3;0;1;1;0;0;0;0;340214,492347743360000;5695868,133629804500000;6,703349926000044;51,391521885000031;0
251135;5;3;62;24;2019;10;15;3;3;0;7;0;1;0;0;0;0;0;347427,069426937960000;5643232,511832520400000;6,829254220000053;50,920537467000031;0
251136;5;3;16;0;2019;10;14;3;3;5;3;0;1;1;0;0;0;0;359135,733000000940000;5656364,327000001400000;6,990637001000039;51,041530503000047;0
251138;5;3;15;0;2019;10;13;3;3;5;3;0;1;1;0;0;0;0;356716,696351355870000;5642292,044683743300000;6,961700356000051;50,914467206000040;0
251139;5;3;15;0;2019;10;18;3;3;6;4;1;1;0;1;0;0;0;354856,019637638700000;5643815,846410810900000;6,934642836000023;50,927696334000075;0
251140;5;3;15;0;2019;10;7;3;3;0;5;0;1;1;0;0;0;0;355343,203174421560000;5643146,579215545200000;6,941836038000076;50,921804131000044;0
251141;5;3;14;0;2019;10;8;3;3;0;2;0;1;1;0;0;0;0;365644,518160624430000;5620698,685428775800000;7,096535580000023;50,722538120000081;0
251142;5;3;14;0;2019;10;15;3;3;6;4;0;1;0;1;0;0;0;367058,816826906990000;5619944,431708697200000;7,116832671000054;50,716084135000074;0
251146;5;1;54;16;2019;10;20;3;3;1;1;2;1;1;0;0;0;0;303542,965951096270000;5729635,617684561800000;6,158045852000043;51,683269147000033;0
251147;5;1;54;36;2019;10;12;3;3;5;3;0;1;1;0;0;0;0;302787,900512379590000;5741676,840744199200000;6,140314855000042;51,791136904000041;1
251148;5;1;66;24;2019;10;18;3;3;5;2;2;1;1;0;0;0;0;309565,403191080320000;5677213,057596219700000;6,273269039000070;51,214509780000071;0
251150;5;1;62;12;2019;10;16;3;3;1;6;1;1;1;0;0;0;0;325092,732620202940000;5663862,141902094700000;6,501848840000037;51,099536581000052;0
251151;5;1;62;24;2019;10;14;3;3;5;3;0;1;1;0;0;0;0;339078,410659541380000;5668175,073199899900000;6,699497687000076;51,142384419000052;0
251154;5;1;14;0;2019;10;12;3;3;5;3;0;1;1;0;0;0;0;327621,731321741830000;5688426,766098337200000;6,526130378000062;51,320986732000051;0
251156;5;1;14;0;2019;10;18;3;2;3;7;2;1;1;0;0;0;0;328377,181163976900000;5687184,463468313200000;6,537559270000031;51,310054658000070;0
251157;5;1;14;0;2019;10;10;3;3;0;3;0;1;1;0;0;0;0;330646,591576375070000;5688187,645386690300000;6,569612654000025;51,319746993000081;0
251164;5;1;11;0;2019;10;15;3;3;5;7;0;1;1;0;0;0;0;352923,569039885890000;5667793,510719552600000;6,897431561000076;51,142680096000049;0
251166;5;1;11;0;2019;10;13;3;3;5;3;0;1;1;0;0;0;0;347360,821944075640000;5674092,418474203000000;6,815294679000033;51,197824122000043;0
251168;5;1;11;0;2019;10;12;3;3;6;4;0;1;0;1;0;0;0;351183,463564564470000;5671569,221106613100000;6,871011969000051;51,176159114000029;0
251170;5;7;74;32;2019;10;18;3;2;0;3;2;1;0;0;0;0;0;482497,449671291750000;5730079,304056767400000;8,746618529000045;51,721369951000042;0
251172;5;7;70;4;2019;10;8;3;2;5;3;0;1;1;0;0;0;0;487875,398416945710000;5784077,927130689800000;8,822566983000058;52,207012076000069;0
251174;5;7;70;20;2019;10;13;3;3;5;2;0;1;1;0;0;0;0;474711,247356644830000;5796619,097254792200000;8,628984455000023;52,319314938000048;0
251175;5;1;11;0;2019;10;8;4;3;0;6;0;1;1;0;0;0;0;345474,250854032110000;5677471,159859178600000;6,786858284000061;51,227676581000026;0
251176;5;7;58;4;2019;10;10;3;3;5;3;0;1;1;0;0;0;0;469787,363406413230000;5782942,246905524300000;8,557971591000069;52,196107068000060;0
251177;5;9;78;40;2019;10;10;3;3;5;3;0;1;1;0;0;0;0;405764,288077692500000;5724767,268428646000000;7,637401371000067;51,665976486000034;0
251179;5;9;58;12;2019;10;19;3;3;5;3;2;1;1;0;0;0;0;470275,301163726490000;5693606,039692387000000;8,572768476000022;51,392909972000041;0
251184;5;7;74;32;2019;10;20;4;2;1;5;2;1;1;0;0;0;0;482281,760656658560000;5729316,652593463700000;8,743534863000036;51,714505948000067;0
251196;5;5;66;76;2019;10;15;2;2;5;3;0;1;1;0;0;0;0;394655,314270330590000;5795859,565260518300000;7,454995403000055;52,302963992000059;0
251198;5;5;66;76;2019;10;9;2;3;5;3;0;1;1;0;0;0;0;392292,807281671090000;5794181,628175279100000;7,420897075000028;52,287426013000072;0
251200;5;5;54;68;2019;10;7;2;3;5;3;0;1;1;0;0;0;0;351122,720075178890000;5767785,975837582700000;6,829281451000043;52,040672413000038;0
251201;5;5;54;56;2019;10;20;2;3;5;3;2;1;1;0;0;0;0;356205,678999999540000;5762023,728000002000000;6,905759228000022;51,990240646000075;0
251203;5;5;15;0;2019;10;8;2;3;5;2;0;1;0;0;0;0;0;402418,686801913190000;5757833,440547490500000;7,579726920000041;51,962620624000067;1
251205;5;5;15;0;2019;10;13;2;3;5;2;0;1;1;0;0;0;0;406042,139254949990000;5756997,434562666300000;7,632677539000042;51,955730405000054;0
251206;5;5;15;0;2019;10;15;2;2;0;2;1;1;0;0;0;0;0;405078,488266986790000;5757450,976379558400000;7,618533069000023;51,959643370000038;1
251208;5;5;13;0;2019;10;13;2;3;5;2;0;1;1;0;0;0;0;362658,563111804430000;5710465,918617896700000;7,020052693000025;51,528580460000057;0
251213;5;7;11;0;2019;10;17;4;3;5;3;2;1;1;0;0;0;0;466839,900642815980000;5762208,496959060400000;8,516868530000068;52,009531304000063;0
251214;5;3;34;2;2019;10;23;2;3;4;2;2;1;1;0;0;0;0;296748,310373615470000;5628522,310018787200000;6,117234525000072;50,772800190000055;0
251221;5;3;16;0;2019;10;18;2;3;5;3;2;1;1;0;0;0;0;360879,734670535660000;5655240,469808457400000;7,015929847000052;51,031855295000071;0
251222;5;3;15;0;2019;10;12;2;3;1;7;0;1;1;0;0;0;0;355732,130301039670000;5644605,236304011200000;6,946788616000049;50,935010216000080;0
251224;5;3;14;0;2019;10;15;2;3;5;3;0;1;0;0;0;0;0;368412,768724401480000;5619359,238444170000000;7,136209748000056;50,711132440000029;0
251226;5;1;70;8;2019;10;8;2;3;5;3;0;1;1;0;0;0;0;343356,668740660880000;5716170,593624834000000;6,739470099000073;51,574811034000049;0
251227;5;7;11;0;2019;10;15;4;3;5;3;0;1;1;0;0;0;0;470111,956311581660000;5764019,907322537200000;8,564381552000043;52,026002956000070;0
251228;5;1;70;24;2019;10;14;2;3;5;3;0;1;1;0;0;0;0;336186,797310519960000;5702589,951581142800000;6,642403714000068;51,450763952000045;0
251230;5;1;70;12;2019;10;11;2;3;1;5;0;1;1;0;0;0;0;333621,703685219400000;5733656,077440887700000;6,590795497000045;51,729104343000074;0
251231;5;1;70;48;2019;10;19;2;3;5;2;2;1;1;0;0;0;0;335770,069977338430000;5728086,030434483700000;6,624498950000032;51,679698272000053;0
251233;5;1;58;32;2019;10;11;2;3;1;5;0;1;1;0;0;0;0;364005,143636553550000;5689455,693863200000000;7,047521575000076;51,340096276000054;0
251234;5;1;54;32;2019;10;12;2;3;5;3;0;1;1;0;0;0;0;309535,428999999540000;5718321,994000000900000;6,250777979000077;51,583724088000054;0
251235;5;1;54;16;2019;10;18;2;2;1;1;2;1;1;0;0;0;0;303832,591677552090000;5728712,972514234500000;6,162748326000042;51,675084639000033;0
251236;5;1;62;20;2019;10;9;2;3;5;2;0;1;1;0;0;0;0;326089,227514228780000;5673797,412530457600000;6,511269015000039;51,189096190000043;0
251237;5;1;62;16;2019;10;7;2;3;0;1;0;1;0;0;0;0;0;333410,650999999610000;5677734,052000002900000;6,614114180000058;51,226645287000053;0
251238;5;1;16;0;2019;10;7;2;3;5;3;0;1;1;0;0;0;0;315831,034660223870000;5670385,249745180800000;6,366379725000058;51,155232700000056;0
251243;5;1;13;0;2019;10;9;2;3;5;3;0;1;1;0;0;0;0;362634,698753407230000;5708219,707832617700000;7,020584401000065;51,508389472000033;0
251247;5;1;12;0;2019;10;11;2;3;6;4;0;1;0;1;0;0;0;341867,360107682650000;5712571,121333759300000;6,719614782000065;51,542055791000053;0
251249;5;1;11;0;2019;10;13;2;3;4;3;0;1;0;0;0;0;0;346340,950068474750000;5677807,545007469100000;6,799117192000040;51,230933156000049;0
251251;5;7;62;8;2019;10;7;2;3;5;3;0;1;1;0;0;0;0;525595,163000000640000;5724391,172000002100000;9,370117217000029;51,669915599000035;0
251252;5;7;54;28;2019;10;13;2;3;5;3;0;1;1;0;0;0;0;452755,843648050910000;5743250,249272380000000;8,314284298000075;51,838068323000073;0