OBJECTID;ULAND;UREGBEZ;UKREIS;UGEMEINDE;UJAHR;UMONAT;USTUNDE;UWOCHENTAG;UKATEGORIE;UART;UTYP1;ULICHTVERH;IstRad;IstPKW;IstFuss;IstKrad;IstGkfz;IstSonstige;LINREFX;LINREFY;XGCSWGS84;YGCSWGS84;STRZUSTAND
251253;5;7;66;20;2019;10;17;2;2;0;1;1;1;0;0;0;0;0;491909,070410911930000;5754164,731209442000000;8,882305392000035;51,938141661000031;0
251256;5;9;58;4;2019;10;18;2;3;5;3;2;1;1;0;0;0;0;427827,855926871300000;5700819,761984681700000;7,961280187000057;51,453952368000046;0
251257;5;9;15;0;2019;10;8;2;2;0;1;0;1;0;0;0;0;0;414120,125257362610000;5727800,508685510600000;7,757444102000022;51,694582621000052;0
251261;5;5;54;68;2019;10;14;1;3;4;6;0;1;0;0;0;0;0;349987,521331202240000;5766372,447568863600000;6,813362498000060;52,027666812000064;0
251264;5;3;15;0;2019;10;0;1;3;0;1;2;1;0;0;0;0;0;358935,903223292900000;5639843,585348891100000;6,994195288000071;50,893009277000033;0
251271;5;1;22;0;2019;10;17;1;2;0;1;2;1;0;0;0;0;0;359282,694214793850000;5670470,876995082900000;6,987231639000072;51,168339248000052;0
251272;5;1;13;0;2019;10;16;1;3;0;7;0;1;0;0;0;0;0;362463,961186662320000;5693284,246451953400000;7,023928545000047;51,374131165000051;1
251274;5;1;11;0;2019;10;8;1;3;0;5;0;1;1;0;0;0;0;344485,890934375110000;5674968,877613730700000;6,773799390000022;51,204924219000077;0
251275;5;7;74;32;2019;10;10;1;3;0;7;0;1;0;0;0;0;0;483067,147430831570000;5731276,097877144800000;8,754807657000072;51,732148172000052;1
251278;5;7;66;20;2019;10;12;1;2;5;3;0;1;1;0;0;0;0;491347,818409105760000;5753953,243127897400000;8,874146488000065;51,936231720000080;0
251280;5;9;15;0;2019;10;18;1;3;5;2;1;1;1;0;0;0;0;418366,592166590500000;5726130,389895474500000;7,819260517000032;51,680202713000028;0
251288;5;5;54;64;2019;10;10;7;3;5;2;0;1;1;0;0;0;0;361552,660768968050000;5751167,686502948400000;6,987951135000060;51,894052342000066;0
251289;5;5;15;0;2019;10;16;7;3;5;2;0;1;1;0;0;0;0;399494,060430880640000;5756209,130015121800000;7,537649568000063;51,947500151000042;0
251291;5;5;15;0;2019;10;12;7;2;6;3;0;1;0;1;0;0;0;405774,582379494790000;5758003,433896718500000;7,628509156000064;51,964727501000027;0
251293;5;9;78;24;2019;10;13;4;3;5;3;0;1;1;0;0;0;0;391690,268000000160000;5717992,994000000900000;7,436070937000068;51,602551609000045;0
251300;5;3;34;32;2019;10;10;7;3;4;2;0;1;1;0;0;0;0;304325,810859271330000;5628527,280196853000000;6,224568135000027;50,775450286000080;0
251303;5;3;16;0;2019;10;11;7;3;5;2;0;1;1;0;0;0;0;359413,954000000840000;5656878,730000000400000;6,994403403000035;51,046221547000073;0
251304;5;3;15;0;2019;10;13;7;3;5;2;0;1;1;0;0;0;0;364021,917753212150000;5640157,930621979800000;7,066351981000025;50,897054297000068;0
251305;5;3;15;0;2019;10;14;7;2;5;3;0;1;0;0;1;0;0;353471,093589768750000;5642708,467679966200000;6,915394561000028;50,917394579000074;0
251310;5;3;14;0;2019;10;10;7;3;0;6;0;1;0;0;1;0;0;365923,119823751040000;5621268,464461069600000;7,100273171000026;50,727723634000029;0
251313;5;1;58;20;2019;10;13;7;2;5;3;0;1;1;0;0;0;0;356792,248832399960000;5665528,632040539800000;6,953599106000070;51,123307492000038;0
251315;5;1;54;52;2019;10;8;7;3;5;3;0;1;1;0;0;0;0;310240,550149023530000;5701485,882152067500000;6,270002197000054;51,432748955000079;0
251316;5;1;54;8;2019;10;16;7;2;0;7;0;1;1;0;0;0;0;308233,707082924430000;5748322,617655623700000;6,215500387000020;51,852713178000045;0
251318;5;1;66;28;2019;10;10;7;3;0;1;0;1;1;0;0;0;0;325585,325000001120000;5688535,014000002300000;6,496881897000037;51,321338508000053;0
251322;5;1;62;8;2019;10;17;7;2;5;3;1;1;1;0;0;0;0;331612,720999999900000;5661788,072000000600000;6,595849370000053;51,082854061000035;0
251328;5;1;13;0;2019;10;12;7;3;5;3;0;1;1;0;0;0;0;358714,438001741660000;5702478,355498280400000;6,966428606000022;51,455830664000075;0
251329;5;1;13;0;2019;10;15;7;3;5;3;0;1;1;0;0;0;0;368597,052338860000000;5699862,241670304900000;7,109557409000047;51,434700037000027;0
251330;5;1;12;0;2019;10;15;7;2;6;4;0;1;0;1;0;0;0;344447,253000001420000;5700458,137000003800000;6,762124723000056;51,433939169000041;0
251333;5;1;11;0;2019;10;19;7;3;5;3;2;1;1;0;0;0;0;348024,708412849340000;5675767,576444188100000;6,824079969000024;51,213053547000072;0
251334;5;1;11;0;2019;10;13;7;3;0;2;0;1;0;0;0;0;0;344054,737791915420000;5675914,278610384100000;6,767221462000066;51,213301432000037;0
251335;5;1;11;0;2019;10;18;7;3;5;3;2;1;1;0;0;0;0;348345,771254257300000;5678934,875800421500000;6,827332988000023;51,241599243000053;0
251338;5;7;54;48;2019;10;17;7;3;5;2;0;1;1;0;0;0;0;440186,264541793610000;5765134,153727881600000;8,128060516000062;52,033600177000039;0
251339;5;7;54;12;2019;10;12;7;3;5;2;0;1;1;0;0;0;0;456051,183121706360000;5767600,701612981000000;8,358996976000071;52,057259618000046;0
251342;5;9;74;28;2019;10;20;7;3;0;7;2;1;1;0;0;0;0;454963,412938770840000;5724287,785454845100000;8,348779987000057;51,667763874000059;0
251343;5;9;74;40;2019;10;20;7;3;0;1;2;1;0;0;0;0;0;439579,353000001050000;5714076,736999999700000;8,128115071000025;51,574517629000070;0
251345;5;9;78;24;2019;10;7;4;3;4;2;1;1;1;0;0;0;0;397490,630959261210000;5718173,103723971200000;7,519741180000040;51,605256252000061;0
251347;5;9;78;24;2019;10;14;7;3;5;3;0;1;1;0;0;0;0;397536,765558919870000;5718520,907430335900000;7,520305490000055;51,608390904000032;0
251352;5;5;58;12;2019;10;13;6;3;0;1;0;1;0;0;0;0;0;373869,188416598360000;5755897,129100689700000;7,165110562000052;51,939476836000040;0
251353;5;5;54;4;2019;10;13;6;3;4;1;0;1;0;0;0;0;0;363467,128000000490000;5771187,355000000400000;7,007787661000066;52,074412625000036;0
251354;5;5;54;8;2019;10;15;6;3;6;4;0;1;0;1;0;0;0;335877,291000001130000;5745827,261000001800000;6,617670925000027;51,839109319000045;0
251355;5;5;15;0;2019;10;10;6;3;0;5;0;1;0;0;0;0;0;404538,055315892210000;5757709,027058742900000;7,610598499000048;51,961870302000079;0
251356;5;5;15;0;2019;10;18;6;3;5;2;2;1;1;0;0;0;0;404519,041824246760000;5758373,420731753100000;7,610137123000072;51,967838850000078;0
251357;5;5;15;0;2019;10;14;6;3;6;4;0;1;0;1;0;0;0;405362,214764039030000;5753840,932516798400000;7,623654733000024;51,927243047000047;0
251358;5;5;62;4;2019;10;16;6;3;0;7;0;1;0;0;0;0;0;385960,695523443630000;5717321,887451475500000;7,353593309000075;51,595388734000039;0
251360;5;3;58;24;2019;10;8;6;2;5;3;0;1;1;0;0;0;0;314338,441804576670000;5644257,655991151900000;6,358448018000047;50,920050731000060;0
251361;5;3;58;8;2019;10;11;6;3;0;7;0;1;0;0;0;0;1;322938,456551358100000;5635047,081919755800000;6,485138741000071;50,840005846000054;0
251362;5;3;34;16;2019;10;11;6;2;0;1;0;1;0;0;0;0;0;294786,400152396410000;5634554,322436703400000;6,086076444000071;50,826284144000056;0
251364;5;3;82;68;2019;10;23;6;3;1;7;2;1;1;0;0;0;0;368875,628727220000000;5630738,873465690800000;7,138707348000025;50,813518660000057;0
251366;5;9;70;40;2019;11;11;2;3;4;2;0;1;1;0;0;0;0;430411,849988923410000;5640057,765575543000000;8,010232925000025;50,907973221000077;1
251367;5;9;66;4;2019;11;13;2;3;5;3;0;1;1;0;0;0;0;423531,778556636530000;5665597,421678734900000;7,907007720000024;51,136725627000033;1
251369;5;9;14;0;2019;11;13;2;3;2;6;0;1;1;0;0;0;0;393628,106341692620000;5695504,965811897100000;7,470822849000058;51,400787214000047;0
251378;5;5;15;0;2019;11;0;1;3;4;6;2;1;1;0;0;0;0;405842,321628954260000;5758708,335878849000000;7,629301510000062;51,971074942000030;0
251379;5;5;62;4;2019;11;17;1;3;5;3;2;1;1;0;0;0;0;384549,500000000930000;5714090,254000002500000;7,334291352000037;51,566056009000079;0
251380;5;5;62;14;2019;11;17;1;3;1;5;2;1;1;0;0;0;0;358735,995097053240000;5715846,775544187100000;6,961380909000070;51,575964953000039;1
251386;5;3;14;0;2019;11;20;1;2;0;1;2;1;0;0;0;0;0;363143,894713228570000;5625484,089078154400000;7,059352092000040;50,764964498000040;1
251396;5;9;78;20;2019;11;19;1;3;0;3;2;1;1;0;0;0;0;407675,911102199000000;5716692,218179345100000;7,667163543000072;51,593706507000036;1
251398;5;5;54;8;2019;11;14;7;3;0;5;0;1;0;0;0;0;1;336302,639331450690000;5745921,207963706900000;6,623794892000035;51,840078122000079;0
251399;5;1;13;0;2019;11;17;2;2;0;2;1;1;1;0;0;0;0;361620,337999999520000;5701205,841000001900000;7,008724478000033;51,445113124000045;1
251401;5;5;15;0;2019;11;15;7;3;5;3;0;1;1;0;0;0;0;401283,006998995320000;5758727,431133372700000;7,562945934000027;51,970455480000055;1
251402;5;5;15;0;2019;11;11;7;3;4;6;0;1;0;0;0;0;0;406254,928330577910000;5755496,704368734700000;7,636182515000030;51,942277024000077;1
251403;5;5;15;0;2019;11;23;7;3;0;7;2;1;1;0;0;0;0;407215,913938854820000;5760857,784480696500000;7,648710188000052;51,990626239000051;0
251407;5;3;34;2;2019;11;11;7;2;3;6;0;1;1;0;0;0;0;297201,180726828050000;5621936,698108593000000;6,127273530000025;50,713809541000046;1
251408;5;3;34;2;2019;11;11;7;3;0;7;0;1;0;0;0;0;0;290967,211438608360000;5628344,624971140200000;6,035456345000057;50,769150308000064;1
251409;5;3;82;20;2019;11;12;7;3;2;2;0;1;1;0;0;0;0;378725,385648937900000;5626313,720269579400000;7,279914250000047;50,775888308000049;0
251412;5;3;62;20;2019;11;20;7;2;6;6;2;1;0;1;0;0;0;346489,253931922840000;5631961,196444744200000;6,820651927000029;50,819002706000049;1
251414;5;3;15;0;2019;11;12;7;3;0;1;0;1;0;0;0;0;0;353807,181507524100000;5647293,738960929200000;6,918332807000070;50,958686095000076;0
251415;5;3;15;0;2019;11;13;7;3;0;1;0;1;0;0;0;0;0;352371,453833782110000;5649451,207083301600000;6,897028210000030;50,977708126000039;1
251417;5;3;14;0;2019;11;12;7;3;0;7;0;1;0;0;0;0;1;370704,597717452790000;5614231,789398135600000;7,170447096000032;50,665559225000038;0
251424;5;1;62;22;2019;11;21;7;2;7;1;2;1;0;0;0;0;0;334000,567408991050000;5682264,139317411900000;6,620454523000035;51,267517097000052;0
251430;5;1;11;0;2019;11;11;7;3;5;3;0;1;1;0;0;0;0;345046,360000000340000;5681412,874000001700000;6,779028874000062;51,262978315000055;1
251431;5;1;11;0;2019;11;12;7;3;5;7;0;1;0;0;0;0;1;347420,422381650660000;5681295,778120903300000;6,813079780000066;51,262566530000072;1
251433;5;1;11;0;2019;11;17;2;3;0;1;0;1;0;0;0;0;0;346415,241000001320000;5676981,146000003400000;6,800534581000022;51,223527532000048;1
251435;5;7;74;32;2019;11;9;7;3;1;5;0;1;1;0;0;0;0;482963,257029711270000;5728865,083109375100000;8,753421256000024;51,710466858000075;1
251438;5;7;70;40;2019;11;12;7;3;5;7;0;1;0;0;0;0;1;476706,719984339550000;5808978,674077214700000;8,657401030000074;52,430518607000067;1
251439;5;7;54;28;2019;11;17;7;2;4;2;2;1;1;0;0;0;0;452802,319885587320000;5742928,954422153500000;8,315002650000054;51,835183631000064;0
251441;5;7;11;0;2019;11;12;7;3;2;6;0;1;1;0;0;0;0;468516,950643435120000;5764787,681087892500000;8,541064460000030;52,032817482000041;0
251442;5;1;11;0;2019;11;10;2;3;2;6;0;1;1;0;0;0;0;346150,254862702450000;5682865,947251610500000;6,794213223000043;51,276333776000058;1
251445;5;9;74;40;2019;11;9;7;3;0;7;0;1;0;1;0;0;0;438023,134255026470000;5713931,278602620600000;8,105687022000041;51,573040925000043;1
251446;5;1;11;0;2019;11;10;2;3;3;6;0;1;1;0;0;0;0;347235,832828488200000;5677154,540054818600000;6,812203049000061;51,225305766000076;1
251449;5;9;62;16;2019;11;18;7;3;5;2;2;1;1;0;0;0;0;413015,060489537190000;5692287,309990894000000;7,750234219000049;51,375165912000057;1
251450;5;9;62;60;2019;11;14;7;2;0;7;0;1;1;0;0;0;0;413753,904274741190000;5678914,774275399700000;7,764081791000024;51,255060698000079;1
251454;5;5;66;76;2019;11;12;6;3;1;5;0;1;1;0;0;0;0;391935,374929984100000;5792540,033666880800000;7,416185072000076;52,272602684000049;1
251462;5;3;15;0;2019;11;17;6;3;2;7;2;1;1;0;0;0;0;353248,028567856180000;5648275,571288863200000;6,909980562000044;50,967367271000057;1
251463;5;3;15;0;2019;11;20;6;3;0;1;2;1;0;0;0;0;0;354800,726723495870000;5643783,978308942200000;6,933869273000028;50,927396028000032;0
251468;5;1;62;24;2019;11;17;6;3;0;1;2;1;0;0;0;0;0;336851,971474350430000;5676403,988658549300000;6,663961485000073;51,215689084000076;1
251479;5;9;15;0;2019;11;16;6;3;5;3;1;1;1;0;0;0;0;418618,407754749990000;5726381,424525952000000;7,822843406000061;51,682495950000032;1
251486;5;1;11;0;2019;11;8;2;3;0;1;0;1;0;0;0;0;0;346218,798629341650000;5676998,122781863400000;6,797716302000026;51,223627192000038;1
251487;5;5;54;4;2019;10;15;5;2;5;3;0;1;0;0;0;0;0;363358,745235412380000;5771498,541763208800000;7,006082619000040;52,077182029000028;0
251488;5;5;15;0;2019;10;16;5;2;5;3;1;1;1;0;0;0;0;409487,415867414330000;5753928,092068757900000;7,683608329000037;51,928712550000057;0
251489;5;5;15;0;2019;10;9;5;3;2;6;0;1;0;0;0;0;0;405198,424000000580000;5757571,373000001500000;7,620244811000021;51,960746007000068;0
251490;5;5;62;8;2019;10;18;5;2;0;7;2;1;0;0;0;0;0;385355,025999999610000;5723871,082000004100000;7,342709354000021;51,654128484000069;0
251493;5;5;13;0;2019;10;17;5;3;5;3;1;1;1;0;0;0;0;366552,549193917770000;5705367,753488928100000;7,078083960000072;51,483698734000029;0
251496;5;3;34;12;2019;10;14;5;2;0;1;0;1;0;0;0;0;0;306980,074895977970000;5632100,217154284900000;6,260292998000068;50,808433639000043;0
251497;5;3;34;2;2019;10;10;5;3;3;7;0;1;0;0;0;0;0;295017,561163602400000;5625834,613720018400000;6,094217049000065;50,748052264000080;0
251499;5;7;74;8;2019;11;13;2;3;5;3;0;1;1;0;0;0;0;486416,195165367800000;5736516,541655417500000;8,803097629000035;51,779357642000036;0
251504;5;3;62;4;2019;10;15;5;3;0;6;0;1;0;0;0;0;0;329592,696789801120000;5651083,152127565800000;6,572069980000038;50,986080908000076;0
251507;5;3;16;0;2019;10;15;5;3;4;2;0;1;1;0;0;0;0;361950,322535837070000;5656291,962364908300000;7,030787746000044;51,041563345000043;0
251509;5;1;13;0;2019;11;11;2;3;5;3;0;1;1;0;0;0;0;366226,979350747540000;5701630,007577730300000;7,074812518000044;51,450031840000065;0
251510;5;3;15;0;2019;10;19;5;3;5;3;2;1;1;0;0;0;0;359400,535340844650000;5644900,122127844000000;6,998848854000073;50,938566403000038;0
251513;5;3;15;0;2019;10;18;5;3;4;6;2;1;1;0;0;0;0;357374,556006881410000;5647749,930545400800000;6,968915958000025;50,963679875000082;0
251515;5;3;15;0;2019;10;16;5;2;5;3;0;1;1;0;0;0;0;351093,926461351100000;5649360,857600767200000;6,878880094000067;50,976567282000076;0
251517;5;3;15;0;2019;10;12;5;3;5;3;0;1;0;0;0;0;1;352379,287280831490000;5647188,968911094600000;6,898057808000033;50,957380551000028;0
251520;5;3;14;0;2019;10;8;5;3;5;3;0;1;1;0;0;0;0;368629,472000001000000;5621255,363000003600000;7,138602160000062;50,728224175000037;0
251521;5;3;82;24;2019;10;12;5;3;0;1;0;1;0;0;0;0;0;377979,024873951450000;5621687,054672539200000;7,270866895000040;50,734143689000064;0
251523;5;1;70;24;2019;10;13;5;3;5;3;0;1;1;0;0;0;0;333288,651151163500000;5706451,528840122700000;6,598911432000023;51,484610129000032;0
251524;5;1;70;44;2019;10;14;5;3;5;3;0;1;1;0;0;0;0;340484,000617750920000;5719100,803678410100000;6,696718633000046;51,600331526000048;0
251525;5;1;58;20;2019;10;10;5;3;5;7;0;1;1;0;0;0;0;356654,378776404080000;5664330,721674878200000;6,952106480000055;51,112507908000055;0
251527;5;1;58;4;2019;10;12;5;3;5;2;0;1;1;0;0;0;0;353736,828999999910000;5676835,792000001300000;6,905368284000076;51,224144311000032;0
251529;5;1;54;8;2019;10;14;5;3;5;3;0;1;1;0;0;0;0;310655,707003897990000;5746448,149323223200000;6,251650672000039;51,836705598000037;0
251530;5;1;66;12;2019;10;12;5;3;5;3;0;1;1;0;0;0;0;320980,698465649970000;5693739,304313808700000;6,428252028000031;51,366657928000052;0
251531;5;1;66;32;2019;10;18;5;3;5;3;2;1;1;0;0;0;0;314095,160000000150000;5681344,458000002400000;6,335908450000034;51,253112287000079;0
251532;5;1;62;8;2019;10;11;5;3;4;1;0;1;1;0;0;0;0;331620,484000001100000;5662452,353000003800000;6,595650535000061;51,088824534000082;0
251549;5;1;12;0;2019;10;10;5;3;5;3;0;1;1;0;0;0;0;344128,374999999070000;5693878,547000000300000;6,760431801000038;51,374733978000052;0
251551;5;7;54;32;2019;11;19;2;3;5;5;2;1;1;0;0;0;0;461150,235383637250000;5741027,599381685300000;8,436365423000041;51,818732080000075;1
251553;5;1;12;0;2019;10;14;5;3;5;3;0;1;1;0;0;0;0;338599,718693424950000;5699267,836424522100000;6,678613716000029;51,421609507000028;0
251555;5;1;11;0;2019;10;9;5;3;1;7;0;1;1;0;0;0;0;347889,738999999130000;5673195,757000001100000;6,823238978000063;51,189908040000034;0
251557;5;1;11;0;2019;10;21;5;3;0;7;2;1;0;0;0;0;0;343674,592195885260000;5675507,592577382900000;6,761960327000054;51,209543298000028;0
251560;5;1;11;0;2019;10;14;5;3;3;3;0;1;1;0;0;0;0;344775,963674847040000;5676979,235482228900000;6,777078399000061;51,223066981000045;0
251562;5;1;11;0;2019;10;9;5;3;5;3;0;1;1;0;0;0;0;345590,964544346560000;5676821,683674352200000;6,788808323000069;51,221872331000043;0
251564;5;7;70;8;2019;10;17;5;3;5;3;2;1;1;0;0;0;0;474107,156000002290000;5803167,245000001000000;8,619616972000074;52,378156100000069;1
251567;5;7;54;20;2019;10;15;5;3;5;1;0;1;1;0;0;0;0;447515,886173058300000;5748107,320192631300000;8,237499047000028;51,881267317000038;0
251568;5;7;11;0;2019;10;15;5;3;0;7;0;1;0;1;0;0;0;467660,886682432140000;5763938,626779891600000;8,528666135000037;52,025134703000049;0
251569;5;9;74;28;2019;10;7;5;3;5;3;0;1;1;0;0;0;0;454867,264000001360000;5724803,396999999900000;8,347323168000060;51,672391960000027;0
251570;5;9;70;40;2019;10;7;5;3;0;2;1;1;1;0;0;0;0;431220,502078974620000;5636053,432196559400000;8,022486682000022;50,872065747000079;0
251575;5;9;11;0;2019;10;16;5;3;0;1;0;1;0;0;0;0;0;377832,445775111210000;5702047,289592670300000;7,241599304000033;51,456405121000046;0
251580;5;5;58;12;2019;10;12;4;3;5;3;0;1;1;0;0;0;0;373886,057126594710000;5756627,581816850200000;7,165087923000044;51,946044823000079;0
251582;5;5;54;8;2019;10;14;4;3;5;3;0;1;0;0;0;0;0;334010,929150289860000;5745527,286764606800000;6,590749298000048;51,835863003000043;0
251586;5;5;62;12;2019;10;6;4;3;4;2;2;1;1;0;0;0;0;361470,971240188930000;5726446,632786432300000;6,996631868000065;51,671894493000082;0
251588;5;3;70;40;2019;10;8;4;3;4;2;0;1;1;0;0;0;0;309966,439000000250000;5668998,995000001000000;6,283347007000032;51,140863895000052;0
251589;5;3;34;2;2019;10;17;4;3;0;5;2;1;1;0;0;0;0;294892,215321533380000;5626968,015456957700000;6,091811386000074;50,758187411000051;0
251598;5;3;62;28;2019;10;5;4;3;5;2;2;1;1;0;0;0;0;351050,205188159830000;5638678,720755688800000;6,882622220000030;50,880561467000064;0
251601;5;1;13;0;2019;11;15;2;3;0;1;0;1;0;0;0;0;0;361319,388613053600000;5707277,578497497400000;7,002013723000061;51,499601998000060;1
251602;5;3;15;0;2019;10;13;4;3;0;7;0;1;0;0;0;0;0;360292,055987648670000;5645411,028053350700000;7,011333728000068;50,943374689000052;0
251605;5;3;15;0;2019;10;17;4;3;2;6;0;1;1;0;0;0;0;352956,013449368070000;5643590,552924852800000;6,907716303000029;50,925190530000066;0
251606;5;3;15;0;2019;10;17;4;3;5;3;2;1;1;0;0;0;0;354136,487176682800000;5644705,459898706500000;6,924055255000042;50,935509535000051;0
251608;5;9;74;8;2019;11;11;2;3;1;6;0;1;1;0;0;0;0;442645,280313940720000;5715276,149535466000000;8,172156141000073;51,585621443000036;0
251609;5;3;15;0;2019;10;8;4;3;4;1;0;1;1;0;0;0;0;357176,063000000080000;5646276,487999999900000;6,966669385000046;50,950389026000039;0
251613;5;1;58;28;2019;10;10;4;3;0;7;0;1;0;0;0;0;0;350267,699889179320000;5684887,883417690200000;6,852353464000032;51,295599275000029;0
251614;5;1;54;52;2019;10;18;4;3;2;6;1;1;1;0;0;0;0;309037,033552898090000;5696892,074480846500000;6,255182572000024;51,391085260000068;0
251615;5;1;12;0;2019;11;17;2;3;5;3;2;1;1;0;0;0;0;344060,654005726800000;5701298,090517349500000;6,756197536000059;51,441379821000055;1
251616;5;1;54;44;2019;10;7;4;3;3;6;0;1;0;0;0;0;0;321032,928421997470000;5737969,854366969300000;6,406481205000034;51,763974769000072;0
251618;5;1;66;36;2019;10;17;4;3;2;2;1;1;1;0;0;0;0;329265,258192551320000;5681246,209868075300000;6,553126864000035;51,256973417000040;0
251620;5;1;19;0;2019;10;8;4;3;0;3;1;1;1;0;0;0;0;349471,028003390880000;5708298,482754292000000;6,831003855000063;51,505744267000068;0
251622;5;1;14;0;2019;10;19;4;3;5;2;2;1;1;0;0;0;0;330268,272000000810000;5690566,041000001100000;6,563055615000053;51,341001410000047;0
251623;5;1;14;0;2019;10;7;4;3;0;3;1;1;1;0;0;0;0;325910,173257275480000;5694008,855289913700000;6,498862181000050;51,370611710000048;0
251630;5;9;13;0;2019;11;16;5;3;5;2;0;1;1;0;0;0;0;395289,496346232480000;5707270,493196567500000;7,491214657000057;51,506852974000026;0
251635;5;5;70;4;2019;11;19;4;3;4;2;2;1;1;0;0;0;0;423755,476189874110000;5735934,319109333700000;7,895042087000036;51,769094711000037;1
251638;5;5;58;16;2019;11;16;4;2;0;7;0;1;0;0;0;0;0;381400,689000001180000;5744173,759000001500000;7,278650567000057;51,835774486000048;0
251639;5;5;54;20;2019;11;15;4;3;4;6;0;1;0;0;0;0;0;364008,333417547870000;5787405,370937770200000;7,009188685000027;52,220269827000038;0
251640;5;1;19;0;2019;11;17;5;3;1;5;1;1;1;0;0;0;0;350810,857863886280000;5703515,824961740500000;6,852315624000028;51,463125344000048;1
251641;5;5;15;0;2019;11;7;4;3;6;7;1;1;0;1;0;0;0;406169,362000001590000;5758565,862999999900000;7,634099871000046;51,969849641000053;0
251646;5;3;34;2;2019;11;17;4;3;5;3;2;1;1;0;0;0;0;299092,317056257280000;5625742,598860533900000;6,151953101000061;50,748650039000040;1
251647;5;3;34;2;2019;11;18;4;3;0;1;2;1;0;0;0;0;0;295877,425065562130000;5627083,290297366700000;6,105697531000033;50,759570045000032;1
251648;5;3;34;2;2019;11;10;4;3;0;5;0;1;1;0;0;0;0;294999,691980276260000;5628452,197614628800000;6,092506474000061;50,771555234000061;1
251652;5;3;74;36;2019;11;12;4;3;5;3;0;1;1;0;0;0;0;384578,973445595240000;5673489,391594445300000;7,347911591000070;51,201135969000063;1
251658;5;3;62;28;2019;11;8;4;3;1;5;0;1;1;0;0;0;0;352505,565923576240000;5640176,184832323300000;6,902691410000045;50,894391966000057;1
251659;5;3;62;36;2019;11;13;4;3;4;6;0;1;1;0;0;0;0;346001,426827352490000;5651979,187212072300000;6,805285248000075;50,998756119000063;1
251662;5;3;15;0;2019;11;10;4;3;5;2;0;1;1;0;0;0;0;363765,209000000730000;5648806,776000002400000;7,059470238000074;50,974724821000052;1
251665;5;3;15;0;2019;11;5;4;3;5;3;2;1;1;0;0;0;0;348722,397460751240000;5646202,812792096300000;6,846436712000070;50,947570378000080;1
251667;5;3;15;0;2019;11;17;4;3;0;1;2;1;0;0;0;0;0;354778,322720009830000;5643773,145230004600000;6,933555009000031;50,927293034000058;1
251672;5;3;15;0;2019;11;19;4;3;5;3;2;1;1;0;0;0;0;355270,386000001800000;5645234,532999999800000;6,939971669000045;50,940549875000045;1
251674;5;3;14;0;2019;11;8;4;3;3;2;0;1;0;0;0;0;1;368629,045311110090000;5617639,085182236500000;7,139883344000054;50,695720252000058;1
251676;5;3;14;0;2019;11;22;4;3;0;1;2;1;0;0;0;0;0;367318,059589954090000;5622507,491274252500000;7,119580590000055;50,739180352000062;1
251679;5;1;70;48;2019;11;7;4;3;0;1;0;1;0;0;0;0;0;331471,285348942500000;5728085,542413346500000;6,562379353000040;51,678420552000034;1
251680;5;1;58;20;2019;11;16;4;3;0;7;0;1;0;0;0;0;0;359388,965624686330000;5666889,118205208300000;6,990150001000075;51,136177109000073;1
251681;5;1;58;20;2019;11;7;4;2;5;3;1;1;1;0;0;0;0;358471,803296165540000;5665171,608119901300000;6,977723530000048;51,120516420000058;1
251683;5;1;66;36;2019;11;11;4;3;0;7;0;1;1;0;0;0;0;329090,814835204740000;5681839,779150245700000;6,550345714000059;51,262253709000049;1
251684;5;1;13;0;2019;11;8;5;3;0;7;0;1;1;0;0;0;0;357174,293228303080000;5705586,766132319300000;6,943019857000024;51,483376330000056;1
251686;5;1;62;24;2019;11;15;4;3;0;1;0;1;0;0;0;0;0;339110,210111763330000;5673304,684869026800000;6,697657256000070;51,188482840000063;1
251687;5;1;62;16;2019;11;19;4;3;0;1;2;1;0;0;0;0;0;333214,625766913410000;5674574,292604751900000;6,612778510000055;51,198199644000056;1
251690;5;1;16;0;2019;11;15;4;2;0;1;0;1;0;0;0;0;0;322686,275326251050000;5670580,676872432200000;6,464208651000035;51,159153441000058;1
251691;5;1;16;0;2019;11;13;4;3;3;2;0;1;1;0;0;0;0;319338,277904248800000;5674706,740069070800000;6,414306343000021;51,195170903000076;1
251696;5;1;13;0;2019;11;8;4;3;5;3;0;1;1;0;0;0;0;362288,142133467830000;5706108,685492854600000;7,016417754000031;51,489334770000028;1
251704;5;1;11;0;2019;11;22;4;3;0;3;2;1;1;0;0;0;0;345816,365338769740000;5677545,823152620300000;6,791722070000049;51,228439983000044;0
251705;5;7;74;32;2019;11;18;4;3;5;2;2;1;1;0;0;0;0;482284,301537938420000;5730888,660057468300000;8,743491673000051;51,728640413000051;1
251711;5;7;54;8;2019;11;8;4;3;0;3;0;1;1;0;0;0;0;456654,155538305640000;5750612,057887202100000;8,369937427000025;51,904571707000059;0
251712;5;7;11;0;2019;11;21;4;3;5;2;2;1;1;0;0;0;0;466967,093999999580000;5757585,383000005000000;8,519166987000062;51,967974050000066;1