OBJECTID;ULAND;UREGBEZ;UKREIS;UGEMEINDE;UJAHR;UMONAT;USTUNDE;UWOCHENTAG;UKATEGORIE;UART;UTYP1;ULICHTVERH;IstRad;IstPKW;IstFuss;IstKrad;IstGkfz;IstSonstige;LINREFX;LINREFY;XGCSWGS84;YGCSWGS84;STRZUSTAND
251714;5;7;11;0;2019;11;12;4;3;4;6;0;1;1;0;0;0;0;465795,977570259940000;5765248,849522290800000;8,501355654000065;52,036802489000081;1
251715;5;9;78;40;2019;11;7;4;3;5;5;1;1;1;0;0;0;0;406251,766539338040000;5725025,977095739900000;7,644378502000052;51,668383552000080;1
251716;5;9;74;40;2019;11;12;4;3;0;1;0;1;0;0;0;0;0;438385,988917537030000;5714277,794431669600000;8,110861471000021;51,576196063000054;0
251718;5;9;74;40;2019;11;12;4;2;0;1;0;1;0;0;0;0;0;438044,633999999610000;5714435,006000002800000;8,105908361000047;51,577572058000044;1
251720;5;9;58;32;2019;11;17;4;3;7;5;2;1;1;0;0;0;0;449305,305000000630000;5690091,995000001000000;8,271890010000050;51,359828302000039;1
251725;5;9;16;0;2019;11;18;4;3;0;1;2;1;0;0;0;0;0;376217,074000000020000;5710130,848999997600000;7,215525635000063;51,528704251000079;1
251727;5;5;66;80;2019;11;8;3;3;0;6;1;1;0;0;0;0;0;406547,070943138560000;5781307,038559023300000;7,633368885000039;52,174317777000056;0
251730;5;5;58;16;2019;11;10;3;3;3;6;0;1;0;0;0;0;0;381137,641544338320000;5744154,076001452300000;7,274841326000058;51,835541671000044;1
251732;5;5;15;0;2019;11;21;3;3;0;7;2;1;1;0;0;0;0;406383,134999999780000;5756334,045000001800000;7,637819089000061;51,949825047000047;1
251733;5;5;15;0;2019;11;14;3;3;5;2;0;1;1;0;0;0;0;407987,545293563980000;5754727,424979798500000;7,661587203000067;51,935651528000051;1
251734;5;5;62;36;2019;11;21;3;3;3;2;2;1;0;0;1;0;0;389065,647157921460000;5719093,880643801800000;7,397840379000058;51,611935535000043;1
251736;5;1;11;0;2019;11;8;5;3;3;2;0;1;1;0;0;0;0;345930,634978145360000;5679208,058197971400000;6,792642437000040;51,243406784000058;1
251737;5;5;62;24;2019;11;12;3;3;0;3;0;1;0;0;0;0;1;367715,269005245530000;5723812,404548810800000;7,087876639000058;51,649727162000033;1
251738;5;5;62;14;2019;11;16;3;3;4;6;0;1;1;0;0;0;0;360578,646033592520000;5715589,920711504300000;6,988056885000049;51,574115580000068;1
251743;5;3;82;56;2019;11;5;3;3;5;3;2;1;0;0;0;0;0;371925,514392142180000;5625518,133474227000000;7,183796367000070;50,767275552000058;1
251749;5;3;66;16;2019;11;12;3;3;0;4;0;1;0;1;0;0;0;343780,154779427680000;5614264,647434242100000;6,789723772000059;50,659253791000026;0
251752;5;3;62;20;2019;11;17;3;3;3;2;2;1;1;0;0;0;0;346069,747172948900000;5629914,936506008700000;6,815559093000047;50,800503146000040;1
251753;5;3;16;0;2019;11;11;3;3;1;1;0;1;1;0;0;0;0;363199,883667739110000;5654575,322962880100000;7,049249099000065;51,026434403000053;1
251755;5;3;15;0;2019;11;7;3;3;7;1;0;1;0;0;0;0;0;356321,543061946520000;5648929,223034787900000;6,953464671000063;50,974016308000046;1
251757;5;3;15;0;2019;11;16;3;2;0;7;0;1;0;0;0;0;0;351194,229148598390000;5644474,474985105900000;6,882305325000061;50,932682139000065;1
251758;5;3;15;0;2019;11;11;3;3;1;5;0;1;1;0;0;0;0;352932,489674475980000;5648151,701443135700000;6,905539993000048;50,966173640000079;0
251762;5;3;15;0;2019;11;21;3;3;5;3;2;1;1;0;0;0;0;356234,179830302480000;5645752,521013816800000;6,953476127000045;50,945446066000045;1
251764;5;1;11;0;2019;11;7;5;3;5;2;0;1;1;0;0;0;0;348116,405000002120000;5681416,781000003200000;6,822996156000045;51,263839671000028;1
251766;5;3;82;32;2019;11;10;3;3;5;3;0;1;1;0;0;0;0;362571,706000001170000;5610615,505000000800000;7,056775444000039;50,631193742000050;0
251767;5;3;82;24;2019;11;8;3;2;0;3;0;1;1;0;0;0;0;375841,743797150440000;5617375,005943018900000;7,242045880000035;50,694931020000070;1
251768;5;3;14;0;2019;11;17;3;3;0;3;2;1;1;0;0;0;0;362999,208717281930000;5622646,654159717300000;7,058357348000072;50,739428302000078;1
251770;5;3;14;0;2019;11;12;3;3;3;3;0;1;0;0;0;0;1;366647,547664611600000;5618998,689517758800000;7,111351956000021;50,707489533000057;1
251775;5;1;70;24;2019;11;13;3;3;5;3;0;1;1;0;0;0;0;336513,490395207890000;5702774,339596886200000;6,647016005000069;51,452514945000075;0
251776;5;1;70;24;2019;11;8;3;3;5;3;0;1;1;0;0;0;0;337959,456688895820000;5703164,463814798700000;6,667629790000035;51,456435593000037;1
251779;5;1;54;32;2019;11;13;3;3;5;3;0;1;1;0;0;0;0;308908,526653009470000;5716981,693100044500000;6,242469474000075;51,571474413000033;1
251781;5;1;66;12;2019;11;7;3;3;0;7;0;1;0;0;0;0;0;319765,475130120290000;5694160,250941159200000;6,410600102000046;51,370054878000076;1
251782;5;1;66;32;2019;11;7;3;3;5;3;1;1;1;0;0;0;0;318870,550000000750000;5681787,672000000300000;6,404041029000041;51,258630326000059;1
251783;5;1;62;8;2019;11;14;3;3;0;7;0;1;0;0;0;0;0;330032,086273769850000;5663517,758882848500000;6,572489554000072;51,097927985000069;0
251784;5;1;62;8;2019;11;13;3;3;6;6;0;1;0;1;0;0;0;330319,308121891690000;5662162,451214669300000;6,577224469000043;51,085836544000074;0
251789;5;1;16;0;2019;11;14;3;3;6;7;0;1;1;1;0;0;0;321357,316123166120000;5671790,776751836800000;6,444622198000047;51,169610770000077;0
251792;5;1;14;0;2019;11;20;3;3;3;6;2;1;1;0;0;0;0;332036,465006962420000;5689754,198314681600000;6,588801286000035;51,334232976000067;1
251796;5;1;13;0;2019;11;15;3;3;3;2;0;1;1;0;0;0;0;364051,467447555620000;5707488,820002494400000;7,041268680000030;51,502164006000044;0
251803;5;1;11;0;2019;11;12;3;3;1;5;0;1;1;0;0;0;0;349169,027502476240000;5675052,354418382000000;6,840752050000049;51,206930105000026;1
251807;5;7;70;24;2019;11;19;5;3;0;3;2;1;1;0;0;0;0;493716,571251554410000;5792790,386429235300000;8,907885233000059;52,285439603000043;1
251813;5;7;74;32;2019;11;17;3;3;5;3;1;1;1;0;0;0;0;484624,310900749640000;5728327,835149994100000;8,777485766000041;51,705684269000074;0
251814;5;7;74;32;2019;11;15;3;3;5;2;0;1;1;0;0;0;0;483610,274000000210000;5730875,511000001800000;8,762691067000048;51,728562522000061;0
251815;5;7;62;20;2019;11;13;3;3;5;3;0;1;1;0;0;0;0;525691,785713156690000;5735686,494156269400000;9,372347635000040;51,771469669000055;1
251816;5;7;58;4;2019;11;18;5;3;0;7;2;1;0;0;0;0;0;470582,132864092480000;5783685,179106114400000;8,569534644000044;52,202829308000048;1
251818;5;7;11;0;2019;11;16;3;3;5;3;1;1;1;0;0;0;0;467368,290000000040000;5761693,947999998900000;8,524615715000039;52,004936500000042;1
251819;5;7;66;20;2019;11;10;5;3;0;1;0;1;1;0;0;0;0;491991,173789877440000;5754047,243924764900000;8,883502441000076;51,937086516000079;0
251820;5;7;11;0;2019;11;16;3;3;5;2;1;1;1;0;0;0;0;467690,572916238570000;5763689,792295543500000;8,529122282000060;52,022899257000063;0
251821;5;9;74;56;2019;11;10;3;3;5;3;0;1;1;0;0;0;0;421467,631571833980000;5705312,255680739900000;7,868762001000050;51,493493403000059;1
251822;5;9;74;52;2019;11;20;3;3;0;7;2;1;0;1;0;0;0;424771,117533477020000;5711556,665543694000000;7,915005117000021;51,550080420000029;1
251826;5;7;11;0;2019;11;7;5;3;5;3;0;1;1;0;0;0;0;469305,259000000540000;5756976,890000000600000;8,553254978000041;51,962637292000068;0
251835;5;5;70;4;2019;11;17;2;2;0;7;2;1;0;0;0;0;0;422960,981582748700000;5735036,672948230100000;7,883729447000064;51,760916446000067;1
251836;5;5;58;36;2019;11;9;2;3;3;2;0;1;1;0;0;0;0;388018,907999998890000;5729919,690999999600000;7,379261017000033;51,709029469000029;0
251837;5;5;58;12;2019;11;13;2;3;0;5;0;1;1;0;0;0;0;374886,615825276820000;5755518,222972460100000;7,180041324000058;51,936301484000069;0
251839;5;5;54;8;2019;11;17;2;2;5;3;1;1;1;0;0;0;0;336993,894000002180000;5745639,133000001300000;6,633952684000064;51,837746282000069;1
251840;5;5;54;8;2019;11;16;2;3;4;6;0;1;1;0;0;0;0;336121,475999998860000;5747349,571000000500000;6,620490719000031;51,852856599000063;1
251841;5;5;54;8;2019;11;11;2;3;5;3;0;1;0;0;0;0;0;336049,878184359520000;5745693,254627015400000;6,620237289000045;51,837956171000030;0
251843;5;5;54;48;2019;11;17;2;3;5;7;1;1;1;0;0;0;0;342427,163761626000000;5745037,980853632100000;6,713021820000051;51,833904850000067;1
251854;5;3;70;16;2019;11;15;2;2;5;2;0;1;1;0;0;0;0;296725,108466469680000;5661199,999210113700000;6,098697030000039;51,066275563000033;1
251857;5;1;66;36;2019;11;16;5;3;5;7;1;1;1;0;0;0;0;328227,675999999980000;5679684,098000003000000;6,539021143000070;51,242628080000031;1
251862;5;3;66;16;2019;11;8;2;3;0;3;0;1;0;0;0;0;1;343595,032008103090000;5613682,168157110000000;6,787352699000053;50,653969760000052;0
251863;5;3;62;40;2019;11;11;2;3;0;3;0;1;1;0;0;0;0;357399,946000001390000;5631696,452999999700000;6,975543607000077;50,819413044000044;1
251868;5;3;15;0;2019;11;17;2;3;7;7;2;1;0;0;0;0;0;358403,970672660510000;5641826,001356162100000;6,985867851000023;50,910695272000055;1
251870;5;3;15;0;2019;11;7;2;3;5;3;0;1;1;0;0;0;0;351870,059937804940000;5653445,447122925900000;6,888261831000023;51,013473199000032;1
251871;5;3;15;0;2019;11;7;2;3;0;1;1;1;0;0;0;0;0;353409,247783725150000;5646774,576259231200000;6,912879658000065;50,953919496000026;1
251875;5;3;15;0;2019;11;10;2;2;0;1;0;1;0;0;0;0;0;355160,299688898960000;5641981,353046543900000;6,939698134000025;50,911286582000059;0
251876;5;3;15;0;2019;11;15;2;3;0;1;0;1;0;0;0;0;0;355000,298335663970000;5643932,403203643900000;6,936648098000035;50,928780087000064;1
251877;5;3;14;0;2019;11;8;2;3;0;1;2;1;0;0;0;0;0;369996,636139131150000;5616050,423151327300000;7,159795587000076;50,681748121000055;1
251879;5;3;14;0;2019;11;12;2;3;5;3;0;1;1;0;0;0;0;365723,969788125720000;5618815,630440831200000;7,098345719000065;50,705631618000041;1
251880;5;1;70;48;2019;11;13;2;3;5;2;0;1;1;0;0;0;0;336112,209143470040000;5726554,303894881200000;6,630161889000021;51,666037540000048;0
251884;5;1;62;4;2019;11;15;2;3;5;5;0;1;0;0;0;0;1;347247,470246585090000;5667054,034542044600000;6,816662996000048;51,134549027000048;1
251885;5;1;62;22;2019;11;16;2;3;4;2;0;1;1;0;0;0;0;338042,103331657130000;5686598,690294552600000;6,676371265000057;51,307624303000068;1
251886;5;1;16;0;2019;11;17;2;3;4;3;2;1;1;0;0;0;0;320971,702643832190000;5676274,248858707000000;6,436877433000063;51,209766174000038;1
251888;5;1;22;0;2019;11;15;2;3;0;5;0;1;1;0;0;0;0;361163,838526261040000;5668230,196198098400000;7,014986041000043;51,148662308000041;1
251892;5;1;17;0;2019;11;10;2;3;5;7;0;1;1;0;0;0;0;352554,794999999930000;5699662,110000001300000;6,879007795000064;51,428954237000028;1
251900;5;1;11;0;2019;11;10;2;3;5;3;0;1;1;0;0;0;0;348479,864077451640000;5675148,182718833900000;6,830853302000037;51,207608793000077;0
251905;5;1;11;0;2019;11;8;2;3;5;3;0;1;1;0;0;0;0;344168,691947335380000;5676683,763915304100000;6,768517317000033;51,220246626000062;0
251909;5;7;74;32;2019;11;11;2;3;0;3;0;1;1;0;0;0;0;478529,065106344410000;5731678,391140766400000;8,689071095000031;51,735609821000025;0
251912;5;7;58;12;2019;11;16;2;3;5;3;2;1;1;0;0;0;0;476540,363587580620000;5774667,775569723900000;8,657341465000059;52,122043722000058;0
251915;5;7;66;20;2019;11;7;2;3;5;3;2;1;1;0;0;0;0;489998,802556424400000;5755425,501379158300000;8,854481115000056;51,949446208000040;0
251917;5;9;78;4;2019;11;11;2;3;5;3;0;1;1;0;0;0;0;406909,659000000920000;5719472,896999999900000;7,655366519000040;51,618576167000072;0
251921;5;9;15;0;2019;11;14;2;3;5;3;0;1;1;0;0;0;0;418429,884510842150000;5726148,952337732500000;7,820171426000059;51,680378778000033;0
251923;5;9;13;0;2019;11;21;2;3;1;2;2;1;1;0;0;0;0;392615,667882637120000;5709590,114051442600000;7,451995314000044;51,527200907000065;1
251927;5;9;13;0;2019;11;23;2;3;5;3;2;1;1;0;0;0;0;392317,703717333260000;5708170,703539211300000;7,448135474000026;51,514385944000026;1
251937;5;3;70;12;2019;11;13;1;3;4;7;0;1;1;0;0;0;0;297844,775924956430000;5649747,431744707700000;6,121037300000069;50,963814361000061;0
251952;5;3;15;0;2019;11;15;2;3;5;3;0;1;1;0;0;0;0;355417,693865188400000;5643567,210534708600000;6,942728378000027;50,925602938000054;0
251954;5;1;54;16;2019;11;16;1;3;1;1;0;1;1;0;0;0;0;304812,665592026900000;5728821,318330060700000;6,176844415000062;51,676398993000078;0
251955;5;1;66;32;2019;11;15;1;3;4;2;0;1;1;0;0;0;0;318994,268000000160000;5680266,153000000900000;6,406581694000067;51,245001978000062;0
251962;5;1;11;0;2019;11;13;1;3;5;3;0;1;1;0;0;0;0;341834,839907856660000;5674952,498700797600000;6,735888042000056;51,204049187000066;0
251963;5;1;11;0;2019;11;11;1;3;5;3;0;1;1;0;0;0;0;345031,467777526010000;5679912,427018707600000;6,779465474000062;51,249492236000037;0
251972;5;9;62;32;2019;11;10;1;3;0;1;0;1;0;0;0;0;0;404920,266590015030000;5674670,927980445300000;7,638657681000041;51,215505577000044;2
251974;5;3;82;8;2019;11;15;2;3;0;7;0;1;0;0;0;0;0;374282,559287428860000;5610984,587672231700000;7,222151846000031;50,637154672000065;0
251978;5;1;70;52;2019;11;18;2;2;5;3;2;1;1;0;0;0;0;324180,341177606960000;5726156,942315049500000;6,458002203000035;51,658862009000075;1
251980;5;5;15;0;2019;11;21;7;3;0;7;2;1;0;1;0;0;0;404064,549738546830000;5760851,763043060900000;7,602830514000061;51,990036720000035;1
251984;5;3;70;12;2019;11;11;7;3;0;1;0;1;0;0;0;0;0;297788,699151536450000;5649797,050287004600000;6,120212196000068;50,964240318000066;0
251985;5;1;70;48;2019;11;9;2;3;3;2;0;1;1;0;0;0;0;336108,666602725160000;5726551,816854203100000;6,630111877000047;51,666014164000046;1
251986;5;3;58;16;2019;11;13;7;3;0;1;0;1;0;0;0;0;0;313577,112022257410000;5617982,454858237900000;6,360966652000059;50,683769607000045;0
251989;5;3;78;32;2019;11;15;7;3;0;7;0;1;0;0;0;0;0;375889,963787315410000;5666968,777606891500000;7,225853437000069;51,140707654000039;0
251990;5;3;66;36;2019;11;13;7;3;0;3;0;1;0;0;0;0;0;320586,257224529980000;5600009,567822039100000;6,468766586000072;50,524499110000079;0
251993;5;3;15;0;2019;11;10;7;2;5;3;0;1;1;0;0;0;0;359264,034075752830000;5644766,235363129500000;6,996959017000052;50,937329851000072;1
251998;5;1;58;32;2019;11;14;7;3;5;3;0;1;1;0;0;0;0;365702,850117150690000;5690931,582055442000000;7,071323737000057;51,353763493000031;1
251999;5;1;62;12;2019;11;18;7;3;1;5;2;1;1;0;0;0;0;325061,738112169320000;5664068,760579740600000;6,501306485000043;51,101383344000055;0
252000;5;1;62;24;2019;11;16;7;3;5;3;0;1;1;0;0;0;0;340733,695374680680000;5674604,906697992200000;6,720292892000032;51,200620116000039;0
252002;5;1;24;0;2019;11;11;7;3;5;7;0;1;1;0;0;0;0;378076,006901006210000;5682118,488584643200000;7,251938144000064;51,277342989000033;1
252004;5;1;58;16;2019;11;16;2;3;5;2;2;1;1;0;0;0;0;356003,074836868790000;5671114,956778036400000;6,940095341000074;51,173310957000069;1
252009;5;7;74;32;2019;11;13;7;3;7;7;0;1;0;0;0;0;0;485710,680568165150000;5729006,698780359700000;8,793179565000060;51,711816889000033;1
252010;5;7;74;32;2019;11;16;7;3;0;7;1;1;1;0;0;0;0;481913,239610213790000;5728823,698300391400000;8,738226301000054;51,710061881000058;0
252012;5;7;70;32;2019;11;15;7;3;0;3;0;1;1;0;0;0;0;493044,235054462220000;5790210,313462637400000;8,898082047000059;52,262235295000039;0
252014;5;7;62;4;2019;11;9;7;3;0;6;0;1;1;0;0;0;0;501947,128124759530000;5731398,556807298200000;9,028195771000071;51,733501634000049;1
252015;5;7;54;8;2019;11;22;7;2;8;1;2;1;0;0;0;0;0;464349,887141248210000;5754430,475131746400000;8,481399409000062;51,939447637000058;0
252017;5;1;58;16;2019;11;12;2;3;3;3;0;1;1;0;0;0;0;355020,060926100240000;5672093,885915748800000;6,925648082000066;51,181859566000071;0
252018;5;7;11;0;2019;11;2;7;3;2;1;2;1;0;0;0;0;1;470105,512728347440000;5762530,093685494700000;8,564417755000022;52,012608188000058;0
252020;5;1;54;32;2019;11;11;2;3;0;1;0;1;0;0;0;0;0;309064,580110922460000;5717940,671083211900000;6,244197382000039;51,580140051000058;1
252032;5;5;54;12;2019;11;11;6;3;5;3;0;1;1;0;0;0;0;352133,826304368670000;5745102,014778738800000;6,853764686000034;51,837134166000055;0
252033;5;1;62;8;2019;11;9;2;3;5;3;0;1;1;0;0;0;0;330188,261547132400000;5662208,260851878700000;6,575333592000050;51,086209336000081;0
252037;5;3;70;16;2019;11;15;6;3;5;3;0;1;1;0;0;0;0;298549,986608478240000;5660014,911483235700000;6,125367649000054;51,056275416000062;0
252039;5;3;58;8;2019;11;9;6;2;0;5;0;1;1;0;0;0;0;322406,924009618350000;5631715,972395742300000;6,479210068000043;50,809916106000060;0
252043;5;1;62;22;2019;11;18;2;3;5;3;2;1;0;0;0;0;1;334199,721842077560000;5682318,331955002600000;6,623281569000028;51,268061948000081;1
252046;5;3;82;68;2019;11;15;6;3;5;3;0;1;1;0;0;0;0;367726,052645224150000;5630284,965023944200000;7,122562188000075;50,809177553000040;0
252049;5;3;82;60;2019;11;18;2;3;0;3;2;1;1;0;0;0;0;374008,442999999970000;5629080,628000000500000;7,212097443000062;50,799752984000065;1
252051;5;3;66;40;2019;11;9;6;3;6;6;0;1;0;1;0;0;0;346788,483633480030000;5623391,155592421100000;6,828468152000028;50,742068438000047;0
252055;5;3;15;0;2019;11;14;6;2;1;5;0;1;1;0;0;0;0;347770,153541568670000;5647614,935050979300000;6,832300555000074;50,960009221000064;0
252057;5;3;15;0;2019;11;13;6;3;1;5;0;1;1;0;0;0;0;356704,115000000220000;5642500,656000001400000;6,961439561000020;50,916338859000064;0
252058;5;3;14;0;2019;11;7;6;3;5;2;0;1;1;0;0;0;0;367651,528064851650000;5618205,864708051100000;7,125847194000073;50,700592935000032;1
252060;5;3;14;0;2019;11;12;6;3;5;3;0;1;1;0;0;0;0;369791,683000001130000;5616075,704000003600000;7,156887161000043;50,681929528000069;0
252063;5;3;14;0;2019;11;12;6;3;3;5;0;1;1;0;0;0;0;369395,904000001030000;5621610,585000004600000;7,149329893000072;50,731589801000041;0
252066;5;1;70;32;2019;11;18;6;3;6;6;2;1;0;1;0;0;0;333679,742041002030000;5713400,442030614200000;6,601260145000026;51,547153103000028;0
252072;5;1;58;12;2019;11;13;6;3;0;5;0;1;1;0;0;0;0;358542,813625101930000;5688114,537800241300000;6,969683362000069;51,326711253000042;1
252074;5;1;54;12;2019;11;7;6;3;5;3;1;1;1;0;0;0;0;314195,046693098730000;5710989,510823156700000;6,321828909000033;51,519420521000029;1
252081;5;1;22;0;2019;11;14;6;3;6;6;0;1;0;1;0;0;0;365810,953935991970000;5672545,763196434800000;7,079777136000075;51,188555531000077;0
252083;5;1;13;0;2019;11;15;6;3;0;7;0;1;0;0;0;0;0;365405,881322643720000;5695179,579265348600000;7,065452672000049;51,391869118000045;0
252084;5;1;13;0;2019;11;9;6;3;6;7;1;1;0;1;0;0;0;361190,421108349230000;5699472,018434695900000;7,003221750000023;51,429427169000064;0
252085;5;1;13;0;2019;11;11;6;3;0;7;0;1;1;0;0;0;0;364592,326052208430000;5704008,463289381900000;7,050391227000034;51,471017494000080;0
252086;5;1;12;0;2019;11;15;6;3;0;1;0;1;0;0;0;0;0;345530,503999999720000;5697070,815999999600000;6,779172535000043;51,403800149000062;1
252088;5;1;12;0;2019;11;16;6;3;5;3;1;1;1;0;0;0;0;340686,666000001130000;5698424,768000001100000;6,708982778000063;51,414625199000056;0
252089;5;1;12;0;2019;11;17;6;3;3;2;2;1;1;0;0;0;0;340867,964566471990000;5698651,193434033500000;6,711486088000072;51,416710470000055;0
252090;5;1;14;0;2019;11;17;2;3;0;1;2;1;0;0;0;0;0;329986,664558504710000;5690387,754932129800000;6,559101460000022;51,339315576000047;1
252098;5;1;11;0;2019;11;19;6;2;0;6;2;1;0;0;0;0;1;346087,111421169710000;5677406,531649738600000;6,795656543000064;51,227261456000065;0
252101;5;7;70;24;2019;11;16;6;3;3;2;2;1;1;0;0;0;0;491735,132130167450000;5793049,900430692400000;8,878831126000023;52,287746535000053;1
252102;5;7;54;28;2019;11;12;6;3;5;2;0;1;1;0;0;0;0;451952,996000002140000;5742801,571000000500000;8,302694765000069;51,833965959000068;0
252104;5;7;54;8;2019;11;13;6;3;5;3;0;1;1;0;0;0;0;459042,842037270780000;5750143,843783980200000;8,404712240000038;51,900542912000049;0
252108;5;7;11;0;2019;11;14;6;1;3;6;0;1;1;0;0;0;0;472251,731423122810000;5753704,335635973100000;8,596402245000036;51,933369241000037;0
252109;5;9;78;20;2019;11;10;6;3;1;5;0;1;1;0;0;0;0;411249,881615259680000;5715241,898848936000000;7,719111720000058;51,581243507000067;1
252112;5;9;74;28;2019;11;10;6;3;0;5;0;1;1;0;0;0;0;454975,066366003830000;5724850,467327561200000;8,348875951000025;51,672823815000072;0
252114;5;9;70;36;2019;11;16;6;3;4;1;1;1;1;0;0;0;0;432330,807000000960000;5625746,063000001000000;8,040166604000035;50,779518064000058;1
252117;5;9;15;0;2019;11;20;6;3;5;2;2;1;1;0;0;0;0;420635,193643474020000;5726463,252434510700000;7,851990520000072;51,683520222000027;0
252121;5;9;13;0;2019;11;16;6;3;5;3;1;1;1;0;0;0;0;394868,350011134520000;5706905,581259463000000;7,485257370000056;51,503494739000075;0
252127;5;5;66;76;2019;11;16;5;3;5;3;1;1;1;0;0;0;0;393914,913999999870000;5793492,705000001900000;7,444886155000063;52,281550049000032;1
252128;5;5;66;64;2019;11;13;5;3;3;5;0;1;1;0;0;0;0;395976,062505281530000;5772279,302103456100000;7,481598671000029;52,091288561000056;1
252131;5;5;58;12;2019;11;15;5;3;0;1;0;1;0;0;0;0;0;374598,869669559410000;5755760,698627222300000;7,175769521000063;51,938415725000027;1
252133;5;5;15;0;2019;11;8;5;3;0;7;0;1;0;0;0;0;0;405164,399758802730000;5757563,797373993300000;7,619751864000023;51,960672112000054;1
252134;5;5;15;0;2019;11;15;5;3;5;3;0;1;1;0;0;0;0;404434,768443322740000;5760668,406225372100000;7,608271622000075;51,988452474000042;1
252143;5;3;82;56;2019;11;16;5;3;6;4;1;1;0;1;0;0;0;370821,196000000460000;5624897,399000002100000;7,168362626000032;50,761451378000061;0
252145;5;3;16;0;2019;11;9;5;3;3;2;0;1;1;0;0;0;0;359624,425813444890000;5659336,949556479200000;6,996450465000066;51,068364819000067;0
252148;5;3;15;0;2019;11;18;5;3;7;7;2;1;0;0;0;0;0;364180,150866401380000;5638669,176830668000000;7,069154196000056;50,883711274000063;0
252150;5;3;15;0;2019;11;23;5;2;0;7;2;1;1;0;0;0;0;360441,159897453150000;5647162,879065923400000;7,012783255000045;50,959154973000068;1
252157;5;3;15;0;2019;11;20;5;3;0;7;2;1;0;0;0;0;0;355924,640756874350000;5642893,121575465400000;6,950203133000059;50,919671822000055;1
252160;5;3;14;0;2019;11;8;5;3;0;7;0;1;0;0;0;0;0;368893,725689532240000;5620631,113594779700000;7,142566213000066;50,722672996000028;1
252161;5;1;58;20;2019;11;8;5;2;0;1;0;1;0;0;0;0;0;356337,293000000530000;5662583,224000001300000;6,948275186000046;51,096724507000033;0
252165;5;9;11;0;2019;11;7;6;3;5;3;1;1;1;0;0;0;0;376494,606999999840000;5705302,133999999600000;7,221215672000028;51,485367548000056;0
252166;5;5;70;28;2019;11;7;5;2;0;3;0;1;0;0;0;0;0;441088,099454323760000;5744080,018200798000000;8,144812202000026;51,844419085000027;1
252167;5;5;70;28;2019;11;7;5;3;0;1;0;1;0;0;0;0;0;442288,336000001060000;5742919,092000003900000;8,162426963000030;51,834107439000036;2
252168;5;5;70;4;2019;11;7;5;3;5;7;0;1;1;0;0;0;0;422865,724124417640000;5735181,730629053000000;7,882317278000073;51,762207345000036;1
252169;5;5;66;40;2019;11;19;5;3;5;3;2;1;1;0;0;0;0;421271,218382953670000;5781484,059752585400000;7,848598368000069;52,178206513000077;0
252170;5;5;66;40;2019;11;7;5;3;3;2;1;1;0;0;0;0;0;422842,265439683570000;5781668,920403845600000;7,871527859000025;52,180090181000025;1
252171;5;5;66;48;2019;11;7;5;3;1;5;0;1;1;0;0;0;0;430269,413044751620000;5795636,772264247800000;7,977251187000036;52,306638232000068;1
252173;5;5;66;8;2019;11;17;5;3;0;7;1;1;1;0;0;0;0;399647,743086144330000;5781454,884865254200000;7,532465805000072;52,174434925000071;1
252174;5;5;66;8;2019;11;6;5;3;5;3;2;1;1;0;0;0;0;401387,022276505830000;5779830,547374531600000;7,558363916000076;52,160149212000078;1
252175;5;5;15;0;2019;11;10;5;3;5;2;0;1;1;0;0;0;0;405271,750100781210000;5756337,866135094300000;7,621651754000027;51,949671224000042;0
252176;5;5;15;0;2019;11;8;5;3;0;1;0;1;0;0;0;0;0;409447,420736758970000;5753836,568290744000000;7,683050900000069;51,927883366000060;1
252177;5;5;15;0;2019;11;6;5;3;5;3;2;1;1;0;0;0;0;401574,738195585090000;5757089,968173967700000;7,567660601000057;51,955789370000048;1
252178;5;3;70;20;2019;11;13;5;3;5;3;0;1;1;0;0;0;0;308576,602000000890000;5657226,348999997600000;6,269739863000041;51,034657594000066;0
252180;5;3;58;8;2019;11;15;5;3;0;1;0;1;0;0;0;0;0;322352,969533754510000;5630549,365497093600000;6,479009456000028;50,799418665000076;0
252185;5;3;62;12;2019;11;11;5;3;5;3;0;1;1;0;0;0;0;351942,157282984820000;5634467,810543855700000;6,896996174000037;50,842948740000054;0
252190;5;3;15;0;2019;11;11;5;3;5;2;0;1;1;0;0;0;0;356892,788970763800000;5641052,296431293700000;6,964689823000072;50,903369328000053;0
252191;5;3;15;0;2019;11;7;5;3;1;7;0;1;1;0;0;0;0;355757,010254124180000;5641799,569354491300000;6,948252188000026;50,909802343000081;1
252192;5;3;15;0;2019;11;10;5;3;4;3;0;1;0;0;0;0;0;354028,719193215480000;5642790,218458451300000;6,923289372000056;50,918270570000061;0
252193;5;3;15;0;2019;11;12;5;3;5;2;0;1;1;0;0;0;0;352918,564934945670000;5643191,113049062000000;6,907344937000062;50,921591371000034;0
252194;5;3;15;0;2019;11;13;5;2;1;5;0;1;1;0;0;0;0;356483,655687795020000;5643540,575632315100000;6,957896169000037;50,925629736000076;0