OBJECTID;ULAND;UREGBEZ;UKREIS;UGEMEINDE;UJAHR;UMONAT;USTUNDE;UWOCHENTAG;UKATEGORIE;UART;UTYP1;ULICHTVERH;IstRad;IstPKW;IstFuss;IstKrad;IstGkfz;IstSonstige;LINREFX;LINREFY;XGCSWGS84;YGCSWGS84;STRZUSTAND
252195;5;3;14;0;2019;11;17;5;3;6;4;2;1;0;1;0;0;0;365337,830219957050000;5622636,510244701100000;7,091485360000036;50,739884148000044;0
252197;5;1;70;48;2019;11;16;5;3;5;2;1;1;1;0;0;0;0;336111,537269082850000;5726553,832205478100000;6,630152404000057;51,666033107000032;0
252202;5;1;62;24;2019;11;13;5;3;9;7;0;1;1;1;0;0;0;338463,898010915150000;5674435,238633910200000;6,687907967000058;51,198458433000042;0
252212;5;1;11;0;2019;11;9;5;3;4;6;0;1;0;0;0;0;0;342081,917720019820000;5677038,417137758800000;6,738503577000074;51,222859857000060;0
252214;5;3;14;0;2019;11;17;6;3;1;5;1;1;1;0;0;0;0;366375,751075305980000;5620402,185653528200000;7,106996588000072;50,720041794000053;0
252215;5;1;11;0;2019;11;11;5;3;2;2;0;1;1;0;0;0;0;351298,733873335640000;5671684,124924155000000;6,872612283000024;51,177221630000076;0
252218;5;7;58;12;2019;11;7;5;3;0;1;0;1;0;0;0;0;0;478748,466367800720000;5774935,452526968000000;8,689576422000073;52,124539613000081;0
252220;5;9;78;28;2019;11;10;5;3;0;7;0;1;0;0;0;0;1;397915,490411874840000;5698655,318092986900000;7,531527856000025;51,429893266000079;0
252224;5;9;15;0;2019;11;7;5;3;0;1;0;1;0;0;0;0;0;423114,808000000190000;5726495,780999999500000;7,887843500000031;51,684157646000074;2
252225;5;9;13;0;2019;11;11;5;2;5;2;0;1;1;0;0;0;0;400020,031429666090000;5704458,677761938400000;7,560150420000070;51,482434668000053;0
252230;5;5;66;76;2019;11;18;4;3;5;3;2;1;1;0;0;0;0;391949,412000002340000;5794128,467000002000000;7,415881660000025;52,286880838000059;1
252231;5;5;58;24;2019;11;8;4;3;5;2;0;1;1;0;0;0;0;392431,589000001550000;5736531,113000001800000;7,441057189000048;51,769316575000062;1
252232;5;5;58;12;2019;11;13;4;3;0;6;0;1;1;0;0;0;0;373742,748846086670000;5757055,512486087200000;7,162846823000052;51,949857879000035;1
252233;5;5;54;20;2019;11;15;4;3;2;6;0;1;0;0;0;0;0;366298,601000000720000;5785643,767000002800000;7,043390841000075;52,205001750000065;0
252234;5;5;54;12;2019;11;12;4;1;0;7;0;1;0;0;0;0;1;351344,742448942740000;5744984,747128767900000;6,842370483000025;51,835871069000063;1
252235;5;5;54;8;2019;11;7;4;3;5;2;1;1;1;0;0;0;0;336408,408062337900000;5744965,616229889900000;6,625780560000067;51,831524571000045;1
252237;5;5;54;8;2019;11;18;4;3;5;3;2;1;1;0;0;0;0;335620,802113263870000;5744994,382918607400000;6,614346971000032;51,831551801000046;1
252239;5;5;15;0;2019;11;10;4;3;1;5;0;1;1;0;0;0;0;407124,115783646700000;5756614,785076832400000;7,648521676000030;51,952472711000041;0
252241;5;5;15;0;2019;11;15;4;3;5;3;0;1;0;0;0;0;1;403702,073260876350000;5758767,802553704000000;7,598138174000042;51,971242743000062;0
252242;5;5;15;0;2019;11;10;4;3;1;5;0;1;0;0;0;0;0;406297,815040436570000;5757013,529846215600000;7,636392733000037;51,955918218000079;0
252243;5;5;15;0;2019;11;16;4;3;5;2;2;1;1;0;0;0;0;408450,762050102460000;5761552,802226588100000;7,666503377000026;51,997078348000059;1
252246;5;5;62;24;2019;11;12;4;3;1;5;0;1;1;0;0;0;0;369809,873840557410000;5724893,029242929100000;7,117733218000069;51,659927268000047;1
252247;5;1;62;24;2019;11;12;6;3;6;6;0;1;0;1;0;0;0;338239,921308885330000;5674915,659943370100000;6,684488452000039;51,202711577000059;0
252249;5;5;12;0;2019;11;8;4;3;5;3;0;1;1;0;0;0;0;357936,426028217190000;5710073,618081118900000;6,952181439000071;51,523887031000072;1
252254;5;3;58;8;2019;11;17;4;3;5;3;2;1;1;0;0;0;0;323647,469562037850000;5629994,821366988100000;6,497627178000073;50,794831873000078;0
252258;5;3;62;28;2019;11;15;4;3;0;1;0;1;0;0;0;0;0;351525,186370103620000;5639393,182422610000000;6,889079114000026;50,887104269000076;1
252263;5;3;15;0;2019;11;16;4;2;6;4;0;1;0;1;0;0;0;353313,960844744930000;5645792,800368784000000;6,911919458000057;50,945072425000035;0
252267;5;3;15;0;2019;11;9;4;2;0;5;0;1;1;0;0;0;0;355001,333751874980000;5642825,574440287400000;6,937102934000052;50,918833518000042;1
252268;5;3;15;0;2019;11;13;4;3;5;2;0;1;0;0;1;0;0;354711,290026524100000;5642251,685903769000000;6,933207901000060;50,913603158000058;0
252269;5;1;16;0;2019;11;7;6;3;2;3;0;1;1;0;0;0;0;321091,532000001520000;5674320,514000002300000;6,439564956000027;51,192252931000041;0
252271;5;3;14;0;2019;11;11;4;2;1;5;0;1;1;0;0;0;0;371463,926366758530000;5619397,139033056800000;7,179389335000053;50,712155801000051;1
252275;5;1;54;4;2019;11;16;4;3;5;3;1;1;1;0;0;0;0;305858,528168621470000;5738275,005822541200000;6,186684151000065;51,761660825000035;1
252276;5;1;62;4;2019;11;13;4;3;5;2;0;1;1;0;0;0;0;346877,118000000720000;5662341,430000001600000;6,813373960000035;51,092103765000047;0
252279;5;1;16;0;2019;11;16;6;3;0;1;1;1;0;0;0;0;0;320111,294277798380000;5671126,774658018700000;6,427149893000035;51,163255418000062;0
252289;5;1;11;0;2019;11;8;4;3;6;4;0;1;0;1;0;0;0;345441,117359720170000;5676011,284194750700000;6,787013487000024;51,214549980000072;0
252290;5;1;11;0;2019;11;7;4;3;0;3;0;1;1;0;0;0;0;347721,396000000650000;5678806,968000000300000;6,818449237000039;51,240283594000061;0
252294;5;7;58;12;2019;11;15;4;3;0;6;0;1;1;0;0;0;0;475224,617079778570000;5772553,826492879500000;8,638277522000067;52,102980630000047;0
252297;5;7;54;40;2019;11;8;4;3;5;3;0;1;1;0;0;0;0;459766,271684274080000;5762271,032750450100000;8,413806114000067;52,009625813000071;0
252306;5;9;70;24;2019;11;7;4;3;0;7;2;1;0;0;0;0;0;428991,872262459250000;5645810,834172645600000;7,988918544000057;50,959527285000036;2
252320;5;9;13;0;2019;11;17;4;2;6;7;2;1;0;1;0;0;0;394713,343628825620000;5702111,776856821000000;7,484454112000037;51,460376273000065;1
252323;5;9;13;0;2019;11;11;4;3;1;7;0;1;0;0;0;0;1;393161,550842242320000;5707570,994345618400000;7,460473590000049;51,509155700000065;1
252325;5;9;13;0;2019;11;7;4;3;5;3;1;1;1;0;0;0;0;393968,400590058420000;5707299,575769711300000;7,472177330000022;51,506868037000061;0
252330;5;5;54;68;2019;11;15;3;3;5;3;0;1;1;0;0;0;0;351381,124232728970000;5766846,225305337500000;6,833454589000041;52,032298578000052;0
252331;5;5;15;0;2019;11;8;3;3;0;5;0;1;1;0;0;0;0;407367,885204989460000;5757963,721685750400000;7,651704065000047;51,964638324000077;1
252334;5;5;62;32;2019;11;7;3;3;0;6;2;1;1;0;0;0;0;376538,074835638520000;5715120,380863672100000;7,218399512000076;51,573616960000038;1
252336;5;5;13;0;2019;11;7;3;3;5;3;1;1;1;0;0;0;0;366006,498749604450000;5708861,652873532800000;7,068897551000021;51,514967978000072;1
252337;5;5;13;0;2019;11;14;3;2;5;3;0;1;1;0;0;0;0;368061,015442186040000;5708573,059477694300000;7,098597404000032;51,512858020000067;1
252338;5;3;70;12;2019;11;16;3;3;5;3;0;1;1;0;0;0;0;300450,948677594770000;5648663,470143377800000;6,158697871000072;50,954987211000059;0
252344;5;3;15;0;2019;11;18;3;2;5;3;2;1;1;0;0;0;0;354907,838626850400000;5647919,963676400500000;6,933744625000031;50,964591984000037;1
252347;5;3;15;0;2019;11;16;3;3;2;6;0;1;1;0;0;0;0;355568,357700812630000;5641869,618431167700000;6,945542867000029;50,910384691000047;1
252351;5;3;14;0;2019;11;12;3;3;4;6;0;1;0;0;0;0;1;365415,114470552650000;5621719,024004396100000;7,092915055000049;50,731655770000032;0
252352;5;7;70;4;2019;11;19;6;2;0;1;2;1;0;0;0;0;0;485972,359341712670000;5785425,654125448300000;8,794661979000068;52,219083759000057;1
252353;5;3;14;0;2019;11;15;3;3;0;1;0;1;0;0;0;0;0;366028,948805565010000;5621457,059136910400000;7,101703253000039;50,729443134000064;1
252355;5;1;70;20;2019;11;9;3;3;5;3;0;1;1;0;0;0;0;329715,846573057580000;5707106,409644341100000;6,547187848000021;51,489428908000036;1
252362;5;1;54;32;2019;11;13;3;3;5;3;0;1;1;0;0;0;0;308959,100000000560000;5717799,856000000600000;6,242753458000038;51,578839628000026;1
252364;5;1;16;0;2019;11;11;3;3;5;3;0;1;1;0;0;0;0;324427,796441559680000;5670202,415488887600000;6,489273224000044;51,156292307000058;1
252369;5;1;14;0;2019;11;13;3;3;5;3;0;1;1;0;0;0;0;331056,306789472700000;5688339,763483874500000;6,575414720000026;51,321235426000044;1
252371;5;1;22;0;2019;11;8;3;3;5;3;1;1;1;0;0;0;0;367580,892361152920000;5669884,238320369300000;7,106070329000033;51,165048409000065;0
252379;5;1;11;0;2019;11;19;3;3;5;3;2;1;1;0;0;0;0;344529,662000002340000;5679235,013000004000000;6,772575137000047;51,243268887000056;0
252382;5;1;11;0;2019;11;14;3;3;5;3;0;1;1;0;0;0;0;343792,880622922440000;5678093,479682007800000;6,762525734000064;51,232810631000063;1
252387;5;7;54;28;2019;11;16;3;3;8;1;1;1;0;0;0;0;0;451608,085936781950000;5744409,272571807700000;8,297464548000050;51,848390263000056;1
252388;5;7;54;28;2019;11;16;3;3;5;3;1;1;1;0;0;0;0;451089,991762005720000;5744551,277954034500000;8,289923583000075;51,849621807000062;1
252389;5;7;54;16;2019;11;13;3;2;5;3;0;1;1;0;0;0;0;447313,119311655870000;5757345,950020091600000;8,233139415000039;51,964305993000039;1
252390;5;7;54;16;2019;11;15;3;3;6;4;0;1;0;1;0;0;0;447019,947398542430000;5756878,656267883300000;8,228944785000067;51,960077065000064;0
252391;5;9;74;40;2019;11;6;6;3;6;6;2;1;0;1;0;0;0;436861,345723642970000;5712358,443515641600000;8,089207512000030;51,558771440000044;0
252392;5;7;66;44;2019;11;15;3;3;5;2;0;1;1;0;0;0;0;493217,051322359590000;5764441,481132511000000;8,901128651000022;52,030557085000055;1
252395;5;9;78;20;2019;11;18;3;3;5;3;2;1;1;0;0;0;0;407343,405229210850000;5715851,447580348700000;7,662586711000074;51,586094111000079;1
252396;5;9;58;40;2019;11;9;3;3;0;7;0;1;0;0;0;0;0;449863,229486328550000;5666907,448583900900000;8,283151890000056;51,151416356000027;0
252402;5;9;13;0;2019;11;16;3;3;0;5;1;1;1;0;0;0;0;394074,425658032300000;5707937,909178180600000;7,473512699000025;51,512625593000053;1
252403;5;9;16;0;2019;11;15;3;3;5;3;0;1;1;0;0;0;0;377051,141454991880000;5710679,746583713200000;7,227351831000021;51,533819626000081;0
252404;5;9;16;0;2019;11;13;3;3;5;3;0;1;1;0;0;0;0;376754,948423049410000;5710239,360073940800000;7,223237726000036;51,529797135000081;1
252406;5;5;66;8;2019;11;19;2;3;5;3;2;1;0;0;0;0;0;399491,741000001320000;5781519,629000004400000;7,530166087000055;52,174988433000067;1
252407;5;5;58;24;2019;11;20;2;3;4;2;2;1;1;0;0;0;0;393046,374564290050000;5737115,676333349200000;7,449783449000051;51,774688432000062;1
252409;5;5;58;24;2019;11;17;2;3;4;2;2;1;0;0;0;0;0;392875,763773145150000;5736811,302254589300000;7,447405444000026;51,771920089000048;0
252411;5;5;58;28;2019;11;10;2;2;1;5;0;1;1;0;0;0;0;398371,554470664820000;5733044,307376200300000;7,528130379000061;51,739085768000052;0
252412;5;5;58;12;2019;11;7;2;3;5;3;0;1;1;0;0;0;0;374072,483848224390000;5756685,816614959400000;7,167777533000049;51,946610377000070;0
252413;5;5;54;8;2019;11;12;2;3;0;1;0;1;0;0;0;0;0;335965,402676206080000;5746354,025769213200000;6,618698929000061;51,843867360000047;0
252414;5;5;54;8;2019;11;7;2;3;5;2;0;1;1;0;0;0;0;335677,161199155260000;5744356,930036429300000;6,615466738000066;51,825841870000033;0
252416;5;5;15;0;2019;11;14;2;3;0;1;0;1;1;0;0;0;0;405850,962734885510000;5754513,140707502100000;7,630576611000038;51,933368065000082;0
252417;5;5;15;0;2019;11;15;2;2;4;3;0;1;1;0;0;0;0;406564,702991487460000;5758332,879670366600000;7,639916533000076;51,967822077000051;0
252424;5;3;82;68;2019;11;17;2;3;1;7;2;1;1;0;0;0;0;371444,663933555600000;5630533,916352804800000;7,175226310000028;50,812252383000043;1
252425;5;3;15;0;2019;11;22;6;3;0;7;2;1;0;0;0;0;0;360645,263000887820000;5643718,662080211600000;7,017005412000060;50,928250528000035;0
252428;5;5;15;0;2019;11;13;3;3;5;2;0;1;1;0;0;0;0;406632,373237539080000;5758745,774784941200000;7,640788974000031;51,971544745000074;1
252435;5;3;34;2;2019;11;10;3;3;0;1;0;1;0;0;0;0;0;292202,106194622810000;5630287,843021016600000;6,051847062000036;50,787045797000076;1
252436;5;3;34;2;2019;11;8;3;3;3;2;0;1;1;0;0;0;0;293592,318000000900000;5628649,613000001800000;6,072462815000051;50,772829248000050;1
252439;5;3;66;16;2019;11;9;3;3;0;1;0;1;0;0;0;0;0;343450,208298396320000;5614064,254856519400000;6,785143977000075;50,657364405000067;2
252440;5;3;62;24;2019;11;10;3;3;0;1;0;1;0;0;0;0;0;346934,507646162990000;5642246,804711135100000;6,822665216000075;50,911549326000056;1
252443;5;3;15;0;2019;11;20;3;3;5;2;2;1;1;0;0;0;0;363711,739991059530000;5640155,066646071200000;7,061944926000024;50,896955437000031;1
252444;5;3;15;0;2019;11;16;3;3;7;1;1;1;0;0;0;0;0;359854,172747826200000;5643161,686035713200000;7,005969683000046;50,923053240000058;1
252447;5;3;15;0;2019;11;19;3;2;5;7;2;1;1;0;0;0;0;354886,581825620490000;5642920,742069320800000;6,935433628000055;50,919659922000051;0
252448;5;3;15;0;2019;11;15;3;3;0;1;0;1;0;0;0;0;0;353706,404299535790000;5642108,473893841700000;6,918980448000070;50,912062319000029;1
252449;5;3;15;0;2019;11;11;3;2;5;2;0;1;1;0;0;0;0;355700,792999999600000;5645884,543000001500000;6,945836200000031;50,946499261000042;1
252451;5;3;82;8;2019;11;13;3;3;5;3;0;1;1;0;0;0;0;374746,482587112110000;5610061,182189734700000;7,229021112000055;50,628954283000041;1
252452;5;3;14;0;2019;11;11;3;3;5;3;0;1;1;0;0;0;0;365888,588210307060000;5618250,999396916500000;7,100880794000034;50,700594702000046;1
252453;5;1;70;24;2019;11;9;3;3;5;1;0;1;1;0;0;0;0;335779,490000002090000;5701918,443000001800000;6,636858723000046;51,444613044000050;1
252454;5;1;58;12;2019;11;18;3;3;0;3;2;1;1;0;0;0;0;358341,814000001180000;5687974,601000003500000;6,966856018000044;51,325403708000067;1
252455;5;1;58;12;2019;11;15;3;3;5;3;0;1;1;0;0;0;0;358907,362634164280000;5688147,515468450300000;6,974899115000028;51,327098155000044;0
252456;5;1;54;8;2019;11;11;3;3;5;5;0;1;1;0;0;0;0;310746,534401478250000;5747407,153125226500000;6,252442781000070;51,845349057000078;1
252457;5;1;54;36;2019;11;19;3;3;5;3;2;1;1;0;0;0;0;301922,165847974830000;5740302,436187248700000;6,128562535000071;51,778488953000078;0
252458;5;1;54;36;2019;11;11;3;3;6;6;0;1;0;1;0;0;0;302667,747272292150000;5741323,488243863000000;6,138775856000052;51,787921413000049;1
252461;5;1;62;8;2019;11;14;3;3;5;3;0;1;1;0;0;0;0;331328,033968757840000;5660806,060398530200000;6,592246823000039;51,073947622000048;1
252462;5;1;62;24;2019;11;16;3;3;4;2;0;1;1;0;0;0;0;339350,150397425520000;5673793,163516167600000;6,700869348000026;51,192939290000027;1
252464;5;1;62;16;2019;11;13;3;3;5;2;0;1;1;0;0;0;0;332408,473865265960000;5677921,176864000000000;6,599687005000021;51,228033104000076;0
252465;5;1;16;0;2019;11;18;3;3;5;3;2;1;1;0;0;0;0;320855,732217521410000;5672294,375284634500000;6,437204105000035;51,173977839000031;1
252472;5;7;54;28;2019;11;13;3;3;5;3;0;1;1;0;0;0;0;450927,561644043770000;5744992,189065463800000;8,287503018000052;51,853571557000066;1
252479;5;9;13;0;2019;11;7;3;2;4;2;1;1;1;0;0;0;0;396094,219692423010000;5704886,708548981700000;7,503507701000046;51,485574484000040;1
252480;5;9;13;0;2019;11;17;3;3;4;6;2;1;1;0;0;0;0;395111,584757093340000;5707448,292264293900000;7,488599180000051;51,508418140000060;1
252483;5;5;54;68;2019;11;13;2;3;0;6;0;1;1;0;0;0;0;351068,582000001330000;5767158,179999999700000;6,828766103000021;52,035017481000068;1
252484;5;5;15;0;2019;11;13;2;3;5;3;1;1;1;0;0;0;0;406667,473659869280000;5751451,010191382800000;7,643279448000044;51,905981460000078;1
252485;5;5;15;0;2019;11;18;2;3;4;2;2;1;1;0;0;0;0;405462,046177306210000;5757552,143408309700000;7,624085700000023;51,960618050000051;1
252486;5;5;15;0;2019;11;7;2;3;1;1;0;1;1;0;0;0;0;406008,615538930520000;5758702,581717506100000;7,631723159000046;51,971051369000065;1
252487;5;5;15;0;2019;11;18;2;3;1;7;2;1;1;0;0;0;0;405398,439289514910000;5758850,418631849800000;7,622802558000046;51,972276663000059;1
252488;5;5;15;0;2019;11;15;2;3;0;7;0;1;0;0;0;0;0;405423,445251231080000;5757987,541138455300000;7,623404175000076;51,964525023000078;1
252489;5;5;15;0;2019;11;9;2;2;0;7;0;1;0;0;0;0;0;404933,433228391220000;5755139,408521767700000;7,617061988000046;51,938841259000071;1
252490;5;5;15;0;2019;11;17;2;3;5;2;2;1;0;0;0;0;1;402577,547306172550000;5749990,242421491100000;7,584258606000049;51,892151322000075;1
252491;5;5;15;0;2019;11;16;2;3;5;2;2;1;1;0;0;0;0;406098,045917963610000;5757052,944859139600000;7,633475699000030;51,956238801000040;1
252494;5;5;13;0;2019;11;13;2;3;1;5;0;1;1;0;0;0;0;365008,939000002110000;5716056,846000000800000;7,051769078000064;51,579389811000055;1
252495;5;5;13;0;2019;11;12;2;3;5;3;0;1;1;0;0;0;0;368913,014299805280000;5714149,422586483900000;7,108791972000063;51,563169845000061;0
252496;5;3;70;12;2019;11;15;2;2;5;3;1;1;0;0;0;0;1;296548,713017403150000;5651458,493269853300000;6,101647708000030;50,978725313000041;1
252497;5;3;70;16;2019;11;7;2;3;5;3;2;1;1;0;0;0;0;297547,052191659810000;5660777,999737652000000;6,110648613000024;51,062776031000055;1
252499;5;3;58;8;2019;11;8;2;3;0;5;1;1;1;0;0;0;0;322389,363708972000000;5627578,072901565600000;6,480961173000026;50,772735349000072;1
252507;5;3;62;28;2019;11;7;2;3;5;3;2;1;1;0;0;0;0;351460,085833800030000;5639977,106626303900000;6,887916833000077;50,892335002000038;1
252508;5;3;62;20;2019;11;17;2;3;5;2;2;1;1;0;0;0;0;343920,033999999990000;5629359,137000000100000;6,785312631000068;50,794933668000056;1
252512;5;3;15;0;2019;11;6;2;3;5;3;2;1;1;0;0;0;0;363307,907999999820000;5641898,963000003200000;7,055552848000048;50,912533200000041;1
252518;5;3;15;0;2019;11;19;2;3;3;2;2;1;1;0;0;0;0;352371,337577364410000;5645494,198023151600000;6,898631829000067;50,942148418000045;1
252524;5;3;82;72;2019;11;13;2;3;0;6;0;1;1;0;0;0;0;367022,089449232440000;5613195,356170950500000;7,118740827000067;50,655414174000043;1
252526;5;3;14;0;2019;11;12;2;3;3;6;0;1;1;0;0;0;0;366131,841871242970000;5621278,341549553000000;7,103225225000074;50,727860542000030;1
252528;5;1;70;8;2019;11;18;2;2;5;2;2;1;1;0;0;0;0;344227,465523035270000;5714855,346216058400000;6,752609209000070;51,563235213000041;1
252531;5;1;58;16;2019;11;19;2;3;5;3;2;1;1;0;0;0;0;354787,460644033740000;5671399,665644906500000;6,922602925000035;51,175562055000057;1
252532;5;1;58;16;2019;11;18;2;3;5;3;2;1;1;0;0;0;0;355044,116195503620000;5672085,537207325900000;6,925995388000047;51,181790641000077;1
252537;5;1;62;4;2019;11;5;2;3;0;5;2;1;1;0;0;0;0;347326,750610817220000;5658918,541227465500000;6,821235469000044;51,061466003000078;1
252541;5;1;14;0;2019;11;18;2;3;5;3;2;1;1;0;0;0;0;330058,968235789800000;5689110,646298224100000;6,560747787000025;51,327863870000044;1
252547;5;1;13;0;2019;11;17;2;3;2;6;2;1;1;0;0;0;0;362426,693000000900000;5700738,426000000900000;7,020502087000068;51,441109172000040;1
252548;5;1;12;0;2019;11;7;2;3;3;2;1;1;1;0;0;0;0;345496,004111520950000;5699363,428964534800000;6,777677892000042;51,424390095000035;1
252549;5;1;12;0;2019;11;5;2;3;5;3;2;1;1;0;0;0;0;339711,971944602210000;5703436,094054201600000;6,692709833000038;51,459374932000060;1
252552;5;1;11;0;2019;11;20;2;3;5;3;2;1;1;0;0;0;0;343364,519000001250000;5676168,225999999800000;6,757236306000038;51,215394320000030;1
252557;5;1;11;0;2019;11;9;2;3;0;7;0;1;0;0;0;0;0;346149,028000000860000;5675926,677999999400000;6,797177651000027;51,213980916000025;1
252561;5;7;58;12;2019;11;16;2;3;5;2;2;1;1;0;0;0;0;478419,146290861070000;5775130,960863968400000;8,684753681000075;52,126284595000072;1
252562;5;7;54;28;2019;11;7;2;3;5;3;0;1;0;0;0;0;1;451488,129575192930000;5743319,681301744700000;8,295876062000048;51,838583859000039;1
252563;5;7;66;20;2019;11;18;2;3;4;6;2;1;1;0;0;0;0;491327,593951011080000;5753455,263839138700000;8,873864861000072;51,931754054000066;1
252566;5;9;78;8;2019;11;7;2;3;3;2;2;1;1;0;0;0;0;414397,887383019550000;5717830,053229216500000;7,763902371000029;51,604996655000036;1
252576;5;9;13;0;2019;11;16;2;3;5;3;2;1;1;0;0;0;0;393753,830087077800000;5708356,920724237300000;7,468768086000068;51,516331675000060;1
252582;5;5;62;28;2019;11;16;1;3;5;2;0;1;1;0;0;0;0;380062,929596403610000;5722317,915531177100000;7,266777006000041;51,639065388000063;0
252586;5;3;66;16;2019;11;1;1;3;7;1;2;1;0;0;0;0;0;342391,236444466750000;5613994,263158489000000;6,770203563000052;50,656449846000044;1
252590;5;3;15;0;2019;11;4;1;3;8;7;2;1;0;0;0;0;0;353277,296913738360000;5646371,182635933200000;6,911164882000037;50,950260785000069;0
252591;5;3;15;0;2019;11;21;1;3;4;2;2;1;1;0;0;0;0;356760,989194562660000;5641899,232870349700000;6,962484227000061;50,910948023000060;1
252592;5;3;15;0;2019;11;16;1;2;5;3;2;1;0;0;0;0;0;353711,077503222970000;5643340,762033443900000;6,918552695000074;50,923137695000037;1
252596;5;1;14;0;2019;11;19;1;3;6;6;2;1;0;1;0;0;0;326683,380066276530000;5694353,853561589500000;6,509791273000076;51,373947473000044;1
252605;5;9;54;36;2019;11;13;1;3;0;1;0;1;0;0;0;0;0;387147,737877450880000;5700839,662929676500000;7,376002535000055;51,447484449000058;0
252609;5;5;54;8;2019;11;13;7;3;0;7;0;1;0;0;0;0;0;334591,985744387840000;5746448,284974899100000;6,598734688000036;51,844308980000051;0
252611;5;5;54;8;2019;11;9;7;3;0;1;0;1;0;0;0;0;0;335213,165420809760000;5746136,725530246300000;6,607892425000046;51,841693793000047;1
252612;5;5;15;0;2019;11;1;7;3;1;7;2;1;1;0;0;0;0;405841,653926994650000;5756276,939766548600000;7,629958290000047;51,949220357000058;1
252616;5;5;66;8;2019;11;7;3;3;5;3;2;1;1;0;0;0;0;399044,611779735420000;5781882,042173368900000;7,523521743000060;52,178164063000054;1
252618;5;3;34;2;2019;11;18;7;3;6;4;2;1;0;1;0;0;0;294825,095966099760000;5629008,662635047000000;6,089723223000021;50,776491261000047;0
252622;5;3;15;0;2019;11;13;7;3;1;5;0;1;1;0;0;0;0;351623,230802142060000;5648528,625603729900000;6,886753951000060;50,969225118000054;0
252625;5;3;15;0;2019;11;8;7;3;6;7;0;1;0;1;0;0;0;355939,311269561760000;5642775,306511849200000;6,950458243000071;50,918616697000061;0
252629;5;1;58;20;2019;11;8;7;3;1;5;0;1;1;0;0;0;0;357416,400278958490000;5663794,421257503300000;6,963197585000046;51,107878463000077;0
252630;5;1;54;32;2019;11;13;7;3;3;2;0;1;1;0;0;0;0;308781,900538524610000;5718470,919023051900000;6,239833785000030;51,584806477000029;0
252631;5;1;62;12;2019;11;16;7;3;3;2;1;1;1;0;0;0;0;322160,224000000390000;5664771,387000002000000;6,459560411000041;51,106802793000043;0
252635;5;1;13;0;2019;11;15;7;3;5;2;0;1;1;0;0;0;0;360059,693663884890000;5694319,150956574800000;6,988999855000031;51,382843731000037;0
252637;5;1;11;0;2019;11;15;7;3;1;5;0;1;1;0;0;0;0;348591,358215437270000;5675567,293441893500000;6,832271332000062;51,211404377000065;0
252639;5;9;78;12;2019;11;12;7;3;1;6;0;1;1;0;0;0;0;411708,438305381690000;5704224,271894378600000;7,728490697000041;51,482273042000031;0
252646;5;5;66;84;2019;11;17;3;2;0;1;2;1;0;0;0;0;0;385431,475522923280000;5778923,500962045000000;7,325514036000072;52,148917158000074;1
252647;5;5;54;8;2019;11;7;6;3;0;7;1;1;0;0;0;0;0;336022,816691622140000;5744602,511850731400000;6,620361649000074;51,828149591000056;0
252651;5;5;15;0;2019;11;14;6;3;8;7;0;1;1;0;0;0;0;406667,273935714740000;5756964,837820576500000;7,641780899000025;51,955542682000043;0
252652;5;5;62;36;2019;11;13;6;3;2;6;0;1;1;0;0;0;0;388949,821733927350000;5720698,662187298800000;7,395659634000026;51,626336503000061;0
252656;5;3;34;2;2019;11;22;6;3;5;2;2;1;1;0;0;0;0;297588,695488372820000;5628457,879279604200000;6,129173351000077;50,772515325000029;0
252663;5;3;62;40;2019;11;16;6;3;5;3;0;1;1;0;0;0;0;357386,380618297490000;5632280,321441197800000;6,975124124000047;50,824657020000075;0
252664;5;3;62;32;2019;11;12;6;3;3;6;0;1;0;0;0;0;0;336819,607202779500000;5641722,845135299500000;6,679138717000058;50,904070668000031;0
252666;5;3;15;0;2019;11;7;6;3;3;6;0;1;0;0;0;0;0;364360,790109924040000;5639605,060650073000000;7,071373235000067;50,892165037000041;0
252669;5;3;15;0;2019;11;16;6;3;5;2;1;1;1;0;0;0;0;354966,987364063040000;5645435,301159139700000;6,935576267000045;50,942277894000028;0
252670;5;3;82;48;2019;11;7;6;3;5;3;1;1;1;0;0;0;0;354580,823076047930000;5609792,572732681400000;6,944183092000060;50,621859290000032;0
252673;5;3;15;0;2019;11;11;6;3;5;2;0;1;1;0;0;0;0;351826,492877476850000;5646024,837521720700000;6,890666165000027;50,946777242000053;0
252675;5;3;15;0;2019;11;16;6;3;5;2;0;1;1;0;0;0;0;359456,271169859920000;5637224,513262294200000;7,002596638000057;50,869597981000027;0
252677;5;3;34;2;2019;11;23;7;2;0;7;2;1;0;0;0;0;0;292087,537140345200000;5630349,663286069400000;6,050188933000072;50,787559930000043;0
252679;5;3;16;0;2019;11;14;7;3;0;5;0;1;1;0;0;0;0;358852,315142560750000;5656326,849446583500000;6,986611451000044;51,041124139000033;0
252680;5;3;15;0;2019;11;13;7;3;5;2;0;1;1;0;0;0;0;358974,913651285690000;5644712,449770988900000;6,992867590000060;50,936775844000067;0