OBJECTID;ULAND;UREGBEZ;UKREIS;UGEMEINDE;UJAHR;UMONAT;USTUNDE;UWOCHENTAG;UKATEGORIE;UART;UTYP1;ULICHTVERH;IstRad;IstPKW;IstFuss;IstKrad;IstGkfz;IstSonstige;LINREFX;LINREFY;XGCSWGS84;YGCSWGS84;STRZUSTAND
252682;5;3;15;0;2019;11;19;7;3;6;4;0;1;1;1;0;0;0;356195,925524514170000;5644966,017352204800000;6,953242429000056;50,938368337000043;1
252687;5;1;62;16;2019;11;10;7;3;3;5;0;1;1;0;0;0;0;330879,326127317730000;5676094,707373246600000;6,578668309000022;51,211172856000076;0
252688;5;1;19;0;2019;11;19;7;3;1;5;2;1;1;0;0;0;0;352105,868722409940000;5704811,988682283100000;6,870401947000062;51,475111962000028;0
252691;5;1;24;0;2019;11;8;7;3;0;7;0;1;1;0;0;0;1;375060,226124259640000;5682459,261953990900000;7,208603212000071;51,279752385000052;0
252693;5;1;11;0;2019;11;15;7;3;0;6;0;1;1;0;0;0;0;347731,304379156790000;5677529,752159040400000;6,819133958000066;51,228809668000054;0
252706;5;9;54;36;2019;11;16;7;3;0;1;2;1;0;0;0;0;0;384040,978756808680000;5700367,684642726600000;7,331469557000048;51,442614660000061;0
252711;5;5;54;40;2019;11;12;6;3;2;6;0;1;0;0;1;0;0;350985,833648051140000;5737845,196707598900000;6,840234115000044;51,771627586000079;1
252719;5;3;34;2;2019;11;8;6;3;5;3;0;1;1;0;0;0;0;295929,663849426430000;5628114,645904850200000;6,105865374000075;50,768851417000064;1
252721;5;3;82;68;2019;11;5;6;3;5;3;2;1;1;0;0;0;0;369898,891261267480000;5630594,189168663700000;7,153275629000063;50,812448978000077;1
252722;5;3;78;4;2019;11;12;6;3;4;3;0;1;1;0;0;0;0;367788,825553974140000;5646665,449129115800000;7,117527322000058;50,956417031000058;0
252726;5;3;62;28;2019;11;7;6;3;5;3;0;1;1;0;0;0;0;351360,053594839760000;5639147,643266201000000;6,886832936000076;50,884855254000058;0
252728;5;3;15;0;2019;11;12;6;3;3;2;0;1;1;0;0;0;0;362415,728000001050000;5636749,844000000500000;7,044808429000057;50,866043889000082;1
252729;5;3;15;0;2019;11;14;6;3;0;5;0;1;1;0;0;0;0;357472,013900609690000;5648133,013682244300000;6,970152806000044;50,967146725000077;0
252730;5;3;15;0;2019;11;7;6;3;5;3;0;1;1;0;0;0;0;357408,831829665230000;5649182,823754798600000;6,968841950000069;50,976565616000073;1
252734;5;3;15;0;2019;11;10;6;2;0;7;0;1;0;0;0;0;0;360333,435128679500000;5637329,007997896500000;7,015014947000054;50,870749710000041;1
252736;5;3;14;0;2019;11;19;6;3;5;3;2;1;1;0;0;0;0;368219,677160058170000;5617491,747833395400000;7,134142822000058;50,694303344000048;0
252739;5;1;58;16;2019;11;11;6;2;5;7;0;1;1;0;0;0;0;356193,882106981240000;5669400,593804374300000;6,943508486000042;51,157952944000044;1
252741;5;1;54;32;2019;11;15;6;3;6;1;0;1;0;1;0;0;0;308922,697935599830000;5718389,219883736200000;6,241908069000033;51,584120473000041;0
252742;5;1;62;4;2019;11;11;6;3;5;3;0;1;1;0;0;0;0;349229,650677083990000;5665994,479230640500000;6,845416553000064;51,125553239000055;0
252743;5;1;62;24;2019;11;14;6;3;4;6;0;1;1;0;0;0;0;336784,840634716670000;5670412,383014518800000;6,665723720000074;51,161836940000057;0
252744;5;1;62;24;2019;11;7;6;2;5;3;2;1;1;0;0;0;0;337891,697598082010000;5670805,212725034000000;6,681362829000022;51,165681162000055;1
252745;5;1;14;0;2019;11;8;6;3;5;3;0;1;1;0;0;0;0;326457,492980908600000;5695161,501742558600000;6,506154574000050;51,381133904000080;0
252746;5;1;14;0;2019;11;16;6;3;5;7;1;1;0;0;0;0;0;325417,465046158060000;5686225,337241318100000;6,495605797000053;51,300538228000050;1
252753;5;1;11;0;2019;11;6;6;3;5;3;2;1;1;0;0;0;0;343900,471743427220000;5676245,574425322900000;6,764870332000044;51,216236084000059;1
252754;5;1;11;0;2019;11;12;6;3;0;3;0;1;0;0;0;0;1;347758,737514306790000;5677529,422685800100000;6,819526703000065;51,228814025000077;0
252755;5;7;74;32;2019;11;15;6;3;5;2;0;1;1;0;0;0;0;481410,775351239370000;5728375,441156957300000;8,730978017000041;51,706015037000043;0
252756;5;7;54;32;2019;11;21;6;3;1;5;2;1;1;0;0;0;0;461737,426065334120000;5743300,379051845500000;8,444632718000037;51,839206701000080;0
252757;5;7;66;44;2019;11;6;6;3;7;7;2;1;0;0;0;1;0;493261,014336390420000;5764754,485004052500000;8,901763308000056;52,033371807000037;1
252759;5;7;11;0;2019;11;15;6;3;0;2;0;1;1;0;0;0;0;467312,383000002240000;5765220,372000001400000;8,523464491000027;52,036637933000065;1
252760;5;9;78;40;2019;11;13;6;2;5;2;0;1;1;0;0;0;0;405466,656549688430000;5724695,650799734500000;7,633118470000056;51,665282724000065;1
252767;5;9;15;0;2019;11;14;6;3;5;3;0;1;1;0;0;0;0;417830,914000000800000;5726166,368999997200000;7,811505830000044;51,680448024000043;0
252768;5;9;14;0;2019;11;16;6;3;5;3;2;1;1;0;0;0;0;391010,108163677160000;5689786,369200568600000;7,434956111000076;51,348888267000063;0
252774;5;9;11;0;2019;11;19;6;3;1;3;2;1;1;0;0;0;0;376229,238403213210000;5704494,128853911500000;7,217678872000022;51,478047666000066;0
252775;5;5;70;24;2019;11;16;5;2;5;3;0;1;1;0;0;0;0;421666,334051121960000;5753401,749365402400000;7,860814410000046;51,925828347000049;0
252776;5;5;70;52;2019;11;15;5;3;0;3;0;1;0;0;0;0;0;430819,571438236160000;5757171,851296013200000;7,993145235000043;51,960933065000063;0
252778;5;5;66;76;2019;11;16;5;3;2;2;0;1;0;0;0;0;0;393627,440000001340000;5793038,979000002100000;7,440816878000021;52,277416765000055;0
252779;5;5;58;16;2019;11;8;5;3;5;3;2;1;1;0;0;0;0;381261,966431593520000;5743941,886954262900000;7,276717699000074;51,833661143000029;0
252780;5;5;58;16;2019;11;12;5;3;4;1;0;1;1;0;0;0;0;381450,638397819360000;5743276,795284489200000;7,279682435000041;51,827723934000062;0
252781;5;5;54;12;2019;11;19;5;3;0;6;2;1;1;0;0;0;0;352036,207999999630000;5745687,383000001300000;6,852098487000035;51,842367777000050;1
252783;5;5;15;0;2019;11;8;5;3;5;2;1;1;1;0;0;0;0;403049,831267337310000;5758116,678620005000000;7,588830097000027;51,965276868000046;0
252785;5;5;15;0;2019;11;12;5;3;5;2;0;1;1;0;0;0;0;405463,080840232780000;5756887,316398188500000;7,624283702000071;51,954642476000060;0
252788;5;3;58;24;2019;11;15;5;3;1;5;0;1;1;0;0;0;0;315159,824417298660000;5644105,252758273900000;6,370198506000065;50,918945344000065;0
252790;5;3;82;56;2019;11;17;5;3;5;3;2;1;1;0;0;0;0;371931,251135184430000;5628056,245633181200000;7,182993582000051;50,790090179000060;0
252797;5;3;62;4;2019;11;16;5;3;6;7;0;1;0;1;0;0;0;329003,955472125670000;5650938,776963925000000;6,563757741000075;50,984609222000074;0
252798;5;3;16;0;2019;11;16;5;2;4;6;0;1;0;0;0;0;0;359171,554000000470000;5655443,398000000000000;6,991505613000072;51,033262977000049;0
252800;5;3;16;0;2019;11;8;5;2;5;3;0;1;1;0;0;0;0;359413,954000000840000;5656878,730000000400000;6,994403403000035;51,046221547000073;1
252804;5;3;15;0;2019;11;8;5;3;5;2;0;1;1;0;0;0;0;349160,113000000830000;5644846,257000001100000;6,853224976000035;50,935494700000049;1
252806;5;3;15;0;2019;11;18;5;2;0;3;2;1;1;0;0;0;0;357281,495485755610000;5642153,715989869100000;6,969783703000076;50,913363993000075;1
252807;5;3;15;0;2019;11;8;5;3;6;6;0;1;0;1;0;0;0;354453,472429285760000;5643495,903610121500000;6,929046418000041;50,924719669000069;0
252808;5;3;15;0;2019;11;16;5;2;1;5;0;1;1;0;0;0;0;353820,523415545930000;5643178,042971687400000;6,920174054000029;50,921703129000036;0
252809;5;3;15;0;2019;11;15;5;3;2;2;0;1;1;0;0;0;0;355267,837716639040000;5641783,419478781500000;6,941305275000048;50,909534762000078;0
252810;5;3;15;0;2019;11;8;5;3;0;1;1;1;0;0;0;0;0;355939,719061968850000;5642774,956804571700000;6,950464179000051;50,918613656000048;2
252811;5;3;15;0;2019;11;14;5;3;5;3;0;1;1;0;0;0;0;355103,135000000710000;5644660,468000002200000;6,937821018000022;50,935348883000074;0
252813;5;3;14;0;2019;11;18;5;3;5;3;2;1;1;0;0;0;0;365881,195176631210000;5621591,057402027800000;7,099562148000075;50,730613412000082;1
252815;5;1;58;28;2019;11;7;5;3;0;1;1;1;0;0;0;0;0;351065,959945200940000;5684770,154704524200000;6,863843654000050;51,294750749000059;2
252820;5;1;62;24;2019;11;8;5;3;0;6;0;1;1;0;0;0;0;336928,506384137090000;5670264,786550026400000;6,667843482000023;51,160551783000074;0
252823;5;1;17;0;2019;11;16;5;3;1;7;0;1;1;0;0;0;0;353234,693102617750000;5700461,498869011200000;6,888449687000048;51,436313814000073;0
252825;5;1;11;0;2019;11;9;5;3;5;2;0;1;1;0;0;0;0;348476,972366500650000;5676057,291938075800000;6,830427914000040;51,215777028000048;1
252829;5;1;11;0;2019;11;19;5;3;1;5;2;1;0;0;0;0;1;344966,376376746220000;5676607,507606655400000;6,779963802000054;51,219778600000041;1
252832;5;7;74;32;2019;11;7;5;3;5;2;1;1;1;0;0;0;0;481877,057773393580000;5729329,277544228400000;8,737676343000032;51,714606532000062;0
252833;5;7;74;32;2019;11;12;5;2;0;1;0;1;0;0;0;0;0;483338,707296902310000;5731860,860323317300000;8,758711883000046;51,737414077000039;0
252837;5;9;74;52;2019;11;7;5;3;3;2;0;1;1;0;0;0;0;424141,700577553360000;5712144,093657631400000;7,905802365000056;51,555277123000053;0
252844;5;9;11;0;2019;11;15;5;2;0;7;0;1;0;0;0;0;0;376426,723957047800000;5698622,472290288700000;7,222572226000068;51,425319525000077;1
252847;5;5;58;8;2019;11;7;4;3;0;1;0;1;0;0;0;0;0;382298,592200982380000;5760407,509340550800000;7,286130520000029;51,981858537000051;2
252848;5;5;54;68;2019;11;9;4;3;5;7;0;1;1;0;0;0;0;350290,822538075040000;5767658,909029318000000;6,817217022000023;52,039306807000060;1
252849;5;5;54;8;2019;11;17;4;3;5;3;2;1;1;0;0;0;0;335792,559605646880000;5745345,695168361100000;6,616670690000035;51,834758303000058;0
252850;5;5;54;8;2019;11;13;4;3;5;2;0;1;1;0;0;0;0;336275,896999999880000;5745749,586000001100000;6,623488284000075;51,838528523000036;0
252851;5;5;54;8;2019;11;8;4;3;7;1;0;1;0;0;0;0;0;335200,250079644840000;5744705,799404414400000;6,608386580000058;51,828835443000060;1
252852;5;5;15;0;2019;11;12;4;3;4;3;0;1;1;0;0;0;0;406110,632675119680000;5757944,887268615900000;7,633415011000068;51,964258115000064;0
252853;5;5;15;0;2019;11;19;4;3;5;3;2;1;0;0;0;0;0;405489,101999999960000;5757139,439999999500000;7,624592895000035;51,956913095000061;1
252855;5;5;62;12;2019;11;8;4;2;0;7;0;1;0;0;0;0;0;363181,927000000140000;5731710,810000002400000;7,019294488000071;51,719617960000051;2
252856;5;5;62;14;2019;11;19;4;3;5;3;2;1;1;0;0;0;0;359725,035398799930000;5715192,796702038500000;6,975905522000062;51,570335277000027;1
252860;5;3;70;36;2019;11;9;4;3;0;7;0;1;0;1;0;0;0;303466,842470225880000;5664519,618129827100000;6,192989626000042;51,098438458000032;0
252861;5;3;34;4;2019;11;17;4;3;1;3;2;1;0;0;0;0;1;299784,667000002230000;5640532,237000001600000;6,153685869000071;50,881725460000041;0
252864;5;3;82;56;2019;11;15;4;3;1;5;0;1;1;0;0;0;0;369603,765357291330000;5625252,607829870700000;7,150984256000072;50,764371753000034;0
252869;5;3;66;24;2019;11;11;4;3;0;1;0;1;0;0;0;0;0;328210,305184137080000;5602034,051261043200000;6,575291791000041;50,544977258000074;0
252870;5;3;16;0;2019;11;17;4;3;3;6;2;1;1;0;0;0;0;359644,767000000920000;5654856,509000001500000;6,998477437000076;51,028104393000035;0
252871;5;3;16;0;2019;11;15;4;3;5;2;0;1;1;0;0;0;0;362302,614900887940000;5654949,278780775100000;7,036320130000036;51,029580978000070;0
252873;5;3;15;0;2019;11;12;4;3;0;6;0;1;0;0;0;0;0;357745,917501119900000;5644210,318899910900000;6,975583593000067;50,931961346000037;0
252875;5;3;15;0;2019;11;13;4;3;3;5;0;1;1;0;0;0;0;355833,013463120910000;5648453,024897493400000;6,946699680000052;50,969614744000069;1
252877;5;3;15;0;2019;11;18;4;3;4;2;2;1;1;0;0;0;0;353023,071748412210000;5645592,593405805500000;6,907862380000040;50,943199162000042;0
252878;5;3;15;0;2019;11;17;4;3;0;7;2;1;0;1;0;0;0;353236,283264486120000;5644454,665800027500000;6,911353531000032;50,933027359000050;0
252881;5;3;14;0;2019;11;11;4;3;0;7;0;1;0;0;0;0;0;365965,787243469620000;5621288,532829990600000;7,100870074000056;50,727913854000064;0
252882;5;1;70;36;2019;11;16;4;3;0;1;0;1;0;0;0;0;0;352818,640126067210000;5729334,275505648900000;6,870377133000034;51,695640627000046;0
252883;5;1;70;8;2019;11;19;4;3;0;1;2;1;0;0;0;0;0;343302,291000002060000;5714811,498000001500000;6,739292052000053;51,562584972000082;1
252884;5;1;70;8;2019;11;7;4;3;0;1;2;1;0;0;0;0;0;343119,135310038920000;5716987,716891283200000;6,735680129000059;51,582086495000055;2
252885;5;1;70;4;2019;11;16;4;3;5;3;1;1;1;0;0;0;0;328144,536206360910000;5717345,370095051800000;6,519579661000023;51,580932805000032;1
252886;5;1;70;48;2019;11;8;4;3;0;1;0;1;0;0;0;0;0;333331,093578501600000;5726092,341338662400000;6,590204909000022;51,661069543000053;1
252890;5;9;58;12;2019;11;11;1;3;0;1;0;1;0;0;0;0;1;464686,923999998720000;5693933,445000002200000;8,492417568000064;51,395533528000044;1
252891;5;1;62;8;2019;11;17;4;3;1;1;1;1;1;0;0;0;0;331184,986559690910000;5660570,182928791300000;6,590316913000038;51,071786339000028;0
252892;5;1;62;24;2019;11;11;4;2;3;2;0;1;1;0;0;0;0;341508,616999999620000;5669617,896000001600000;6,733574868000062;51,156026444000076;0
252894;5;5;66;68;2019;11;21;7;3;4;6;2;1;1;0;0;0;0;377759,256376539360000;5785541,303751966000000;7,211052291000044;52,206741966000038;1
252899;5;5;66;68;2019;11;0;7;3;2;6;2;1;0;0;0;0;0;375819,424000000580000;5786180,966000001900000;7,182444297000075;52,212056391000033;0
252900;5;5;15;0;2019;11;12;7;2;0;7;0;1;1;0;0;0;0;404089,457518813200000;5761379,215164938900000;7,603045593000047;51,994781917000068;0
252901;5;1;14;0;2019;11;15;4;3;0;3;0;1;1;0;0;0;0;330231,475530746390000;5689850,846150390800000;6,562868750000064;51,334565230000067;0
252905;5;1;17;0;2019;11;12;4;3;5;3;0;1;1;0;0;0;0;350100,707844447340000;5700216,133372759400000;6,843498062000037;51,433288572000038;0
252907;5;1;13;0;2019;11;23;4;3;1;6;2;1;1;0;0;0;0;360320,965032747020000;5700764,698449226100000;6,990212966000058;51,440829927000038;1
252910;5;1;12;0;2019;11;9;4;2;0;2;0;1;0;0;0;0;0;339711,632100505750000;5703437,815755914900000;6,692704165000066;51,459390305000056;2
252911;5;1;12;0;2019;11;10;4;3;4;2;0;1;1;0;0;0;0;338730,563000001940000;5698865,172000002100000;6,680677171000070;51,418029017000038;1
252915;5;1;11;0;2019;11;17;4;3;0;7;1;1;1;0;0;0;0;345685,525706358250000;5674394,276573659900000;6,791205611000066;51,200086475000035;1
252919;5;7;54;48;2019;11;7;4;3;3;2;2;1;1;0;0;0;0;441447,686783125620000;5765614,860405143400000;8,146364460000029;52,038056313000027;1
252924;5;9;74;28;2019;11;14;4;3;4;6;0;1;0;0;0;0;0;454771,500254352580000;5724587,360538119500000;8,345966375000046;51,670441900000071;0
252925;5;9;74;28;2019;11;15;4;3;6;6;0;1;0;1;0;0;0;454770,458051592110000;5724490,854696892200000;8,345963801000039;51,669574144000080;0
252930;5;9;11;0;2019;11;7;4;3;0;1;2;1;0;0;0;0;0;375942,412999999710000;5708347,038000000600000;7,212196178000056;51,512612306000051;1
252932;5;7;74;32;2019;11;20;5;3;5;2;2;1;1;0;0;0;0;484071,121027627030000;5729127,662789126900000;8,769443612000032;51,712860352000064;1
252934;5;7;70;4;2019;11;15;5;3;5;3;0;1;1;0;0;0;0;487874,502554621550000;5784098,742038182900000;8,822553128000038;52,207199195000044;1
252952;5;9;16;0;2019;11;16;5;3;0;5;1;1;1;0;0;0;0;376976,680293210780000;5711359,306828325600000;7,226041340000052;51,539910856000063;1
252953;5;5;66;8;2019;11;6;4;2;3;2;2;1;1;0;0;0;0;401475,177869823760000;5779690,762097641800000;7,559692796000036;52,158908581000048;1
252956;5;5;58;12;2019;11;16;4;3;5;3;1;1;1;0;0;0;0;373611,574999999250000;5756188,017000002800000;7,161258105000059;51,942032422000068;1
252957;5;3;16;0;2019;11;11;1;3;5;3;0;1;1;0;0;0;0;362593,767147057690000;5655592,796769550100000;7,040225603000067;51,035434070000065;0
252959;5;5;54;68;2019;11;11;4;3;5;2;0;1;1;0;0;0;0;350570,766187755390000;5766890,369714211700000;6,821631228000058;52,032477455000048;1
252961;5;5;54;8;2019;11;10;4;3;0;1;0;1;0;0;0;0;0;334449,531608729620000;5746490,471733566400000;6,596648419000076;51,844645740000033;1
252962;5;5;54;56;2019;11;10;4;3;1;5;0;1;1;0;0;0;0;355785,457124308680000;5762231,226874645800000;6,899556230000030;51,991996065000080;1
252963;5;5;15;0;2019;11;7;4;3;5;7;1;1;1;0;0;0;0;407013,594639796760000;5753951,963164929300000;7,647633946000042;51,928519357000027;1
252966;5;5;15;0;2019;11;7;4;3;5;3;2;1;1;0;0;0;0;405905,018981361760000;5758253,549554325600000;7,630338591000054;51,966997744000082;1
252967;5;5;15;0;2019;11;9;4;3;1;5;0;1;1;0;0;0;0;405586,866074410270000;5757372,740139203100000;7,625951086000043;51,959026706000031;1
252969;5;3;15;0;2019;11;17;1;3;5;2;2;1;1;0;0;0;0;362803,846712959000000;5644022,686339179100000;7,047588055000063;50,931500347000053;0
252976;5;3;34;2;2019;11;18;4;3;6;4;2;1;0;1;0;0;0;295009,084209444000000;5629206,122573271400000;6,092219331000024;50,778329748000033;1
252978;5;3;15;0;2019;11;8;4;3;5;2;0;1;1;0;0;0;0;357923,538744256830000;5644694,973555179300000;6,977920691000065;50,936360716000081;0
252979;5;3;15;0;2019;11;8;4;3;1;5;0;1;0;0;0;1;0;356093,497959472240000;5650165,691524023200000;6,949729138000066;50,985071229000027;0
252980;5;3;15;0;2019;11;9;4;3;0;1;0;1;0;0;0;0;0;355154,409595875070000;5648646,308867905300000;6,936964361000037;50,971181487000081;1
252981;5;3;15;0;2019;11;7;4;3;2;6;0;1;1;0;0;0;1;356757,952978003770000;5649170,309327626600000;6,959581628000024;50,976291618000062;1
252984;5;3;15;0;2019;11;9;4;3;0;1;0;1;0;0;0;0;0;354804,767688227820000;5643785,891725091300000;6,933925972000054;50,927414241000065;1
252988;5;3;14;0;2019;11;7;4;3;0;7;1;1;1;0;0;0;0;364820,195419286380000;5622676,947113938600000;7,084138656000050;50,740127322000035;1
252989;5;1;70;36;2019;11;7;4;3;5;2;1;1;1;0;0;0;0;353214,132392721250000;5729239,630103591800000;6,876135242000032;51,694893773000047;1
252995;5;1;58;16;2019;11;17;4;3;5;3;1;1;1;0;0;0;0;355106,614646493460000;5671462,985691076100000;6,927139981000039;51,176212030000045;1
252998;5;1;62;24;2019;11;18;4;3;5;3;2;1;0;0;0;0;1;338063,753175478430000;5670736,447625227300000;6,683852546000026;51,165112048000026;1
253009;5;1;11;0;2019;11;17;4;3;5;2;2;1;1;0;0;0;0;344765,953501359560000;5681706,183749469000000;6,774885704000042;51,265537504000065;1
253010;5;1;11;0;2019;11;17;4;3;5;2;2;1;1;0;0;0;0;347360,088708183730000;5676808,239764750000000;6,814128640000035;51,222227289000045;1
253015;5;7;70;20;2019;11;6;4;3;3;2;2;1;1;0;0;0;0;472914,561172439720000;5794113,808710740900000;8,602827248000040;52,296705995000082;1
253017;5;7;66;20;2019;11;17;4;3;6;4;2;1;0;1;0;0;0;491437,736999999730000;5753387,090000001700000;8,875468520000027;51,931142806000082;1
253019;5;7;11;0;2019;11;8;4;3;5;2;0;1;1;0;0;0;0;467868,115492619570000;5764183,070927482100000;8,531663373000072;52,027344450000044;1
253020;5;9;74;40;2019;11;9;4;2;5;3;0;1;1;0;0;0;0;436475,837999999520000;5713650,981000000600000;8,083413590000021;51,570348680000052;1
253025;5;9;13;0;2019;11;16;4;3;5;3;1;1;1;0;0;0;0;393621,989280720240000;5709670,002126652700000;7,466472249000049;51,528109456000038;1
253029;5;5;66;84;2019;11;10;3;3;6;7;0;1;0;1;0;0;0;386014,134374249730000;5778933,846542803600000;7,334022557000026;52,149130695000053;1
253031;5;5;54;20;2019;11;14;3;3;0;1;0;1;0;0;0;0;0;363876,220231695100000;5786992,534278972100000;7,007421991000058;52,216527786000029;0
253037;5;3;78;4;2019;11;16;3;3;5;1;1;1;1;0;0;0;0;369302,977215823720000;5649245,339443331600000;7,138147103000051;50,979949969000074;0
253038;5;3;78;4;2019;11;7;3;3;0;7;2;1;1;0;0;0;0;366547,840679257180000;5647654,667297963100000;7,099505260000058;50,965021687000046;1
253044;5;3;15;0;2019;11;16;3;3;3;6;0;1;1;0;0;0;0;356607,758033833470000;5642918,472083345100000;6,959905448000029;50,920069805000026;0
253047;5;3;15;0;2019;11;12;3;3;3;5;0;1;1;0;0;0;0;356623,667549423870000;5642812,963505832500000;6,960173120000036;50,919125561000044;0
253048;5;3;14;0;2019;11;15;3;3;2;6;0;1;1;0;0;0;0;369216,734288730660000;5616753,083329591900000;7,148513552000054;50,687889070000040;0
253049;5;3;14;0;2019;11;7;3;3;5;2;0;1;1;0;0;0;0;371648,945052434690000;5613548,780472308400000;7,184039462000044;50,659628945000065;0
253051;5;3;14;0;2019;11;6;3;3;5;3;2;1;1;0;0;0;0;367431,395957641300000;5620191,057001769500000;7,122018768000032;50,718385933000036;0
253054;5;1;58;4;2019;11;7;3;3;0;1;1;1;0;0;0;0;0;357783,603079252880000;5675012,613349221600000;6,964005295000050;51,208782925000037;1
253055;5;1;58;16;2019;11;12;3;3;1;2;0;1;1;0;0;0;0;354943,912026577630000;5670893,408386973700000;6,925043808000055;51,171052370000041;0
253057;5;1;54;12;2019;11;7;3;3;5;2;1;1;1;0;0;0;0;314737,090162533340000;5710244,465760506700000;6,330024281000021;51,512906596000050;0
253058;5;1;54;4;2019;11;15;3;3;0;1;0;1;0;0;1;0;0;305421,402299280280000;5739999,602440519300000;6,179392055000051;51,776996727000039;0
253059;5;3;15;0;2019;11;13;1;3;0;1;0;1;0;0;0;0;0;352511,824716441330000;5644147,706873811800000;6,901175089000049;50,930084051000051;0
253065;5;1;14;0;2019;11;16;3;3;5;2;0;1;1;0;0;0;0;331068,015680941750000;5688345,454239044300000;6,575579902000072;51,321290029000068;1
253066;5;1;14;0;2019;11;13;3;3;5;3;0;1;1;0;0;0;0;332066,762997096400000;5685551,295163169500000;6,591215129000034;51,296482821000041;0
253076;5;7;74;32;2019;11;9;3;3;6;1;0;1;0;1;0;0;0;483440,785455217580000;5729452,645134247800000;8,760304702000042;51,715764117000049;1
253077;5;7;70;24;2019;11;14;3;3;5;3;0;1;1;0;0;0;0;494084,675832583570000;5793736,052231580000000;8,913265019000050;52,293945701000041;0
253079;5;7;54;20;2019;11;17;3;3;1;5;2;1;1;0;0;0;0;444623,451048922730000;5750555,691011810700000;8,195088284000065;51,902998973000081;1
253090;5;9;15;0;2019;11;13;3;3;5;3;0;1;1;0;0;0;0;414474,724233148620000;5727990,788363993200000;7,762526681000054;51,696347250000031;0
253092;5;9;78;24;2019;11;14;3;3;3;6;0;1;1;0;0;0;0;397166,242295738310000;5718942,399811098400000;7,514832962000071;51,612111951000031;0
253094;5;9;13;0;2019;11;9;3;3;5;3;0;1;0;0;0;0;0;391766,092277704740000;5707362,960856631400000;7,440437054000029;51,507020235000027;1
253095;5;9;16;0;2019;11;14;3;3;5;3;0;1;1;0;0;0;0;376764,420361752620000;5711015,798847030800000;7,223102460000064;51,536777328000028;0
253097;5;5;70;4;2019;11;7;2;2;5;3;1;1;1;0;0;0;0;423701,231879458760000;5734193,364105274900000;7,894638404000034;51,753436744000055;1
253099;5;5;66;60;2019;11;17;2;3;5;3;2;1;1;0;0;0;0;388152,880458762870000;5788634,859943138400000;7,362065884000060;52,236750913000037;1
253102;5;5;54;8;2019;11;19;2;3;5;2;2;1;0;0;0;0;0;337052,828502615910000;5745363,514591060600000;6,634937131000072;51,835287449000077;0
253105;5;3;34;32;2019;11;18;2;3;1;5;2;1;0;0;0;1;0;304142,951348775070000;5629185,440593574200000;6,221627185000045;50,781300343000055;0
253116;5;3;15;0;2019;11;14;2;3;0;1;0;1;0;0;0;0;0;357675,777258175430000;5644137,736535051800000;6,974614436000024;50,931291746000056;0
253119;5;3;15;0;2019;11;11;2;3;4;5;0;1;0;0;0;0;0;353920,010049538690000;5643071,748623769700000;6,921631119000040;50,920773089000079;0
253120;5;3;15;0;2019;11;15;2;3;6;4;0;1;0;1;0;0;0;353893,094513962050000;5643396,842888837700000;6,921118200000024;50,923687798000060;0
253123;5;3;15;0;2019;11;13;2;3;0;7;0;1;1;1;0;0;0;355798,261514776390000;5644876,403020054100000;6,947621837000042;50,937463683000033;0
253125;5;3;14;0;2019;11;18;2;3;0;7;2;1;0;0;0;0;1;368582,063502999020000;5622542,115677911800000;7,137472043000059;50,739778987000079;0
253128;5;1;58;12;2019;11;16;2;3;5;2;0;1;1;0;0;0;0;358097,841836565170000;5688057,637994397400000;6,963323723000030;51,326089089000050;0
253130;5;1;66;36;2019;11;13;2;3;5;2;0;1;1;0;0;0;0;328101,419202044610000;5679548,952635634700000;6,537278929000024;51,241375930000061;0
253139;5;1;13;0;2019;11;8;2;3;7;7;1;1;0;0;0;0;1;361282,046312003400000;5699925,144340170500000;7,004361456000027;51,433521565000035;0
253140;5;1;13;0;2019;11;8;2;3;4;7;0;1;1;0;0;0;0;359466,782378063540000;5701132,543246515100000;6,977784628000052;51,443924183000036;0
253142;5;1;13;0;2019;11;18;2;3;0;7;2;1;0;0;0;0;0;362448,486264982260000;5703008,925798539100000;7,019932697000058;51,461518154000032;1
253143;5;1;12;0;2019;11;13;2;3;5;3;0;1;1;0;0;0;0;341350,011000000870000;5712627,798000002300000;6,712135081000042;51,542419824000035;1
253147;5;1;11;0;2019;11;14;2;3;6;6;0;1;1;1;0;0;0;350371,527931924910000;5671849,841310245900000;6,859288156000048;51,178468866000060;0
253149;5;7;70;8;2019;11;14;2;3;8;7;0;1;0;0;0;0;0;473844,688648370090000;5803677,542086709300000;8,615721422000036;52,382731288000059;1
253156;5;7;54;48;2019;11;15;2;3;5;7;0;1;1;0;0;0;0;442079,148900161500000;5765913,118340546300000;8,155518945000040;52,040803956000047;1
253157;5;7;54;8;2019;11;19;2;3;5;2;2;1;1;0;0;0;0;457163,382243650030000;5750593,370279021600000;8,377341246000071;51,904443084000036;0
253158;5;7;54;16;2019;11;13;1;3;5;3;0;1;0;0;0;0;0;447514,998000000600000;5757615,045000001800000;8,236036356000057;51,966744311000070;1