OBJECTID;ULAND;UREGBEZ;UKREIS;UGEMEINDE;UJAHR;UMONAT;USTUNDE;UWOCHENTAG;UKATEGORIE;UART;UTYP1;ULICHTVERH;IstRad;IstPKW;IstFuss;IstKrad;IstGkfz;IstSonstige;LINREFX;LINREFY;XGCSWGS84;YGCSWGS84;STRZUSTAND
253159;5;7;66;20;2019;11;17;2;3;5;3;1;1;1;0;0;0;0;491477,589784133250000;5754502,006462262900000;8,876020521000044;51,941167671000073;0
253161;5;9;74;52;2019;11;19;2;3;5;3;2;1;1;0;0;0;0;424348,466499038040000;5712777,049092831100000;7,908648024000058;51,560995165000065;0
253162;5;9;74;52;2019;11;19;2;3;3;1;2;1;1;0;0;0;0;424655,822186630220000;5712561,036909831700000;7,913127386000042;51,559094358000038;1
253168;5;9;13;0;2019;11;11;2;3;6;4;0;1;0;1;0;0;0;393626,835475910450000;5707977,673816485300000;7,467052981000052;51,512898921000044;0
253173;5;3;70;40;2019;11;10;1;2;9;1;0;1;0;0;0;0;0;302134,049708967100000;5670341,186261918400000;6,170783800000038;51,150265684000033;1
253174;5;3;58;8;2019;11;17;1;3;0;1;2;1;0;0;0;0;0;322898,487173054370000;5630958,153639022300000;6,486545799000055;50,803258239000058;0
253180;5;3;34;2;2019;11;15;1;3;0;1;0;1;0;0;0;0;0;293652,498284773900000;5627442,949418624900000;6,073991822000039;50,762013465000052;1
253181;5;3;34;2;2019;11;15;1;3;7;3;0;1;1;0;0;0;0;291205,314586376770000;5629434,938005568500000;6,038209474000041;50,779027952000035;1
253186;5;9;74;28;2019;12;7;2;3;4;2;2;1;1;0;0;0;0;454613,300288497470000;5723397,675015786700000;8,343833400000051;51,659732817000076;1
253188;5;1;14;0;2019;12;15;2;2;6;4;0;1;0;1;0;0;0;328297,682326515210000;5691191,192502584300000;6,534489092000058;51,346025800000064;1
253197;5;9;13;0;2019;12;8;2;3;5;2;0;1;1;0;0;0;0;390470,543999999760000;5709929,201000003100000;7,420979222000028;51,529836698000054;0
253199;5;5;66;16;2019;12;6;1;3;0;1;2;1;0;0;0;0;0;403622,336143930440000;5794853,923532757900000;7,586749787000031;52,295572285000048;2
253200;5;5;58;44;2019;12;8;1;3;0;1;1;1;0;0;0;0;0;395674,073504891250000;5746399,471679713600000;7,485059297000021;51,858628069000076;2
253201;5;5;15;0;2019;12;9;1;2;0;7;0;1;0;0;0;0;0;398118,764083487910000;5753824,406872322800000;7,518352685000025;51,925815962000058;2
253205;5;3;74;24;2019;12;11;1;3;5;2;0;1;1;0;0;0;0;393177,943288963290000;5657736,158368349100000;7,475615155000071;51,061201298000071;0
253209;5;1;58;16;2019;12;18;1;3;1;5;2;1;1;0;0;0;0;355635,004137650130000;5671624,664497967800000;6,934628962000033;51,177798585000062;0
253210;5;1;54;36;2019;12;9;1;3;0;1;0;1;0;0;0;0;0;299003,736999999730000;5747654,558000000200000;6,082050270000025;51,843467747000034;2
253212;5;1;24;0;2019;12;14;1;3;7;7;0;1;0;0;0;0;1;374164,784753869290000;5678514,290776843200000;7,197159087000046;51,244099332000076;0
253225;5;1;66;32;2019;12;11;2;3;0;7;0;1;0;0;0;0;0;316831,758889974090000;5681223,046782108000000;6,375142682000046;51,252907199000049;0
253229;5;5;70;52;2019;11;9;7;3;5;3;0;1;1;0;0;0;0;430137,410305960100000;5756034,418912272900000;7,983450005000066;51,950622691000035;1
253230;5;5;66;60;2019;11;22;7;2;0;1;2;1;0;0;0;0;0;388822,630802113560000;5789655,572635887200000;7,371533845000045;52,246059669000033;1
253232;5;5;58;44;2019;11;10;7;3;4;7;0;1;1;1;0;0;0;395879,500000000000000;5745995,183000000200000;7,488163034000024;51,855032671000060;0
253233;5;5;54;20;2019;11;13;7;2;5;3;0;1;1;0;0;0;0;363731,139999388720000;5786416,727794071700000;7,005531521000023;52,211318200000051;0
253234;5;5;54;8;2019;11;23;7;3;0;7;2;1;0;0;0;0;0;338220,591092405840000;5747834,241966061300000;6,650715091000052;51,857823002000032;1
253235;5;5;15;0;2019;11;16;7;3;0;7;0;1;0;0;0;0;0;404324,721682528030000;5754208,327035533300000;7,608468800000026;51,930367991000026;1
253236;5;5;15;0;2019;11;15;7;3;0;6;0;1;1;0;0;0;0;407385,039097802710000;5751283,521512018500000;7,653752173000044;51,904595726000082;0
253237;5;3;34;36;2019;11;18;7;3;5;3;2;1;1;0;0;0;0;297920,181151447820000;5633814,752301335300000;6,130921864000072;50,820743868000079;0
253242;5;3;62;28;2019;11;16;7;3;0;1;1;1;0;0;0;0;0;352260,285727827810000;5640480,343587128400000;6,899083101000031;50,897062631000040;0
253249;5;3;15;0;2019;11;10;7;3;5;3;0;1;1;0;0;0;0;352197,595886295660000;5647481,231710402300000;6,895353910000040;50,959960396000042;0
253250;5;3;15;0;2019;11;11;7;3;1;5;0;1;1;0;0;0;0;352848,422933596190000;5642669,926429713100000;6,906557940000027;50,916889783000045;0
253251;5;3;15;0;2019;11;16;7;3;5;7;0;1;1;0;0;0;0;354942,211980297230000;5644478,414145909200000;6,935604808000051;50,933672355000056;0
253252;5;3;14;0;2019;11;14;7;3;4;2;0;1;1;0;0;0;0;369738,660897102210000;5616500,170785853600000;7,155987466000056;50,685732908000034;0
253255;5;1;11;0;2019;12;14;2;3;0;7;0;1;1;0;0;0;0;343236,991412108760000;5687279,834091885000000;6,750540872000045;51,315198998000028;1
253258;5;1;70;20;2019;11;17;7;2;5;3;2;1;1;0;0;0;0;329425,725993870760000;5707024,261541415000000;6,543052702000068;51,488603498000032;0
253259;5;1;62;8;2019;11;5;7;3;5;3;2;1;1;0;0;0;0;332908,664000000800000;5663546,540000001000000;6,613521507000030;51,099032001000069;1
253260;5;1;62;24;2019;11;10;7;3;0;1;0;1;0;0;0;0;0;337960,364411463030000;5673142,343326252000000;6,681290519000072;51,186699411000063;1
253269;5;1;11;0;2019;11;9;7;3;1;7;0;1;1;0;0;0;0;352591,855422944760000;5667878,749425860100000;6,892658007000023;51,143360752000035;2
253273;5;7;74;32;2019;11;11;7;3;3;6;0;1;1;0;0;0;0;483475,744514607820000;5729951,476146949500000;8,760787067000024;51,720250294000039;0
253274;5;7;54;8;2019;11;9;7;3;0;1;0;1;0;0;0;0;0;457070,813766336070000;5749345,983204735400000;8,376151139000058;51,893221225000048;2
253275;5;7;66;44;2019;11;16;7;3;5;3;1;1;1;0;0;0;0;493670,231999999840000;5765239,949999999300000;8,907719631000020;52,037741392000044;0
253283;5;9;62;4;2019;11;12;7;2;0;1;0;1;0;0;0;0;0;412347,551921417010000;5684235,656701387800000;7,742628349000029;51,302680446000068;1
253285;5;9;14;0;2019;11;19;7;3;0;1;2;1;0;1;0;0;0;393074,658999999990000;5691083,748000001500000;7,464200587000050;51,360942262000037;0
253290;5;5;70;52;2019;11;9;6;3;5;3;0;1;1;0;0;0;0;430907,166000000200000;5755930,173000002300000;7,994669578000071;51,949781715000029;0
253291;5;5;70;52;2019;11;13;6;3;5;2;0;1;1;0;0;0;0;430378,598198979160000;5756350,948217015700000;7,986894737000057;51,953498415000070;0
253292;5;1;16;0;2019;12;8;2;2;0;5;0;1;1;0;0;0;0;317138,509617461820000;5675430,668318456000000;6,382488773000034;51,200974167000027;0
253295;5;5;66;28;2019;11;11;6;3;5;3;0;1;0;0;0;0;0;412534,412428269160000;5792530,090206170500000;7,717999324000061;52,276176284000030;0
253296;5;5;54;56;2019;11;16;6;3;5;3;1;1;1;0;0;0;0;356582,606000000610000;5761226,042000001300000;6,911578437000060;51,983170886000039;0
253297;5;5;54;8;2019;11;23;6;2;0;1;2;1;0;0;0;0;0;336091,287000002340000;5745372,534000001800000;6,620989711000050;51,835087146000035;0
253300;5;3;70;40;2019;11;13;6;3;5;3;0;1;1;0;0;0;0;309762,303064982410000;5668351,449164891600000;6,280774209000072;51,134979756000064;0
253302;5;3;58;8;2019;11;14;6;3;5;3;0;1;1;0;0;0;0;320698,928820901550000;5631405,421696484100000;6,455143554000074;50,806600047000074;0
253305;5;3;34;2;2019;11;7;6;3;5;3;2;1;1;0;0;0;0;291938,277623228730000;5630387,158846741500000;6,048053049000032;50,787843134000070;0
253306;5;3;82;56;2019;11;15;6;3;0;1;0;1;0;1;0;0;0;370090,166032951330000;5624007,029776835800000;7,158317204000070;50,753285334000054;0
253307;5;3;74;12;2019;11;13;6;3;3;6;0;1;1;0;0;0;0;399977,691624583680000;5653686,271430289400000;7,573735023000040;51,026019259000066;0
253312;5;3;62;12;2019;11;14;6;3;5;5;0;1;1;0;0;0;0;352241,602714326230000;5632712,525594053800000;6,901954079000063;50,827251035000074;0
253320;5;3;15;0;2019;11;17;6;3;5;2;2;1;1;0;0;0;0;355037,995780439120000;5645981,725974034500000;6,936368830000049;50,947206334000043;0
253321;5;3;15;0;2019;11;13;6;3;0;1;0;1;0;0;0;0;0;359706,875938464890000;5638907,901557473500000;7,005509982000035;50,884787869000036;1
253322;5;7;70;24;2019;12;13;2;2;5;3;0;1;0;0;0;0;0;493820,485000000340000;5793304,184999998700000;8,909399179000047;52,290060091000043;0
253327;5;1;70;8;2019;11;17;6;3;4;6;2;1;0;0;0;0;0;344532,736999998800000;5715478,596999999100000;6,756734156000050;51,568919183000048;0
253329;5;1;70;20;2019;11;9;6;3;5;2;0;1;1;0;0;0;0;329290,474729959850000;5709328,942669618900000;6,539991458000031;51,509266648000050;0
253330;5;1;70;44;2019;11;11;6;3;0;1;0;1;0;0;0;0;0;339219,170308396220000;5718609,779308415900000;6,678696618000060;51,595560454000065;1
253335;5;1;62;24;2019;11;10;6;3;5;3;0;1;1;0;0;0;0;337503,812904431480000;5675624,296469377400000;6,673639832000049;51,208869608000043;1
253337;5;1;62;24;2019;11;8;6;3;5;3;0;1;1;0;0;0;0;340875,482462355870000;5671214,459246918600000;6,723822425000037;51,170196092000026;0
253338;5;1;62;16;2019;11;16;6;2;6;6;0;1;0;1;0;0;0;335702,272831914950000;5676884,240468755400000;6,647294292000026;51,219674309000027;0
253340;5;1;14;0;2019;11;16;6;2;0;7;0;1;0;0;0;0;0;330047,704077814710000;5689451,700130354600000;6,560423587000059;51,330924475000074;0
253342;5;1;14;0;2019;11;17;6;3;1;3;1;1;1;0;0;0;0;328395,254255048930000;5689130,958833484000000;6,536881427000026;51,327546827000049;0
253351;5;1;11;0;2019;11;13;6;2;0;5;0;1;1;0;0;0;0;348723,379381404260000;5677415,997328169600000;6,833380025000054;51,228051313000037;0
253357;5;9;78;20;2019;11;7;6;3;5;2;2;1;1;0;0;0;0;407125,205640476200000;5716400,578411558600000;7,659292813000036;51,590994396000042;1
253358;5;9;74;40;2019;11;14;6;3;3;6;0;1;1;0;0;0;0;439262,790922051300000;5712006,419424364300000;8,123905388000026;51,555870263000031;0
253359;5;9;74;40;2019;11;14;6;2;5;2;0;1;1;0;0;0;0;436954,770999999720000;5712442,111999999700000;8,090540009000051;51,559534113000041;1
253361;5;7;58;4;2019;12;10;2;2;0;1;0;1;1;0;0;0;0;471702,886502000500000;5783198,912384202700000;8,585974546000045;52,198516248000033;1
253362;5;9;66;24;2019;11;16;6;3;4;2;1;1;1;0;0;0;0;419733,748031931000000;5653747,652421910300000;7,855364728000041;51,029669570000067;0
253364;5;9;58;4;2019;11;15;6;3;0;1;0;1;0;0;0;0;0;428064,338964350520000;5700312,920499973000000;7,964786182000069;51,449425794000035;1
253367;5;9;13;0;2019;11;13;6;2;5;3;0;1;1;0;0;0;0;404554,312253219080000;5709348,382404265900000;7,624106268000048;51,527172250000035;0
253369;5;5;70;52;2019;11;17;5;3;6;6;2;1;0;1;0;0;0;429876,467619611880000;5755167,640564138100000;7,979830573000072;51,942797850000034;1
253370;5;5;70;52;2019;11;17;5;3;5;3;2;1;1;0;0;0;0;430739,435598690060000;5756450,062031559600000;7,992124653000076;51,954434469000034;1
253372;5;5;66;84;2019;11;11;5;3;0;7;0;1;0;0;0;0;0;390042,505730827340000;5775727,766055196500000;7,393911111000023;52,121133716000031;1
253373;5;5;54;48;2019;11;18;5;3;1;5;2;1;1;0;0;0;0;340955,420245661400000;5745277,959302371400000;6,691569582000057;51,835643695000044;1
253374;5;5;54;8;2019;11;15;5;3;0;2;0;1;1;0;0;0;0;335715,390836735260000;5745045,658672597300000;6,615694126000051;51,832040258000063;1
253375;5;5;15;0;2019;11;11;5;3;3;6;0;1;0;0;0;0;0;405965,748205150480000;5757167,782838881000000;7,631519575000027;51,957248661000051;1
253384;5;3;58;8;2019;11;10;5;3;1;5;0;1;1;0;0;0;0;322516,109738075170000;5631449,805939888600000;6,480886962000056;50,807558302000075;1
253390;5;3;82;60;2019;11;11;5;3;1;5;0;1;1;0;0;0;0;374950,419969224370000;5628685,395561493900000;7,225592416000040;50,796404486000029;1
253392;5;3;78;4;2019;11;18;5;3;5;3;2;1;1;0;0;0;0;367674,586051379330000;5650241,290346056200000;7,114600433000021;50,988529301000028;1
253396;5;3;15;0;2019;11;13;5;3;0;1;0;1;0;0;0;0;0;360690,947161489170000;5643954,273496074600000;7,017565034000029;50,930379054000070;1
253397;5;3;15;0;2019;11;14;5;2;5;3;0;1;1;0;0;0;0;352542,904164532200000;5653782,784189801700000;6,897709840000061;51,016677558000026;1
253398;5;1;62;4;2019;12;19;2;3;3;2;2;1;1;0;0;0;0;346733,865068647080000;5667407,227516776000000;6,809177368000064;51,137585488000070;1
253399;5;3;15;0;2019;11;7;5;3;5;3;2;1;1;0;0;0;0;353001,932624752630000;5654546,752701798500000;6,903939832000049;51,023660443000040;1
253402;5;3;15;0;2019;11;11;5;2;5;3;0;1;1;0;0;0;0;355660,943702229300000;5641834,525257665700000;6,946872826000060;50,910092473000077;1
253403;5;3;15;0;2019;11;9;5;3;0;7;0;1;0;0;0;0;1;352169,387487452480000;5643174,648559201500000;6,896700072000044;50,921251955000059;1
253407;5;3;15;0;2019;11;13;5;3;0;1;0;1;0;0;0;0;0;355545,380000000820000;5644460,357000002600000;6,944190052000067;50,933661467000036;1
253408;5;3;15;0;2019;11;8;5;3;0;1;0;1;0;0;0;0;0;354791,062632157470000;5643779,402315422900000;6,933733675000042;50,927352472000052;1
253410;5;3;14;0;2019;11;17;5;3;5;3;2;1;1;0;0;0;0;369592,849637296980000;5616029,360916962800000;7,154090556000028;50,681468455000072;1
253412;5;1;17;0;2019;12;7;2;3;0;2;2;1;0;0;0;1;0;349796,097702620550000;5700384,601368196300000;6,839047733000029;51,434721662000072;0
253413;5;3;82;24;2019;11;12;5;3;5;3;0;1;1;0;0;0;0;371236,246232835580000;5618329,533939311300000;7,176538549000043;50,702509354000028;0
253420;5;1;70;48;2019;11;14;5;3;1;5;0;1;1;0;0;0;0;335068,270475807600000;5727728,564930288100000;6,614526074000025;51,676281289000030;1
253421;5;7;11;0;2019;12;17;2;3;0;1;2;1;0;0;0;0;0;467733,326000001280000;5766118,270000001400000;8,529516224000076;52,044735225000068;1
253422;5;1;70;48;2019;11;8;5;3;5;3;0;1;1;0;0;0;0;335106,798941208980000;5727746,902648648200000;6,615074148000076;51,676457340000070;1
253424;5;1;58;28;2019;11;10;5;3;3;6;0;1;0;0;0;0;0;349643,617813462390000;5685444,509576307600000;6,843174419000036;51,300436475000026;1
253428;5;1;66;12;2019;11;7;5;2;0;7;1;1;0;0;0;0;0;319983,470316683870000;5693575,687690641700000;6,414024552000058;51,364873023000030;1
253430;5;1;62;24;2019;11;13;5;3;0;6;0;1;1;0;0;0;0;337899,788345479410000;5675354,095798004400000;6,679425857000069;51,206554428000061;1
253444;5;1;11;0;2019;11;21;5;3;5;2;2;1;1;0;0;0;0;345917,796460173090000;5680295,622029617400000;6,791990502000033;51,253175550000037;1
253449;5;9;70;24;2019;12;13;5;3;0;6;0;1;0;0;0;0;1;428325,630188568500000;5647427,686668090500000;7,979114937000077;50,973982108000030;0
253455;5;9;13;0;2019;12;14;5;3;1;2;0;1;1;0;0;0;0;387942,796000001950000;5712140,468000002200000;7,383849611000073;51,549215755000034;0
253456;5;9;13;0;2019;12;12;5;3;4;6;0;1;1;0;0;0;0;388080,042517215940000;5713326,872020227800000;7,385450632000072;51,559906480000052;1
253459;5;9;78;24;2019;12;17;5;3;5;3;2;1;1;0;0;0;0;397385,877516758630000;5719008,806603979300000;7,517984437000052;51,612748929000077;0
253461;5;9;11;0;2019;12;14;5;3;5;7;0;1;1;0;0;0;0;376180,690999999640000;5704422,517000002800000;7,217005247000031;51,477393437000046;0
253462;5;5;70;8;2019;12;10;4;3;5;3;0;1;1;0;0;0;0;433604,162927722560000;5734726,996678615000000;8,037979560000053;51,759495615000048;1
253463;5;5;70;8;2019;12;15;4;3;3;2;0;1;1;0;0;0;0;433753,230145438570000;5734002,772629082200000;8,040277130000050;51,753002445000050;0
253464;5;5;66;40;2019;12;7;4;2;5;3;2;1;1;0;0;0;0;420878,974683169280000;5782226,057337118300000;7,842689965000034;52,184820098000046;1
253465;5;5;66;44;2019;12;19;4;3;0;7;2;1;1;0;0;0;0;429677,817192151210000;5777469,670846354200000;7,972352981000029;52,143255794000027;1
253466;5;5;66;28;2019;12;11;4;3;1;1;0;1;1;0;0;0;0;412399,618000000720000;5792187,887000002000000;7,716113040000039;52,273079004000067;0
253468;5;5;66;76;2019;12;5;4;3;5;3;2;1;1;0;0;0;0;395292,114255808290000;5793730,041682865500000;7,464993067000023;52,283947143000034;1
253469;5;5;66;76;2019;12;13;4;3;5;3;0;1;1;0;0;0;0;392249,840244649910000;5792546,190431302400000;7,420790066000052;52,272719731000052;0
253470;5;5;66;84;2019;12;10;4;2;0;1;0;1;0;0;0;0;0;390052,104664063080000;5776219,524387968700000;7,393892352000023;52,125555172000077;2
253471;5;5;66;12;2019;12;13;4;3;0;6;0;1;1;0;0;0;0;404887,596952035090000;5772833,965691605600000;7,611479182000039;52,097877364000055;0
253473;5;5;58;24;2019;12;7;4;3;0;1;1;1;0;0;0;0;0;392531,029574608430000;5735879,458148563300000;7,442699363000031;51,763478604000056;2
253475;5;5;58;12;2019;12;8;4;3;0;1;0;1;0;0;0;0;0;373314,394000000320000;5756803,528999999200000;7,156710234000059;51,947496066000042;2
253476;5;5;54;8;2019;12;11;4;3;5;3;0;1;0;0;0;0;0;335752,355000000450000;5745838,414999997200000;6,615853811000022;51,839172791000067;0
253477;5;5;54;48;2019;12;19;4;3;0;1;2;1;0;0;0;0;0;341444,493965807370000;5745227,242919154500000;6,698685223000041;51,835327108000058;0
253480;5;5;54;40;2019;12;7;4;3;0;7;2;1;0;0;0;0;0;350875,486105155200000;5736749,773611236400000;6,839106206000054;51,761755919000052;2
253481;5;5;15;0;2019;12;8;4;3;0;2;0;1;1;0;0;0;0;406646,116246477700000;5754526,450441557900000;7,642135200000041;51,933621648000042;1
253482;5;5;15;0;2019;12;9;4;3;5;2;0;1;1;0;0;0;0;405207,520999999720000;5757578,170000003700000;7,620375293000052;51,960808652000026;1
253483;5;5;62;24;2019;12;13;4;3;5;3;0;1;1;0;0;0;0;370732,171250396410000;5724973,809005340600000;7,131030093000049;51,660866098000042;0
253484;5;5;62;24;2019;12;10;4;3;0;7;0;1;1;0;0;0;0;369691,145318754020000;5725226,813267471300000;7,115893218000053;51,662899341000070;0
253486;5;5;13;0;2019;12;9;4;3;0;1;0;1;0;0;0;0;0;366948,394393740220000;5713455,413682432800000;7,080727792000062;51,556473011000037;2
253490;5;3;82;56;2019;12;12;4;3;5;3;0;1;1;0;0;0;0;373139,407999999820000;5625638,258000001300000;7,200959874000034;50,768622002000029;0
253494;5;3;78;28;2019;12;5;4;3;0;1;2;1;0;0;0;0;0;371585,702212784440000;5642346,063552409400000;7,173081176000039;50,918452939000076;1
253497;5;3;62;24;2019;12;8;4;3;5;3;0;1;1;0;0;0;0;343554,577973033300000;5645064,704966012400000;6,773415666000062;50,935964313000056;0
253502;5;3;15;0;2019;12;9;4;3;5;3;0;1;1;0;0;0;0;355398,140522692350000;5647219,633217651400000;6,941000488000043;50,958421564000048;0
253504;5;3;15;0;2019;12;19;4;3;5;2;2;1;1;0;0;0;0;356438,522000000810000;5644031,868000002600000;6,957060932000047;50,930033697000056;0
253507;5;3;14;0;2019;12;16;4;3;5;3;1;1;1;0;0;0;0;365466,168263776230000;5620764,229908689900000;7,093986413000039;50,723085964000063;0
253508;5;1;70;8;2019;12;10;4;3;0;1;0;1;0;0;0;0;0;345207,311630180110000;5714435,515366951000000;6,766919088000066;51,559732893000046;2
253509;5;1;70;8;2019;12;8;4;3;0;1;0;1;0;0;0;0;0;342023,889999999660000;5717122,611999999700000;6,719824785000071;51,582992542000056;2
253515;5;1;66;32;2019;12;17;4;3;5;2;2;1;1;0;0;0;0;317306,913000000640000;5680181,892999999200000;6,382475496000041;51,243707214000040;0
253517;5;1;12;0;2019;12;13;5;3;3;2;0;1;1;0;0;0;0;342687,213636458850000;5711976,712910642800000;6,731693298000039;51,536944359000074;0
253523;5;1;16;0;2019;12;18;4;2;6;4;2;1;0;1;0;0;0;321795,987880060450000;5671433,948357481500000;6,451067290000026;51,166542099000026;0
253526;5;1;20;0;2019;12;15;4;3;5;3;0;1;1;0;0;0;0;373839,642687457610000;5671242,323101772000000;7,195060988000023;51,178669239000044;0
253528;5;1;20;0;2019;12;7;4;2;7;7;1;1;0;0;0;0;1;376663,139497651720000;5676104,169031145100000;7,233764365000070;51,222983185000032;2
253534;5;1;13;0;2019;12;9;4;3;2;6;0;1;0;0;0;0;0;364815,544180336410000;5704130,593528112400000;7,053556419000074;51,472168401000033;1
253535;5;1;13;0;2019;12;7;4;2;0;7;2;1;0;0;0;0;0;357119,007563401940000;5703089,157191554100000;6,943234071000063;51,460918929000059;2
253537;5;1;13;0;2019;12;11;4;3;0;1;0;1;0;0;0;0;0;361571,543153835460000;5700482,403686406100000;7,008305688000064;51,438600118000068;0
253538;5;1;12;0;2019;12;8;4;3;0;3;1;1;1;0;0;0;0;345797,498488103040000;5693445,788341531500000;6,784582224000076;51,371301313000060;2
253539;5;1;12;0;2019;12;8;4;3;8;1;0;1;0;0;0;0;0;345605,159827020020000;5700230,882161000700000;6,778868630000034;51,432213973000046;2
253541;5;1;11;0;2019;12;6;4;3;5;6;2;1;1;0;0;0;0;352183,105893019590000;5668305,343616765000000;6,886643664000076;51,147088797000038;0
253548;5;1;11;0;2019;12;13;4;3;3;6;0;1;1;0;0;0;0;344653,698185342360000;5676644,700689265500000;6,775473842000054;51,220027803000050;0
253549;5;7;74;32;2019;12;9;4;3;0;1;0;1;0;0;0;0;0;483833,353002224120000;5729084,049983046900000;8,766004185000043;51,712461413000028;2
253550;5;7;74;32;2019;12;18;4;2;6;4;2;1;0;1;0;0;0;482188,892613196750000;5729266,290370449400000;8,742193220000047;51,714050184000030;0
253551;5;7;74;32;2019;12;8;4;3;0;1;0;1;0;0;0;0;0;483196,631819904780000;5728727,517525704600000;8,756805571000029;51,709237001000076;2
253552;5;7;74;32;2019;12;7;4;3;0;1;1;1;0;0;0;0;0;484694,976017760110000;5729270,835350377500000;8,778466996000077;51,714165034000075;2
253555;5;7;58;4;2019;12;11;4;3;2;6;0;1;1;0;0;0;0;470656,850666532290000;5783363,125051101700000;8,570655844000044;52,199937897000041;0
253556;5;7;58;12;2019;12;8;4;3;0;1;0;1;0;0;0;0;0;478870,479644776320000;5773778,599525941500000;8,691430486000058;52,114143436000063;2
253557;5;7;58;12;2019;12;7;4;3;0;3;0;1;1;0;0;0;0;477989,527936933560000;5776308,718123840200000;8,678401826000027;52,136856415000068;2
253560;5;7;54;8;2019;12;10;4;3;0;1;0;1;0;0;0;0;0;456145,696493512020000;5750679,085760898900000;8,362538575000031;51,905134529000065;2
253562;5;7;66;8;2019;12;17;4;3;5;3;2;1;1;0;0;0;0;482206,365000001150000;5770904,359999999400000;8,740296346000037;52,088419398000042;0
253563;5;7;66;20;2019;12;18;4;3;0;1;2;1;0;1;0;0;0;491985,617545027290000;5753946,712292615300000;8,883423962000052;51,936182553000037;0
253566;5;7;11;0;2019;12;7;4;3;5;3;1;1;1;0;0;0;0;474002,445000001230000;5759848,973999999500000;8,621400583000025;51,988699132000079;1
253568;5;9;74;28;2019;12;19;4;2;5;3;2;1;1;0;0;0;0;454100,238591869360000;5725379,134297518100000;8,336156124000070;51,677506178000044;1
253569;5;9;74;52;2019;12;17;4;3;5;2;2;1;1;0;0;0;0;423769,819922035560000;5712970,765972629200000;7,900260083000035;51,562658757000065;0
253570;5;9;74;40;2019;12;9;4;2;0;1;0;1;0;0;0;0;0;438643,536702897400000;5712129,118816124300000;8,114952780000067;51,556906379000054;2
253573;5;1;13;0;2019;12;16;5;3;1;3;1;1;1;0;0;0;0;360765,173000000420000;5701219,675000000700000;6,996421322000060;51,445027851000077;0
253577;5;9;15;0;2019;12;0;4;3;0;1;2;1;0;0;0;0;0;417940,859815582630000;5726262,140335805700000;7,813073207000059;51,681325039000058;1
253580;5;9;13;0;2019;12;15;4;2;0;1;0;1;0;0;0;0;0;390930,881765765140000;5707531,197472088000000;7,428355161000070;51,508371810000028;2
253585;5;9;13;0;2019;12;8;4;3;0;1;0;1;0;0;0;0;0;390090,645000000480000;5706522,375000000000000;7,416566994000050;51,499141415000054;2
253587;5;9;13;0;2019;12;9;4;3;0;7;0;1;0;0;0;0;0;391786,471176106480000;5707572,748300023400000;7,440666199000020;51,508909788000039;2
253588;5;9;54;36;2019;12;9;4;2;0;1;0;1;0;0;0;0;0;389854,772564130840000;5699759,530695382500000;7,415277964000040;51,438308832000075;2
253591;5;5;70;44;2019;12;12;3;3;5;3;0;1;0;0;0;0;0;416572,774054669780000;5759871,395340794700000;7,785186697000029;51,983244009000032;0
253592;5;5;70;52;2019;12;13;3;3;5;3;0;1;1;0;0;0;0;429970,292999999600000;5756079,335000002800000;7,981009593000067;51,951005452000061;1
253593;5;5;66;76;2019;12;13;3;3;2;2;0;1;0;0;0;0;0;396542,652999999930000;5787526,129999999000000;7,485219932000064;52,228426827000078;0
253596;5;5;15;0;2019;12;8;3;3;0;1;0;1;0;0;0;0;0;403761,435999999750000;5758953,497000001400000;7,598950008000031;51,972922105000066;1
253597;5;5;12;0;2019;12;16;3;3;5;3;0;1;1;0;0;0;0;355916,647515077140000;5710714,211721725800000;6,922825149000062;51,529131600000028;0
253598;5;5;12;0;2019;12;10;3;3;5;3;0;1;1;0;0;0;0;356490,936553133650000;5718574,032674443000000;6,927889472000061;51,599904247000040;0
253602;5;3;34;2;2019;12;15;3;3;4;6;0;1;1;0;0;0;0;295079,718529615550000;5628277,688538031700000;6,093737121000061;50,770016191000082;0
253603;5;3;34;2;2019;12;11;3;3;5;3;0;1;1;0;0;0;0;292907,913397907280000;5627421,553260479100000;6,063460416000055;50,761556093000081;0
253604;5;3;82;68;2019;12;11;3;3;5;3;0;1;1;0;0;0;0;367151,746566160580000;5630707,284147327800000;7,114262571000040;50,812841899000034;1
253605;5;3;82;68;2019;12;6;3;3;5;3;0;1;1;0;0;0;0;370284,746471298860000;5629823,423440044700000;7,159022039000035;50,805607763000069;1
253608;5;3;15;0;2019;12;14;3;3;5;3;0;1;1;0;0;0;0;365187,871560254130000;5642759,278253091500000;7,081961297000021;50,920707537000055;1
253609;5;3;15;0;2019;12;8;3;3;3;2;0;1;1;0;0;0;0;362164,033956983130000;5650587,422419117800000;7,036001992000024;50,990346920000036;1
253610;5;3;15;0;2019;12;16;3;3;6;4;0;1;0;1;0;0;0;357750,033959503290000;5647855,743309656200000;6,974218070000063;50,964723637000077;0