OBJECTID;ULAND;UREGBEZ;UKREIS;UGEMEINDE;UJAHR;UMONAT;USTUNDE;UWOCHENTAG;UKATEGORIE;UART;UTYP1;ULICHTVERH;IstRad;IstPKW;IstFuss;IstKrad;IstGkfz;IstSonstige;LINREFX;LINREFY;XGCSWGS84;YGCSWGS84;STRZUSTAND
253611;5;3;15;0;2019;12;14;3;3;1;7;0;1;1;0;0;0;0;353989,301273917780000;5644730,434471689200000;6,921951956000044;50,935696728000039;0
253616;5;1;54;8;2019;12;15;3;3;1;5;0;1;1;0;0;0;0;309932,150115446190000;5745878,071642883100000;6,241474367000023;51,831340122000029;0
253618;5;1;66;16;2019;12;17;3;3;5;3;2;1;0;0;0;0;1;304540,987355782650000;5689107,304837998000000;6,194917244000067;51,319638473000055;0
253621;5;1;16;0;2019;12;20;3;3;5;2;2;1;1;0;0;0;0;319198,442973214200000;5674134,082578957100000;6,412595467000074;51,189982484000041;0
253622;5;1;16;0;2019;12;14;3;3;5;3;0;1;1;0;0;0;0;322095,680494150150000;5675417,662374891300000;6,453376834000039;51,202422404000060;1
253623;5;1;12;0;2019;12;13;5;3;5;2;0;1;1;0;0;0;0;346618,735482078050000;5698755,641863040600000;6,794076933000042;51,419233958000063;0
253628;5;1;22;0;2019;12;11;3;3;6;7;0;1;0;1;0;0;0;359838,500887136910000;5669300,181932613300000;6,995632649000072;51,157954991000054;0
253635;5;7;70;24;2019;12;13;5;3;5;3;0;1;1;0;0;0;0;492758,509283681400000;5792287,000571377600000;8,893850929000053;52,280902118000029;0
253637;5;1;11;0;2019;12;9;3;3;5;3;0;1;0;0;0;0;1;343969,727766877040000;5673687,207236420400000;6,766973563000022;51,193267202000072;0
253641;5;7;74;8;2019;12;13;3;3;5;2;0;1;1;0;0;0;0;486758,859482537020000;5736288,439894849400000;8,808073348000050;51,777314936000039;1
253645;5;7;11;0;2019;12;19;3;3;5;3;2;1;1;0;0;0;0;471012,225050712940000;5765694,477005781600000;8,577360650000060;52,041106227000057;1
253652;5;9;11;0;2019;12;7;3;3;5;3;2;1;1;0;0;0;0;371893,053964279590000;5706587,226066747700000;7,154511786000057;51,495893140000078;1
253653;5;5;66;36;2019;12;7;2;3;5;3;2;1;1;0;0;0;0;386839,047000000250000;5768024,485999997700000;7,349697079000066;52,051257218000046;2
253654;5;5;66;8;2019;12;11;2;3;5;3;0;1;1;0;0;0;0;399404,706926244310000;5781231,513632191300000;7,528979187000061;52,172383070000080;1
253655;5;5;54;68;2019;12;17;2;3;0;7;1;1;0;0;0;0;0;351073,010678674090000;5767243,997388390800000;6,828793251000036;52,035789692000037;1
253656;5;5;54;20;2019;12;7;2;2;0;1;1;1;0;0;0;0;0;363933,714549616910000;5786786,444465272100000;7,008345897000027;52,214690232000066;2
253657;5;5;54;20;2019;12;9;2;3;5;3;0;1;1;0;0;0;0;364657,760574069810000;5786509,358523313000000;7,019047946000057;52,212378866000051;1
253658;5;5;15;0;2019;12;15;2;3;5;3;0;1;1;0;0;0;0;399075,885976101270000;5756001,933256963300000;7,531628160000025;51,945562136000035;0
253659;5;5;62;24;2019;12;13;2;2;0;7;0;1;0;1;0;0;0;368507,645775955170000;5724497,030065618500000;7,099065884000027;51,656065451000075;1
253663;5;5;62;14;2019;12;21;2;3;1;5;2;1;1;0;0;0;0;359318,037922519260000;5716330,063396502300000;6,969581251000022;51,580453311000042;1
253671;5;3;78;32;2019;12;10;2;3;0;1;0;1;0;0;0;0;0;376415,284488493580000;5667663,246616167900000;7,233120682000049;51,147063181000078;2
253676;5;3;16;0;2019;12;17;2;3;6;6;2;1;0;1;0;0;0;363223,317070511170000;5655494,944906862500000;7,049235996000050;51,034704840000074;0
253677;5;3;15;0;2019;12;7;2;3;5;3;2;1;1;0;0;0;0;364056,392664967100000;5639147,565000647700000;7,067217928000048;50,887981708000041;1
253678;5;1;13;0;2019;12;5;5;2;0;1;2;1;0;0;0;0;0;368106,414543406110000;5694771,617066532400000;7,104396461000022;51,388836926000067;2
253681;5;3;15;0;2019;12;17;2;2;5;3;2;1;1;0;0;0;0;356100,378000001420000;5650125,782000003400000;6,949842897000053;50,984714291000046;1
253683;5;3;15;0;2019;12;9;2;3;0;1;0;1;0;0;0;0;0;354774,004813534210000;5642780,050009211500000;6,933889094000051;50,918367233000026;1
253684;5;3;15;0;2019;12;16;2;3;5;3;1;1;1;0;0;0;0;355545,495753129010000;5641069,116497682400000;6,945534697000028;50,903184973000066;1
253686;5;3;15;0;2019;12;15;2;3;5;2;0;1;1;0;0;0;0;355202,590243970980000;5643158,431926105200000;6,939832086000024;50,921875379000028;1
253692;5;3;14;0;2019;12;18;2;3;0;7;2;1;0;0;0;0;0;365592,075550145470000;5622177,333649070900000;7,095254023000052;50,735816003000082;1
253693;5;3;14;0;2019;12;17;2;3;5;3;2;1;0;0;0;0;0;365041,138000001200000;5622898,108000000900000;7,087187137000058;50,742166482000073;1
253694;5;3;14;0;2019;12;10;2;3;5;2;0;1;1;0;0;0;0;365827,589847756550000;5621617,178133579000000;7,098793511000054;50,730835805000027;1
253696;5;1;70;24;2019;12;9;2;3;5;3;0;1;1;0;0;0;0;337486,179168176840000;5699785,641114272200000;6,662374722000038;51,425943504000031;1
253698;5;1;66;36;2019;12;11;2;3;5;3;0;1;1;0;0;0;0;328649,031538405460000;5682328,947167353700000;6,543785467000021;51,266515695000066;1
253700;5;1;66;16;2019;12;10;2;3;1;5;0;1;1;0;0;0;0;304466,540011651810000;5689042,259803904200000;6,193885878000060;51,319028710000055;1
253703;5;3;14;0;2019;12;13;2;3;5;3;0;1;1;0;0;0;0;364275,376597101800000;5621867,500522088300000;7,076719826000044;50,732725066000057;1
253707;5;1;12;0;2019;12;7;2;3;5;3;2;1;1;0;0;0;0;340212,840993124990000;5695872,478746956200000;6,703324255000041;51,391560459000061;1
253708;5;1;12;0;2019;12;7;2;3;4;3;2;1;1;0;0;0;0;348856,379999999890000;5707736,490000002100000;6,822394963000022;51,500530591000029;1
253709;5;1;11;0;2019;12;13;2;3;0;7;0;1;0;0;0;0;0;349535,128107170570000;5670477,377277718900000;6,847905338000032;51,165916571000082;1
253716;5;7;54;16;2019;12;17;2;3;5;3;2;1;1;0;0;0;0;447869,387222443710000;5757422,322526730600000;8,241223561000027;51,965045043000032;1
253719;5;7;11;0;2019;12;18;2;2;5;3;2;1;1;0;0;0;0;466962,394621111450000;5767343,778660373800000;8,518157119000023;52,055707824000081;1
253720;5;7;11;0;2019;12;17;2;2;5;3;2;1;1;0;0;0;0;467172,179713359100000;5763474,960335949400000;8,521588107000071;52,020937351000043;1
253721;5;9;78;36;2019;12;8;2;3;1;5;2;1;1;0;0;0;0;408817,488108943220000;5712056,236838026000000;7,684842570000058;51,552218489000040;1
253732;5;9;11;0;2019;12;8;2;3;3;6;0;1;1;0;0;0;0;375908,463288447820000;5701477,250151788800000;7,214121072000069;51,450863469000069;1
253734;5;1;66;4;2019;12;7;2;3;5;2;2;1;0;0;0;0;1;303464,553527102810000;5680140,596460057400000;6,184420376000048;51,238736020000033;1
253737;5;3;62;28;2019;12;13;1;3;5;2;0;1;1;0;0;0;0;346984,100468812510000;5639184,808710532300000;6,824653066000053;50,884046867000052;1
253743;5;1;13;0;2019;12;16;1;3;5;2;2;1;1;0;0;0;0;362294,495069935920000;5701088,347366051700000;7,018465023000033;51,444221594000055;0
253748;5;1;11;0;2019;12;10;1;3;5;7;0;1;1;0;0;0;0;350608,023913330400000;5678429,838165743300000;6,859929281000063;51,237657954000042;1
253749;5;7;54;28;2019;12;13;1;3;0;2;0;1;0;0;0;0;0;451059,387999999340000;5745031,902000000700000;8,289411261000055;51,853940172000080;1
253751;5;9;58;4;2019;12;14;1;3;0;7;0;1;0;1;0;0;0;426878,971277537760000;5701905,889107614800000;7,947401456000023;51,463595182000063;1
253755;5;9;11;0;2019;12;3;1;3;0;1;2;1;0;0;0;0;0;373639,787581268700000;5701740,804810660000000;7,181394525000030;51,452730372000076;0
253756;5;5;66;76;2019;12;4;7;3;0;1;2;1;0;0;0;0;0;395222,146952909420000;5793935,708391811700000;7,463903819000052;52,285782195000081;1
253758;5;5;54;8;2019;12;16;7;3;5;3;1;1;1;0;0;0;0;335241,625496702270000;5745109,776946699200000;6,608794175000071;51,832476730000053;0
253759;5;5;54;20;2019;12;18;7;3;0;4;2;1;0;1;0;0;0;366513,303625766190000;5786515,190019805000000;7,046187283000052;52,212883879000060;1
253760;5;5;15;0;2019;12;9;7;3;1;5;0;1;1;0;0;0;0;404516,723533530720000;5760138,256260095200000;7,609612357000060;51,983701406000080;1
253762;5;3;34;2;2019;12;11;7;3;5;3;0;1;1;0;0;0;0;297484,268647216260000;5629649,073341226200000;6,127038276000064;50,783177628000033;1
253767;5;3;15;0;2019;12;11;7;2;5;3;0;1;1;0;0;0;0;354428,741386065260000;5641653,999736893900000;6,929429755000058;50,908160700000053;1
253768;5;3;15;0;2019;12;14;7;3;0;1;0;1;1;0;0;0;0;355658,727639066060000;5644452,065280078000000;6,945805337000024;50,933615330000066;0
253769;5;3;15;0;2019;12;21;7;3;3;2;2;1;1;0;0;0;0;355035,469479461200000;5644668,617867797600000;6,936855425000033;50,935405119000052;0
253771;5;3;15;0;2019;12;14;7;3;5;2;0;1;1;0;0;0;0;355765,974038000220000;5645271,142910391100000;6,947006343000055;50,941003063000039;0
253773;5;3;15;0;2019;12;12;7;3;6;4;0;1;0;1;0;0;0;356628,110772032290000;5645121,132704187200000;6,959328485000071;50,939869958000031;0
253775;5;1;62;4;2019;12;16;2;3;4;2;1;1;1;0;0;0;0;347800,725999999790000;5662721,250000001900000;6,826393001000042;51,095762629000035;1
253777;5;1;70;24;2019;12;10;7;3;5;3;0;1;1;0;0;0;0;335045,894608112980000;5702863,121604198600000;6,625871604000054;51,452886945000046;1
253783;5;1;13;0;2019;12;3;7;3;0;7;2;1;0;0;0;0;0;360332,130000000820000;5704335,271000001600000;6,988963474000059;51,472918753000044;1
253787;5;1;11;0;2019;12;13;7;3;1;1;0;1;1;0;0;0;0;346466,288995142090000;5678640,337989345200000;6,800554100000056;51,238449956000068;1
253793;5;7;62;36;2019;12;15;7;3;5;2;0;1;0;0;0;0;0;506320,926047291610000;5707020,822967439900000;9,091091380000023;51,514276357000028;1
253805;5;9;11;0;2019;12;18;7;2;0;1;2;1;0;0;0;0;0;376108,391103848810000;5705156,772274704700000;7,215707103000057;51,483976649000056;1
253808;5;5;54;4;2019;12;0;6;3;0;1;2;1;0;0;0;0;0;363258,056171942500000;5771478,237263893700000;7,004622430000040;52,076974730000074;1
253810;5;3;14;0;2019;12;14;2;3;5;3;0;1;1;0;0;0;0;367725,769064721650000;5617871,896878423200000;7,127017509000041;50,697608072000037;1
253811;5;5;54;8;2019;12;16;6;3;5;2;2;1;1;0;0;0;0;336135,301119488660000;5745760,178180750500000;6,621444367000038;51,838582444000053;1
253812;5;5;15;0;2019;12;11;6;3;5;3;0;1;1;0;0;0;0;405405,422564122830000;5757585,868394389700000;7,623252564000040;51,960911554000063;1
253816;5;5;62;20;2019;12;6;6;3;0;1;2;1;0;0;0;0;0;370294,551755798980000;5717487,933345856100000;7,127479085000061;51,593491813000071;0
253819;5;3;34;2;2019;12;11;6;3;1;5;0;1;1;0;0;0;0;296965,357603386980000;5628486,268585547800000;6,120328696000058;50,772552486000052;1
253820;5;3;34;2;2019;12;18;6;3;0;4;2;1;0;1;0;0;0;293291,007104967720000;5629507,343993295000000;6,067713137000055;50,780425302000026;1
253821;5;3;34;2;2019;12;18;6;2;1;1;2;1;1;0;0;0;0;293603,339554820210000;5629613,191771203700000;6,072078160000046;50,781487162000076;1
253822;5;3;34;2;2019;12;7;6;3;5;3;0;1;1;0;0;0;0;292070,290270744820000;5629238,659239631100000;6,050572899000031;50,777575919000071;1
253824;5;3;82;68;2019;12;7;6;3;5;3;2;1;1;0;0;0;0;367773,714380813760000;5630654,664286175700000;7,123105091000070;50,812511278000045;1
253829;5;3;62;40;2019;12;21;6;2;5;3;2;1;1;0;0;0;0;357406,320348567330000;5631669,275112330900000;6,975644606000060;50,819170362000079;1
253830;5;3;62;40;2019;12;15;6;3;5;3;0;1;1;0;0;0;0;355138,096815865490000;5633064,568373747200000;6,942914187000042;50,831146862000026;1
253832;5;3;62;36;2019;12;13;6;3;0;6;0;1;1;0;0;0;0;346164,110696400520000;5652430,126706130800000;6,807410854000068;51,002851736000082;1
253836;5;3;15;0;2019;12;6;6;3;0;1;2;1;0;0;0;0;0;358833,445466948670000;5640831,765643615300000;6,992357409000022;50,901865153000074;2
253839;5;3;15;0;2019;12;6;6;3;0;1;2;1;0;0;0;0;0;359091,425967215560000;5651189,945308065000000;6,992015699000035;50,995017786000062;1
253842;5;3;15;0;2019;12;8;6;3;0;1;1;1;0;0;0;0;0;354110,969369898550000;5647186,895651582600000;6,922698285000024;50,957802924000077;1
253845;5;3;15;0;2019;12;7;6;3;0;1;2;1;0;0;0;0;0;359729,581470707430000;5639617,693499004500000;7,005560089000028;50,891172439000059;2
253846;5;3;15;0;2019;12;6;6;2;0;1;2;1;0;0;0;0;0;359769,984188822100000;5638975,075883466800000;7,006380810000053;50,885406901000067;2
253848;5;3;15;0;2019;12;15;6;3;0;1;0;1;0;0;0;0;0;353731,306922551240000;5643132,898512575800000;6,918923692000021;50,921274820000065;1
253850;5;3;15;0;2019;12;16;2;3;0;5;1;1;1;0;0;0;0;354875,839121673260000;5644735,987753523500000;6,934558303000074;50,935970408000060;1
253851;5;3;15;0;2019;12;8;6;3;5;3;0;1;1;0;0;0;0;356791,704865338280000;5642764,483627857600000;6,962581218000025;50,918731603000026;1
253852;5;3;15;0;2019;12;6;6;3;0;1;2;1;0;0;0;0;0;356433,256191470660000;5644066,583520611700000;6,956972376000067;50,930344371000047;1
253853;5;3;15;0;2019;12;6;6;3;0;1;2;1;0;0;0;0;0;356424,284028966910000;5644122,946687478600000;6,956822583000076;50,930848667000078;2
253854;5;3;15;0;2019;12;7;6;3;0;1;2;1;0;0;0;0;0;356427,989000000060000;5644101,309999998700000;6,956883794000021;50,930655143000081;2
253855;5;3;14;0;2019;12;17;6;3;0;1;2;1;0;0;0;0;0;369545,517308598380000;5616297,314918637300000;7,153326383000035;50,683866301000080;1
253857;5;3;14;0;2019;12;8;6;2;6;7;0;1;0;1;0;0;0;365529,402654707430000;5620607,684922907500000;7,094938832000025;50,721693582000057;1
253858;5;1;70;8;2019;12;15;6;3;5;3;0;1;1;0;0;0;0;342989,070321359670000;5716031,271301411100000;6,734231990000069;51,573457025000039;1
253869;5;1;19;0;2019;12;18;6;3;5;2;2;1;1;0;0;0;0;355017,676356362180000;5706316,241256961600000;6,911682676000055;51,489382524000064;1
253876;5;1;13;0;2019;12;18;6;3;5;3;2;1;1;0;0;0;0;361350,515957028610000;5700257,883545886700000;7,005215561000057;51,436528443000043;1
253883;5;1;11;0;2019;12;18;6;3;5;7;2;1;1;0;0;0;0;345926,081655141900000;5682643,213198903900000;6,791097770000022;51,274271851000037;1
253884;5;1;11;0;2019;12;12;6;3;4;2;0;1;1;0;0;0;0;346411,412513126620000;5678837,605310441900000;6,799683990000062;51,240207731000055;1
253888;5;1;14;0;2019;12;13;2;3;0;7;0;1;0;0;0;0;0;330011,752555667420000;5690296,789060033900000;6,559504722000042;51,338505857000030;1
253890;5;7;74;32;2019;12;6;6;2;5;3;2;1;1;0;0;0;0;484661,598472844810000;5729332,620105590700000;8,777981155000020;51,714719650000063;0
253895;5;7;66;20;2019;12;5;6;3;5;3;2;1;0;0;0;0;1;491740,719000000510000;5753476,240000002100000;8,879873008000061;51,931948936000026;0
253896;5;7;11;0;2019;12;7;6;3;5;3;1;1;1;0;0;0;0;473049,941616675820000;5764287,787257432900000;8,607180460000052;52,028561919000026;1
253899;5;9;78;40;2019;12;14;6;3;5;3;0;1;1;0;0;0;0;405372,999217490670000;5724812,763474768000000;7,631732954000029;51,666319674000079;1
253901;5;9;16;0;2019;12;9;6;3;5;3;0;1;1;0;0;0;0;371783,719758928750000;5710563,277783544700000;7,151491428000043;51,531601235000039;1
253902;5;9;16;0;2019;12;5;6;3;5;3;2;1;1;0;0;0;0;371814,834432753730000;5711461,032428549600000;7,151612892000060;51,539676413000052;1
253903;5;3;15;0;2019;12;9;2;3;5;3;0;1;1;0;0;0;0;356800,059002939610000;5645345,621892724200000;6,961685996000028;50,941930147000051;1
253908;5;5;66;8;2019;12;17;5;3;5;3;2;1;1;0;0;0;0;399516,133269811980000;5781281,614047246100000;7,530593173000057;52,172853661000033;0
253912;5;5;54;8;2019;12;15;5;3;0;2;0;1;1;0;0;0;0;335669,944158827890000;5744624,387957943600000;6,615235157000029;51,828242437000029;0
253915;5;5;15;0;2019;12;16;5;3;5;2;1;1;1;0;0;0;0;406097,620915647600000;5754738,715658221400000;7,634101644000054;51,935437319000073;1
253921;5;5;62;32;2019;12;12;5;3;5;2;0;1;1;0;0;0;0;375192,678613621740000;5720011,523989986600000;7,197255312000038;51,617278057000078;0
253925;5;3;34;36;2019;12;14;5;3;5;3;0;1;1;0;0;0;0;299077,638000000270000;5633489,495999997500000;6,147511457000064;50,818225250000069;0
253929;5;3;62;28;2019;12;18;5;3;1;5;2;1;1;0;0;0;0;351962,732392455450000;5638710,319397797800000;6,895571965000045;50,881079935000059;0
253930;5;3;62;8;2019;12;15;5;3;5;3;0;1;1;0;0;0;0;333975,783296643760000;5646935,613053569600000;6,636354743000027;50,950096471000052;0
253932;5;3;15;0;2019;12;17;5;3;5;3;2;1;1;0;0;0;0;357354,308182973410000;5647885,114978903900000;6,968574805000060;50,964889751000044;0
253933;5;3;15;0;2019;12;8;5;3;0;1;0;1;0;0;0;0;0;355717,027999999930000;5647566,852000001800000;6,945400362000044;50,961621875000048;1
253934;5;3;15;0;2019;12;8;5;3;5;3;0;1;1;0;0;0;0;356137,508000002240000;5648877,379000002500000;6,950865606000036;50,973504455000068;0
253935;5;3;15;0;2019;12;7;5;3;3;6;2;1;1;0;0;0;0;356021,617000001480000;5646888,231000000600000;6,950003235000054;50,955599436000057;0
253938;5;3;15;0;2019;12;15;5;3;5;2;0;1;1;0;0;0;0;355168,200346095490000;5647132,146923128500000;6,937763429000029;50,957577601000025;0
253941;5;3;15;0;2019;12;22;5;2;0;7;2;1;0;0;0;0;0;355992,969684267420000;5643028,291206944700000;6,951121231000059;50,920903631000044;0
253943;5;3;15;0;2019;12;18;5;3;6;6;2;1;0;1;0;0;0;356447,649001388810000;5645870,956570757600000;6,956466135000028;50,946563624000078;0
253944;5;3;14;0;2019;12;17;5;2;4;3;2;1;1;0;0;0;0;370204,678544715980000;5618096,039574082900000;7,162020267000059;50,700181278000059;0
253946;5;3;14;0;2019;12;18;5;2;0;7;2;1;0;0;0;0;0;362073,032269692980000;5619100,411006083700000;7,046565367000028;50,707336517000044;0
253948;5;3;14;0;2019;12;15;5;3;5;3;0;1;1;0;0;0;0;362535,408855230550000;5623571,094670686900000;7,051443262000021;50,747627286000068;0
253953;5;1;70;24;2019;12;16;5;3;0;6;1;1;1;0;0;0;0;335707,946999999690000;5705712,271000003400000;6,634067444000038;51,478676502000042;0
253958;5;1;62;8;2019;12;16;5;3;0;5;1;1;1;0;0;0;0;330802,200234611520000;5662709,618361158300000;6,583856576000073;51,090895117000059;0
253960;5;3;15;0;2019;12;15;2;3;5;3;1;1;0;0;1;0;0;360800,975653658620000;5637375,170995038000000;7,021637971000075;50,871277374000044;1
253967;5;5;54;20;2019;12;10;4;3;0;1;0;1;0;0;0;0;0;366197,748723664320000;5787587,078817194300000;7,041147680000051;52,222438661000069;1
253968;5;5;54;8;2019;12;17;4;3;5;3;2;1;1;0;0;0;0;335281,438000000080000;5745125,559000000400000;6,609363936000023;51,832630247000054;1
253970;5;5;15;0;2019;12;7;4;3;5;3;2;1;1;0;0;0;0;405277,992908896880000;5755882,868326930300000;7,621867941000062;51,945582568000077;1
253971;5;5;62;14;2019;12;15;4;3;5;3;0;1;1;0;0;0;0;358602,841478522870000;5714030,394338358200000;6,960191478000070;51,559609719000036;1
253972;5;1;11;0;2019;12;9;5;3;0;1;0;1;0;0;0;0;0;344318,446189569310000;5674727,033099016200000;6,771509258000037;51,202705545000072;1
253973;5;5;62;14;2019;12;7;4;3;3;2;2;1;1;0;0;0;0;358455,358000000940000;5715710,638000000300000;6,957388584000057;51,574671242000079;1
253975;5;3;34;2;2019;12;21;4;3;0;5;2;1;1;0;0;0;0;296738,990296812730000;5628308,633938008900000;6,117220574000044;50,770877801000040;1
253978;5;3;34;2;2019;12;16;4;3;0;1;1;1;0;0;0;0;0;294161,695472324270000;5627687,018314475200000;6,081065736000028;50,764386315000081;1
253984;5;3;66;28;2019;12;10;4;3;0;1;0;1;1;0;0;0;0;333864,122911915180000;5607075,723038218900000;6,652768644000048;50,591913469000076;1
253988;5;3;62;20;2019;12;8;4;3;5;3;1;1;1;0;0;0;0;346085,626261909490000;5631343,709838567300000;6,815185215000042;50,813346688000081;1
253993;5;3;15;0;2019;12;22;4;2;7;1;2;1;0;0;0;0;0;355335,156841842460000;5643790,380463553600000;6,941466214000059;50,927587832000029;1
253997;5;3;14;0;2019;12;23;4;3;1;3;2;1;0;0;0;0;0;367161,778971047140000;5622978,642184406500000;7,117197133000047;50,743379348000076;1
253998;5;1;70;52;2019;12;16;4;3;5;3;1;1;1;0;0;0;0;323677,317706522530000;5726349,882290061600000;6,450639930000023;51,660437545000036;1
253999;5;1;70;24;2019;12;7;4;2;4;2;2;1;0;0;0;0;0;333782,280078894460000;5707027,553764864800000;6,605743149000034;51,489930356000059;1
254001;5;1;58;28;2019;12;10;4;3;5;3;0;1;1;0;0;0;0;348827,026372118850000;5690098,832698013600000;6,829495708000025;51,342041881000057;1
254002;5;1;11;0;2019;12;19;5;2;5;3;2;1;1;0;0;0;0;344908,537764818410000;5676609,308322472500000;6,779135458000042;51,219779071000062;0
254005;5;1;62;8;2019;12;7;4;2;5;2;2;1;1;0;0;0;0;330257,530468143520000;5662749,920082422000000;6,576067199000022;51,091096270000037;1
254010;5;1;16;0;2019;12;6;4;2;5;3;2;1;1;0;0;0;0;321895,924000001510000;5671815,010999999900000;6,452306486000055;51,169996438000055;1
254011;5;1;14;0;2019;12;8;4;3;5;3;1;1;1;0;0;0;0;330113,965186618270000;5690102,054945018100000;6,561063638000064;51,336786951000079;1
254023;5;1;11;0;2019;12;7;4;3;5;3;2;1;1;0;0;0;0;347113,560414559210000;5673115,152229828800000;6,812174510000034;51,188976654000044;1
254027;5;7;70;24;2019;12;9;4;2;0;7;0;1;0;1;0;0;0;493437,432737307620000;5793075,095623785600000;8,903787537000028;52,287996020000037;1
254029;5;7;54;36;2019;12;7;4;3;5;3;2;1;1;0;0;0;0;474682,197000001560000;5749693,919000001600000;8,632047318000048;51,897427857000082;1
254031;5;7;11;0;2019;12;7;4;2;0;7;1;1;0;1;0;0;0;469559,387673636900000;5762279,136688333000000;8,556482920000065;52,010322227000074;1
254032;5;7;11;0;2019;12;7;4;3;5;2;2;1;1;0;0;0;0;468663,385684137230000;5763933,581279320600000;8,543277240000066;52,025146882000058;1
254034;5;7;11;0;2019;12;17;4;3;3;6;2;1;0;0;0;0;0;466903,240000000220000;5764580,614000000100000;8,517561951000062;52,030861861000062;1
254036;5;9;78;36;2019;12;7;4;3;0;5;1;1;1;0;0;0;0;408927,759618735870000;5710451,921562517100000;7,686847862000036;51,537814639000032;1
254037;5;7;54;28;2019;12;19;5;3;5;3;2;1;1;0;0;0;0;450708,092982922680000;5744948,705544693400000;8,284322958000075;51,853161279000062;0
254045;5;9;13;0;2019;12;10;4;3;5;3;0;1;1;0;0;0;0;393375,890759227800000;5707310,946566661800000;7,463639636000039;51,506858753000074;1
254049;5;5;70;52;2019;12;9;3;2;0;7;0;1;0;0;0;0;0;430839,087053994650000;5755379,526160119100000;7,993789956000057;51,944823131000078;1
254051;5;5;66;40;2019;12;8;3;3;0;1;0;1;0;0;0;0;0;422053,900010075420000;5781706,731964454100000;7,859991372000025;52,180319233000034;2
254052;5;5;66;40;2019;12;8;3;3;0;1;0;1;0;0;0;0;0;422054,864024091510000;5781713,769285116300000;7,860003851000045;52,180382627000029;2
254053;5;5;66;28;2019;12;9;3;3;0;1;0;1;0;0;0;0;0;409746,844356860030000;5792447,707523427900000;7,677175053000042;52,274985248000064;2
254054;5;5;66;76;2019;12;8;3;2;0;7;0;1;0;0;0;0;0;391644,295000000860000;5793382,035000002000000;7,411650176000023;52,280112530000054;2
254058;5;5;54;56;2019;12;17;3;3;5;3;2;1;0;0;1;0;0;356824,882689618510000;5761674,549316387600000;6,914916701000038;51,987263221000035;1
254059;5;7;66;40;2019;12;7;5;3;5;3;2;1;1;0;0;0;0;486457,870330862700000;5759792,562811842200000;8,802788048000025;51,988635307000038;1
254061;5;5;54;20;2019;12;20;3;3;3;6;2;1;0;0;0;0;0;365382,642410209400000;5783739,973385900300000;7,030751495000061;52,187672576000068;0
254062;5;5;15;0;2019;12;9;3;3;0;1;0;1;0;0;0;0;0;402137,834141157570000;5758468,919599823700000;7,575459433000049;51,968283090000057;2
254063;5;5;15;0;2019;12;9;3;3;0;1;0;1;0;0;0;0;0;404843,779454028230000;5755151,378877721700000;7,615754889000073;51,938933529000053;2
254064;5;5;15;0;2019;12;8;3;3;0;1;0;1;0;0;0;0;0;404924,975780502890000;5755176,106461111500000;7,616928851000068;51,939169671000059;2
254066;5;5;15;0;2019;12;8;3;3;0;1;1;1;0;0;0;0;0;405926,043762692250000;5755631,118013981700000;7,631362549000073;51,943429685000069;2
254068;5;5;15;0;2019;12;17;3;3;0;3;2;1;1;0;0;0;0;405315,483621809630000;5755930,593059623600000;7,622400087000074;51,946017922000067;0
254070;5;5;62;8;2019;12;7;3;3;5;3;2;1;1;0;0;0;0;382382,885459965090000;5723022,520814368500000;7,300050022000050;51,645888001000060;2
254071;5;5;62;4;2019;12;8;3;3;0;7;1;1;0;0;0;0;0;383839,101818912660000;5713180,905415242500000;7,324346994000052;51,557737090000046;2
254072;5;7;11;0;2019;12;12;5;3;3;6;0;1;0;0;0;0;0;466422,896478515120000;5760104,590236702900000;8,510999310000045;51,990590783000073;0
254073;5;5;62;16;2019;12;8;3;3;0;1;0;1;0;0;0;0;0;374908,125287739560000;5734606,532671371500000;7,187917288000051;51,748379624000052;2
254075;5;5;12;0;2019;12;8;3;3;0;1;0;1;0;0;0;0;0;359231,422964249740000;5711324,596332209200000;6,970335906000059;51,535452627000041;2
254076;5;9;78;40;2019;12;7;5;3;5;3;2;1;1;0;0;0;0;406556,909256221730000;5724331,616519084200000;7,648975304000032;51,662192800000071;1
254077;5;5;12;0;2019;12;8;3;3;0;1;0;1;0;0;0;0;0;359568,767025520090000;5711731,503503428800000;6,975034293000022;51,539193132000037;2
254078;5;5;12;0;2019;12;8;3;2;0;7;0;1;0;0;0;0;0;354213,781577061860000;5715806,376448266200000;6,896183011000062;51,574450621000040;2
254080;5;3;70;40;2019;12;19;3;3;5;2;2;1;1;0;0;0;0;310471,173000000420000;5668605,205000003800000;6,290761034000070;51,137494076000053;0
254084;5;3;82;56;2019;12;6;3;3;4;6;2;1;1;0;0;0;0;373978,916939584540000;5625965,493294766200000;7,212746838000044;50,771746331000031;1
254086;5;3;78;4;2019;12;8;3;3;0;7;1;1;0;0;0;0;0;368366,550790183250000;5650641,004396423700000;7,124309179000022;50,992280467000057;2
254087;5;3;78;4;2019;12;7;3;3;0;7;2;1;0;0;0;0;0;369643,025968789120000;5647829,278035469400000;7,143496238000068;50,967299760000060;2