OBJECTID;ULAND;UREGBEZ;UKREIS;UGEMEINDE;UJAHR;UMONAT;USTUNDE;UWOCHENTAG;UKATEGORIE;UART;UTYP1;ULICHTVERH;IstRad;IstPKW;IstFuss;IstKrad;IstGkfz;IstSonstige;LINREFX;LINREFY;XGCSWGS84;YGCSWGS84;STRZUSTAND
254088;5;3;78;4;2019;12;7;3;2;0;1;2;1;0;0;0;0;0;367793,986209439110000;5646666,009674588200000;7,117600555000024;50,956423253000025;2
254090;5;3;66;20;2019;12;16;3;3;5;3;2;1;1;0;0;0;0;318541,242375946600000;5596282,027408311100000;6,441756575000056;50,490379299000040;0
254094;5;3;16;0;2019;12;8;3;3;0;1;1;1;0;0;0;0;0;359573,375000000000000;5654811,545000003700000;6,997477442000047;51,027682866000077;2
254098;5;3;15;0;2019;12;16;3;3;1;5;1;1;1;0;0;0;0;355210,801732879130000;5647481,772503672200000;6,938230501000021;50,960730299000033;0
254099;5;3;15;0;2019;12;19;3;3;0;7;2;1;0;0;0;0;0;356595,747432049360000;5647333,195688055800000;6,957996945000048;50,959741419000068;0
254100;5;3;15;0;2019;12;16;3;3;5;3;0;1;1;0;0;0;0;353619,559685224670000;5653513,721329821300000;6,913157316000024;51,014534696000055;0
254101;5;3;15;0;2019;12;16;3;3;2;2;1;1;1;0;0;0;0;357284,403137707150000;5642155,064438208900000;6,969824510000024;50,913376831000051;1
254104;5;3;14;0;2019;12;12;3;3;5;7;0;1;1;0;0;0;0;363805,087054944600000;5621070,875365767600000;7,070353890000035;50,725455067000041;0
254109;5;1;70;8;2019;12;7;3;3;0;7;2;1;0;0;0;0;0;342181,132008267570000;5716820,422751650200000;6,722228245000053;51,580321578000053;2
254111;5;1;70;24;2019;12;9;3;3;0;3;0;1;0;0;0;0;0;335040,392962787300000;5705386,533018536900000;6,624615112000072;51,475555803000077;2
254113;5;1;70;24;2019;12;13;3;3;5;3;0;1;1;0;0;0;0;335110,439280138350000;5704596,597605457500000;6,625991414000055;51,468479406000029;0
254114;5;1;70;24;2019;12;13;3;3;0;7;0;1;0;0;0;0;1;336134,992822994480000;5702356,015818567900000;6,641767159000040;51,448647242000050;0
254115;5;1;70;28;2019;12;7;3;3;2;6;1;1;1;0;0;0;0;332069,993000000720000;5703374,334000000700000;6,582838389000074;51,456604839000079;1
254116;5;1;58;26;2019;12;10;3;3;0;7;0;1;0;0;0;0;0;351817,404813954610000;5662872,858965750800000;6,883651790000045;51,098177043000078;1
254117;5;1;58;8;2019;12;9;3;2;0;1;0;1;0;0;0;0;0;360945,595586396750000;5676543,546271916500000;7,008649642000023;51,223319619000051;2
254119;5;1;58;28;2019;12;7;3;3;0;1;1;1;0;0;0;0;0;350253,773645740000000;5684278,219322750300000;6,852409570000020;51,290117339000062;1
254120;5;1;58;28;2019;12;8;3;3;0;1;0;1;0;0;0;0;0;348854,560484944840000;5690076,077352181100000;6,829900392000070;51,341844734000063;2
254121;5;1;58;36;2019;12;8;3;3;0;1;1;1;0;0;0;0;0;362547,711556212050000;5683255,640877449900000;7,029000060000044;51,284027821000052;2
254123;5;1;66;16;2019;12;9;3;3;0;1;0;1;0;0;0;0;0;309817,048999999650000;5688536,988000001800000;6,270846071000051;51,316304078000030;2
254125;5;9;58;4;2019;12;17;5;3;0;2;2;1;1;0;0;0;0;427870,643035708000000;5698372,331733347800000;7,962394673000063;51,431954593000057;1
254131;5;1;14;0;2019;12;8;3;2;0;1;0;1;0;0;0;0;0;331244,200663522820000;5693392,505518164500000;6,575713556000039;51,366684625000062;2
254132;5;1;14;0;2019;12;8;3;3;0;1;0;1;0;0;0;0;0;332362,350999999790000;5690555,293999999800000;6,593098011000052;51,341526217000080;2
254133;5;1;14;0;2019;12;8;3;3;0;1;1;1;0;0;0;0;0;332360,155760635620000;5690561,537572396900000;6,593063583000060;51,341581662000067;2
254134;5;1;14;0;2019;12;8;3;3;0;1;1;1;0;0;0;0;0;331516,275167894550000;5687881,464641369900000;6,582226197000068;51,317254482000067;2
254146;5;1;12;0;2019;12;8;3;3;0;7;0;1;0;0;0;0;0;339060,952548831700000;5696467,119772223800000;6,686512615000027;51,396577529000069;2
254150;5;9;15;0;2019;12;6;5;3;4;2;2;1;1;0;0;0;0;418365,626281239090000;5726133,204555122200000;7,819245891000037;51,680227875000071;1
254151;5;1;11;0;2019;12;1;3;3;0;7;2;1;0;0;0;0;0;351588,629758317020000;5669870,961709642800000;6,877504971000064;51,161003753000045;1
254152;5;1;11;0;2019;12;13;3;3;5;3;0;1;0;0;0;0;1;352921,574217066170000;5667810,144928719800000;6,897396271000048;51,142829062000033;0
254154;5;7;74;20;2019;12;6;3;3;0;1;2;1;0;0;0;0;0;469256,890000000600000;5734583,674000000600000;8,554543990000070;51,761299512000051;2
254156;5;7;74;32;2019;12;7;3;3;0;1;1;1;0;0;0;0;0;483529,151924387550000;5728772,006401442000000;8,761615972000072;51,709646877000068;2
254157;5;7;74;32;2019;12;8;3;3;0;1;1;1;0;0;0;0;0;481136,665049407630000;5728171,632507948200000;8,727022189000024;51,704173381000032;2
254158;5;7;74;32;2019;12;8;3;2;0;1;0;1;0;0;0;0;0;482530,006452813740000;5728738,239758538100000;8,747157093000055;51,709313044000055;2
254159;5;9;15;0;2019;12;20;5;3;0;6;2;1;1;0;0;0;0;421229,075886094940000;5726700,869725264600000;7,860525542000062;51,685739948000048;1
254160;5;7;74;32;2019;12;9;3;3;0;1;0;1;0;0;0;0;0;483748,013181047510000;5728907,777524616600000;8,764777210000034;51,710874023000031;2
254161;5;7;74;8;2019;12;10;3;3;0;1;0;1;0;0;0;0;0;487734,404244689270000;5737375,059721374900000;8,822175116000040;51,787107239000079;2
254162;5;7;70;24;2019;12;8;3;3;0;1;0;1;0;0;0;0;0;491771,964779781180000;5793386,036030160300000;8,879362909000065;52,290769113000067;2
254164;5;7;58;4;2019;12;8;3;2;0;1;1;1;0;0;0;0;0;471360,636000000870000;5781763,388000002100000;8,581088424000029;52,185592601000053;2
254165;5;9;13;0;2019;12;7;5;3;4;2;2;1;1;0;0;0;0;398572,792668402190000;5709958,684191383400000;7,537733448000040;51,531615374000069;1
254167;5;7;54;28;2019;12;16;3;3;5;3;1;1;1;0;0;0;0;450707,942310355600000;5744948,622912325000000;8,284320783000055;51,853160523000042;1
254171;5;7;66;8;2019;12;9;3;3;0;1;0;1;1;0;0;0;0;482061,176490361800000;5770761,236396897600000;8,738184830000023;52,087127925000061;1
254172;5;7;11;0;2019;12;23;3;2;5;7;2;1;1;0;0;0;0;466601,438898256980000;5766009,168843597200000;8,513023354000040;52,043687298000066;0
254173;5;9;78;20;2019;12;7;3;3;0;1;2;1;0;0;0;0;0;406121,509306956080000;5716656,533066770100000;7,644739676000029;51,593128833000037;1
254177;5;9;70;20;2019;12;14;3;3;5;7;0;1;1;0;0;0;0;437378,200294183570000;5650031,011123871400000;8,107587445000036;50,998445338000067;0
254178;5;9;13;0;2019;12;8;5;3;5;2;1;1;1;0;0;0;0;393131,782744605090000;5707273,208605142300000;7,460135054000034;51,506473434000043;1
254180;5;9;58;44;2019;12;17;3;3;5;3;2;1;1;0;0;0;0;430545,018616423940000;5686685,900053830800000;8,003145167000071;51,327221339000062;0
254182;5;9;54;16;2019;12;8;3;3;0;1;1;1;0;0;0;0;0;372897,204262491320000;5694661,486015347800000;7,173251861000040;51,388940414000047;2
254192;5;9;11;0;2019;12;15;3;3;5;3;0;1;1;0;0;0;0;380507,643672805280000;5701772,119258267800000;7,280178478000039;51,454502960000070;0
254194;5;9;11;0;2019;12;8;3;3;0;1;0;1;0;0;0;0;0;375640,195820912720000;5701782,374430060400000;7,210155027000042;51,453546890000041;2
254195;5;9;11;0;2019;12;8;3;3;5;2;0;1;1;0;0;0;0;375865,360580528150000;5704437,529600324100000;7,212461595000036;51,477459253000063;1
254197;5;5;66;76;2019;12;15;2;3;1;7;0;1;1;0;0;0;0;394230,918666091750000;5793212,031527366500000;7,449604717000057;52,279088470000033;0
254200;5;5;15;0;2019;12;8;2;3;1;7;1;1;1;0;0;0;0;409134,279481717390000;5757745,602601250600000;7,677464849000046;51,962969266000073;0
254205;5;3;34;2;2019;12;7;2;2;5;2;1;1;1;0;0;0;0;299039,881004129540000;5627470,093340439700000;6,150267919000044;50,764147814000069;1
254208;5;3;78;4;2019;12;7;2;3;5;1;2;1;1;0;0;0;0;367140,030543305910000;5652177,106716837700000;7,106280134000031;51,005804489000070;1
254212;5;3;62;32;2019;12;7;2;3;1;5;2;1;1;0;0;0;0;339327,198797621760000;5642760,150900855700000;6,714316152000038;50,914094628000043;0
254216;5;5;70;52;2019;12;11;4;3;5;3;0;1;1;0;0;0;0;430216,735502832570000;5756191,609841903700000;7,984572127000035;51,952045736000059;1
254223;5;3;15;0;2019;12;17;2;3;5;3;2;1;1;0;0;0;0;351545,120251150800000;5650172,563596965700000;6,884970998000028;50,983978086000036;1
254226;5;3;82;44;2019;12;9;2;3;0;7;0;1;1;0;0;0;0;361816,824202841150000;5630520,022512724600000;7,038652071000058;50,809910709000064;1
254228;5;3;74;12;2019;12;8;2;3;5;2;1;1;1;0;0;0;0;399123,576000001280000;5653193,468000002200000;7,561696997000070;51,021439881000049;0
254231;5;3;15;0;2019;12;11;2;3;0;7;0;1;1;0;0;0;0;363660,131143141540000;5638887,501227917100000;7,061684541000034;50,885550990000070;1
254233;5;9;74;28;2019;12;16;3;2;5;3;1;1;1;0;0;0;0;455494,059401657430000;5722665,738652257200000;8,356659062000063;51,653222480000068;0
254234;5;3;15;0;2019;12;12;2;3;3;6;0;1;0;0;0;0;1;355373,828381589610000;5648222,434875197700000;6,940255932000071;50,967427383000029;1
254235;5;3;15;0;2019;12;18;2;3;5;2;2;1;1;0;0;0;0;357091,182703907600000;5648932,545438032600000;6,964418582000064;50,974237659000039;1
254239;5;3;14;0;2019;12;14;2;3;1;5;0;1;1;0;0;0;0;365467,936409305780000;5622810,098559321800000;7,093264836000060;50,741474502000074;1
254240;5;3;14;0;2019;12;20;2;2;0;1;2;1;0;0;0;0;0;365884,378000000490000;5621594,861000003300000;7,099605838000059;50,730648334000080;1
254241;5;1;70;8;2019;12;7;2;3;0;1;2;1;0;0;0;0;0;343244,400331979620000;5716143,348009698100000;6,737863462000064;51,574535038000079;1
254242;5;1;70;20;2019;12;17;2;3;6;4;2;1;0;1;0;0;0;329626,620184508150000;5708596,562834696800000;6,545184469000049;51,502788789000078;1
254245;5;1;16;0;2019;12;15;2;3;5;3;0;1;1;0;0;0;0;322890,306933921760000;5670459,014656327700000;6,467183366000029;51,158123683000042;1
254256;5;1;12;0;2019;12;10;2;3;5;3;0;1;1;0;0;0;0;345504,205962770620000;5699929,783437117900000;6,777548804000048;51,429481066000051;0
254261;5;1;11;0;2019;12;6;2;2;5;2;2;1;1;0;0;0;0;351335,900811587460000;5670872,774893794200000;6,873479148000058;51,169940478000058;0
254267;5;7;66;20;2019;12;6;2;3;5;7;2;1;1;0;0;0;0;491503,449185693640000;5754702,074978942100000;8,876391765000051;51,942966888000058;0
254269;5;7;11;0;2019;12;14;2;3;0;2;0;1;1;0;0;0;0;469442,208426164460000;5762292,987006729500000;8,554774448000046;52,010440311000082;0
254272;5;9;74;16;2019;12;15;2;3;5;3;1;1;1;0;0;0;0;454021,829003357330000;5718426,070753801600000;8,335936143000026;51,614985485000034;1
254273;5;9;74;28;2019;12;19;2;2;0;1;2;1;0;0;0;0;0;456502,535226342270000;5725288,230909055100000;8,370909317000042;51,676880073000063;1
254278;5;9;58;4;2019;12;12;3;3;5;3;0;1;1;0;0;0;0;434079,173105199820000;5696150,094343852300000;8,052106157000026;51,412731726000061;0
254282;5;3;70;40;2019;12;12;1;3;3;6;0;1;1;0;0;0;0;310216,835828511980000;5671930,148035991900000;6,285376752000047;51,167275046000043;1
254283;5;3;66;44;2019;12;17;1;3;2;3;1;1;1;0;0;0;0;335418,003313202410000;5616073,173510268300000;6,670709111000065;50,673201489000064;0
254287;5;3;15;0;2019;12;16;1;2;4;1;0;1;1;0;0;0;0;355255,018700679760000;5642045,704776311300000;6,941019028000028;50,911888660000045;1
254288;5;3;15;0;2019;12;4;1;3;5;7;2;1;1;0;0;0;0;355090,131000000980000;5644995,010999999900000;6,937503030000073;50,938352075000068;1
254289;5;3;14;0;2019;12;18;1;3;5;3;2;1;1;0;0;0;0;367056,085000000890000;5619943,212000004900000;7,116794436000021;50,716072547000067;1
254298;5;7;54;28;2019;12;20;1;2;2;7;2;1;0;0;0;0;0;451437,227706217210000;5742493,137610800600000;8,295253324000043;51,831148368000072;0
254299;5;7;54;8;2019;12;13;1;3;5;3;0;1;1;0;0;0;0;457547,987584385090000;5751839,994589032600000;8,382777758000032;51,915680395000038;0
254300;5;9;62;40;2019;12;18;3;3;5;3;2;1;1;0;0;0;0;414695,137187353340000;5698708,814480742400000;7,772822608000070;51,433148976000041;0
254306;5;9;13;0;2019;12;21;1;3;0;5;2;1;1;0;0;0;0;391621,022000001740000;5704103,504000002500000;7,439348466000070;51,477695133000054;0
254311;5;5;70;52;2019;12;7;7;3;5;3;2;1;1;0;0;0;0;430876,318645041440000;5755830,296622823900000;7,994240897000054;51,948880028000076;1
254315;5;3;70;16;2019;12;13;7;3;5;3;0;1;1;0;0;0;0;300058,026263211850000;5660138,417346375100000;6,146790034000048;51,057911630000035;1
254316;5;3;58;32;2019;12;13;7;3;5;3;0;1;1;0;0;0;0;315128,235000000340000;5632673,826999999600000;6,375525905000075;50,816243961000055;1
254318;5;3;34;2;2019;12;16;7;3;7;7;1;1;0;0;0;0;1;294458,206400036810000;5628366,856604499700000;6,084884925000040;50,770597184000053;1
254323;5;3;62;24;2019;12;19;7;3;0;7;2;1;0;0;0;0;0;342884,785444994460000;5645474,905381707500000;6,763713824000035;50,939468185000067;0
254325;5;3;15;0;2019;12;15;7;3;4;6;0;1;1;0;0;0;0;352586,739539452830000;5643204,847138995300000;6,902621596000074;50,921630113000049;0
254344;5;1;12;0;2019;12;5;7;3;5;2;2;1;1;0;0;0;0;343884,594953712080000;5700409,234711036100000;6,754058215000043;51,433345038000027;1
254345;5;1;12;0;2019;12;10;7;3;0;7;0;1;0;1;0;0;0;343916,264726160090000;5710260,291401891000000;6,750160964000031;51,521863906000078;1
254349;5;9;78;28;2019;12;14;7;3;0;5;0;1;1;0;0;0;0;397843,870595042590000;5698357,352718638300000;7,530583910000075;51,427201984000078;1
254350;5;9;74;40;2019;12;17;7;3;1;5;2;1;1;0;0;0;0;439432,506803362630000;5712847,929949175600000;8,126208137000049;51,563454188000037;1
254356;5;5;54;8;2019;12;15;6;3;0;6;0;1;0;0;0;0;0;335625,878736551850000;5746240,923314839600000;6,613828397000020;51,842751475000057;1
254357;5;5;15;0;2019;12;12;6;3;1;5;0;1;1;0;0;0;0;406357,653963858260000;5751260,842155566400000;7,638828828000044;51,904220129000066;1
254358;5;9;13;0;2019;12;18;3;3;1;5;2;1;1;0;0;0;0;398022,226848421620000;5711937,292105868500000;7,529225494000059;51,549301312000068;0
254359;5;5;15;0;2019;12;17;6;3;5;3;2;1;1;0;0;0;0;405854,201745281930000;5754435,865031382100000;7,630644856000060;51,932674021000082;1
254360;5;5;15;0;2019;12;18;6;3;5;3;2;1;1;0;0;0;0;405878,487766054460000;5758307,121841006000000;7,629937832000053;51,967474783000057;1
254370;5;9;13;0;2019;12;10;3;3;0;3;0;1;1;0;0;0;0;399309,077214619140000;5712282,862646004200000;7,547679711000058;51,552638682000065;0
254376;5;9;78;24;2019;12;13;3;1;5;3;0;1;0;0;0;0;0;397602,709133158440000;5718603,701430494000000;7,521233270000039;51,609147099000040;0
254380;5;3;15;0;2019;12;8;6;3;5;3;1;1;1;0;0;0;0;359577,088909722860000;5636698,844527572400000;7,004514361000076;50,864903029000061;1
254385;5;3;14;0;2019;12;14;6;3;5;2;0;1;1;0;0;0;0;362879,438814080320000;5619144,837471889300000;7,057962837000048;50,707926567000072;1
254388;5;1;70;8;2019;12;15;6;3;5;3;0;1;1;0;0;0;0;343317,746829760260000;5715118,636537894600000;6,739377946000047;51,565348790000030;1
254391;5;1;70;32;2019;12;16;6;3;5;3;2;1;1;0;0;0;0;333495,464240451340000;5713017,286454275300000;6,598786218000043;51,543656588000033;1
254392;5;1;70;44;2019;12;14;6;3;5;3;0;1;1;0;0;0;0;337614,433144990350000;5722308,764587633300000;6,653835219000030;51,628331933000027;1
254395;5;1;54;32;2019;12;11;6;3;5;3;0;1;0;0;0;0;1;308894,471459242520000;5716966,179183984200000;6,242275342000028;51,571330316000058;1
254397;5;1;54;36;2019;12;18;6;3;5;3;2;1;1;0;0;0;0;302373,849000001330000;5740933,172000000300000;6,134742468000070;51,784312640000053;1
254398;5;1;66;36;2019;12;7;6;3;1;5;2;1;1;0;0;0;0;328695,481122403410000;5682240,153529020000000;6,544493173000035;51,265731950000031;1
254399;5;1;66;12;2019;12;17;6;2;0;2;2;1;1;0;0;0;0;320413,375000000930000;5692767,081000002100000;6,420601787000067;51,357745533000070;1
254404;5;1;62;24;2019;12;17;6;3;5;3;2;1;1;0;0;0;0;337075,838717490430000;5676042,803254962000000;6,667328151000049;51,212507855000069;1
254412;5;5;54;8;2019;12;17;2;3;5;2;1;1;0;0;0;0;1;334725,754977784120000;5745690,246474113300000;6,601036973000021;51,837538892000055;0
254415;5;5;54;8;2019;12;16;2;3;2;1;1;1;1;0;0;0;0;336871,611389028840000;5745474,787572251600000;6,632256858000062;51,836234179000030;0
254416;5;1;14;0;2019;12;10;6;3;0;1;0;1;0;0;0;0;0;332245,945000001230000;5686871,523000000000000;6,593162205000056;51,308396690000052;1
254419;5;1;12;0;2019;12;16;6;3;5;2;2;1;1;0;0;0;0;340060,973854603250000;5702603,944980807600000;6,698105500000054;51,451997173000052;1
254423;5;1;12;0;2019;12;13;6;3;2;6;0;1;0;0;0;0;1;341669,516949478540000;5712942,955846427000000;6,716596891000052;51,545341081000061;1
254425;5;5;54;44;2019;12;16;2;2;2;3;2;1;1;0;0;0;0;365465,229620755650000;5741432,432931708200000;7,048564706000036;51,807529922000072;1
254428;5;1;11;0;2019;12;7;6;3;5;3;2;1;1;0;0;0;0;344158,950085087680000;5680144,391108626500000;6,766872379000063;51,251338755000063;1
254429;5;7;74;32;2019;12;7;6;3;5;3;1;1;1;0;0;0;0;481274,474000000390000;5731136,010000001600000;8,728857090000076;51,730831581000075;0
254430;5;7;74;32;2019;12;16;6;3;5;2;2;1;1;0;0;0;0;483304,448609872720000;5730229,513883424900000;8,758294001000024;51,722745143000054;1
254431;5;5;62;12;2019;12;19;2;2;0;1;2;1;0;0;0;0;0;362345,308595512060000;5726510,765241667600000;7,009242767000046;51,672685704000060;1
254433;5;7;70;24;2019;12;10;6;3;0;7;0;1;1;0;0;0;0;494176,059071438390000;5793381,119393073000000;8,914611084000057;52,290755654000066;0
254434;5;7;70;24;2019;12;8;6;3;3;7;1;1;0;0;0;0;0;492273,853419254530000;5792610,053251082100000;8,886739232000025;52,283799927000075;0
254436;5;7;54;16;2019;12;11;6;3;5;3;0;1;1;0;0;0;0;447326,191550380550000;5757357,364495696500000;8,233327913000039;51,964409851000028;1
254447;5;9;62;40;2019;12;15;6;3;5;2;0;1;0;0;0;0;1;416441,580595111470000;5698962,150630930400000;7,797880780000071;51,435686703000044;1
254453;5;9;13;0;2019;12;19;6;3;0;1;2;1;0;0;0;0;0;392952,236459647310000;5707567,379530940200000;7,457459673000074;51,509083592000081;1
254456;5;5;70;4;2019;12;5;5;3;0;1;2;1;0;0;0;0;0;424757,601166862990000;5735076,626411896200000;7,909748090000051;51,761519913000029;1
254457;5;5;66;32;2019;12;5;5;3;1;7;2;1;1;0;0;0;0;413352,170855212960000;5777247,421058626800000;7,733893381000030;52,138938487000075;1
254458;5;5;66;8;2019;12;18;5;3;5;3;2;1;1;0;0;0;0;401094,761827493090000;5779812,269767930700000;7,554098118000070;52,159932651000076;0
254459;5;5;62;24;2019;12;11;5;3;5;3;0;1;1;0;0;0;0;370469,147147870620000;5725162,579869652200000;7,127159486000039;51,662501960000043;0
254461;5;3;70;4;2019;12;13;5;2;5;3;0;1;1;0;0;0;0;311323,917000001300000;5661533,870000004800000;6,306632809000064;51,074258261000068;0
254467;5;3;82;68;2019;12;10;5;3;5;3;0;1;1;0;0;0;0;368346,230468468740000;5631921,993310367700000;7,130772259000025;50,824032437000028;0
254468;5;3;66;16;2019;12;13;5;3;0;3;0;1;1;0;0;0;0;343845,284264339130000;5612912,181692071300000;6,791214821000040;50,647117531000049;0
254471;5;3;70;4;2019;12;16;2;3;2;3;1;1;1;0;0;0;0;312312,023369971660000;5662066,172147922200000;6,320445203000077;51,079363663000038;1
254472;5;3;15;0;2019;12;14;5;2;5;3;0;1;0;0;0;0;1;350280,102309346200000;5644451,255907144400000;6,869315268000037;50,932236918000058;0
254473;5;3;15;0;2019;12;22;5;2;0;7;2;1;0;0;0;0;0;352336,028360247610000;5646121,375713627800000;6,897875318000047;50,947775526000044;0
254476;5;3;15;0;2019;12;12;5;2;0;1;0;1;0;0;0;0;0;352763,610504394400000;5643385,929042005900000;6,905063186000064;50,923302586000034;1
254482;5;1;58;20;2019;12;10;5;3;0;7;0;1;0;0;0;0;0;356389,017706906420000;5663665,900241719600000;6,948582644000055;51,106467015000078;0
254483;5;3;34;2;2019;12;7;2;3;5;3;2;1;1;0;0;0;0;293073,476463749070000;5629684,616292454300000;6,064531896000062;50,781939820000048;0
254484;5;1;58;16;2019;12;14;5;3;1;5;0;1;1;0;0;0;0;355364,459311365150000;5671047,193841103500000;6,930993452000053;51,172540853000044;0
254485;5;1;62;24;2019;12;16;5;3;2;7;1;1;1;0;0;0;0;338543,604599760850000;5674262,316356794900000;6,689125594000075;51,196927277000043;0
254486;5;1;16;0;2019;12;8;5;3;5;2;0;1;1;0;0;0;0;319198,824563197790000;5674970,249830922100000;6,412179928000057;51,197493913000073;1
254488;5;1;12;0;2019;12;6;5;3;5;3;2;1;1;0;0;0;0;348006,380000000820000;5701483,011000001800000;6,812847921000071;51,444113879000042;1
254491;5;1;12;0;2019;12;7;5;3;5;3;2;1;1;0;0;0;0;343644,808632014320000;5711572,958416087600000;6,745668703000035;51,533582775000070;1
254492;5;7;70;24;2019;12;16;6;3;5;3;1;1;1;0;0;0;0;494294,263135645540000;5793368,890437351500000;8,916344362000075;52,290646949000063;1
254494;5;7;54;44;2019;12;8;6;3;0;3;0;1;1;0;0;0;0;465773,996351640670000;5747754,167719833600000;8,502778322000040;51,879511999000044;0
254495;5;7;66;64;2019;12;17;6;3;5;3;2;1;1;0;0;0;0;488382,644434788260000;5739618,040830811500000;8,831498015000022;51,807288239000059;1
254499;5;9;74;20;2019;12;14;6;3;5;2;0;1;0;0;0;0;0;465884,469578683380000;5720045,625268396000000;8,507102792000069;51,630391255000063;0
254500;5;9;74;28;2019;12;9;6;3;0;7;0;1;0;0;0;0;0;453956,286058868280000;5724980,400923732700000;8,334126880000042;51,673909442000081;0
254511;5;3;34;2;2019;12;8;6;3;0;1;0;1;0;0;0;0;0;299143,277154045180000;5626093,736284660200000;6,152483075000021;50,751821507000045;0
254512;5;5;66;40;2019;12;17;5;3;5;2;2;1;1;0;0;0;0;423166,271999999880000;5781276,798000000400000;7,876354471000070;52,176610635000031;1
254514;5;5;54;8;2019;12;12;5;3;0;7;0;1;0;0;0;0;0;336388,779785305260000;5746919,070854375100000;6,624572084000022;51,849067630000036;0
254515;5;5;54;4;2019;12;17;5;2;9;7;2;1;0;0;0;0;0;361736,304953189570000;5773134,590230744300000;6,981759924000073;52,091479594000077;0
254517;5;5;15;0;2019;12;7;5;3;5;2;1;1;1;0;0;0;0;403186,771385656670000;5759035,289803952000000;7,590563644000042;51,973557471000049;0
254523;5;3;62;28;2019;12;12;6;3;9;7;0;1;0;0;0;0;0;350862,103395988230000;5639489,003490656600000;6,879619596000055;50,887794568000061;1
254525;5;3;82;56;2019;12;8;5;3;5;3;0;1;0;0;0;0;1;373748,569000001070000;5626543,233000000900000;7,209283366000022;50,776889226000037;1
254529;5;3;62;24;2019;12;9;6;3;0;7;0;1;0;0;0;0;0;345824,600999999790000;5643192,215000001700000;6,806489751000072;50,919749424000031;1
254533;5;3;16;0;2019;12;23;6;2;0;1;2;1;0;0;0;0;0;362534,212780201810000;5655597,246652497000000;7,039375045000043;51,035459819000039;0
254535;5;3;16;0;2019;12;4;5;3;5;3;2;1;1;0;0;0;0;356825,777422202750000;5658331,614909282000000;6,956930791000048;51,058638948000066;1
254537;5;3;15;0;2019;12;11;5;3;3;6;0;1;1;0;0;0;0;359559,054305648430000;5644288,844954341700000;7,001339173000076;50,933111410000038;0
254542;5;3;15;0;2019;12;9;5;3;1;7;0;1;1;0;0;0;0;356688,357470219020000;5643824,313664203500000;6,960695379000072;50,928230552000059;0
254544;5;3;15;0;2019;12;20;5;3;5;3;2;1;1;0;0;0;0;356231,258000002240000;5644232,723000004900000;6,954034267000054;50,931787133000057;0
254548;5;3;82;64;2019;12;13;5;2;5;3;0;1;1;0;0;0;0;357180,927337251600000;5615996,113176224800000;6,978524532000051;50,678255875000048;1
254549;5;3;14;0;2019;12;13;5;3;3;5;0;1;1;0;0;0;0;366949,767259640620000;5619197,973400807000000;7,115557941000077;50,709349957000029;0
254554;5;1;58;28;2019;12;12;5;3;1;5;0;1;0;0;0;0;1;349324,585935879500000;5688685,094774860900000;6,837232164000056;51,329470746000027;0
254557;5;1;66;32;2019;12;9;5;3;1;3;0;1;1;0;0;0;0;317641,494976338930000;5681884,845974354100000;6,386396197000067;51,259111464000057;0
254558;5;1;66;32;2019;12;12;5;3;0;3;0;1;1;0;0;0;0;317892,411960064430000;5680955,017607653500000;6,390461582000057;51,250839224000060;0
254559;5;1;66;32;2019;12;10;5;3;5;6;0;1;0;0;0;0;0;318013,956763715480000;5681186,169018054400000;6,392083807000063;51,252954404000036;1
254561;5;1;62;22;2019;12;8;5;3;5;2;2;1;1;0;0;0;0;339356,366016654300000;5679628,453478969600000;6,698343870000031;51,245370578000063;0
254562;5;3;15;0;2019;12;12;6;3;5;2;0;1;1;0;0;0;0;350357,623808708970000;5644785,742029570000000;6,870280333000039;50,935262856000065;0
254563;5;1;19;0;2019;12;9;5;3;0;1;0;1;0;0;0;0;0;351719,074941638860000;5710011,593363305600000;6,862651326000048;51,521731637000073;0
254564;5;1;16;0;2019;12;17;5;3;5;3;2;1;1;0;0;0;0;324644,574846959670000;5678533,224247772200000;6,488301885000055;51,231199152000045;0
254569;5;3;15;0;2019;12;9;6;2;5;3;0;1;1;0;0;0;0;354361,008314998820000;5643958,845790825800000;6,927546758000062;50,928856669000027;0
254570;5;1;24;0;2019;12;6;5;3;5;3;2;1;1;0;0;0;0;373155,109000000170000;5683110,359000004800000;7,181070955000052;51,285183135000068;1
254572;5;1;13;0;2019;12;14;5;3;1;5;0;1;1;0;0;0;0;358078,160871875470000;5703486,116478409600000;6,956872229000055;51,464727329000027;0
254575;5;1;12;0;2019;12;5;5;3;5;3;2;1;0;0;0;1;0;341708,558276033030000;5696946,556582238500000;6,724325384000053;51,401630019000038;0
254584;5;1;11;0;2019;12;11;5;3;4;2;0;1;1;0;0;0;0;345723,751480642710000;5678859,694391738600000;6,789830860000052;51,240220673000067;0
254585;5;7;74;32;2019;12;8;5;3;0;7;2;1;0;1;0;0;0;482499,954000000840000;5732019,363000001800000;8,746557247000055;51,738813653000079;1