OBJECTID;ULAND;UREGBEZ;UKREIS;UGEMEINDE;UJAHR;UMONAT;USTUNDE;UWOCHENTAG;UKATEGORIE;UART;UTYP1;ULICHTVERH;IstRad;IstPKW;IstFuss;IstKrad;IstGkfz;IstSonstige;LINREFX;LINREFY;XGCSWGS84;YGCSWGS84;STRZUSTAND
254591;5;7;11;0;2019;12;14;5;2;5;3;0;1;1;0;0;0;0;466606,634484381410000;5761979,620904231400000;8,513492367000026;52,007459579000056;1
254592;5;7;11;0;2019;12;0;5;2;2;6;2;1;0;0;0;0;1;465897,342071262190000;5766238,100586790600000;8,502734653000061;52,045702650000067;0
254593;5;7;11;0;2019;12;11;5;3;8;2;0;1;1;0;0;0;0;469013,416009545330000;5767179,135498622400000;8,548084504000030;52,054346084000031;0
254597;5;9;74;40;2019;12;9;5;3;5;3;0;1;1;0;0;0;0;436111,461539540440000;5713453,695161566100000;8,078192628000068;51,568533816000070;0
254604;5;3;14;0;2019;12;16;6;3;5;3;0;1;1;0;0;0;0;366037,089029996660000;5618201,775252141100000;7,103000304000034;50,700186503000054;1
254607;5;9;13;0;2019;12;15;5;2;5;2;0;1;1;0;0;0;0;403015,100000000560000;5708555,562000000800000;7,602143122000030;51,519783305000033;1
254609;5;9;78;24;2019;12;14;5;3;5;3;0;1;1;0;0;0;0;398135,173492845150000;5719599,202124305100000;7,528630749000058;51,618191831000047;0
254612;5;5;70;4;2019;12;17;4;3;5;3;2;1;1;0;0;0;0;423473,706946143880000;5735640,686749177100000;7,891024121000044;51,766416616000072;0
254613;5;5;66;28;2019;12;13;4;3;5;2;0;1;0;0;0;0;0;412345,994396679100000;5792337,193137895300000;7,715288533000035;52,274412463000033;0
254614;5;5;54;8;2019;12;13;4;3;0;6;0;1;0;1;0;0;0;336291,170099522920000;5745747,468123855100000;6,623710775000063;51,838513974000080;0
254615;5;5;54;8;2019;12;12;4;3;3;2;0;1;1;0;0;0;0;335430,368590555150000;5745845,608315898100000;6,611180957000045;51,839142626000069;0
254616;5;5;15;0;2019;12;17;4;3;3;6;2;1;1;0;0;0;0;405466,493364776480000;5757549,454927420200000;7,624151144000052;51,960594641000057;0
254618;5;5;62;24;2019;12;8;4;3;5;2;1;1;1;0;0;0;0;368718,335600122810000;5724863,111037356800000;7,101972470000021;51,659404501000040;1
254619;5;5;62;24;2019;12;10;4;3;5;3;0;1;1;0;0;0;0;367385,481938062240000;5725699,512223927300000;7,082396698000025;51,666607863000081;0
254620;5;5;62;24;2019;12;20;4;3;5;3;2;1;1;0;0;0;0;370712,336629844270000;5725253,457223780500000;7,130640039000070;51,663374647000069;0
254621;5;3;70;16;2019;12;16;4;3;5;3;2;1;1;0;0;0;0;296023,395947576500000;5661501,810729350900000;6,088525256000025;51,068737193000061;0
254622;5;3;34;2;2019;12;17;4;3;0;1;2;1;0;0;0;0;0;296723,359000001100000;5631766,254000000700000;6,115087075000076;50,801926695000077;0
254624;5;3;78;8;2019;12;16;4;2;0;1;0;1;0;0;0;0;0;366911,845737272870000;5661348,003126077400000;7,099658778000048;51,088175041000056;0
254629;5;3;62;28;2019;12;18;4;3;4;6;2;1;0;0;1;0;0;348262,148697457280000;5639316,182488407900000;6,842754045000049;50,885564496000029;0
254632;5;1;58;16;2019;12;15;6;3;3;7;0;1;1;0;0;0;0;355609,705174284060000;5670791,955576714100000;6,934601747000045;51,170309157000077;1
254633;5;3;15;0;2019;12;12;4;3;2;6;0;1;1;0;0;0;0;360452,281076616610000;5636946,686575684700000;7,016848796000033;50,867342373000042;0
254636;5;3;15;0;2019;12;20;4;3;0;1;2;1;0;0;0;0;0;355258,965360508300000;5642305,163713878000000;6,940972207000073;50,914221361000045;0
254637;5;3;15;0;2019;12;6;4;3;0;1;2;1;0;0;0;0;0;355414,862283187920000;5644289,012343829500000;6,942401839000070;50,932088922000048;1
254638;5;3;15;0;2019;12;13;4;3;3;2;0;1;1;0;0;0;0;356438,705250055530000;5644030,043144255900000;6,957064257000070;50,930017343000031;0
254639;5;3;82;12;2019;12;18;4;3;5;7;2;1;1;0;0;0;0;352595,082299266010000;5629521,158361185300000;6,908251538000059;50,798661005000042;0
254642;5;1;58;20;2019;12;10;4;3;5;3;0;1;1;0;0;0;0;357863,122102330440000;5665309,965888552400000;6,968977470000027;51,121609112000044;0
254643;5;1;66;12;2019;12;19;4;2;5;7;2;1;0;0;0;0;0;320657,983869986610000;5693527,473093904600000;6,423727859000053;51,364653280000027;0
254646;5;1;62;24;2019;12;11;4;2;5;2;0;1;1;0;0;0;0;340988,188000000080000;5670000,000000000000000;6,725970152000059;51,159315333000052;0
254648;5;1;62;16;2019;12;16;4;3;8;1;2;1;0;0;0;0;0;333961,637315453030000;5677082,314335025800000;6,622299960000021;51,220950350000066;0
254653;5;1;14;0;2019;12;8;4;3;0;1;0;1;0;0;0;0;0;328591,566513982600000;5691923,572683293400000;6,538352124000028;51,352693951000049;1
254656;5;1;13;0;2019;12;10;4;3;3;7;0;1;1;0;0;0;0;357945,963424486110000;5704563,421543531100000;6,954537384000048;51,474374871000066;1
254659;5;1;12;0;2019;12;13;4;3;6;4;0;1;0;1;0;0;0;346145,360042771320000;5700707,090629398800000;6,786426847000030;51,436639694000064;0
254660;5;1;12;0;2019;12;6;4;3;5;3;2;1;1;0;0;0;0;340152,656175585460000;5701198,151135604800000;6,700058801000068;51,439392625000039;1
254661;5;1;11;0;2019;12;15;4;3;0;1;0;1;0;0;0;0;0;348992,584345767270000;5675950,480552587700000;6,837849997000035;51,214953837000053;1
254662;5;1;11;0;2019;12;14;4;3;5;2;0;1;1;0;0;0;0;345110,316000000570000;5675379,267000000900000;6,782553751000023;51,208781402000056;0
254663;5;7;74;32;2019;12;17;4;3;5;7;2;1;1;0;0;0;0;483266,306119724180000;5732222,733998885400000;8,757645977000038;51,740665627000055;0
254664;5;7;70;24;2019;12;8;4;3;5;3;0;1;1;0;0;0;0;491649,433000001130000;5792343,099999999600000;8,877592231000051;52,281390749000082;0
254665;5;7;58;4;2019;12;14;4;3;0;7;0;1;0;0;0;0;0;469795,490583210250000;5782704,462704302700000;8,558111692000068;52,193969741000046;0
254670;5;7;11;0;2019;12;11;4;3;0;5;0;1;1;0;0;0;0;467783,047148469840000;5763142,804916368800000;8,530521440000030;52,017986877000055;0
254674;5;1;62;24;2019;12;17;6;3;4;6;2;1;1;0;0;0;0;338089,439567485820000;5673226,525081865500000;6,683097960000055;51,187492347000045;1
254675;5;9;15;0;2019;12;15;4;3;5;3;0;1;1;0;0;0;0;418365,155161051080000;5726134,495205309200000;7,819238777000066;51,680239409000080;0
254677;5;1;62;16;2019;12;12;6;3;5;2;0;1;1;0;0;0;0;333789,666038361380000;5677999,861027231400000;6,619414111000026;51,229143904000068;0
254679;5;9;13;0;2019;12;19;4;3;5;7;2;1;0;0;1;0;0;392650,956979608160000;5708083,829190300800000;7,452962728000045;51,513668505000055;0
254682;5;5;70;52;2019;12;15;3;3;5;2;0;1;1;0;0;0;0;429890,956000000240000;5755310,934000000400000;7,980012097000042;51,944087829000068;1
254683;5;5;54;8;2019;12;7;3;3;3;6;1;1;1;0;0;0;0;336874,656234767290000;5745476,956964014100000;6,632299990000036;51,836254557000075;0
254684;5;5;54;8;2019;12;12;3;2;0;6;0;1;0;0;0;0;0;337586,360230965540000;5748981,943685859400000;6,640973964000068;51,867949229000033;1
254685;5;5;54;8;2019;12;13;3;3;6;7;0;1;0;1;0;0;0;335570,902540582230000;5745721,186579834700000;6,613278106000053;51,838066289000039;0
254688;5;5;54;4;2019;12;7;3;3;2;6;2;1;1;0;0;0;0;363146,480920413510000;5771473,532941618900000;7,002997249000032;52,076904895000041;0
254689;5;5;15;0;2019;12;13;3;3;0;5;0;1;1;0;0;0;0;405986,425050078890000;5756478,942926738400000;7,632008862000021;51,951060545000075;0
254693;5;3;34;8;2019;12;7;3;3;0;6;2;1;1;0;0;0;0;303122,789668112990000;5644287,001662470400000;6,199056361000032;50,916597310000043;1
254698;5;3;74;12;2019;12;7;3;3;5;2;1;1;1;0;0;0;0;399812,203074966560000;5654466,006887462000000;7,571160482000039;51,032999992000043;0
254699;5;3;66;16;2019;12;12;3;3;4;2;0;1;1;0;0;0;0;344967,773000000040000;5614650,759000001500000;6,806351892000066;50,663040911000053;0
254700;5;3;62;28;2019;12;16;3;3;5;2;1;1;0;0;0;0;0;350610,069000001070000;5638816,207000000400000;6,876313916000072;50,881683365000072;0
254702;5;3;16;0;2019;12;17;3;3;5;2;2;1;1;0;0;0;0;360813,312733000140000;5654383,843631697800000;7,015312101000063;51,024140666000051;0
254708;5;3;15;0;2019;12;16;3;3;0;1;0;1;0;0;0;0;0;361051,923473038710000;5647811,719818659100000;7,021226748000061;50,965133831000060;0
254711;5;3;15;0;2019;12;21;3;3;5;3;2;1;1;0;0;0;0;356347,810022516180000;5647351,447953537100000;6,954461642000069;50,959843690000071;1
254712;5;3;15;0;2019;12;15;3;3;5;2;0;1;1;0;0;0;0;355807,738486083220000;5648742,064842432700000;6,946225348000041;50,972205951000035;0
254716;5;3;15;0;2019;12;13;3;3;0;6;0;1;1;0;0;0;0;356477,158904934300000;5646119,207816461100000;6,956788095000036;50,948801970000034;0
254724;5;1;70;8;2019;12;21;3;2;0;7;2;1;1;0;0;0;0;344973,698495262300000;5714690,720136579100000;6,763439151000057;51,561961695000036;0
254730;5;1;66;32;2019;12;12;3;3;0;7;0;1;0;1;0;0;0;315402,758609156120000;5682546,467211859300000;6,354005164000057;51,264334087000066;0
254735;5;1;14;0;2019;12;13;3;3;1;5;0;1;1;0;0;0;0;330513,759711570110000;5689955,789623376000000;6,566867251000076;51,335592236000082;0
254750;5;1;11;0;2019;12;20;3;2;6;2;2;1;0;1;0;0;0;345556,421543060800000;5674153,746899027400000;6,789462626000045;51,197890312000027;1
254751;5;1;11;0;2019;12;12;3;3;3;7;0;1;1;0;0;0;0;348582,535000001080000;5671573,122000003200000;6,833829376000040;51,175511357000062;0
254755;5;7;54;12;2019;12;15;3;3;5;2;0;1;1;0;0;0;0;455990,206207565960000;5767474,676469598000000;8,358123913000043;52,056121773000029;0
254757;5;7;11;0;2019;12;15;7;3;5;3;0;1;1;0;0;0;0;465909,387128118430000;5771714,713553320600000;8,502363210000056;52,094940943000040;0
254759;5;5;70;4;2019;12;12;6;3;4;2;0;1;1;0;0;0;0;423103,289905881510000;5735262,961432563100000;7,885740947000045;51,762970255000027;1
254764;5;5;62;28;2019;12;19;6;3;5;3;2;1;1;0;0;0;0;378836,615775750950000;5722643,064660981300000;7,248951706000071;51,641724763000070;0
254772;5;3;70;16;2019;12;15;6;3;5;3;0;1;1;0;0;0;0;298457,294188224710000;5660964,380887173100000;6,123517942000035;51,064770145000068;0
254777;5;3;15;0;2019;12;11;6;3;0;7;0;1;0;0;0;0;0;356562,109100385570000;5641222,366337314200000;6,959923163000042;50,904815679000080;0
254780;5;1;70;44;2019;12;16;6;3;5;3;1;1;1;0;0;0;0;338729,988794962880000;5722631,914943428700000;6,669789664000064;51,631555966000064;0
254782;5;1;58;36;2019;12;13;6;3;3;2;0;1;1;0;0;0;0;362752,899781654590000;5682824,309137249400000;7,032106207000027;51,280201026000043;0
254783;5;5;58;16;2019;12;9;6;3;0;7;0;1;0;0;0;0;0;381082,696897909050000;5744002,951877987000000;7,274096192000059;51,834171803000061;0
254784;5;1;54;16;2019;12;13;6;3;3;6;0;1;1;0;0;0;0;303832,109133306890000;5728601,138176361100000;6,162804160000064;51,674080151000055;0
254785;5;1;54;36;2019;12;10;6;3;5;3;0;1;1;0;0;0;0;300867,179999999700000;5740501,658000001700000;6,113175544000058;51,779903631000082;1
254788;5;1;14;0;2019;12;19;6;3;1;1;2;1;1;0;0;0;0;330227,786134277470000;5689866,033243071300000;6,562808599000050;51,334700567000027;0
254795;5;5;54;68;2019;12;19;6;3;0;3;2;1;1;0;0;0;0;350772,378818165510000;5767981,486078511900000;6,824091917000033;52,042334778000054;0
254797;5;7;11;0;2019;12;10;6;3;5;3;0;1;1;0;0;0;0;464498,910000002010000;5765356,532999999800000;8,482435956000074;52,037689088000036;0
254812;5;1;66;20;2019;12;13;5;2;6;6;0;1;0;1;0;0;0;305072,273182867090000;5679063,861138593400000;6,208009023000045;51,229616857000053;1
254818;5;1;12;0;2019;12;12;5;3;5;2;0;1;1;0;0;0;0;340453,256155774930000;5697504,106581941200000;6,706043290000025;51,406287747000079;0
254822;5;5;54;16;2019;12;14;6;3;1;7;0;1;1;0;0;0;0;362466,741460203190000;5758042,893752878500000;6,998479671000041;51,956056443000080;1
254823;5;5;70;28;2019;12;5;4;2;0;1;2;1;0;0;0;0;0;440868,179999999700000;5741758,278000000900000;8,142016936000061;51,823522917000048;1
254831;5;7;11;0;2019;12;19;4;3;1;1;0;1;1;0;0;0;0;472101,011807373720000;5766117,823793539800000;8,593200076000073;52,044968261000065;0
254834;5;5;54;8;2019;12;11;6;3;5;2;0;1;1;0;0;0;0;335694,116251139900000;5743162,444377383200000;6,616279218000045;51,815116260000082;1
254835;5;9;11;0;2019;12;16;4;3;5;3;2;1;1;0;0;0;0;377415,690423561260000;5705097,131824294100000;7,234545932000060;51,483725501000038;0
254836;5;5;54;28;2019;12;9;3;3;2;6;0;1;1;0;0;0;0;358043,105368497780000;5743978,224891033000000;6,939936064000051;51,828569743000060;1
254838;5;5;15;0;2019;12;11;3;3;5;2;0;1;1;0;0;0;0;406127,785962623540000;5757696,853087896500000;7,633732401000032;51,962031567000054;1
254846;5;3;15;0;2019;12;9;3;3;0;1;0;1;0;0;0;0;0;353855,071222895760000;5643197,110726064100000;6,920657610000035;50,921883236000042;1
254849;5;3;14;0;2019;12;12;3;3;6;6;0;1;0;1;0;0;0;365837,239000000060000;5621780,729000002100000;7,098870638000051;50,732308023000030;0
254850;5;1;62;4;2019;12;3;3;3;2;6;2;1;1;0;0;0;0;344751,614271587690000;5665494,100573554600000;6,781689288000052;51,119860977000030;0
254856;5;1;11;0;2019;12;20;3;3;5;2;2;1;0;0;0;0;1;344619,557719699110000;5675968,721285868400000;6,775278254000057;51,213944581000078;1
254857;5;1;11;0;2019;12;0;3;2;1;1;2;1;1;0;0;0;0;346016,722850115040000;5677826,127052923700000;6,794468935000054;51,231012737000071;1
254858;5;1;11;0;2019;12;0;3;3;0;1;2;1;0;0;0;0;0;346416,459260007370000;5678337,696709781900000;6,799970596000037;51,235717163000061;1
254861;5;7;70;8;2019;12;10;3;3;5;3;0;1;1;0;0;0;0;474215,040785727090000;5802515,951995071000000;8,621251927000060;52,372305944000061;0
254863;5;7;66;20;2019;12;19;3;3;4;2;2;1;1;0;0;0;0;491392,619525441900000;5754156,053213652200000;8,874793082000053;51,938055887000075;1
254864;5;7;11;0;2019;12;12;3;3;5;3;0;1;1;0;0;0;0;466855,871999999510000;5772425,668999999800000;8,516109797000070;52,101390286000026;0
254865;5;9;78;28;2019;12;10;3;3;5;5;0;1;1;0;0;0;0;399288,901000000540000;5700175,796000002000000;7,550844850000033;51,443806536000068;1
254870;5;5;70;4;2019;12;11;2;3;5;3;0;1;1;0;0;0;0;424273,773161988710000;5736377,266339017100000;7,902455317000033;51,773147008000080;1
254872;5;5;58;12;2019;12;22;2;3;9;1;2;1;0;0;0;0;0;373779,763383101670000;5755241,450155256300000;7,164050964000069;51,933564342000068;1
254873;5;5;54;4;2019;12;16;2;3;0;3;0;1;1;0;0;0;0;363788,262000001040000;5771825,659000000000000;7,012215585000035;52,080227140000034;1
254874;5;5;15;0;2019;12;18;2;3;5;3;2;1;1;0;0;0;0;406273,466299578550000;5757400,948796821800000;7,635932807000074;51,959396419000029;1
254876;5;5;54;40;2019;12;7;6;3;0;4;1;1;0;1;0;0;0;350691,687130667270000;5737235,110857619000000;6,836236355000040;51,766067655000029;1
254877;5;5;15;0;2019;12;16;2;2;5;2;2;1;1;0;0;0;0;408691,927554435100000;5756398,528898036100000;7,671386374000065;51,950788478000050;1
254879;5;5;13;0;2019;12;12;2;3;0;6;0;1;0;1;0;0;0;367781,425077011810000;5708034,092070367200000;7,094772672000033;51,507949102000055;1
254883;5;3;66;16;2019;12;8;2;3;5;3;0;1;1;0;0;0;0;344678,719999999740000;5614265,324000002800000;6,802426839000020;50,659500209000043;0
254884;5;3;62;36;2019;12;9;2;3;5;2;0;1;1;0;0;0;0;343982,010858764870000;5649555,324912870300000;6,777569316000040;50,976431929000057;1
254888;5;5;54;8;2019;12;15;6;3;5;3;0;1;1;0;0;0;0;336144,800335861740000;5745329,596161682200000;6,621786025000063;51,834717116000036;1
254890;5;3;15;0;2019;12;18;2;3;5;3;2;1;1;0;0;0;0;356319,273000000980000;5647782,289999999100000;6,953885437000054;50,963708475000033;1
254891;5;3;15;0;2019;12;9;2;3;0;1;0;1;0;0;0;0;0;353756,857451288030000;5647432,582365080700000;6,917560944000059;50,959921059000067;0
254893;5;3;15;0;2019;12;16;2;2;6;7;0;1;0;1;0;0;0;356212,415216469210000;5641899,592289904100000;6,954686152000022;50,910814860000073;1
254894;5;3;15;0;2019;12;19;2;3;0;1;2;1;0;0;0;0;0;353581,511063634420000;5643072,603673642500000;6,916818144000047;50,920694977000039;0
254896;5;3;82;12;2019;12;16;2;3;1;5;1;1;1;0;0;0;0;358538,022117801010000;5625221,925282549100000;6,994182663000061;50,761503647000040;0
254898;5;1;58;4;2019;12;16;2;3;5;3;2;1;1;0;0;0;0;353910,167916504670000;5676700,733440740000000;6,907903935000036;51,222975042000030;1
254901;5;1;62;22;2019;12;12;2;3;1;2;0;1;1;0;0;0;0;338411,650868817230000;5686062,019182041300000;6,681911597000067;51,302907531000074;0
254902;5;1;62;20;2019;12;13;2;3;2;7;0;1;1;0;0;0;0;325955,501756560990000;5673905,838868117000000;6,509304746000055;51,190029557000059;1
254914;5;7;74;32;2019;12;13;2;3;0;1;0;1;0;0;0;0;0;482497,367655741050000;5729422,912731403500000;8,746650325000076;51,715468135000037;1
254916;5;7;74;32;2019;12;13;2;3;5;2;0;1;1;0;0;0;0;483304,454336080700000;5730229,520633034400000;8,758294083000067;51,722745204000034;1
254918;5;7;70;4;2019;12;1;2;3;5;3;2;1;1;0;0;0;0;486219,676676402800000;5783881,233187465000000;8,798345092000034;52,205204766000065;1
254920;5;7;54;36;2019;12;15;2;3;5;3;0;1;1;0;0;0;0;472605,937068919650000;5752536,954841099700000;8,601646954000046;51,922891043000050;1
254927;5;5;15;0;2019;12;16;6;3;5;3;2;1;0;0;0;0;1;407011,322099675420000;5757123,642959417800000;7,646743146000063;51,957027741000047;1
254930;5;9;15;0;2019;12;7;2;3;5;2;2;1;0;0;0;0;1;417868,716245843100000;5726202,051345203100000;7,812044080000021;51,680774321000058;1
254931;5;9;15;0;2019;12;17;2;3;5;3;2;1;1;0;0;0;0;416587,735738496300000;5725085,460469059600000;7,793786944000033;51,670547961000068;1
254932;5;9;13;0;2019;12;12;2;3;5;7;0;1;1;0;0;0;0;386517,874261417430000;5706250,558241797600000;7,365204704000064;51,495992308000041;0
254940;5;3;66;24;2019;12;16;1;3;5;3;1;1;1;0;0;0;0;329262,701000001280000;5603469,470000002500000;6,589473718000022;50,558183045000078;1
254948;5;1;66;32;2019;12;15;1;3;0;7;0;1;1;0;0;0;0;314129,651621628550000;5682184,925064526500000;6,335965561000023;51,260672921000037;1
254950;5;3;34;12;2019;12;5;6;3;5;3;2;1;1;0;0;0;0;305229,207192947160000;5631064,164085831500000;6,236021606000065;50,798541537000062;1
254952;5;1;14;0;2019;12;2;1;2;5;3;2;1;1;0;0;0;0;329411,297444019470000;5689562,777290364700000;6,551244057000076;51,331731828000045;1
254965;5;3;70;32;2019;12;19;7;3;5;3;2;1;1;0;0;0;0;291901,690906500440000;5663643,618114398800000;6,028544816000022;51,086492014000044;1
254975;5;3;82;24;2019;12;17;7;3;0;5;2;1;1;0;0;0;0;372141,407369533550000;5616008,127796528900000;7,190153278000025;50,681843174000051;1
254976;5;1;58;26;2019;12;10;7;3;5;2;0;1;1;0;0;0;0;352747,130473722700000;5662381,031826645100000;6,897121121000055;51,093996859000072;0
254979;5;1;54;12;2019;12;22;7;3;5;3;2;1;1;0;0;0;0;314613,097000000070000;5710426,588999999700000;6,328143638000029;51,514501747000054;0
254983;5;1;62;24;2019;12;18;7;3;2;6;1;1;1;0;0;0;0;338125,580000000070000;5676259,760000003500000;6,682246711000062;51,214755681000042;0
254984;5;1;62;22;2019;12;10;7;3;0;3;0;1;1;0;0;0;0;337730,875495969320000;5686615,779414186300000;6,671902223000075;51,307689196000069;0
254985;5;1;16;0;2019;12;18;7;3;1;5;2;1;1;0;0;0;0;319040,285528629090000;5675013,293413002000000;6,409891537000021;51,197830390000036;0
254987;5;1;24;0;2019;12;21;7;3;6;7;2;1;0;1;0;0;0;373149,383419304150000;5680458,203653723000000;7,181930163000061;51,261345497000036;0
254994;5;1;12;0;2019;12;15;7;3;5;3;0;1;1;0;0;0;0;335870,628849404860000;5696199,858760468700000;6,640816880000045;51,393262470000082;0
254997;5;7;74;32;2019;12;11;7;3;0;3;0;1;0;0;0;0;0;476451,077999999750000;5735131,962400000500000;8,658745583000041;51,766578046000063;1
254998;5;7;74;20;2019;12;11;7;3;1;7;0;1;1;0;0;0;0;469766,882000000220000;5734969,304000001400000;8,561899788000062;51,764794503000076;0
255000;5;7;74;32;2019;12;15;7;3;2;5;0;1;1;0;0;0;1;483304,481467120350000;5730229,552613001300000;8,758294475000071;51,722745492000058;0
255134;5;5;66;28;2019;12;11;3;3;3;2;0;1;1;0;0;0;0;411698,010299013000000;5792116,910526283100000;7,705851566000035;52,272328816000027;0
255140;5;3;82;64;2019;12;15;3;3;5;3;0;1;1;0;0;0;0;352687,501204399390000;5620338,220522634700000;6,913236777000066;50,716158404000055;0
255141;5;1;70;52;2019;12;11;3;2;0;1;0;1;0;0;0;0;0;322567,595869023350000;5725763,153923453800000;6,434910048000063;51,654818072000069;0
255142;5;1;54;16;2019;12;10;3;3;5;3;0;1;1;0;0;0;0;303657,632437092250000;5729639,096415661300000;6,159700469000029;51,683340483000052;0
255143;5;1;54;36;2019;12;14;3;3;5;3;0;1;1;0;0;0;0;302267,408360921780000;5740988,618699489200000;6,133169749000047;51,784772955000051;0
255153;5;9;58;44;2019;12;9;3;2;0;1;0;1;0;0;0;0;0;429068,653906282040000;5691498,974287351600000;7,980999742000051;51,370311238000056;2
255161;5;5;66;60;2019;12;14;2;3;5;3;0;1;1;0;0;0;0;388931,494215440940000;5789443,274098867600000;7,373197516000062;52,244173732000036;0
255162;5;5;54;8;2019;12;10;2;3;1;3;0;1;1;0;0;0;0;335210,813793617300000;5743906,768265835900000;6,608920023000053;51,821660550000047;0
255163;5;3;34;20;2019;12;16;2;3;4;2;0;1;1;0;0;0;0;306453,207735300060000;5606432,471729463000000;6,266267948000063;50,577692725000077;0
255164;5;3;34;2;2019;12;21;2;3;0;1;2;1;0;0;0;0;0;294799,880956059320000;5628838,926896156700000;6,089460753000026;50,774957905000065;0
255166;5;3;82;60;2019;12;10;2;3;5;2;0;1;1;0;0;0;0;374626,932171256280000;5628274,473079696300000;7,221144852000066;50,792641026000069;0
255178;5;1;70;24;2019;12;10;2;3;3;2;0;1;1;0;0;0;0;332637,619638765230000;5706991,670137425900000;6,589287722000051;51,489270375000046;0
255180;5;1;62;16;2019;12;15;2;2;3;3;0;1;1;0;0;0;0;334552,197558242830000;5676785,961054654800000;6,630885872000022;51,218459218000078;0
255183;5;1;14;0;2019;12;23;2;3;3;6;2;1;1;0;0;0;0;330224,918554934670000;5689077,830573646400000;6,563143079000042;51,327618618000031;0
255188;5;1;11;0;2019;12;18;2;3;0;1;2;1;0;0;0;0;0;343745,884574238210000;5675627,733365075700000;6,762927825000077;51,210642310000026;0
255189;5;1;11;0;2019;12;9;2;3;6;7;0;1;0;1;0;0;0;348577,954102469610000;5675036,657158212700000;6,832303538000076;51,206632666000075;0
255192;5;7;74;32;2019;12;20;2;3;5;3;2;1;1;0;0;0;0;483729,972877739000000;5731159,668473798800000;8,764410904000044;51,731120953000072;0
255193;5;7;58;12;2019;12;11;2;3;4;2;0;1;1;0;0;0;0;478420,146315637980000;5775132,772848460800000;8,684768174000055;52,126300925000066;0
255194;5;7;54;28;2019;12;12;2;3;5;3;0;1;1;0;0;0;0;450202,736999999730000;5745541,214000003400000;8,276900859000023;51,858443342000044;0
255200;5;5;15;0;2019;12;15;1;2;5;2;0;1;1;0;0;0;0;408668,029505598360000;5755633,695363832600000;7,671241951000070;51,943909757000029;0
255209;5;1;17;0;2019;12;17;1;3;1;5;2;1;1;0;0;0;0;352218,998248838820000;5696981,660334253700000;6,875298351000026;51,404781147000051;0
255210;5;1;13;0;2019;12;14;1;2;1;5;0;1;1;0;0;0;0;354555,008782787250000;5705865,014236548900000;6,905209106000029;51,485209107000060;0
255212;5;1;13;0;2019;12;16;1;3;0;7;1;1;0;1;0;0;0;363540,936452271420000;5699089,757193729300000;7,037159690000067;51,426562860000047;0
255213;5;1;12;0;2019;12;13;1;3;6;7;0;1;0;1;0;0;0;345046,088624232450000;5700194,868118379300000;6,770848091000062;51,431737778000070;0
255215;5;1;11;0;2019;12;14;1;3;1;5;0;1;1;0;0;0;0;342041,763000001200000;5679128,842000003900000;6,737007410000047;51,241631475000077;0
255222;5;5;66;84;2019;12;21;7;2;7;1;2;1;1;0;0;0;0;389361,830600505690000;5775496,486025653800000;7,384048320000034;52,118919352000034;0
255223;5;5;54;8;2019;12;12;7;3;5;3;0;1;1;0;0;0;0;335400,208468230440000;5746336,086001442700000;6,610510194000028;51,843539884000052;0
255228;5;5;62;32;2019;12;13;7;2;5;3;0;1;1;0;0;0;0;375948,859918551520000;5715164,923748837800000;7,209885653000072;51,573887931000058;0
255232;5;3;78;8;2019;12;9;7;3;5;3;0;1;1;0;0;0;0;367932,995682268400000;5660814,931909015400000;7,114425965000066;51,083620099000029;0
255235;5;3;15;0;2019;12;8;7;3;3;5;0;1;1;0;0;0;0;357143,965085640550000;5648715,460743164600000;6,965255188000072;50,972299844000077;1
255237;5;3;15;0;2019;12;11;7;3;4;2;0;1;1;0;0;0;0;349158,195464676250000;5645593,910292077800000;6,852888173000054;50,942212817000041;0
255238;5;3;15;0;2019;12;16;7;2;5;3;0;1;1;0;0;0;0;352418,521241030660000;5643722,127317538500000;6,900020572000074;50,926235688000077;0
255240;5;3;15;0;2019;12;2;7;3;0;1;2;1;0;0;0;0;0;354976,682462483640000;5643911,973941972500000;6,936320403000025;50,928590557000064;0
255246;5;1;13;0;2019;12;9;7;3;0;7;0;1;0;0;0;0;1;355547,914067915640000;5693124,547800799800000;6,924694362000025;51,370978771000068;0
255252;5;7;70;24;2019;12;9;7;2;5;2;0;1;0;0;0;0;1;491708,437723057340000;5792589,635303743200000;8,878451092000034;52,283608119000064;0
255253;5;7;66;40;2019;12;14;7;3;5;2;0;1;1;0;0;0;0;483949,794837059450000;5757641,323562454400000;8,766364270000054;51,969226879000075;0
255254;5;7;11;0;2019;12;13;7;3;5;3;0;1;1;0;0;0;0;468153,126836732960000;5763893,711653983200000;8,535844326000074;52,024759368000048;0
255257;5;7;11;0;2019;12;15;7;3;0;2;0;1;1;0;0;0;0;467328,150999998670000;5763798,200000001100000;8,523830190000069;52,023852681000051;0
255259;5;9;13;0;2019;12;20;7;3;5;3;2;1;1;0;0;0;0;392835,155493280850000;5708162,641817934800000;7,455592265000064;51,514411878000033;0